data,chuva_mm,vazao,temp_media,temp_max,temp_min,umidade_media,chuva_3d,chuva_7d,chuva_14d,chuva_30d,api_7d,api_30d,vazao_ontem,vazao_anteontem,chuva_ontem,chuva_anteontem,target
1997-01-03,58.1,17.97,19.3,20.1,18.2,94.3,79.0,79.0,79.0,79.0,17.76,18.81,12.52,11.25,20.9,0.0,28.85
1997-01-04,20.4,28.85,20.0,21.3,18.7,93.3,99.4,99.4,99.4,99.4,64.49,69.22,17.97,12.52,58.1,20.9,33.67
1997-01-05,10.2,33.67,21.1,25.0,19.2,92.3,88.7,109.6,109.6,109.6,72.15,80.66,28.85,17.97,20.4,58.1,32.81
1997-01-06,5.2,32.81,21.5,25.4,19.2,92.0,35.8,114.8,114.8,114.8,70.0,81.77,33.67,28.85,10.2,20.4,30.41
1997-01-07,0.0,30.41,23.7,29.7,19.6,81.3,15.4,114.8,114.8,114.8,63.92,78.27,32.81,33.67,5.2,10.2,26.16
1997-01-08,0.0,26.16,24.5,29.3,20.3,81.3,5.2,114.8,114.8,114.8,54.33,70.45,30.41,32.81,0.0,5.2,21.91
1997-01-09,0.0,21.91,23.4,28.7,20.2,86.5,0.0,93.9,114.8,114.8,46.18,63.4,26.16,30.41,0.0,0.0,18.45
1997-01-10,0.0,18.45,24.8,30.7,19.2,80.5,0.0,35.8,114.8,114.8,39.25,57.06,21.91,26.16,0.0,0.0,15.6
1997-01-11,0.0,15.6,25.2,30.1,20.6,79.0,0.0,15.4,114.8,114.8,33.37,51.36,18.45,21.91,0.0,0.0,13.49
1997-01-12,0.0,13.49,24.4,31.5,20.8,79.8,0.0,5.2,114.8,114.8,28.36,46.22,15.6,18.45,0.0,0.0,11.71
1997-01-13,4.9,11.71,22.9,28.9,19.4,86.8,4.9,4.9,119.7,119.7,24.11,41.6,13.49,15.6,0.0,0.0,10.99
1997-01-14,0.0,10.99,22.3,26.2,19.4,86.0,4.9,4.9,119.7,119.7,24.66,41.85,11.71,13.49,4.9,0.0,11.39
1997-01-15,0.0,11.39,25.8,31.7,19.4,80.0,4.9,4.9,119.7,119.7,20.96,37.66,10.99,11.71,0.0,4.9,9.64
1997-01-16,0.0,9.64,24.4,28.3,21.2,86.5,0.0,4.9,98.8,119.7,17.81,33.9,11.39,10.99,0.0,0.0,8.95
1997-01-17,9.5,8.95,22.8,28.7,19.7,81.3,9.5,14.4,50.2,129.2,15.14,30.51,9.64,11.39,0.0,0.0,10.53
1997-01-18,0.0,10.53,22.4,26.4,18.6,87.0,9.5,14.4,29.8,129.2,20.95,36.01,8.95,9.64,9.5,0.0,9.67
1997-01-19,10.2,9.67,23.4,28.5,20.7,85.3,19.7,24.6,29.8,139.4,17.8,32.41,10.53,8.95,0.0,9.5,10.07
1997-01-20,0.0,10.07,23.3,29.3,20.0,83.8,10.2,19.7,24.6,139.4,23.8,38.35,9.67,10.53,10.2,0.0,10.72
1997-01-21,10.2,10.72,23.5,28.1,20.0,82.5,20.4,29.9,34.8,149.6,20.23,34.51,10.07,9.67,0.0,10.2,9.5
1997-01-22,0.0,9.5,25.3,30.3,20.1,84.5,10.2,29.9,34.8,149.6,25.87,40.24,10.72,10.07,10.2,0.0,8.04
1997-01-23,0.0,8.04,25.0,29.7,20.9,79.0,10.2,29.9,34.8,149.6,21.99,36.22,9.5,10.72,0.0,10.2,6.59
1997-01-24,0.0,6.59,24.9,30.4,20.6,76.0,0.0,20.4,34.8,149.6,18.69,32.59,8.04,9.5,0.0,0.0,5.52
1997-01-25,0.0,5.52,24.8,29.5,20.4,76.8,0.0,20.4,34.8,149.6,15.89,29.33,6.59,8.04,0.0,0.0,5.59
1997-01-26,0.0,5.59,23.5,27.6,21.2,82.3,0.0,10.2,34.8,149.6,13.5,26.4,5.52,6.59,0.0,0.0,4.81
1997-01-27,0.0,4.81,23.1,27.9,20.4,80.8,0.0,10.2,29.9,149.6,11.48,23.76,5.59,5.52,0.0,0.0,4.53
1997-01-28,0.0,4.53,22.6,26.5,19.9,74.5,0.0,0.0,29.9,149.6,9.76,21.39,4.81,5.59,0.0,0.0,3.7
1997-01-29,0.0,3.7,23.7,28.0,20.0,78.0,0.0,0.0,29.9,149.6,8.29,19.25,4.53,4.81,0.0,0.0,3.59
1997-01-30,0.0,3.59,24.0,28.5,20.4,78.5,0.0,0.0,29.9,149.6,7.05,17.32,3.7,4.53,0.0,0.0,4.64
1997-01-31,0.0,4.64,21.5,26.4,18.6,87.0,0.0,0.0,20.4,149.6,5.99,15.59,3.59,3.7,0.0,0.0,4.43
1997-02-01,0.0,4.43,21.8,27.4,18.4,80.5,0.0,0.0,20.4,128.7,5.09,14.03,4.64,3.59,0.0,0.0,4.19
1997-02-02,0.0,4.19,21.8,25.8,18.8,88.3,0.0,0.0,10.2,70.6,4.33,12.63,4.43,4.64,0.0,0.0,4.62
1997-02-03,0.0,4.62,24.3,29.1,19.2,80.0,0.0,0.0,10.2,50.2,3.68,11.36,4.19,4.43,0.0,0.0,3.84
1997-02-04,0.0,3.84,23.8,28.3,20.2,78.0,0.0,0.0,0.0,40.0,3.13,10.23,4.62,4.19,0.0,0.0,3.03
1997-02-05,0.0,3.03,23.2,28.1,19.2,74.0,0.0,0.0,0.0,34.8,2.66,9.21,3.84,4.62,0.0,0.0,2.4
1997-02-06,0.0,2.4,23.3,27.4,19.0,79.0,0.0,0.0,0.0,34.8,2.26,8.29,3.03,3.84,0.0,0.0,1.97
1997-02-07,0.0,1.97,24.3,28.9,19.6,77.5,0.0,0.0,0.0,34.8,1.92,7.46,2.4,3.03,0.0,0.0,1.72
1997-02-08,0.0,1.72,24.0,28.9,19.8,74.5,0.0,0.0,0.0,34.8,1.63,6.71,1.97,2.4,0.0,0.0,1.53
1997-02-09,0.0,1.53,23.8,28.2,20.2,75.8,0.0,0.0,0.0,34.8,1.39,6.04,1.72,1.97,0.0,0.0,1.44
1997-02-10,0.0,1.44,23.7,28.5,19.0,75.8,0.0,0.0,0.0,34.8,1.18,5.44,1.53,1.72,0.0,0.0,1.44
1997-02-11,0.0,1.44,23.2,28.5,19.2,76.3,0.0,0.0,0.0,34.8,1.0,4.89,1.44,1.53,0.0,0.0,1.44
1997-02-12,0.0,1.44,22.6,28.5,19.3,76.3,0.0,0.0,0.0,29.9,0.85,4.4,1.44,1.44,0.0,0.0,1.44
1997-02-13,0.0,1.44,22.9,27.7,18.8,62.8,0.0,0.0,0.0,29.9,0.72,3.96,1.44,1.44,0.0,0.0,1.4
1997-02-14,0.0,1.4,23.9,29.7,19.0,59.5,0.0,0.0,0.0,29.9,0.62,3.57,1.44,1.44,0.0,0.0,1.4
1997-02-15,0.0,1.4,24.0,28.9,20.1,61.8,0.0,0.0,0.0,29.9,0.52,3.21,1.4,1.44,0.0,0.0,1.4
1997-02-16,0.0,1.4,24.4,30.5,20.0,59.3,0.0,0.0,0.0,20.4,0.44,2.89,1.4,1.4,0.0,0.0,1.4
1997-02-17,0.0,1.4,24.7,29.8,20.8,66.3,0.0,0.0,0.0,20.4,0.38,2.6,1.4,1.4,0.0,0.0,1.44
1997-02-18,0.0,1.44,25.0,29.7,20.4,60.0,0.0,0.0,0.0,10.2,0.32,2.34,1.4,1.4,0.0,0.0,1.4
1997-02-19,0.0,1.4,24.9,29.9,20.8,60.8,0.0,0.0,0.0,10.2,0.27,2.11,1.44,1.4,0.0,0.0,1.4
1997-02-20,0.0,1.4,25.4,30.2,20.8,60.5,0.0,0.0,0.0,0.0,0.23,1.9,1.4,1.44,0.0,0.0,1.38
1997-02-21,0.0,1.38,25.5,31.5,21.0,55.0,0.0,0.0,0.0,0.0,0.2,1.71,1.4,1.4,0.0,0.0,1.38
1997-02-22,0.0,1.38,25.4,31.1,21.4,57.8,0.0,0.0,0.0,0.0,0.17,1.54,1.38,1.4,0.0,0.0,1.38
1997-02-23,0.0,1.38,25.5,31.6,21.9,68.0,0.0,0.0,0.0,0.0,0.14,1.38,1.38,1.38,0.0,0.0,1.65
1997-02-24,0.0,1.65,23.1,30.2,20.0,78.3,0.0,0.0,0.0,0.0,0.12,1.24,1.38,1.38,0.0,0.0,3.19
1997-02-25,0.0,3.19,24.1,28.1,19.8,68.3,0.0,0.0,0.0,0.0,0.1,1.12,1.65,1.38,0.0,0.0,5.12
1997-02-26,0.0,5.12,24.0,28.5,20.2,73.8,0.0,0.0,0.0,0.0,0.09,1.01,3.19,1.65,0.0,0.0,7.18
1997-02-27,0.0,7.18,21.3,24.1,19.6,92.0,0.0,0.0,0.0,0.0,0.07,0.91,5.12,3.19,0.0,0.0,8.18
1997-02-28,12.3,8.18,20.6,22.2,19.0,94.3,12.3,12.3,12.3,12.3,0.06,0.82,7.18,5.12,0.0,0.0,9.0
1997-03-01,0.0,9.0,21.8,26.1,19.8,83.3,12.3,12.3,12.3,12.3,10.51,11.8,8.18,7.18,12.3,0.0,12.46
1997-03-02,9.5,12.46,20.0,23.1,18.6,91.8,21.8,21.8,21.8,21.8,8.93,10.62,9.0,8.18,0.0,12.3,18.59
1997-03-03,14.9,18.59,21.7,25.7,18.8,87.3,24.4,36.7,36.7,36.7,15.67,18.11,12.46,9.0,9.5,0.0,22.93
1997-03-04,8.7,22.93,22.1,26.1,18.8,80.0,33.1,45.4,45.4,45.4,25.98,29.71,18.59,12.46,14.9,9.5,21.54
1997-03-05,0.0,21.54,22.1,24.8,19.8,84.0,23.6,45.4,45.4,45.4,29.48,34.57,22.93,18.59,8.7,14.9,20.48
1997-03-06,0.0,20.48,22.9,27.3,20.8,78.5,8.7,45.4,45.4,45.4,25.06,31.11,21.54,22.93,0.0,8.7,18.82
1997-03-07,10.5,18.82,23.0,27.3,20.0,74.5,10.5,43.6,55.9,55.9,21.3,28.0,20.48,21.54,0.0,0.0,15.9
1997-03-08,0.0,15.9,23.5,28.1,19.2,61.0,10.5,43.6,55.9,55.9,27.03,34.65,18.82,20.48,10.5,0.0,13.42
1997-03-09,0.0,13.42,22.8,26.6,19.2,68.3,10.5,34.1,55.9,55.9,22.98,31.19,15.9,18.82,0.0,10.5,11.53
1997-03-10,0.0,11.53,22.9,27.7,20.0,58.0,0.0,19.2,55.9,55.9,19.53,28.07,13.42,15.9,0.0,0.0,9.52
1997-03-11,0.0,9.52,22.9,26.6,19.0,67.0,0.0,10.5,55.9,55.9,16.6,25.26,11.53,13.42,0.0,0.0,7.81
1997-03-12,0.0,7.81,23.6,29.5,19.2,61.5,0.0,10.5,55.9,55.9,14.11,22.73,9.52,11.53,0.0,0.0,6.74
1997-03-13,0.0,6.74,22.6,30.0,18.6,72.5,0.0,10.5,55.9,55.9,11.99,20.46,7.81,9.52,0.0,0.0,6.28
1997-03-14,0.0,6.28,23.6,28.3,19.2,68.5,0.0,0.0,43.6,55.9,10.19,18.41,6.74,7.81,0.0,0.0,7.18
1997-03-15,0.0,7.18,22.3,27.6,20.1,81.5,0.0,0.0,43.6,55.9,8.67,16.57,6.28,6.74,0.0,0.0,8.1
1997-03-16,11.8,8.1,22.5,27.7,19.6,85.8,11.8,11.8,45.9,67.7,7.37,14.92,7.18,6.28,0.0,0.0,10.04
1997-03-17,6.9,10.04,22.1,25.9,19.0,75.8,18.7,18.7,37.9,74.6,16.29,24.04,8.1,7.18,11.8,0.0,9.19
1997-03-18,0.0,9.19,21.4,24.9,18.0,72.3,18.7,18.7,29.2,74.6,19.71,27.85,10.04,8.1,6.9,11.8,7.81
1997-03-19,0.0,7.81,21.9,25.7,18.6,69.8,6.9,18.7,29.2,74.6,16.76,25.07,9.19,10.04,0.0,6.9,6.53
1997-03-20,0.0,6.53,22.0,26.5,18.8,73.3,0.0,18.7,29.2,74.6,14.24,22.56,7.81,9.19,0.0,0.0,6.41
1997-03-21,0.0,6.41,22.3,27.7,18.0,69.3,0.0,18.7,18.7,74.6,12.11,20.3,6.53,7.81,0.0,0.0,5.97
1997-03-22,0.0,5.97,21.6,26.9,17.2,68.3,0.0,18.7,18.7,74.6,10.29,18.27,6.41,6.53,0.0,0.0,4.85
1997-03-23,0.0,4.85,23.1,27.9,18.3,62.5,0.0,6.9,18.7,74.6,8.75,16.45,5.97,6.41,0.0,0.0,3.79
1997-03-24,0.0,3.79,24.5,30.1,19.2,59.8,0.0,0.0,18.7,74.6,7.43,14.8,4.85,5.97,0.0,0.0,3.29
1997-03-25,0.0,3.29,22.8,27.1,19.8,70.8,0.0,0.0,18.7,74.6,6.32,13.32,3.79,4.85,0.0,0.0,4.5
1997-03-26,0.0,4.5,21.9,27.0,18.0,61.8,0.0,0.0,18.7,74.6,5.37,11.99,3.29,3.79,0.0,0.0,3.62
1997-03-27,0.0,3.62,20.7,24.5,17.2,70.8,0.0,0.0,18.7,74.6,4.57,10.79,4.5,3.29,0.0,0.0,2.81
1997-03-28,0.0,2.81,20.0,23.6,17.0,72.8,0.0,0.0,18.7,74.6,3.88,9.71,3.62,4.5,0.0,0.0,3.03
1997-03-29,0.0,3.03,17.6,19.8,16.5,90.3,0.0,0.0,18.7,74.6,3.3,8.74,2.81,3.62,0.0,0.0,6.24
1997-03-30,0.0,6.24,18.7,20.7,15.9,84.5,0.0,0.0,6.9,62.3,2.8,7.87,3.03,2.81,0.0,0.0,7.28
1997-03-31,0.0,7.28,19.9,22.3,17.2,84.3,0.0,0.0,0.0,62.3,2.38,7.08,6.24,3.03,0.0,0.0,7.0
1997-04-01,0.0,7.0,22.4,26.5,18.4,77.8,0.0,0.0,0.0,52.8,2.03,6.37,7.28,6.24,0.0,0.0,7.09
1997-04-02,16.1,7.09,21.2,24.8,18.0,91.5,16.1,16.1,16.1,54.0,1.72,5.73,7.0,7.28,0.0,0.0,6.59
1997-04-03,0.0,6.59,23.0,29.2,18.0,69.0,16.1,16.1,16.1,45.3,15.15,19.65,7.09,7.0,16.1,0.0,6.19
1997-04-04,0.0,6.19,23.7,30.1,18.0,68.0,16.1,16.1,16.1,45.3,12.88,17.69,6.59,7.09,0.0,16.1,5.87
1997-04-05,0.0,5.87,24.9,31.3,18.9,62.0,0.0,16.1,16.1,45.3,10.94,15.92,6.19,6.59,0.0,0.0,4.75
1997-04-06,0.0,4.75,23.0,27.5,20.4,73.5,0.0,16.1,16.1,34.8,9.3,14.33,5.87,6.19,0.0,0.0,3.97
1997-04-07,0.0,3.97,20.2,24.2,18.2,74.8,0.0,16.1,16.1,34.8,7.91,12.89,4.75,5.87,0.0,0.0,3.22
1997-04-08,0.0,3.22,19.7,23.8,15.8,69.3,0.0,16.1,16.1,34.8,6.72,11.6,3.97,4.75,0.0,0.0,2.44
1997-04-09,0.0,2.44,19.7,24.3,15.2,59.8,0.0,0.0,16.1,34.8,5.71,10.44,3.22,3.97,0.0,0.0,1.94
1997-04-10,0.0,1.94,19.7,24.0,15.0,57.3,0.0,0.0,16.1,34.8,4.86,9.4,2.44,3.22,0.0,0.0,1.69
1997-04-11,0.0,1.69,19.7,23.2,15.4,65.0,0.0,0.0,16.1,34.8,4.13,8.46,1.94,2.44,0.0,0.0,1.62
1997-04-12,0.0,1.62,20.6,25.3,14.8,59.5,0.0,0.0,16.1,34.8,3.51,7.61,1.69,1.94,0.0,0.0,1.59
1997-04-13,0.0,1.59,21.6,28.2,16.2,56.5,0.0,0.0,16.1,34.8,2.98,6.85,1.62,1.69,0.0,0.0,1.59
1997-04-14,0.0,1.59,22.8,28.5,17.2,60.8,0.0,0.0,16.1,34.8,2.54,6.17,1.59,1.62,0.0,0.0,1.59
1997-04-15,0.0,1.59,22.5,27.3,19.0,63.5,0.0,0.0,16.1,23.0,2.15,5.55,1.59,1.59,0.0,0.0,1.56
1997-04-16,0.0,1.56,21.7,26.1,18.8,67.8,0.0,0.0,0.0,16.1,1.83,4.99,1.59,1.59,0.0,0.0,1.56
1997-04-17,0.0,1.56,21.3,25.9,18.2,65.0,0.0,0.0,0.0,16.1,1.56,4.5,1.56,1.59,0.0,0.0,1.56
1997-04-18,0.0,1.56,21.7,26.1,17.8,57.3,0.0,0.0,0.0,16.1,1.32,4.05,1.56,1.56,0.0,0.0,1.56
1997-04-19,0.0,1.56,21.4,25.7,18.8,75.8,0.0,0.0,0.0,16.1,1.12,3.64,1.56,1.56,0.0,0.0,1.56
1997-04-20,0.0,1.56,22.3,27.8,18.2,71.0,0.0,0.0,0.0,16.1,0.96,3.28,1.56,1.56,0.0,0.0,1.69
1997-04-21,10.4,1.69,20.1,23.1,18.0,88.5,10.4,10.4,10.4,26.5,0.81,2.95,1.56,1.56,0.0,0.0,2.06
1997-04-22,9.3,2.06,21.5,27.5,16.2,69.8,19.7,19.7,19.7,35.8,9.53,12.01,1.69,1.56,10.4,0.0,3.16
1997-04-23,0.0,3.16,19.6,26.5,16.7,77.3,19.7,19.7,19.7,35.8,16.01,19.18,2.06,1.69,9.3,10.4,3.69
1997-04-24,8.2,3.69,21.2,27.2,15.8,69.5,17.5,27.9,27.9,44.0,13.61,17.26,3.16,2.06,0.0,9.3,2.97
1997-04-25,0.0,2.97,21.9,27.5,16.8,64.0,8.2,27.9,27.9,44.0,18.53,22.92,3.69,3.16,8.2,0.0,2.18
1997-04-26,0.0,2.18,22.1,28.1,16.6,64.3,8.2,27.9,27.9,44.0,15.75,20.63,2.97,3.69,0.0,8.2,1.97
1997-04-27,0.0,1.97,22.3,28.6,18.6,74.3,0.0,27.9,27.9,44.0,13.39,18.56,2.18,2.97,0.0,0.0,2.53
1997-04-28,0.0,2.53,20.9,25.3,17.0,77.8,0.0,17.5,27.9,44.0,11.38,16.71,1.97,2.18,0.0,0.0,2.25
1997-04-29,27.9,2.25,21.9,27.3,17.6,71.0,27.9,36.1,55.8,71.9,9.68,15.04,2.53,1.97,0.0,0.0,1.9
1997-04-30,0.0,1.9,22.8,28.1,18.0,61.8,27.9,36.1,55.8,71.9,31.94,38.64,2.25,2.53,27.9,0.0,1.72
1997-05-01,0.0,1.72,21.8,26.0,18.6,66.3,27.9,27.9,55.8,71.9,27.15,34.78,1.9,2.25,0.0,27.9,1.62
1997-05-02,0.0,1.62,22.4,27.6,18.4,63.3,0.0,27.9,55.8,55.8,23.08,31.3,1.72,1.9,0.0,0.0,1.59
1997-05-03,0.0,1.59,22.1,27.9,17.8,63.0,0.0,27.9,55.8,55.8,19.61,28.17,1.62,1.72,0.0,0.0,1.59
1997-05-04,0.0,1.59,21.4,27.7,18.1,60.0,0.0,27.9,55.8,55.8,16.67,25.35,1.59,1.62,0.0,0.0,1.56
1997-05-05,0.0,1.56,20.1,25.3,15.8,64.8,0.0,27.9,45.4,55.8,14.17,22.82,1.59,1.59,0.0,0.0,1.56
1997-05-06,0.0,1.56,20.4,24.3,16.0,68.5,0.0,0.0,36.1,55.8,12.05,20.54,1.56,1.59,0.0,0.0,1.56
1997-05-07,0.0,1.56,19.9,24.1,16.0,65.0,0.0,0.0,36.1,55.8,10.24,18.48,1.56,1.56,0.0,0.0,1.56
1997-05-08,0.0,1.56,20.0,24.1,16.8,64.8,0.0,0.0,27.9,55.8,8.7,16.63,1.56,1.56,0.0,0.0,1.53
1997-05-09,0.0,1.53,19.9,24.8,15.2,62.0,0.0,0.0,27.9,55.8,7.4,14.97,1.56,1.56,0.0,0.0,1.53
1997-05-10,0.0,1.53,20.2,25.5,15.6,59.5,0.0,0.0,27.9,55.8,6.29,13.47,1.53,1.56,0.0,0.0,1.53
1997-05-11,0.0,1.53,19.7,24.1,16.4,63.3,0.0,0.0,27.9,55.8,5.34,12.13,1.53,1.53,0.0,0.0,1.53
1997-05-12,0.0,1.53,20.2,25.0,15.0,62.0,0.0,0.0,27.9,55.8,4.54,10.91,1.53,1.53,0.0,0.0,1.53
1997-05-13,0.0,1.53,21.0,26.4,17.0,57.5,0.0,0.0,0.0,55.8,3.86,9.82,1.53,1.53,0.0,0.0,1.5
1997-05-14,0.0,1.5,19.3,24.1,15.8,75.3,0.0,0.0,0.0,55.8,3.28,8.84,1.53,1.53,0.0,0.0,1.53
1997-05-15,0.0,1.53,16.8,19.3,15.2,74.8,0.0,0.0,0.0,55.8,2.79,7.96,1.5,1.53,0.0,0.0,1.69
1997-05-16,0.0,1.69,15.0,16.2,14.0,82.3,0.0,0.0,0.0,55.8,2.37,7.16,1.53,1.5,0.0,0.0,2.18
1997-05-17,0.0,2.18,17.7,20.9,14.2,70.8,0.0,0.0,0.0,55.8,2.02,6.44,1.69,1.53,0.0,0.0,1.65
1997-05-18,0.0,1.65,17.9,20.4,15.4,69.0,0.0,0.0,0.0,55.8,1.71,5.8,2.18,1.69,0.0,0.0,1.56
1997-05-19,0.0,1.56,18.5,22.9,15.0,69.8,0.0,0.0,0.0,55.8,1.46,5.22,1.65,2.18,0.0,0.0,1.53
1997-05-20,0.0,1.53,19.8,24.1,15.6,69.0,0.0,0.0,0.0,55.8,1.24,4.7,1.56,1.65,0.0,0.0,1.53
1997-05-21,0.0,1.53,20.4,26.5,15.4,69.3,0.0,0.0,0.0,45.4,1.05,4.23,1.53,1.56,0.0,0.0,1.5
1997-05-22,0.0,1.5,21.2,26.7,16.0,70.3,0.0,0.0,0.0,36.1,0.89,3.81,1.53,1.53,0.0,0.0,1.53
1997-05-23,0.0,1.53,20.9,25.8,16.8,75.5,0.0,0.0,0.0,36.1,0.76,3.42,1.5,1.53,0.0,0.0,1.5
1997-05-24,0.0,1.5,19.6,22.5,17.1,74.0,0.0,0.0,0.0,27.9,0.65,3.08,1.53,1.5,0.0,0.0,1.53
1997-05-25,0.0,1.53,18.1,21.0,16.9,87.3,0.0,0.0,0.0,27.9,0.55,2.77,1.5,1.53,0.0,0.0,1.5
1997-05-26,0.0,1.5,18.4,24.1,14.0,66.5,0.0,0.0,0.0,27.9,0.47,2.5,1.53,1.5,0.0,0.0,1.5
1997-05-27,0.0,1.5,18.1,23.2,14.2,68.8,0.0,0.0,0.0,27.9,0.4,2.25,1.5,1.53,0.0,0.0,1.5
1997-05-28,0.0,1.5,17.3,24.3,13.0,74.5,0.0,0.0,0.0,27.9,0.34,2.02,1.5,1.5,0.0,0.0,1.53
1997-05-29,4.4,1.53,18.1,23.3,14.2,83.5,4.4,4.4,4.4,4.4,0.29,1.82,1.5,1.5,0.0,0.0,1.56
1997-05-30,0.0,1.56,17.3,22.9,13.7,64.5,4.4,4.4,4.4,4.4,3.98,5.6,1.53,1.5,4.4,0.0,1.5
1997-05-31,0.0,1.5,16.0,21.8,12.6,63.8,4.4,4.4,4.4,4.4,3.39,5.04,1.56,1.53,0.0,4.4,1.5
1997-06-01,0.0,1.5,15.5,21.2,11.0,58.5,0.0,4.4,4.4,4.4,2.88,4.53,1.5,1.56,0.0,0.0,1.47
1997-06-02,0.0,1.47,15.4,21.2,10.0,64.8,0.0,4.4,4.4,4.4,2.45,4.08,1.5,1.5,0.0,0.0,1.47
1997-06-03,0.0,1.47,17.5,22.8,11.2,63.8,0.0,4.4,4.4,4.4,2.08,3.67,1.47,1.5,0.0,0.0,1.47
1997-06-04,0.0,1.47,18.9,24.8,13.2,72.8,0.0,4.4,4.4,4.4,1.77,3.31,1.47,1.47,0.0,0.0,1.5
1997-06-05,0.0,1.5,19.3,25.9,16.0,81.8,0.0,0.0,4.4,4.4,1.5,2.98,1.47,1.47,0.0,0.0,1.69
1997-06-06,0.0,1.69,17.6,20.3,15.0,65.8,0.0,0.0,4.4,4.4,1.28,2.68,1.5,1.47,0.0,0.0,2.4
1997-06-07,5.7,2.4,17.4,20.2,15.9,88.5,5.7,5.7,10.1,10.1,1.09,2.41,1.69,1.5,0.0,0.0,1.94
1997-06-08,0.0,1.94,14.7,20.2,13.1,69.0,5.7,5.7,10.1,10.1,5.77,7.3,2.4,1.69,5.7,0.0,1.59
1997-06-09,0.0,1.59,14.2,21.2,8.0,62.8,5.7,5.7,10.1,10.1,4.9,6.57,1.94,2.4,0.0,5.7,1.5
1997-06-10,0.0,1.5,15.8,21.5,9.8,62.0,0.0,5.7,10.1,10.1,4.17,5.91,1.59,1.94,0.0,0.0,1.47
1997-06-11,0.0,1.47,18.2,25.0,11.6,72.8,0.0,5.7,10.1,10.1,3.54,5.32,1.5,1.59,0.0,0.0,1.62
1997-06-12,0.0,1.62,16.8,20.7,14.0,91.8,0.0,5.7,5.7,10.1,3.01,4.79,1.47,1.5,0.0,0.0,2.06
1997-06-13,0.0,2.06,18.8,25.4,13.6,79.5,0.0,5.7,5.7,10.1,2.56,4.31,1.62,1.47,0.0,0.0,1.56
1997-06-14,0.0,1.56,19.7,25.7,14.2,73.8,0.0,0.0,5.7,10.1,2.18,3.88,2.06,1.62,0.0,0.0,1.75
1997-06-15,0.0,1.75,18.2,22.0,15.1,83.8,0.0,0.0,5.7,10.1,1.85,3.49,1.56,2.06,0.0,0.0,2.66
1997-06-16,0.0,2.66,18.4,21.9,15.8,88.0,0.0,0.0,5.7,10.1,1.57,3.14,1.75,1.56,0.0,0.0,3.41
1997-06-17,2.4,3.41,19.3,25.1,14.8,72.3,2.4,2.4,8.1,12.5,1.34,2.83,2.66,1.75,0.0,0.0,2.58
1997-06-18,0.0,2.58,20.8,25.7,16.2,65.8,2.4,2.4,8.1,12.5,3.18,4.7,3.41,2.66,2.4,0.0,1.78
1997-06-19,0.0,1.78,19.9,25.0,17.2,76.8,2.4,2.4,8.1,12.5,2.7,4.23,2.58,3.41,0.0,2.4,1.53
1997-06-20,0.0,1.53,20.8,26.7,15.4,69.8,0.0,2.4,8.1,12.5,2.29,3.81,1.78,2.58,0.0,0.0,1.48
1997-06-21,0.0,1.48,21.9,28.1,16.7,67.5,0.0,2.4,2.4,12.5,1.95,3.43,1.53,1.78,0.0,0.0,1.47
1997-06-22,0.0,1.47,21.2,26.5,17.2,68.5,0.0,2.4,2.4,12.5,1.66,3.09,1.48,1.53,0.0,0.0,1.45
1997-06-23,0.0,1.45,21.3,26.9,16.0,59.5,0.0,2.4,2.4,12.5,1.41,2.78,1.47,1.48,0.0,0.0,1.44
1997-06-24,0.0,1.44,20.7,26.6,14.2,65.3,0.0,0.0,2.4,12.5,1.2,2.5,1.45,1.47,0.0,0.0,1.44
1997-06-25,0.0,1.44,20.5,26.5,14.8,66.5,0.0,0.0,2.4,12.5,1.02,2.25,1.44,1.45,0.0,0.0,1.42
1997-06-26,0.0,1.42,21.1,26.7,14.8,65.0,0.0,0.0,2.4,12.5,0.87,2.03,1.44,1.44,0.0,0.0,1.42
1997-06-27,0.0,1.42,20.7,26.9,14.6,61.3,0.0,0.0,2.4,12.5,0.74,1.82,1.42,1.44,0.0,0.0,1.4
1997-06-28,0.0,1.4,20.4,26.7,15.0,61.8,0.0,0.0,2.4,8.1,0.63,1.64,1.42,1.42,0.0,0.0,1.39
1997-06-29,0.0,1.39,20.5,26.9,15.6,60.0,0.0,0.0,2.4,8.1,0.53,1.48,1.4,1.42,0.0,0.0,1.39
1997-06-30,0.0,1.39,20.3,26.1,14.0,57.8,0.0,0.0,2.4,8.1,0.45,1.33,1.39,1.4,0.0,0.0,1.38
1997-07-01,0.0,1.38,20.1,24.7,16.0,66.8,0.0,0.0,0.0,8.1,0.38,1.2,1.39,1.39,0.0,0.0,1.38
1997-07-02,0.0,1.38,18.9,23.1,16.4,71.5,0.0,0.0,0.0,8.1,0.33,1.08,1.38,1.39,0.0,0.0,1.38
1997-07-03,0.0,1.38,20.1,26.6,14.6,64.5,0.0,0.0,0.0,8.1,0.28,0.97,1.38,1.38,0.0,0.0,1.36
1997-07-04,0.0,1.36,21.3,27.3,15.6,58.3,0.0,0.0,0.0,8.1,0.24,0.87,1.38,1.38,0.0,0.0,1.36
1997-07-05,0.0,1.36,20.5,24.5,18.0,61.0,0.0,0.0,0.0,8.1,0.2,0.78,1.36,1.38,0.0,0.0,1.34
1997-07-06,0.0,1.34,19.0,24.1,15.5,64.0,0.0,0.0,0.0,8.1,0.17,0.71,1.36,1.36,0.0,0.0,1.34
1997-07-07,0.0,1.34,20.1,25.1,15.0,65.5,0.0,0.0,0.0,2.4,0.14,0.64,1.34,1.36,0.0,0.0,1.33
1997-07-08,0.0,1.33,19.7,24.6,16.2,62.5,0.0,0.0,0.0,2.4,0.12,0.57,1.34,1.34,0.0,0.0,1.33
1997-07-09,0.0,1.33,19.3,24.5,16.6,63.8,0.0,0.0,0.0,2.4,0.1,0.51,1.33,1.34,0.0,0.0,1.31
1997-07-10,0.0,1.31,18.9,23.5,14.8,63.5,0.0,0.0,0.0,2.4,0.09,0.46,1.33,1.33,0.0,0.0,1.31
1997-07-11,0.0,1.31,19.7,25.7,13.6,61.0,0.0,0.0,0.0,2.4,0.08,0.42,1.31,1.33,0.0,0.0,1.31
1997-07-13,0.0,1.3,20.6,27.0,14.3,57.5,0.0,0.0,0.0,2.4,0.05,0.34,1.31,1.31,0.0,0.0,1.3
1997-07-14,0.0,1.3,20.6,26.7,15.0,65.3,0.0,0.0,0.0,2.4,0.05,0.3,1.3,1.31,0.0,0.0,1.28
1997-07-15,0.0,1.28,20.9,26.8,15.0,60.5,0.0,0.0,0.0,2.4,0.04,0.27,1.3,1.3,0.0,0.0,1.28
1997-07-16,0.0,1.28,20.8,27.3,15.0,55.5,0.0,0.0,0.0,2.4,0.03,0.25,1.28,1.3,0.0,0.0,1.26
1997-07-17,0.0,1.26,19.9,25.7,15.6,57.0,0.0,0.0,0.0,0.0,0.03,0.22,1.28,1.28,0.0,0.0,1.26
1997-07-18,0.0,1.26,19.7,24.8,15.2,65.3,0.0,0.0,0.0,0.0,0.02,0.2,1.26,1.28,0.0,0.0,1.26
1997-07-19,0.0,1.26,18.3,22.0,15.2,74.3,0.0,0.0,0.0,0.0,0.02,0.18,1.26,1.26,0.0,0.0,1.25
1997-07-20,0.0,1.25,19.6,24.5,16.0,57.8,0.0,0.0,0.0,0.0,0.02,0.16,1.26,1.26,0.0,0.0,1.25
1997-07-21,0.0,1.25,19.7,25.7,15.4,64.3,0.0,0.0,0.0,0.0,0.01,0.15,1.25,1.26,0.0,0.0,1.23
1997-07-22,0.0,1.23,18.8,23.3,16.0,75.8,0.0,0.0,0.0,0.0,0.01,0.13,1.25,1.25,0.0,0.0,1.23
1997-07-23,0.0,1.23,19.6,25.5,15.2,60.5,0.0,0.0,0.0,0.0,0.01,0.12,1.23,1.25,0.0,0.0,1.23
1997-07-24,0.0,1.23,17.6,22.4,15.0,68.8,0.0,0.0,0.0,0.0,0.01,0.11,1.23,1.23,0.0,0.0,1.22
1997-07-25,0.0,1.22,18.0,22.5,14.0,60.0,0.0,0.0,0.0,0.0,0.01,0.1,1.23,1.23,0.0,0.0,1.22
1997-07-26,0.0,1.22,17.3,22.9,13.2,59.3,0.0,0.0,0.0,0.0,0.01,0.09,1.22,1.23,0.0,0.0,1.22
1997-07-27,0.0,1.22,17.4,23.1,12.9,58.0,0.0,0.0,0.0,0.0,0.01,0.08,1.22,1.22,0.0,0.0,1.2
1997-07-28,0.0,1.2,17.9,23.3,12.2,52.8,0.0,0.0,0.0,0.0,0.0,0.07,1.22,1.22,0.0,0.0,1.2
1997-07-29,0.0,1.2,18.4,25.5,12.0,57.5,0.0,0.0,0.0,0.0,0.0,0.06,1.2,1.22,0.0,0.0,1.19
1997-07-30,0.0,1.19,20.2,27.1,14.6,54.3,0.0,0.0,0.0,0.0,0.0,0.06,1.2,1.2,0.0,0.0,1.19
1997-07-31,0.0,1.19,20.3,27.7,15.2,58.8,0.0,0.0,0.0,0.0,0.0,0.05,1.19,1.2,0.0,0.0,1.19
1997-08-01,0.0,1.19,21.7,29.1,15.0,55.5,0.0,0.0,0.0,0.0,0.0,0.05,1.19,1.19,0.0,0.0,1.17
1997-08-02,0.0,1.17,22.4,30.0,15.4,53.3,0.0,0.0,0.0,0.0,0.0,0.04,1.19,1.19,0.0,0.0,1.17
1997-08-03,0.0,1.17,21.6,28.4,15.8,55.0,0.0,0.0,0.0,0.0,0.0,0.04,1.17,1.19,0.0,0.0,1.16
1997-08-04,0.0,1.16,22.1,28.5,15.4,52.8,0.0,0.0,0.0,0.0,0.0,0.03,1.17,1.17,0.0,0.0,1.16
1997-08-05,0.0,1.16,21.5,26.6,16.2,52.0,0.0,0.0,0.0,0.0,0.0,0.03,1.16,1.17,0.0,0.0,1.16
1997-08-06,0.0,1.16,19.6,24.1,17.2,65.3,0.0,0.0,0.0,0.0,0.0,0.03,1.16,1.16,0.0,0.0,1.14
1997-08-07,0.0,1.14,20.1,24.7,16.2,65.3,0.0,0.0,0.0,0.0,0.0,0.02,1.16,1.16,0.0,0.0,1.14
1997-08-08,0.0,1.14,21.4,27.8,15.4,58.8,0.0,0.0,0.0,0.0,0.0,0.02,1.14,1.16,0.0,0.0,1.26
1997-08-09,0.0,1.26,15.6,22.8,12.2,68.8,0.0,0.0,0.0,0.0,0.0,0.02,1.14,1.14,0.0,0.0,1.45
1997-08-10,0.0,1.45,14.6,20.5,9.7,52.8,0.0,0.0,0.0,0.0,0.0,0.02,1.26,1.14,0.0,0.0,1.23
1997-08-11,0.0,1.23,16.3,22.6,9.5,54.8,0.0,0.0,0.0,0.0,0.0,0.02,1.45,1.26,0.0,0.0,1.17
1997-08-12,0.0,1.17,19.0,26.7,11.4,51.0,0.0,0.0,0.0,0.0,0.0,0.01,1.23,1.45,0.0,0.0,1.16
1997-08-13,0.0,1.16,19.9,27.0,14.0,47.5,0.0,0.0,0.0,0.0,0.0,0.01,1.17,1.23,0.0,0.0,1.14
1997-08-14,0.0,1.14,19.0,25.0,14.8,54.3,0.0,0.0,0.0,0.0,0.0,0.01,1.16,1.17,0.0,0.0,1.12
1997-08-15,0.0,1.12,18.5,24.9,14.4,55.8,0.0,0.0,0.0,0.0,0.0,0.01,1.14,1.16,0.0,0.0,1.12
1997-08-16,0.0,1.12,18.3,23.5,13.6,55.8,0.0,0.0,0.0,0.0,0.0,0.01,1.12,1.14,0.0,0.0,1.11
1997-08-17,0.0,1.11,18.0,23.1,14.2,60.8,0.0,0.0,0.0,0.0,0.0,0.01,1.12,1.12,0.0,0.0,1.11
1997-08-18,0.0,1.11,18.3,23.7,14.6,62.8,0.0,0.0,0.0,0.0,0.0,0.01,1.11,1.12,0.0,0.0,1.09
1997-08-19,0.0,1.09,19.0,24.3,13.4,57.5,0.0,0.0,0.0,0.0,0.0,0.01,1.11,1.11,0.0,0.0,1.09
1997-08-20,0.0,1.09,20.3,26.9,13.6,52.5,0.0,0.0,0.0,0.0,0.0,0.01,1.09,1.11,0.0,0.0,1.08
1997-08-21,0.0,1.08,22.3,28.7,14.8,41.8,0.0,0.0,0.0,0.0,0.0,0.01,1.09,1.09,0.0,0.0,1.08
1997-08-22,0.0,1.08,22.7,29.3,16.2,46.3,0.0,0.0,0.0,0.0,0.0,0.0,1.08,1.09,0.0,0.0,1.06
1997-08-23,0.0,1.06,23.0,29.7,16.2,40.8,0.0,0.0,0.0,0.0,0.0,0.0,1.08,1.08,0.0,0.0,1.06
1997-08-24,0.0,1.06,23.5,30.5,16.6,35.0,0.0,0.0,0.0,0.0,0.0,0.0,1.06,1.08,0.0,0.0,1.06
1997-08-25,0.0,1.06,24.1,30.3,19.0,52.0,0.0,0.0,0.0,0.0,0.0,0.0,1.06,1.06,0.0,0.0,1.05
1997-08-26,0.0,1.05,21.6,26.8,17.2,63.5,0.0,0.0,0.0,0.0,0.0,0.0,1.06,1.06,0.0,0.0,1.05
1997-08-27,0.0,1.05,21.8,27.4,17.2,57.8,0.0,0.0,0.0,0.0,0.0,0.0,1.05,1.06,0.0,0.0,1.05
1997-08-28,0.0,1.05,20.6,25.7,16.5,52.3,0.0,0.0,0.0,0.0,0.0,0.0,1.05,1.05,0.0,0.0,1.03
1997-08-29,0.0,1.03,21.5,26.9,17.0,47.8,0.0,0.0,0.0,0.0,0.0,0.0,1.05,1.05,0.0,0.0,1.03
1997-08-30,0.0,1.03,21.8,27.6,16.2,51.3,0.0,0.0,0.0,0.0,0.0,0.0,1.03,1.05,0.0,0.0,1.02
1997-08-31,0.0,1.02,21.8,26.9,18.0,44.5,0.0,0.0,0.0,0.0,0.0,0.0,1.03,1.03,0.0,0.0,1.01
1997-09-01,0.0,1.01,21.7,27.5,16.8,45.8,0.0,0.0,0.0,0.0,0.0,0.0,1.02,1.03,0.0,0.0,1.01
1997-09-02,0.0,1.01,23.0,29.5,17.5,41.8,0.0,0.0,0.0,0.0,0.0,0.0,1.01,1.02,0.0,0.0,1.01
1997-09-03,0.0,1.01,22.8,29.2,16.5,39.3,0.0,0.0,0.0,0.0,0.0,0.0,1.01,1.01,0.0,0.0,1.0
1997-09-04,0.0,1.0,24.2,30.7,16.5,36.3,0.0,0.0,0.0,0.0,0.0,0.0,1.01,1.01,0.0,0.0,0.99
1997-09-05,0.0,0.99,25.8,32.0,19.0,40.3,0.0,0.0,0.0,0.0,0.0,0.0,1.0,1.01,0.0,0.0,1.01
1997-09-06,0.0,1.01,23.7,30.1,20.6,61.3,0.0,0.0,0.0,0.0,0.0,0.0,0.99,1.0,0.0,0.0,1.01
1997-09-07,0.0,1.01,23.8,31.2,17.8,49.8,0.0,0.0,0.0,0.0,0.0,0.0,1.01,0.99,0.0,0.0,1.0
1997-09-08,0.0,1.0,25.1,32.9,18.8,40.5,0.0,0.0,0.0,0.0,0.0,0.0,1.01,1.01,0.0,0.0,0.99
1997-09-09,0.0,0.99,26.7,34.9,19.0,35.5,0.0,0.0,0.0,0.0,0.0,0.0,1.0,1.01,0.0,0.0,0.99
1997-09-10,0.0,0.99,29.5,35.7,21.6,33.5,0.0,0.0,0.0,0.0,0.0,0.0,0.99,1.0,0.0,0.0,1.01
1997-09-11,0.0,1.01,26.4,33.3,23.0,55.5,0.0,0.0,0.0,0.0,0.0,0.0,0.99,0.99,0.0,0.0,1.01
1997-09-12,0.0,1.01,20.6,26.2,17.2,73.3,0.0,0.0,0.0,0.0,0.0,0.0,1.01,0.99,0.0,0.0,0.99
1997-09-13,0.0,0.99,23.6,30.2,17.8,59.0,0.0,0.0,0.0,0.0,0.0,0.0,1.01,1.01,0.0,0.0,0.98
1997-09-14,0.0,0.98,25.8,32.2,19.7,47.5,0.0,0.0,0.0,0.0,0.0,0.0,0.99,1.01,0.0,0.0,0.99
1997-09-15,0.0,0.99,27.0,33.8,22.8,56.0,0.0,0.0,0.0,0.0,0.0,0.0,0.98,0.99,0.0,0.0,1.26
1997-09-16,0.0,1.26,23.7,29.6,20.8,67.5,0.0,0.0,0.0,0.0,0.0,0.0,0.99,0.98,0.0,0.0,1.88
1997-09-17,0.0,1.88,23.8,30.7,18.2,67.3,0.0,0.0,0.0,0.0,0.0,0.0,1.26,0.99,0.0,0.0,2.23
1997-09-18,0.0,2.23,24.0,32.1,18.4,63.3,0.0,0.0,0.0,0.0,0.0,0.0,1.88,1.26,0.0,0.0,1.75
1997-09-19,0.0,1.75,21.5,27.1,18.2,71.0,0.0,0.0,0.0,0.0,0.0,0.0,2.23,1.88,0.0,0.0,1.28
1997-09-20,0.0,1.28,23.1,30.1,18.2,66.0,0.0,0.0,0.0,0.0,0.0,0.0,1.75,2.23,0.0,0.0,1.37
1997-09-21,10.0,1.37,21.1,27.3,16.4,81.5,10.0,10.0,10.0,10.0,0.0,0.0,1.28,1.75,0.0,0.0,1.6
1997-09-22,9.2,1.6,23.3,28.1,19.4,67.0,19.2,19.2,19.2,19.2,8.5,9.0,1.37,1.28,10.0,0.0,1.36
1997-09-23,0.0,1.36,22.3,26.9,19.4,73.5,19.2,19.2,19.2,19.2,15.05,16.38,1.6,1.37,9.2,10.0,1.16
1997-09-24,0.0,1.16,23.7,29.9,19.0,64.5,9.2,19.2,19.2,19.2,12.79,14.74,1.36,1.6,0.0,9.2,1.09
1997-09-25,0.0,1.09,22.8,28.4,18.8,80.5,0.0,19.2,19.2,19.2,10.87,13.27,1.16,1.36,0.0,0.0,1.32
1997-09-26,0.0,1.32,24.0,30.1,20.0,69.0,0.0,19.2,19.2,19.2,9.24,11.94,1.09,1.16,0.0,0.0,1.7
1997-09-27,0.0,1.7,20.4,23.2,18.5,75.8,0.0,19.2,19.2,19.2,7.85,10.75,1.32,1.09,0.0,0.0,1.52
1997-09-28,0.0,1.52,21.7,26.7,18.1,69.3,0.0,9.2,19.2,19.2,6.68,9.67,1.7,1.32,0.0,0.0,1.21
1997-09-29,0.0,1.21,24.2,30.9,17.6,58.8,0.0,0.0,19.2,19.2,5.67,8.71,1.52,1.7,0.0,0.0,1.14
1997-09-30,0.0,1.14,24.3,29.7,19.5,68.8,0.0,0.0,19.2,19.2,4.82,7.83,1.21,1.52,0.0,0.0,1.12
1997-10-01,0.0,1.12,25.0,29.5,21.5,75.8,0.0,0.0,19.2,19.2,4.1,7.05,1.14,1.21,0.0,0.0,1.08
1997-10-02,0.0,1.08,25.7,30.9,21.0,52.5,0.0,0.0,19.2,19.2,3.48,6.35,1.12,1.14,0.0,0.0,1.05
1997-10-03,0.0,1.05,23.3,30.7,17.5,46.5,0.0,0.0,19.2,19.2,2.96,5.71,1.08,1.12,0.0,0.0,1.02
1997-10-04,0.0,1.02,19.4,24.6,16.9,74.0,0.0,0.0,19.2,19.2,2.52,5.14,1.05,1.08,0.0,0.0,1.01
1997-10-05,0.0,1.01,22.5,29.0,17.2,63.5,0.0,0.0,9.2,19.2,2.14,4.63,1.02,1.05,0.0,0.0,1.0
1997-10-06,0.0,1.0,27.1,33.0,25.0,55.5,0.0,0.0,0.0,19.2,1.82,4.16,1.01,1.02,0.0,0.0,0.99
1997-10-07,0.0,0.99,24.1,31.1,20.7,61.3,0.0,0.0,0.0,19.2,1.55,3.75,1.0,1.01,0.0,0.0,0.98
1997-10-08,0.0,0.98,22.2,27.1,19.1,59.3,0.0,0.0,0.0,19.2,1.31,3.37,0.99,1.0,0.0,0.0,0.97
1997-10-09,0.0,0.97,21.1,26.7,17.8,54.0,0.0,0.0,0.0,19.2,1.12,3.04,0.98,0.99,0.0,0.0,0.96
1997-10-10,0.0,0.96,23.1,29.1,17.1,46.5,0.0,0.0,0.0,19.2,0.95,2.73,0.97,0.98,0.0,0.0,0.95
1997-10-11,0.0,0.95,25.1,32.0,18.2,44.5,0.0,0.0,0.0,19.2,0.81,2.46,0.96,0.97,0.0,0.0,0.96
1997-10-12,0.0,0.96,27.1,33.1,20.9,47.0,0.0,0.0,0.0,19.2,0.69,2.21,0.95,0.96,0.0,0.0,0.95
1997-10-13,0.0,0.95,28.0,33.0,24.2,45.8,0.0,0.0,0.0,19.2,0.58,1.99,0.96,0.95,0.0,0.0,0.95
1997-10-14,0.0,0.95,27.1,32.0,23.3,48.3,0.0,0.0,0.0,19.2,0.5,1.79,0.95,0.96,0.0,0.0,0.94
1997-10-15,0.0,0.94,26.3,32.5,20.9,52.5,0.0,0.0,0.0,19.2,0.42,1.61,0.95,0.95,0.0,0.0,0.99
1997-10-16,0.0,0.99,25.0,31.9,21.5,67.8,0.0,0.0,0.0,19.2,0.36,1.45,0.94,0.95,0.0,0.0,1.81
1997-10-17,0.0,1.81,20.7,28.0,17.8,82.3,0.0,0.0,0.0,19.2,0.3,1.31,0.99,0.94,0.0,0.0,2.53
1997-10-18,0.0,2.53,17.9,20.5,15.2,80.5,0.0,0.0,0.0,19.2,0.26,1.18,1.81,0.99,0.0,0.0,1.82
1997-10-19,0.0,1.82,18.9,22.3,16.4,74.3,0.0,0.0,0.0,19.2,0.22,1.06,2.53,1.81,0.0,0.0,1.26
1997-10-20,0.0,1.26,20.6,24.9,18.0,72.0,0.0,0.0,0.0,19.2,0.19,0.95,1.82,2.53,0.0,0.0,1.19
1997-10-21,40.2,1.19,19.7,21.9,18.2,92.8,40.2,40.2,40.2,49.4,0.16,0.86,1.26,1.82,0.0,0.0,1.4
1997-10-22,50.7,1.4,22.6,29.3,18.9,80.3,90.9,90.9,90.9,90.9,34.31,36.95,1.19,1.26,40.2,0.0,1.44
1997-10-23,0.0,1.44,23.6,30.7,17.3,52.0,90.9,90.9,90.9,90.9,72.25,78.89,1.4,1.19,50.7,40.2,1.13
1997-10-24,0.0,1.13,23.7,29.9,17.3,50.0,50.7,90.9,90.9,90.9,61.42,71.0,1.44,1.4,0.0,50.7,1.04
1997-10-25,0.0,1.04,25.8,31.9,19.3,50.3,0.0,90.9,90.9,90.9,52.2,63.9,1.13,1.44,0.0,0.0,1.67
1997-10-26,4.7,1.67,22.4,26.6,18.6,85.8,4.7,95.6,95.6,95.6,44.37,57.51,1.04,1.13,0.0,0.0,2.34
1997-10-27,0.0,2.34,22.4,26.7,18.2,72.8,4.7,95.6,95.6,95.6,41.71,55.99,1.67,1.04,4.7,0.0,1.8
1997-10-28,0.0,1.8,22.8,27.9,19.2,69.8,4.7,55.4,95.6,95.6,35.46,50.39,2.34,1.67,0.0,4.7,1.26
1997-10-29,0.0,1.26,25.8,32.3,19.0,55.5,0.0,4.7,95.6,95.6,30.14,45.35,1.8,2.34,0.0,0.0,1.06
1997-10-30,0.0,1.06,27.1,32.5,22.1,51.0,0.0,4.7,95.6,95.6,25.62,40.81,1.26,1.8,0.0,0.0,1.01
1997-10-31,0.0,1.01,26.1,30.9,22.9,56.5,0.0,4.7,95.6,95.6,21.77,36.73,1.06,1.26,0.0,0.0,0.99
1997-11-01,0.0,0.99,26.7,32.0,21.3,47.3,0.0,4.7,95.6,95.6,18.51,33.06,1.01,1.06,0.0,0.0,0.98
1997-11-02,0.0,0.98,27.3,32.1,22.9,47.8,0.0,0.0,95.6,95.6,15.73,29.75,0.99,1.01,0.0,0.0,0.96
1997-11-03,0.0,0.96,28.3,34.7,22.4,36.5,0.0,0.0,95.6,95.6,13.37,26.78,0.98,0.99,0.0,0.0,0.95
1997-11-04,0.0,0.95,28.6,34.6,23.0,40.3,0.0,0.0,55.4,95.6,11.37,24.1,0.96,0.98,0.0,0.0,1.01
1997-11-05,0.0,1.01,24.8,28.4,22.8,64.0,0.0,0.0,4.7,95.6,9.66,21.69,0.95,0.96,0.0,0.0,1.35
1997-11-06,0.0,1.35,25.1,29.1,21.8,64.5,0.0,0.0,4.7,95.6,8.21,19.52,1.01,0.95,0.0,0.0,2.37
1997-11-07,0.0,2.37,25.2,30.2,22.2,66.0,0.0,0.0,4.7,95.6,6.98,17.57,1.35,1.01,0.0,0.0,3.33
1997-11-08,0.0,3.33,24.9,31.8,21.0,73.0,0.0,0.0,4.7,95.6,5.93,15.81,2.37,1.35,0.0,0.0,3.33
1997-11-09,0.0,3.33,26.9,33.5,21.7,59.5,0.0,0.0,0.0,95.6,5.04,14.23,3.33,2.37,0.0,0.0,2.6
1997-11-10,0.0,2.6,26.9,32.1,21.8,61.3,0.0,0.0,0.0,95.6,4.29,12.81,3.33,3.33,0.0,0.0,1.91
1997-11-11,0.0,1.91,28.0,34.6,22.4,57.8,0.0,0.0,0.0,95.6,3.64,11.53,2.6,3.33,0.0,0.0,1.46
1997-11-12,0.0,1.46,28.2,34.5,23.4,52.0,0.0,0.0,0.0,95.6,3.1,10.37,1.91,2.6,0.0,0.0,1.18
1997-11-13,0.0,1.18,26.6,33.5,23.0,64.8,0.0,0.0,0.0,95.6,2.63,9.34,1.46,1.91,0.0,0.0,1.23
1997-11-14,4.5,1.23,25.2,30.7,20.5,70.8,4.5,4.5,4.5,100.1,2.24,8.4,1.18,1.46,0.0,0.0,1.26
1997-11-15,0.0,1.26,24.6,30.3,21.6,73.8,4.5,4.5,4.5,100.1,5.73,11.61,1.23,1.18,4.5,0.0,1.12
1997-11-16,1.4,1.12,25.0,29.4,21.0,60.8,5.9,5.9,5.9,101.5,4.87,10.45,1.26,1.23,0.0,4.5,1.06
1997-11-17,0.0,1.06,25.7,31.1,21.2,54.3,1.4,5.9,5.9,101.5,5.33,10.67,1.12,1.26,1.4,0.0,1.01
1997-11-18,0.0,1.01,26.3,32.1,21.6,55.3,1.4,5.9,5.9,101.5,4.53,9.6,1.06,1.12,0.0,1.4,1.08
1997-11-19,0.0,1.08,23.9,27.1,22.6,74.3,0.0,5.9,5.9,101.5,3.85,8.64,1.01,1.06,0.0,0.0,1.24
1997-11-20,0.0,1.24,24.2,27.7,19.5,66.8,0.0,5.9,5.9,61.3,3.27,7.78,1.08,1.01,0.0,0.0,1.19
1997-11-21,0.0,1.19,24.2,28.3,21.0,72.3,0.0,1.4,5.9,10.6,2.78,7.0,1.24,1.08,0.0,0.0,1.11
1997-11-22,0.0,1.11,21.8,25.7,19.2,83.3,0.0,1.4,5.9,10.6,2.36,6.3,1.19,1.24,0.0,0.0,1.1
1997-11-23,21.7,1.1,24.6,30.1,19.8,68.3,21.7,21.7,27.6,32.3,2.01,5.67,1.11,1.19,0.0,0.0,1.06
1997-11-24,9.9,1.06,25.1,30.5,20.5,66.0,31.6,31.6,37.5,42.2,20.15,24.63,1.1,1.11,21.7,0.0,1.14
1997-11-25,10.3,1.14,23.3,27.7,20.0,75.8,41.9,41.9,47.8,47.8,25.55,31.08,1.06,1.1,9.9,21.7,1.29
1997-11-26,19.4,1.29,23.8,28.3,20.0,73.0,39.6,61.3,67.2,67.2,30.47,37.24,1.14,1.06,10.3,9.9,1.59
1997-11-27,0.0,1.59,22.9,27.1,18.6,82.8,29.7,61.3,67.2,67.2,42.39,50.98,1.29,1.14,19.4,10.3,2.13
1997-11-28,13.6,2.13,23.4,28.0,19.5,73.3,33.0,74.9,76.3,80.8,36.03,45.88,1.59,1.29,0.0,19.4,3.28
1997-11-29,22.5,3.28,20.2,23.2,18.8,95.0,36.1,97.4,98.8,103.3,42.19,53.53,2.13,1.59,13.6,0.0,5.5
1997-11-30,46.4,5.5,20.4,22.1,18.1,87.0,82.5,122.1,143.8,149.7,54.98,68.43,3.28,2.13,22.5,13.6,7.89
1997-12-01,23.4,7.89,21.9,24.8,18.0,82.5,92.3,135.6,167.2,173.1,86.18,103.35,5.5,3.28,46.4,22.5,8.33
1997-12-02,6.9,8.33,22.2,28.0,19.6,86.8,76.7,132.2,174.1,180.0,93.14,114.07,7.89,5.5,23.4,46.4,8.04
1997-12-03,68.7,8.04,24.5,29.1,19.8,64.8,99.0,181.5,242.8,248.7,85.03,108.87,8.33,7.89,6.9,23.4,7.38
1997-12-04,0.0,7.38,23.9,27.5,21.1,71.8,75.6,181.5,242.8,248.7,130.67,159.82,8.04,8.33,68.7,6.9,6.48
1997-12-05,2.6,6.48,25.2,30.8,20.2,64.3,71.3,170.5,245.4,251.3,111.07,143.83,7.38,8.04,0.0,68.7,5.34
1997-12-06,0.0,5.34,25.6,30.7,21.8,66.3,2.6,148.0,245.4,251.3,96.62,131.79,6.48,7.38,2.6,0.0,4.78
1997-12-07,0.0,4.78,22.3,26.4,20.0,84.5,2.6,101.6,223.7,251.3,82.13,118.61,5.34,6.48,0.0,2.6,5.25
1997-12-08,19.3,5.25,25.3,30.1,20.2,63.3,19.3,97.5,233.1,270.6,69.81,106.75,4.78,5.34,0.0,0.0,4.97
1997-12-09,96.8,4.97,23.5,29.0,18.6,73.3,116.1,187.4,319.6,367.4,75.74,113.45,5.25,4.78,19.3,0.0,6.13
1997-12-10,19.9,6.13,21.8,26.0,18.6,79.5,136.0,138.6,320.1,387.3,146.66,189.22,4.97,5.25,96.8,19.3,7.13
1997-12-11,1.9,7.13,23.5,28.3,20.0,69.5,118.6,140.5,322.0,389.2,141.58,188.21,6.13,4.97,19.9,96.8,7.69
1997-12-12,0.0,7.69,22.9,28.7,19.8,82.0,21.8,137.9,308.4,389.2,121.96,171.1,7.13,6.13,1.9,19.9,7.2
1997-12-13,1.1,7.2,22.6,29.3,20.2,80.5,3.0,139.0,287.0,390.3,103.66,153.99,7.69,7.13,0.0,1.9,7.53
1997-12-14,108.1,7.53,21.5,26.8,14.9,84.0,109.2,247.1,348.7,493.9,89.05,139.58,7.2,7.69,1.1,0.0,8.86
1997-12-15,7.8,8.86,23.2,26.8,20.2,80.3,117.0,235.6,333.1,501.7,167.58,222.91,7.53,7.2,108.1,1.1,9.16
1997-12-16,34.4,9.16,21.1,23.2,20.0,93.8,150.3,173.2,360.6,534.7,149.07,207.64,8.86,7.53,7.8,108.1,10.48
1997-12-17,11.4,10.48,19.6,21.0,19.0,90.5,53.6,164.7,303.3,546.1,155.95,217.84,9.16,8.86,34.4,7.8,13.72
1997-12-18,32.3,13.72,21.6,26.0,18.8,72.5,78.1,195.1,335.6,578.4,142.25,206.31,10.48,9.16,11.4,34.4,12.37
1997-12-19,0.4,12.37,23.3,28.3,19.8,66.5,44.1,195.5,333.4,578.8,148.36,214.75,13.72,10.48,32.3,11.4,10.99
1997-12-20,0.0,10.99,23.3,29.7,19.7,71.5,32.7,194.4,333.4,578.8,126.45,193.64,12.37,13.72,0.4,32.3,9.0
1997-12-21,0.0,9.0,25.1,32.0,19.2,60.5,0.4,86.3,333.4,578.8,107.48,174.27,10.99,12.37,0.0,0.4,7.3
1997-12-22,0.0,7.3,26.6,31.8,22.0,55.3,0.0,78.5,314.1,578.8,91.36,156.85,9.0,10.99,0.0,0.0,5.85
1997-12-23,0.0,5.85,27.3,32.5,21.2,56.3,0.0,44.1,217.3,557.1,77.66,141.16,7.3,9.0,0.0,0.0,4.77
1997-12-24,0.0,4.77,27.0,32.9,22.8,63.5,0.0,32.7,197.4,547.2,66.01,127.04,5.85,7.3,0.0,0.0,5.01
1997-12-25,0.3,5.01,25.3,30.6,22.8,72.5,0.3,0.7,195.8,537.2,56.11,114.34,4.77,5.85,0.0,0.0,5.05
1997-12-26,24.9,5.05,24.4,30.5,20.0,69.8,25.2,25.2,220.7,542.7,47.95,103.18,5.01,4.77,0.3,0.0,5.34
1997-12-27,0.0,5.34,26.5,31.9,21.6,64.0,25.2,25.2,219.6,542.7,61.92,115.27,5.05,5.01,24.9,0.3,4.47
1997-12-28,0.0,4.47,26.5,32.6,22.6,62.8,24.9,25.2,111.5,529.1,52.63,103.74,5.34,5.05,0.0,24.9,3.81
1997-12-29,0.0,3.81,26.7,32.5,21.4,65.3,0.0,25.2,103.7,506.6,44.74,93.37,4.47,5.34,0.0,0.0,3.59
1997-12-30,0.0,3.59,28.1,33.5,22.6,55.3,0.0,25.2,69.3,460.2,38.03,84.03,3.81,4.47,0.0,0.0,2.72
1997-12-31,0.0,2.72,27.7,32.5,23.2,61.3,0.0,25.2,57.9,436.8,32.32,75.63,3.59,3.81,0.0,0.0,2.11
1998-01-01,0.0,2.11,27.2,31.7,23.4,56.3,0.0,24.9,25.6,429.9,27.47,68.06,2.72,3.59,0.0,0.0,1.67
1998-01-02,0.0,1.67,27.3,33.2,22.6,52.8,0.0,0.0,25.2,361.2,23.35,61.26,2.11,2.72,0.0,0.0,1.4
1998-01-03,0.0,1.4,25.2,34.0,21.1,71.3,0.0,0.0,25.2,361.2,19.85,55.13,1.67,2.11,0.0,0.0,1.25
1998-01-04,50.1,1.25,24.6,31.2,20.2,73.3,50.1,50.1,75.3,408.7,16.87,49.62,1.4,1.67,0.0,0.0,1.3
1998-01-05,3.8,1.3,26.0,32.4,20.1,60.3,53.9,53.9,79.1,412.5,56.93,89.75,1.25,1.4,50.1,0.0,1.53
1998-01-06,0.0,1.53,24.9,31.7,23.4,73.5,53.9,53.9,79.1,412.5,51.62,84.19,1.3,1.25,3.8,50.1,1.61
1998-01-07,8.3,1.61,23.6,27.7,21.2,83.3,12.1,62.2,87.4,401.5,43.87,75.77,1.53,1.3,0.0,3.8,2.27
1998-01-08,16.8,2.27,22.7,28.0,20.4,83.8,25.1,79.0,103.9,321.5,44.35,75.67,1.61,1.53,8.3,0.0,6.11
1998-01-09,23.7,6.11,21.1,23.4,19.6,88.0,48.8,102.7,102.7,325.3,51.98,83.22,2.27,1.61,16.8,8.3,12.8
1998-01-10,43.8,12.8,20.2,23.3,18.8,92.8,84.3,146.5,146.5,367.2,64.32,96.23,6.11,2.27,23.7,16.8,16.02
1998-01-11,32.3,16.02,22.0,28.1,18.8,84.5,99.8,128.7,178.8,399.5,91.91,126.02,12.8,6.11,43.8,23.7,14.17
1998-01-12,0.0,14.17,25.0,30.5,20.2,70.5,76.1,124.9,178.8,398.4,105.58,142.49,16.02,12.8,32.3,43.8,12.15
1998-01-13,0.0,12.15,23.0,30.5,18.4,72.8,32.3,124.9,178.8,290.3,89.74,128.24,14.17,16.02,0.0,32.3,10.27
1998-01-14,16.3,10.27,24.4,30.4,18.4,68.3,16.3,132.9,195.1,298.8,76.28,115.42,12.15,14.17,0.0,0.0,8.51
1998-01-15,7.1,8.51,24.3,26.5,21.0,68.0,23.4,123.2,202.2,271.5,78.69,118.55,10.27,12.15,16.3,0.0,7.13
1998-01-16,3.3,7.13,23.7,31.5,19.8,75.5,26.7,102.8,205.5,263.4,72.92,113.08,8.51,10.27,7.1,16.3,7.65
1998-01-17,12.2,7.65,22.4,25.7,19.6,81.8,22.6,71.2,217.7,243.3,64.79,104.74,7.13,8.51,3.3,7.1,9.21
1998-01-18,2.3,9.21,21.7,30.1,17.3,82.0,17.8,41.2,169.9,245.2,65.44,105.25,7.65,7.13,12.2,3.3,8.73
1998-01-19,9.8,8.73,20.1,23.2,17.2,82.8,24.3,51.0,175.9,255.0,57.58,96.79,9.21,7.65,2.3,12.2,8.46
1998-01-20,32.3,8.46,22.4,25.2,19.2,72.0,44.4,83.3,208.2,287.3,57.27,95.94,8.73,9.21,9.8,2.3,7.22
1998-01-21,0.0,7.22,23.6,26.9,20.8,68.5,42.1,67.0,199.9,287.3,76.14,115.41,8.46,8.73,32.3,9.8,6.64
1998-01-22,0.0,6.64,24.7,28.7,20.6,62.8,32.3,59.9,183.1,287.3,64.72,103.87,7.22,8.46,0.0,32.3,5.34
1998-01-23,0.0,5.34,24.5,29.1,20.2,66.0,0.0,56.6,159.4,287.3,55.01,93.48,6.64,7.22,0.0,0.0,4.43
1998-01-24,0.0,4.43,25.6,31.0,21.2,71.0,0.0,44.4,115.6,287.0,46.76,84.14,5.34,6.64,0.0,0.0,4.06
1998-01-25,0.0,4.06,25.7,26.8,22.0,64.3,0.0,42.1,83.3,262.1,39.74,75.72,4.43,5.34,0.0,0.0,3.58
1998-01-26,22.2,3.58,24.5,28.0,21.3,73.0,22.2,54.5,105.5,284.3,33.78,68.15,4.06,4.43,0.0,0.0,3.05
1998-01-27,0.0,3.05,25.9,31.5,22.6,74.3,22.2,22.2,105.5,284.3,47.58,81.31,3.58,4.06,22.2,0.0,2.61
1998-01-28,0.0,2.61,26.5,31.1,23.4,70.3,22.2,22.2,89.2,284.3,40.45,73.18,3.05,3.58,0.0,22.2,2.08
1998-01-29,0.0,2.08,26.1,31.1,21.4,67.0,0.0,22.2,82.1,284.3,34.38,65.86,2.61,3.05,0.0,0.0,1.67
1998-01-30,0.0,1.67,25.7,30.2,19.8,58.8,0.0,22.2,78.8,284.3,29.22,59.28,2.08,2.61,0.0,0.0,1.44
1998-01-31,0.0,1.44,26.5,32.3,19.7,54.3,0.0,22.2,66.6,284.3,24.84,53.35,1.67,2.08,0.0,0.0,1.36
1998-02-01,0.0,1.36,27.3,32.3,21.8,57.5,0.0,22.2,64.3,284.3,21.11,48.02,1.44,1.67,0.0,0.0,1.34
1998-02-02,0.0,1.34,27.7,33.1,22.8,58.8,0.0,0.0,54.5,284.3,17.95,43.21,1.36,1.44,0.0,0.0,1.33
1998-02-03,0.0,1.33,27.8,32.5,23.2,57.5,0.0,0.0,22.2,234.2,15.25,38.89,1.34,1.36,0.0,0.0,1.33
1998-02-04,0.0,1.33,27.5,32.5,22.6,62.0,0.0,0.0,22.2,230.4,12.97,35.0,1.33,1.34,0.0,0.0,1.31
1998-02-05,0.0,1.31,28.4,35.2,23.6,58.5,0.0,0.0,22.2,230.4,11.02,31.5,1.33,1.33,0.0,0.0,1.31
1998-02-06,0.0,1.31,28.4,34.7,23.9,55.8,0.0,0.0,22.2,222.1,9.37,28.35,1.31,1.33,0.0,0.0,1.3
1998-02-07,0.0,1.3,28.6,34.8,23.4,61.8,0.0,0.0,22.2,205.3,7.96,25.52,1.31,1.31,0.0,0.0,1.3
1998-02-08,0.0,1.3,25.4,31.7,21.9,76.3,0.0,0.0,22.2,181.6,6.77,22.97,1.3,1.31,0.0,0.0,1.3
1998-02-09,0.0,1.3,28.0,33.2,21.8,61.3,0.0,0.0,0.0,137.8,5.75,20.67,1.3,1.3,0.0,0.0,1.33
1998-02-10,0.0,1.33,25.4,32.5,21.4,76.0,0.0,0.0,0.0,105.5,4.89,18.6,1.3,1.3,0.0,0.0,1.72
1998-02-11,1.1,1.72,27.0,32.0,23.2,72.8,1.1,1.1,1.1,106.6,4.16,16.74,1.33,1.3,0.0,0.0,2.77
1998-02-12,7.6,2.77,23.2,27.4,21.2,82.3,8.7,8.7,8.7,114.2,4.47,16.06,1.72,1.33,1.1,0.0,2.69
1998-02-13,0.0,2.69,23.3,28.0,20.0,76.0,8.7,8.7,8.7,97.9,10.26,21.29,2.77,1.72,7.6,1.1,2.0
1998-02-14,0.0,2.0,25.2,29.8,21.2,70.3,7.6,8.7,8.7,90.8,8.72,19.16,2.69,2.77,0.0,7.6,1.56
1998-02-15,0.0,1.56,22.9,25.9,21.7,82.3,0.0,8.7,8.7,87.5,7.41,17.25,2.0,2.69,0.0,0.0,1.99
1998-02-16,11.4,1.99,21.7,23.5,20.8,89.8,11.4,20.1,20.1,86.7,6.3,15.52,1.56,2.0,0.0,0.0,4.08
1998-02-17,73.6,4.08,20.0,22.2,17.2,96.0,85.0,93.7,93.7,158.0,15.04,24.23,1.99,1.56,11.4,0.0,6.08
1998-02-18,24.5,6.08,22.5,27.4,19.0,85.8,109.5,117.1,118.2,172.7,75.35,88.05,4.08,1.99,73.6,11.4,6.96
1998-02-19,2.4,6.96,23.5,28.4,19.8,74.5,100.5,111.9,120.6,142.8,84.87,101.29,6.08,4.08,24.5,73.6,8.1
1998-02-20,1.3,8.1,22.1,29.0,19.1,83.0,28.2,113.2,121.9,144.1,74.18,93.32,6.96,6.08,2.4,24.5,7.81
1998-02-21,24.6,7.81,23.2,28.4,19.1,85.0,28.3,137.8,146.5,168.7,64.16,85.16,8.1,6.96,1.3,2.4,6.43
1998-02-22,0.0,6.43,24.0,29.3,20.5,74.0,25.9,137.8,146.5,168.7,75.44,98.78,7.81,8.1,24.6,1.3,6.0
1998-02-23,0.0,6.0,23.6,29.9,20.8,79.0,24.6,126.4,146.5,168.7,64.13,88.91,6.43,7.81,0.0,24.6,6.62
1998-02-24,25.7,6.62,23.8,29.1,20.2,78.3,25.7,78.5,172.2,194.4,54.51,80.02,6.0,6.43,0.0,0.0,5.73
1998-02-25,2.1,5.73,25.9,30.8,21.8,67.3,27.8,56.1,173.2,174.3,68.18,95.14,6.62,6.0,25.7,0.0,4.5
1998-02-26,0.0,4.5,26.8,31.5,22.2,66.8,27.8,53.7,165.6,174.3,59.74,87.52,5.73,6.62,2.1,25.7,3.5
1998-02-27,0.0,3.5,27.0,31.9,21.4,59.8,2.1,52.4,165.6,174.3,50.78,78.77,4.5,5.73,0.0,2.1,2.73
1998-02-28,0.0,2.73,28.1,33.4,22.1,55.0,0.0,27.8,165.6,174.3,43.16,70.89,3.5,4.5,0.0,0.0,2.21
1998-03-01,0.0,2.21,24.6,33.5,20.5,71.5,0.0,27.8,165.6,174.3,36.69,63.8,2.73,3.5,0.0,0.0,1.8
1998-03-02,0.0,1.8,27.1,32.2,20.5,59.0,0.0,27.8,154.2,174.3,31.18,57.42,2.21,2.73,0.0,0.0,1.55
1998-03-03,0.0,1.55,25.8,29.5,21.8,64.5,0.0,2.1,80.6,174.3,26.51,51.68,1.8,2.21,0.0,0.0,1.42
1998-03-04,0.0,1.42,26.0,31.5,22.0,66.3,0.0,0.0,56.1,174.3,22.53,46.51,1.55,1.8,0.0,0.0,1.39
1998-03-05,0.0,1.39,25.3,30.0,22.4,65.3,0.0,0.0,53.7,174.3,19.15,41.86,1.42,1.55,0.0,0.0,1.38
1998-03-06,0.0,1.38,25.1,30.3,21.2,57.8,0.0,0.0,52.4,174.3,16.28,37.67,1.39,1.42,0.0,0.0,1.36
1998-03-07,0.0,1.36,25.1,28.8,21.6,69.3,0.0,0.0,27.8,174.3,13.84,33.91,1.38,1.39,0.0,0.0,1.36
1998-03-08,0.0,1.36,25.4,29.8,21.5,59.5,0.0,0.0,27.8,174.3,11.76,30.52,1.36,1.38,0.0,0.0,1.36
1998-03-09,0.0,1.36,25.4,30.5,22.2,62.3,0.0,0.0,27.8,174.3,10.0,27.46,1.36,1.36,0.0,0.0,1.34
1998-03-10,0.0,1.34,25.0,32.5,21.6,73.3,0.0,0.0,2.1,174.3,8.5,24.72,1.36,1.36,0.0,0.0,1.34
1998-03-11,0.0,1.34,26.9,32.7,20.6,58.8,0.0,0.0,0.0,174.3,7.22,22.25,1.34,1.36,0.0,0.0,1.36
1998-03-12,0.0,1.36,25.2,30.6,22.4,71.5,0.0,0.0,0.0,174.3,6.14,20.02,1.34,1.34,0.0,0.0,1.64
1998-03-13,1.1,1.64,24.3,29.5,21.2,69.8,1.1,1.1,1.1,174.3,5.22,18.02,1.36,1.34,0.0,0.0,2.28
1998-03-14,0.0,2.28,24.3,29.1,21.2,82.0,1.1,1.1,1.1,166.7,5.37,17.21,1.64,1.36,1.1,0.0,2.34
1998-03-15,0.0,2.34,25.2,32.2,21.7,70.5,1.1,1.1,1.1,166.7,4.56,15.49,2.28,1.64,0.0,1.1,3.25
1998-03-16,33.4,3.25,22.8,27.5,20.8,79.3,33.4,34.5,34.5,200.1,3.88,13.94,2.34,2.28,0.0,0.0,2.72
1998-03-17,0.0,2.72,21.6,25.8,18.6,76.3,33.4,34.5,34.5,200.1,31.69,42.6,3.25,2.34,33.4,0.0,2.13
1998-03-18,0.0,2.13,22.2,26.2,19.0,72.8,33.4,34.5,34.5,188.7,26.93,38.34,2.72,3.25,0.0,33.4,1.75
1998-03-19,0.0,1.75,23.9,28.3,20.0,73.8,0.0,34.5,34.5,115.1,22.89,34.51,2.13,2.72,0.0,0.0,1.56
1998-03-20,0.0,1.56,25.1,28.5,21.6,73.3,0.0,33.4,34.5,90.6,19.46,31.06,1.75,2.13,0.0,0.0,1.59
1998-03-21,0.0,1.59,25.5,29.8,21.6,68.8,0.0,33.4,34.5,88.2,16.54,27.95,1.56,1.75,0.0,0.0,2.0
1998-03-22,0.0,2.0,22.8,30.0,20.0,77.8,0.0,33.4,34.5,86.9,14.06,25.16,1.59,1.56,0.0,0.0,1.94
1998-03-23,41.5,1.94,24.1,28.5,19.2,74.3,41.5,41.5,76.0,103.8,11.95,22.64,2.0,1.59,0.0,0.0,1.69
1998-03-24,0.0,1.69,26.0,31.5,20.0,67.5,41.5,41.5,76.0,103.8,45.43,57.73,1.94,2.0,41.5,0.0,1.47
1998-03-25,0.0,1.47,25.4,30.6,22.2,75.3,41.5,41.5,76.0,103.8,38.62,51.95,1.69,1.94,0.0,41.5,1.5
1998-03-26,2.4,1.5,23.4,29.0,21.0,79.8,2.4,43.9,78.4,80.5,32.83,46.76,1.47,1.69,0.0,0.0,1.44
1998-03-27,0.0,1.44,21.6,24.9,19.5,78.0,2.4,43.9,77.3,78.4,29.94,44.24,1.5,1.47,2.4,0.0,1.4
1998-03-28,0.0,1.4,23.4,27.9,19.5,73.3,2.4,43.9,77.3,78.4,25.45,39.82,1.44,1.5,0.0,2.4,1.38
1998-03-29,0.0,1.38,25.1,30.4,21.2,65.8,0.0,43.9,77.3,78.4,21.63,35.84,1.4,1.44,0.0,0.0,1.47
1998-03-30,0.0,1.47,23.9,28.7,21.5,78.5,0.0,2.4,43.9,78.4,18.39,32.25,1.38,1.4,0.0,0.0,1.56
1998-03-31,2.3,1.56,25.3,31.3,20.8,77.5,2.3,4.7,46.2,80.7,15.63,29.03,1.47,1.38,0.0,0.0,1.5
1998-04-01,0.0,1.5,23.8,30.1,20.5,80.0,2.3,4.7,46.2,80.7,15.24,28.2,1.56,1.47,2.3,0.0,1.4
1998-04-02,10.9,1.4,22.8,27.3,20.2,70.5,13.2,13.2,57.1,91.6,12.95,25.38,1.5,1.56,0.0,2.3,1.4
1998-04-03,0.0,1.4,21.1,26.5,18.5,64.8,10.9,13.2,57.1,91.6,20.28,32.65,1.4,1.5,10.9,0.0,1.38
1998-04-04,0.0,1.38,18.8,24.4,13.8,60.8,10.9,13.2,57.1,91.6,17.23,29.38,1.4,1.4,0.0,10.9,1.4
1998-04-05,0.0,1.4,18.4,21.8,15.0,67.3,0.0,13.2,57.1,91.6,14.65,26.45,1.38,1.4,0.0,0.0,1.38
1998-04-06,0.0,1.38,20.8,25.9,16.0,62.8,0.0,13.2,15.6,91.6,12.45,23.8,1.4,1.38,0.0,0.0,1.34
1998-04-07,0.0,1.34,23.1,29.1,17.2,68.3,0.0,10.9,15.6,91.6,10.58,21.42,1.38,1.4,0.0,0.0,1.34
1998-04-08,0.0,1.34,24.2,30.0,20.4,66.3,0.0,10.9,15.6,91.6,9.0,19.28,1.34,1.38,0.0,0.0,1.53
1998-04-09,8.5,1.53,23.3,30.4,20.0,80.8,8.5,8.5,21.7,100.1,7.65,17.35,1.34,1.34,0.0,0.0,2.13
1998-04-10,4.8,2.13,24.5,30.2,19.2,65.5,13.3,13.3,26.5,104.9,13.73,23.27,1.53,1.34,8.5,0.0,2.66
1998-04-11,0.0,2.66,24.5,29.3,20.5,68.3,13.3,13.3,26.5,104.9,15.75,25.26,2.13,1.53,4.8,8.5,2.25
1998-04-12,0.0,2.25,24.6,30.1,21.1,67.0,4.8,13.3,26.5,103.8,13.38,22.73,2.66,2.13,0.0,4.8,1.84
1998-04-13,0.0,1.84,24.1,28.4,21.0,68.3,0.0,13.3,26.5,103.8,11.38,20.46,2.25,2.66,0.0,0.0,1.65
1998-04-14,0.0,1.65,25.0,30.2,21.4,65.3,0.0,13.3,24.2,103.8,9.67,18.41,1.84,2.25,0.0,0.0,1.5
1998-04-15,0.0,1.5,24.8,30.0,21.0,67.5,0.0,13.3,24.2,70.4,8.22,16.57,1.65,1.84,0.0,0.0,1.4
1998-04-16,0.0,1.4,26.2,32.3,21.0,66.3,0.0,4.8,13.3,70.4,6.99,14.92,1.5,1.65,0.0,0.0,1.34
1998-04-17,0.0,1.34,26.6,32.7,22.2,63.8,0.0,0.0,13.3,70.4,5.94,13.42,1.4,1.5,0.0,0.0,1.34
1998-04-18,0.0,1.34,24.6,28.4,22.1,77.3,0.0,0.0,13.3,70.4,5.05,12.08,1.34,1.4,0.0,0.0,1.34
1998-04-19,0.0,1.34,25.2,30.7,21.8,65.0,0.0,0.0,13.3,70.4,4.29,10.87,1.34,1.34,0.0,0.0,1.34
1998-04-20,0.0,1.34,25.3,29.2,21.6,67.5,0.0,0.0,13.3,70.4,3.65,9.79,1.34,1.34,0.0,0.0,1.34
1998-04-21,0.0,1.34,24.5,28.5,21.2,70.0,0.0,0.0,13.3,70.4,3.1,8.81,1.34,1.34,0.0,0.0,1.34
1998-04-22,0.0,1.34,23.8,28.5,20.2,72.5,0.0,0.0,13.3,28.9,2.64,7.93,1.34,1.34,0.0,0.0,1.31
1998-04-23,0.0,1.31,23.6,27.9,20.2,73.5,0.0,0.0,4.8,28.9,2.24,7.13,1.34,1.34,0.0,0.0,1.31
1998-04-24,0.0,1.31,25.5,31.1,21.4,62.8,0.0,0.0,0.0,28.9,1.9,6.42,1.31,1.34,0.0,0.0,1.31
1998-04-25,0.0,1.31,26.3,32.1,20.2,56.0,0.0,0.0,0.0,26.5,1.62,5.78,1.31,1.31,0.0,0.0,1.28
1998-04-26,0.0,1.28,24.0,29.4,21.9,75.8,0.0,0.0,0.0,26.5,1.38,5.2,1.31,1.31,0.0,0.0,1.28
1998-04-27,0.0,1.28,22.9,28.3,18.2,72.5,0.0,0.0,0.0,26.5,1.17,4.68,1.28,1.31,0.0,0.0,1.28
1998-04-28,0.0,1.28,22.5,28.1,18.2,72.5,0.0,0.0,0.0,26.5,0.99,4.21,1.28,1.28,0.0,0.0,1.47
1998-04-29,11.1,1.47,19.8,22.5,18.2,87.8,11.1,11.1,11.1,37.6,0.84,3.79,1.28,1.28,0.0,0.0,1.62
1998-04-30,0.1,1.62,21.6,27.1,18.0,82.5,11.2,11.2,11.2,35.4,10.15,13.4,1.47,1.28,11.1,0.0,1.4
1998-05-01,0.3,1.4,21.0,27.2,16.2,62.3,11.5,11.5,11.5,35.7,8.72,12.15,1.62,1.47,0.1,11.1,1.31
1998-05-02,0.0,1.31,22.2,28.4,16.1,50.0,0.4,11.5,11.5,24.8,7.66,11.21,1.4,1.62,0.3,0.1,1.28
1998-05-03,0.0,1.28,22.9,29.3,17.5,61.5,0.3,11.5,11.5,24.8,6.51,10.09,1.31,1.4,0.0,0.3,1.31
1998-05-04,0.0,1.31,24.5,29.7,19.6,65.8,0.0,11.5,11.5,24.8,5.54,9.08,1.28,1.31,0.0,0.0,1.5
1998-05-05,25.8,1.5,20.3,24.4,17.2,88.0,25.8,37.3,37.3,50.6,4.71,8.17,1.31,1.28,0.0,0.0,1.65
1998-05-06,3.4,1.65,18.9,24.1,15.2,71.0,29.2,29.6,40.7,54.0,25.93,30.57,1.5,1.31,25.8,0.0,1.44
1998-05-07,0.0,1.44,18.8,24.1,14.0,68.0,29.2,29.5,40.7,54.0,24.93,30.58,1.65,1.5,3.4,25.8,1.34
1998-05-08,0.0,1.34,17.3,22.0,13.2,65.0,3.4,29.2,40.7,54.0,21.19,27.52,1.44,1.65,0.0,3.4,1.31
1998-05-09,0.0,1.31,18.0,22.7,13.4,64.8,0.0,29.2,40.7,45.5,18.01,24.77,1.34,1.44,0.0,0.0,1.28
1998-05-10,0.0,1.28,17.6,22.6,12.8,67.5,0.0,29.2,40.7,40.7,15.31,22.29,1.31,1.34,0.0,0.0,1.25
1998-05-11,0.0,1.25,19.3,25.1,14.8,66.8,0.0,29.2,40.7,40.7,13.01,20.06,1.28,1.31,0.0,0.0,1.25
1998-05-12,0.0,1.25,21.6,28.2,15.4,61.5,0.0,3.4,40.7,40.7,11.06,18.05,1.25,1.28,0.0,0.0,1.25
1998-05-13,0.0,1.25,22.8,28.7,17.0,71.0,0.0,0.0,29.6,40.7,9.4,16.25,1.25,1.25,0.0,0.0,1.25
1998-05-14,0.0,1.25,23.3,27.9,21.0,72.5,0.0,0.0,29.5,40.7,7.99,14.62,1.25,1.25,0.0,0.0,1.22
1998-05-15,0.0,1.22,24.1,30.3,18.2,61.5,0.0,0.0,29.2,40.7,6.79,13.16,1.25,1.25,0.0,0.0,1.22
1998-05-16,0.0,1.22,24.1,29.2,19.1,65.3,0.0,0.0,29.2,40.7,5.77,11.85,1.22,1.25,0.0,0.0,1.22
1998-05-17,0.0,1.22,21.9,25.6,19.6,79.5,0.0,0.0,29.2,40.7,4.91,10.66,1.22,1.22,0.0,0.0,1.22
1998-05-18,0.0,1.22,19.3,23.0,18.1,73.3,0.0,0.0,29.2,40.7,4.17,9.59,1.22,1.22,0.0,0.0,1.19
1998-05-19,0.0,1.19,19.2,22.3,17.0,78.8,0.0,0.0,3.4,40.7,3.55,8.64,1.22,1.22,0.0,0.0,1.19
1998-05-20,0.0,1.19,20.3,25.0,17.8,74.3,0.0,0.0,0.0,40.7,3.01,7.77,1.19,1.22,0.0,0.0,1.19
1998-05-21,0.0,1.19,21.8,27.5,16.8,70.0,0.0,0.0,0.0,40.7,2.56,6.99,1.19,1.19,0.0,0.0,1.19
1998-05-22,0.0,1.19,21.7,25.9,18.8,65.0,0.0,0.0,0.0,40.7,2.18,6.3,1.19,1.19,0.0,0.0,1.16
1998-05-23,0.0,1.16,21.7,26.0,18.2,67.0,0.0,0.0,0.0,40.7,1.85,5.67,1.19,1.19,0.0,0.0,1.16
1998-05-24,0.0,1.16,21.1,25.5,18.0,71.0,0.0,0.0,0.0,40.7,1.57,5.1,1.16,1.19,0.0,0.0,1.16
1998-05-25,0.0,1.16,20.7,24.5,18.0,62.3,0.0,0.0,0.0,40.7,1.34,4.59,1.16,1.16,0.0,0.0,1.16
1998-05-26,0.0,1.16,20.9,25.8,17.2,72.3,0.0,0.0,0.0,40.7,1.14,4.13,1.16,1.16,0.0,0.0,1.16
1998-05-27,0.0,1.16,21.6,27.5,17.4,71.5,0.0,0.0,0.0,40.7,0.97,3.72,1.16,1.16,0.0,0.0,1.65
1998-05-28,1.3,1.65,22.6,29.4,17.4,70.5,1.3,1.3,1.3,42.0,0.82,3.35,1.16,1.16,0.0,0.0,2.34
1998-05-29,1.6,2.34,19.7,22.6,17.8,78.3,2.9,2.9,2.9,32.5,1.8,4.18,1.65,1.16,1.3,0.0,2.28
1998-05-30,35.6,2.28,18.3,20.1,16.9,91.3,38.5,38.5,38.5,68.0,2.89,5.2,2.34,1.65,1.6,1.3,2.53
1998-05-31,21.4,2.53,18.2,24.3,14.8,60.3,58.6,59.9,59.9,89.1,32.72,36.72,2.28,2.34,35.6,1.6,1.88
1998-06-01,0.0,1.88,18.9,25.1,13.0,62.5,57.0,59.9,59.9,89.1,46.0,52.31,2.53,2.28,21.4,35.6,1.53
1998-06-02,0.0,1.53,19.5,23.3,16.0,71.8,21.4,59.9,59.9,89.1,39.1,47.08,1.88,2.53,0.0,21.4,1.56
1998-06-03,0.0,1.56,19.6,23.6,16.7,71.8,0.0,59.9,59.9,89.1,33.24,42.37,1.53,1.88,0.0,0.0,1.59
1998-06-04,0.0,1.59,19.1,22.9,16.8,71.8,0.0,58.6,59.9,63.3,28.25,38.13,1.56,1.53,0.0,0.0,1.4
1998-06-05,0.0,1.4,16.8,21.3,13.4,64.8,0.0,57.0,59.9,59.9,24.01,34.32,1.59,1.56,0.0,0.0,1.25
1998-06-06,0.0,1.25,16.8,21.1,13.0,60.3,0.0,21.4,59.9,59.9,20.41,30.89,1.4,1.59,0.0,0.0,1.22
1998-06-07,0.0,1.22,16.2,21.1,12.0,62.0,0.0,0.0,59.9,59.9,17.35,27.8,1.25,1.4,0.0,0.0,1.19
1998-06-08,0.0,1.19,16.8,23.4,12.0,71.3,0.0,0.0,59.9,59.9,14.75,25.02,1.22,1.25,0.0,0.0,1.17
1998-06-09,0.0,1.17,18.0,24.3,12.2,53.8,0.0,0.0,59.9,59.9,12.53,22.52,1.19,1.22,0.0,0.0,1.16
1998-06-10,0.0,1.16,19.7,25.9,13.2,55.8,0.0,0.0,59.9,59.9,10.65,20.27,1.17,1.19,0.0,0.0,1.16
1998-06-11,0.0,1.16,21.5,27.7,16.1,53.3,0.0,0.0,58.6,59.9,9.06,18.24,1.16,1.17,0.0,0.0,1.14
1998-06-12,0.0,1.14,20.9,26.7,18.0,68.5,0.0,0.0,57.0,59.9,7.7,16.42,1.16,1.16,0.0,0.0,1.14
1998-06-13,0.0,1.14,17.1,20.1,15.4,79.5,0.0,0.0,21.4,59.9,6.54,14.77,1.14,1.16,0.0,0.0,1.12
1998-06-14,0.0,1.12,17.5,21.9,14.8,71.3,0.0,0.0,0.0,59.9,5.56,13.3,1.14,1.14,0.0,0.0,1.12
1998-06-15,0.0,1.12,16.0,18.6,13.0,70.0,0.0,0.0,0.0,59.9,4.73,11.97,1.12,1.14,0.0,0.0,1.12
1998-06-16,0.0,1.12,16.7,21.9,13.0,73.0,0.0,0.0,0.0,59.9,4.02,10.77,1.12,1.12,0.0,0.0,1.09
1998-06-17,0.0,1.09,20.1,25.9,13.8,66.5,0.0,0.0,0.0,59.9,3.42,9.69,1.12,1.12,0.0,0.0,1.09
1998-06-18,0.0,1.09,21.2,27.0,17.6,67.0,0.0,0.0,0.0,59.9,2.9,8.72,1.09,1.12,0.0,0.0,1.09
1998-06-19,0.0,1.09,22.4,28.3,19.0,59.0,0.0,0.0,0.0,59.9,2.47,7.85,1.09,1.09,0.0,0.0,1.09
1998-06-20,0.0,1.09,23.0,27.4,18.8,65.8,0.0,0.0,0.0,59.9,2.1,7.07,1.09,1.09,0.0,0.0,1.08
1998-06-21,0.0,1.08,21.1,26.3,18.0,76.3,0.0,0.0,0.0,59.9,1.78,6.36,1.09,1.09,0.0,0.0,1.08
1998-06-22,0.0,1.08,19.9,24.0,16.8,70.8,0.0,0.0,0.0,59.9,1.52,5.72,1.08,1.09,0.0,0.0,1.08
1998-06-23,0.0,1.08,19.4,24.5,16.0,75.0,0.0,0.0,0.0,59.9,1.29,5.15,1.08,1.08,0.0,0.0,1.08
1998-06-24,0.0,1.08,20.3,26.4,14.2,65.3,0.0,0.0,0.0,59.9,1.09,4.64,1.08,1.08,0.0,0.0,1.09
1998-06-25,0.0,1.09,17.9,24.1,14.6,76.8,0.0,0.0,0.0,59.9,0.93,4.17,1.08,1.08,0.0,0.0,1.12
1998-06-26,1.3,1.12,15.5,19.1,12.8,76.0,1.3,1.3,1.3,61.2,0.79,3.76,1.09,1.08,0.0,0.0,1.09
1998-06-27,0.0,1.09,18.1,25.2,13.0,73.8,1.3,1.3,1.3,59.9,1.78,4.55,1.12,1.09,1.3,0.0,1.08
1998-06-28,0.0,1.08,18.2,22.7,14.8,73.0,1.3,1.3,1.3,58.3,1.51,4.09,1.09,1.12,0.0,1.3,1.06
1998-06-29,0.0,1.06,17.1,21.1,14.6,78.0,0.0,1.3,1.3,22.7,1.28,3.69,1.08,1.09,0.0,0.0,1.06
1998-06-30,0.0,1.06,17.1,22.3,13.5,68.8,0.0,1.3,1.3,1.3,1.09,3.32,1.06,1.08,0.0,0.0,1.05
1998-07-01,0.0,1.05,17.1,22.9,12.6,73.0,0.0,1.3,1.3,1.3,0.93,2.99,1.06,1.06,0.0,0.0,1.05
1998-07-02,0.0,1.05,19.6,26.6,14.2,68.8,0.0,1.3,1.3,1.3,0.79,2.69,1.05,1.06,0.0,0.0,1.03
1998-07-03,0.0,1.03,20.6,25.6,16.0,65.3,0.0,0.0,1.3,1.3,0.67,2.42,1.05,1.05,0.0,0.0,1.03
1998-07-04,0.0,1.03,19.8,23.7,16.8,59.8,0.0,0.0,1.3,1.3,0.57,2.18,1.03,1.05,0.0,0.0,1.01
1998-07-05,0.0,1.01,18.9,24.3,15.6,68.8,0.0,0.0,1.3,1.3,0.48,1.96,1.03,1.03,0.0,0.0,1.01
1998-07-06,0.0,1.01,19.8,25.5,15.0,60.8,0.0,0.0,1.3,1.3,0.41,1.76,1.01,1.03,0.0,0.0,1.01
1998-07-07,0.0,1.01,19.7,26.3,14.0,59.8,0.0,0.0,1.3,1.3,0.35,1.59,1.01,1.01,0.0,0.0,1.0
1998-07-08,0.0,1.0,20.3,27.3,14.2,62.8,0.0,0.0,1.3,1.3,0.3,1.43,1.01,1.01,0.0,0.0,1.0
1998-07-09,0.0,1.0,22.0,29.0,15.2,59.3,0.0,0.0,1.3,1.3,0.25,1.29,1.0,1.01,0.0,0.0,1.0
1998-07-10,0.0,1.0,20.8,26.7,17.2,64.5,0.0,0.0,0.0,1.3,0.21,1.16,1.0,1.0,0.0,0.0,0.99
1998-07-11,0.0,0.99,16.5,20.3,14.0,75.8,0.0,0.0,0.0,1.3,0.18,1.04,1.0,1.0,0.0,0.0,0.99
1998-07-12,0.0,0.99,15.9,21.7,12.7,57.5,0.0,0.0,0.0,1.3,0.16,0.94,0.99,1.0,0.0,0.0,0.99
1998-07-13,0.0,0.99,15.6,21.1,10.5,64.0,0.0,0.0,0.0,1.3,0.13,0.84,0.99,0.99,0.0,0.0,0.97
1998-07-14,0.0,0.97,16.6,21.1,12.2,59.3,0.0,0.0,0.0,1.3,0.11,0.76,0.99,0.99,0.0,0.0,0.97
1998-07-15,0.0,0.97,17.4,23.3,12.2,67.8,0.0,0.0,0.0,1.3,0.1,0.68,0.97,0.99,0.0,0.0,0.95
1998-07-16,0.0,0.95,19.1,26.1,13.0,62.0,0.0,0.0,0.0,1.3,0.08,0.61,0.97,0.97,0.0,0.0,0.95
1998-07-17,0.0,0.95,19.3,25.7,14.0,64.5,0.0,0.0,0.0,1.3,0.07,0.55,0.95,0.97,0.0,0.0,0.95
1998-07-18,0.0,0.95,20.5,26.6,15.1,58.8,0.0,0.0,0.0,1.3,0.06,0.5,0.95,0.95,0.0,0.0,0.94
1998-07-19,0.0,0.94,21.7,26.6,18.5,61.0,0.0,0.0,0.0,1.3,0.05,0.45,0.95,0.95,0.0,0.0,0.94
1998-07-20,0.0,0.94,20.9,26.0,16.0,64.5,0.0,0.0,0.0,1.3,0.04,0.4,0.94,0.95,0.0,0.0,0.94
1998-07-21,0.0,0.94,21.3,27.9,16.2,65.0,0.0,0.0,0.0,1.3,0.04,0.36,0.94,0.94,0.0,0.0,0.92
1998-07-22,0.0,0.92,22.6,28.1,16.0,60.8,0.0,0.0,0.0,1.3,0.03,0.33,0.94,0.94,0.0,0.0,0.92
1998-07-23,0.0,0.92,20.4,24.1,17.5,69.5,0.0,0.0,0.0,1.3,0.03,0.29,0.92,0.94,0.0,0.0,0.92
1998-07-24,0.0,0.92,19.5,23.8,16.0,73.8,0.0,0.0,0.0,1.3,0.02,0.26,0.92,0.92,0.0,0.0,0.91
1998-07-25,0.0,0.91,17.7,21.4,15.4,74.5,0.0,0.0,0.0,1.3,0.02,0.24,0.92,0.92,0.0,0.0,0.91
1998-07-26,0.0,0.91,18.2,25.0,13.6,75.0,0.0,0.0,0.0,0.0,0.02,0.21,0.91,0.92,0.0,0.0,0.91
1998-07-27,0.0,0.91,20.7,27.6,13.2,53.3,0.0,0.0,0.0,0.0,0.01,0.19,0.91,0.91,0.0,0.0,0.89
1998-07-28,0.0,0.89,20.3,26.0,15.5,56.5,0.0,0.0,0.0,0.0,0.01,0.17,0.91,0.91,0.0,0.0,0.89
1998-07-29,0.0,0.89,21.4,28.3,14.4,55.5,0.0,0.0,0.0,0.0,0.01,0.16,0.89,0.91,0.0,0.0,0.89
1998-07-30,0.0,0.89,20.0,24.4,16.2,66.3,0.0,0.0,0.0,0.0,0.01,0.14,0.89,0.89,0.0,0.0,0.87
1998-07-31,0.0,0.87,17.7,21.7,15.2,70.8,0.0,0.0,0.0,0.0,0.01,0.13,0.89,0.89,0.0,0.0,0.87
1998-08-01,0.0,0.87,17.0,22.2,13.2,64.8,0.0,0.0,0.0,0.0,0.01,0.11,0.87,0.89,0.0,0.0,0.87
1998-08-02,0.0,0.87,18.9,25.6,14.0,69.3,0.0,0.0,0.0,0.0,0.01,0.1,0.87,0.87,0.0,0.0,0.86
1998-08-03,0.0,0.86,21.0,27.3,15.5,66.5,0.0,0.0,0.0,0.0,0.0,0.09,0.87,0.87,0.0,0.0,0.86
1998-08-04,0.0,0.86,22.0,26.7,18.0,62.3,0.0,0.0,0.0,0.0,0.0,0.08,0.86,0.87,0.0,0.0,0.86
1998-08-05,0.0,0.86,21.1,25.1,18.0,69.0,0.0,0.0,0.0,0.0,0.0,0.07,0.86,0.86,0.0,0.0,1.03
1998-08-06,1.3,1.03,18.5,21.5,17.6,90.8,1.3,1.3,1.3,1.3,0.0,0.07,0.86,0.86,0.0,0.0,1.48
1998-08-07,21.5,1.48,19.0,24.0,15.5,81.0,22.8,22.8,22.8,22.8,1.11,1.23,1.03,0.86,1.3,0.0,1.94
1998-08-08,1.7,1.94,19.1,22.7,16.8,84.8,24.5,24.5,24.5,24.5,19.22,20.46,1.48,1.03,21.5,1.3,1.99
1998-08-09,5.5,1.99,19.2,21.6,17.1,81.3,28.7,30.0,30.0,30.0,17.78,19.94,1.94,1.48,1.7,21.5,1.95
1998-08-10,0.8,1.95,20.3,24.1,17.8,82.5,8.0,30.8,30.8,30.8,19.79,22.9,1.99,1.94,5.5,1.7,1.81
1998-08-11,0.2,1.81,23.1,29.0,17.6,67.3,6.5,31.0,31.0,31.0,17.5,21.33,1.95,1.99,0.8,5.5,1.44
1998-08-12,0.0,1.44,24.1,30.0,18.2,63.8,1.0,31.0,31.0,31.0,15.04,19.38,1.81,1.95,0.2,0.8,1.22
1998-08-13,0.0,1.22,24.3,29.7,19.8,60.5,0.2,29.7,31.0,31.0,12.79,17.44,1.44,1.81,0.0,0.2,1.01
1998-08-14,0.0,1.01,22.6,27.0,19.0,63.5,0.0,8.2,31.0,31.0,10.87,15.69,1.22,1.44,0.0,0.0,0.94
1998-08-15,0.0,0.94,23.1,29.4,18.3,58.8,0.0,6.5,31.0,31.0,9.24,14.12,1.01,1.22,0.0,0.0,0.91
1998-08-16,0.0,0.91,23.1,29.1,18.0,55.8,0.0,1.0,31.0,31.0,7.85,12.71,0.94,1.01,0.0,0.0,0.89
1998-08-17,0.0,0.89,21.0,25.0,19.0,67.3,0.0,0.2,31.0,31.0,6.68,11.44,0.91,0.94,0.0,0.0,0.87
1998-08-18,0.0,0.87,22.0,27.8,15.2,52.0,0.0,0.0,31.0,31.0,5.67,10.3,0.89,0.91,0.0,0.0,0.87
1998-08-19,0.0,0.87,23.2,30.5,16.5,59.0,0.0,0.0,31.0,31.0,4.82,9.27,0.87,0.89,0.0,0.0,0.86
1998-08-20,0.0,0.86,25.4,31.1,19.2,49.8,0.0,0.0,29.7,31.0,4.1,8.34,0.87,0.87,0.0,0.0,0.86
1998-08-21,0.0,0.86,24.9,29.9,21.0,54.8,0.0,0.0,8.2,31.0,3.48,7.51,0.86,0.87,0.0,0.0,0.85
1998-08-22,0.0,0.85,24.0,29.7,20.0,50.0,0.0,0.0,6.5,31.0,2.96,6.76,0.86,0.86,0.0,0.0,0.85
1998-08-23,0.0,0.85,21.7,25.3,19.2,67.5,0.0,0.0,1.0,31.0,2.52,6.08,0.85,0.86,0.0,0.0,0.85
1998-08-24,0.0,0.85,22.1,27.3,18.0,59.0,0.0,0.0,0.2,31.0,2.14,5.47,0.85,0.85,0.0,0.0,0.85
1998-08-25,0.0,0.85,23.4,29.0,18.2,57.5,0.0,0.0,0.0,31.0,1.82,4.92,0.85,0.85,0.0,0.0,0.83
1998-08-26,0.0,0.83,24.5,30.8,18.2,50.3,0.0,0.0,0.0,31.0,1.55,4.43,0.85,0.85,0.0,0.0,0.83
1998-08-27,0.0,0.83,24.7,31.0,18.0,47.5,0.0,0.0,0.0,31.0,1.31,3.99,0.83,0.85,0.0,0.0,0.81
1998-08-28,0.0,0.81,24.9,31.7,19.2,48.5,0.0,0.0,0.0,31.0,1.12,3.59,0.83,0.83,0.0,0.0,0.81
1998-08-29,0.0,0.81,23.0,31.7,18.6,60.8,0.0,0.0,0.0,31.0,0.95,3.23,0.81,0.83,0.0,0.0,0.81
1998-08-30,0.0,0.81,21.7,27.0,18.5,62.5,0.0,0.0,0.0,31.0,0.81,2.91,0.81,0.81,0.0,0.0,0.83
1998-08-31,0.0,0.83,18.5,21.9,16.0,71.8,0.0,0.0,0.0,31.0,0.69,2.62,0.81,0.81,0.0,0.0,0.87
1998-09-01,0.0,0.87,18.4,23.0,15.8,67.5,0.0,0.0,0.0,31.0,0.58,2.36,0.83,0.81,0.0,0.0,0.86
1998-09-02,0.0,0.86,19.5,25.1,15.3,61.8,0.0,0.0,0.0,31.0,0.5,2.12,0.87,0.83,0.0,0.0,0.83
1998-09-03,0.0,0.83,21.2,27.3,16.6,58.8,0.0,0.0,0.0,31.0,0.42,1.91,0.86,0.87,0.0,0.0,0.81
1998-09-04,0.0,0.81,22.6,28.4,17.2,55.0,0.0,0.0,0.0,31.0,0.36,1.72,0.83,0.86,0.0,0.0,0.8
1998-09-05,0.0,0.8,24.4,30.6,18.8,48.8,0.0,0.0,0.0,29.7,0.3,1.55,0.81,0.83,0.0,0.0,0.8
1998-09-06,0.0,0.8,25.3,32.0,20.0,48.5,0.0,0.0,0.0,8.2,0.26,1.39,0.8,0.81,0.0,0.0,0.78
1998-09-07,0.0,0.78,23.6,29.8,19.8,61.8,0.0,0.0,0.0,6.5,0.22,1.25,0.8,0.8,0.0,0.0,0.78
1998-09-08,0.0,0.78,25.9,32.0,19.8,51.8,0.0,0.0,0.0,1.0,0.19,1.13,0.78,0.8,0.0,0.0,0.77
1998-09-09,0.0,0.77,26.2,31.3,21.8,58.8,0.0,0.0,0.0,0.2,0.16,1.01,0.78,0.78,0.0,0.0,0.77
1998-09-10,0.0,0.77,22.9,27.5,20.0,55.3,0.0,0.0,0.0,0.0,0.14,0.91,0.77,0.78,0.0,0.0,0.76
1998-09-11,0.0,0.76,22.2,26.3,19.0,58.5,0.0,0.0,0.0,0.0,0.11,0.82,0.77,0.77,0.0,0.0,0.75
1998-09-12,0.0,0.75,22.5,27.7,18.8,56.0,0.0,0.0,0.0,0.0,0.1,0.74,0.76,0.77,0.0,0.0,0.75
1998-09-13,0.0,0.75,24.7,31.5,18.0,49.3,0.0,0.0,0.0,0.0,0.08,0.67,0.75,0.76,0.0,0.0,0.74
1998-09-14,0.0,0.74,24.5,29.9,20.8,52.0,0.0,0.0,0.0,0.0,0.07,0.6,0.75,0.75,0.0,0.0,0.73
1998-09-15,0.0,0.73,25.5,31.9,19.2,48.5,0.0,0.0,0.0,0.0,0.06,0.54,0.74,0.75,0.0,0.0,0.73
1998-09-16,0.0,0.73,24.2,32.3,20.4,58.8,0.0,0.0,0.0,0.0,0.05,0.48,0.73,0.74,0.0,0.0,0.73
1998-09-17,3.3,0.73,22.7,27.0,19.8,64.8,3.3,3.3,3.3,3.3,0.04,0.44,0.73,0.73,0.0,0.0,0.72
1998-09-18,0.0,0.72,25.7,32.6,19.2,55.5,3.3,3.3,3.3,3.3,2.84,3.36,0.73,0.73,3.3,0.0,0.72
1998-09-19,0.0,0.72,26.7,32.0,21.8,49.3,3.3,3.3,3.3,3.3,2.42,3.03,0.72,0.73,0.0,3.3,0.71
1998-09-20,0.0,0.71,25.7,32.3,21.5,46.0,0.0,3.3,3.3,3.3,2.05,2.72,0.72,0.72,0.0,0.0,0.7
1998-09-21,0.0,0.7,24.8,31.4,19.8,52.8,0.0,3.3,3.3,3.3,1.75,2.45,0.71,0.72,0.0,0.0,0.7
1998-09-22,0.0,0.7,20.6,26.5,18.3,69.0,0.0,3.3,3.3,3.3,1.48,2.21,0.7,0.71,0.0,0.0,0.7
1998-09-23,0.0,0.7,19.3,23.3,16.2,68.0,0.0,3.3,3.3,3.3,1.26,1.99,0.7,0.7,0.0,0.0,0.69
1998-09-24,0.0,0.69,19.4,23.2,16.2,71.0,0.0,0.0,3.3,3.3,1.07,1.79,0.7,0.7,0.0,0.0,0.69
1998-09-25,0.0,0.69,20.9,25.3,16.2,59.3,0.0,0.0,3.3,3.3,0.91,1.61,0.69,0.7,0.0,0.0,0.69
1998-09-26,0.0,0.69,22.2,26.5,18.8,55.0,0.0,0.0,3.3,3.3,0.77,1.45,0.69,0.69,0.0,0.0,0.68
1998-09-27,0.0,0.68,23.9,30.2,18.6,54.8,0.0,0.0,3.3,3.3,0.66,1.3,0.69,0.69,0.0,0.0,0.68
1998-09-28,0.0,0.68,22.8,31.7,18.0,71.8,0.0,0.0,3.3,3.3,0.56,1.17,0.68,0.69,0.0,0.0,0.67
1998-09-29,1.0,0.67,22.6,29.7,18.0,73.0,1.0,1.0,4.3,4.3,0.48,1.06,0.68,0.68,0.0,0.0,0.73
1998-09-30,29.6,0.73,23.7,27.7,21.0,65.8,30.6,30.6,33.9,33.9,1.25,1.85,0.67,0.68,1.0,0.0,0.89
1998-10-01,0.0,0.89,22.6,26.0,20.2,64.3,30.6,30.6,30.6,33.9,26.23,28.3,0.73,0.67,29.6,1.0,0.87
1998-10-02,11.3,0.87,20.3,24.6,16.8,72.8,40.9,41.9,41.9,45.2,22.29,25.47,0.89,0.73,0.0,29.6,0.78
1998-10-03,0.0,0.78,22.2,27.0,18.7,58.5,11.3,41.9,41.9,45.2,28.55,33.1,0.87,0.89,11.3,0.0,0.73
1998-10-04,0.0,0.73,24.4,29.9,19.0,50.0,11.3,41.9,41.9,45.2,24.27,29.79,0.78,0.87,0.0,11.3,0.71
1998-10-05,0.0,0.71,26.0,32.0,20.8,47.8,0.0,41.9,41.9,45.2,20.63,26.81,0.73,0.78,0.0,0.0,0.73
1998-10-06,0.0,0.73,26.0,32.3,19.8,50.8,0.0,40.9,41.9,45.2,17.54,24.13,0.71,0.73,0.0,0.0,0.77
1998-10-07,0.0,0.77,23.9,30.5,19.3,80.8,0.0,11.3,41.9,45.2,14.91,21.71,0.73,0.71,0.0,0.0,0.79
1998-10-08,2.6,0.79,20.7,22.0,19.5,80.5,2.6,13.9,44.5,47.8,12.67,19.54,0.77,0.73,0.0,0.0,0.81
1998-10-09,1.5,0.81,22.4,26.4,18.8,67.8,4.1,4.1,46.0,49.3,12.98,19.93,0.79,0.77,2.6,0.0,0.77
1998-10-10,0.0,0.77,23.5,29.5,18.4,60.5,4.1,4.1,46.0,49.3,12.31,19.29,0.81,0.79,1.5,2.6,0.83
1998-10-11,0.0,0.83,24.7,30.7,20.4,61.5,1.5,4.1,46.0,49.3,10.46,17.36,0.77,0.81,0.0,1.5,0.85
1998-10-12,37.1,0.85,22.3,27.5,17.9,70.0,37.1,41.2,83.1,86.4,8.89,15.62,0.83,0.77,0.0,0.0,1.3
1998-10-13,0.3,1.3,22.2,26.2,19.6,73.0,37.4,41.5,82.4,86.7,39.09,47.45,0.85,0.83,37.1,0.0,1.36
1998-10-14,0.0,1.36,21.7,26.0,19.4,75.0,37.4,41.5,52.8,86.7,33.48,42.97,1.3,0.85,0.3,37.1,1.02
1998-10-15,0.0,1.02,22.4,26.7,19.8,69.5,0.3,38.9,52.8,86.7,28.46,38.68,1.36,1.3,0.0,0.3,1.31
1998-10-16,0.0,1.31,21.7,25.3,19.8,82.5,0.0,37.4,41.5,86.7,24.19,34.81,1.02,1.36,0.0,0.0,1.77
1998-10-17,17.8,1.77,21.8,25.7,19.2,87.3,17.8,55.2,59.3,101.2,20.56,31.33,1.31,1.02,0.0,0.0,1.76
1998-10-18,12.9,1.76,21.8,26.0,19.3,72.0,30.7,68.1,72.2,114.1,32.61,44.22,1.77,1.31,17.8,0.0,1.28
1998-10-19,0.0,1.28,20.9,26.0,17.2,64.8,30.7,31.0,72.2,114.1,38.68,51.4,1.76,1.77,12.9,17.8,0.97
1998-10-20,0.0,0.97,19.3,22.7,17.0,70.3,12.9,30.7,72.2,114.1,32.88,46.26,1.28,1.76,0.0,12.9,0.81
1998-10-21,0.0,0.81,20.4,25.4,16.5,56.0,0.0,30.7,72.2,114.1,27.95,41.64,0.97,1.28,0.0,0.0,0.76
1998-10-22,0.0,0.76,20.2,24.0,16.4,62.8,0.0,30.7,69.6,114.1,23.76,37.47,0.81,0.97,0.0,0.0,0.73
1998-10-23,0.0,0.73,21.7,27.7,16.9,62.8,0.0,30.7,68.1,114.1,20.19,33.73,0.76,0.81,0.0,0.0,0.71
1998-10-24,0.0,0.71,23.3,28.1,18.0,51.8,0.0,12.9,68.1,114.1,17.16,30.35,0.73,0.76,0.0,0.0,0.7
1998-10-25,0.0,0.7,23.5,28.0,19.0,54.8,0.0,0.0,68.1,114.1,14.59,27.32,0.71,0.73,0.0,0.0,0.69
1998-10-26,0.0,0.69,21.1,27.2,18.1,74.3,0.0,0.0,31.0,114.1,12.4,24.59,0.7,0.71,0.0,0.0,0.85
1998-10-27,8.7,0.85,20.9,23.0,19.0,81.3,8.7,8.7,39.4,122.8,10.54,22.13,0.69,0.7,0.0,0.0,1.09
1998-10-28,2.1,1.09,22.9,27.1,19.8,70.0,10.8,10.8,41.5,124.9,16.35,27.74,0.85,0.69,8.7,0.0,1.6
1998-10-29,1.5,1.6,21.6,27.3,18.8,79.5,12.3,12.3,43.0,125.4,15.69,26.86,1.09,0.85,2.1,8.7,2.25
1998-10-30,37.7,2.25,21.0,27.1,19.1,82.8,41.3,50.0,80.7,133.5,14.61,25.52,1.6,1.09,1.5,2.1,3.2
1998-10-31,13.4,3.2,17.4,19.4,16.7,93.5,52.6,63.4,76.3,146.9,44.46,56.9,2.25,1.6,37.7,1.5,4.16
1998-11-01,45.1,4.16,19.1,21.7,17.5,86.5,96.2,108.5,108.5,180.7,49.18,63.27,3.2,2.25,13.4,37.7,3.97
1998-11-02,0.1,3.97,20.6,23.4,17.7,78.8,58.6,108.6,108.6,180.8,80.14,97.53,4.16,3.2,45.1,13.4,3.19
1998-11-03,1.1,3.19,19.0,22.2,17.6,89.8,46.3,101.0,109.7,181.9,68.2,87.87,3.97,4.16,0.1,45.1,2.94
1998-11-04,29.1,2.94,19.8,22.8,17.2,89.0,30.3,128.0,138.8,211.0,58.91,80.07,3.19,3.97,1.1,0.1,3.57
1998-11-05,5.7,3.57,22.6,28.7,18.1,71.8,35.9,132.2,144.5,216.7,74.81,98.26,2.94,3.19,29.1,1.1,3.99
1998-11-06,3.8,3.99,22.6,26.9,18.8,66.0,38.6,98.3,148.3,220.5,68.43,93.56,3.57,2.94,5.7,29.1,3.49
1998-11-07,0.0,3.49,23.4,29.1,19.6,61.0,9.5,84.9,148.3,217.9,61.4,87.62,3.99,3.57,3.8,5.7,2.71
1998-11-08,0.0,2.71,23.0,29.6,19.2,64.5,3.8,39.8,148.3,216.4,52.19,78.86,3.49,3.99,0.0,3.8,2.77
1998-11-09,0.0,2.77,23.9,29.8,18.8,63.3,0.0,39.7,148.3,216.4,44.36,70.98,2.71,3.49,0.0,0.0,3.53
1998-11-10,12.6,3.53,20.0,24.3,17.8,81.5,12.6,51.2,152.2,229.0,37.71,63.88,2.77,2.71,0.0,0.0,3.86
1998-11-11,18.8,3.86,18.5,21.2,17.2,86.3,31.4,40.9,168.9,210.7,42.76,68.83,3.53,2.77,12.6,0.0,3.29
1998-11-12,33.9,3.29,19.8,23.8,15.8,69.8,65.3,69.1,201.3,244.3,52.33,78.87,3.86,3.53,18.8,12.6,2.5
1998-11-13,0.0,2.5,19.8,22.8,17.2,67.5,52.7,65.3,163.6,244.3,73.29,101.49,3.29,3.86,33.9,18.8,2.56
1998-11-14,2.8,2.56,18.9,22.1,16.5,80.5,36.7,68.1,153.0,247.1,62.3,91.34,2.5,3.29,0.0,33.9,3.09
1998-11-15,0.0,3.09,21.6,28.0,16.4,68.5,2.8,68.1,107.9,247.1,55.33,84.73,2.56,2.5,2.8,0.0,2.33
1998-11-16,0.0,2.33,22.5,26.9,19.0,68.8,2.8,68.1,107.8,229.3,47.03,76.25,3.09,2.56,0.0,2.8,1.81
1998-11-17,0.0,1.81,24.2,29.0,18.2,66.8,0.0,55.5,106.7,216.4,39.98,68.63,2.33,3.09,0.0,0.0,1.44
1998-11-18,0.0,1.44,25.9,31.0,20.6,61.5,0.0,36.7,77.6,216.4,33.98,61.77,1.81,2.33,0.0,0.0,2.25
1998-11-19,0.0,2.25,25.2,31.0,22.0,66.5,0.0,2.8,71.9,216.4,28.88,55.59,1.44,1.81,0.0,0.0,4.2
1998-11-20,18.9,4.2,23.0,29.0,18.5,73.3,18.9,21.7,87.0,235.3,24.55,50.03,2.25,1.44,0.0,0.0,3.86
1998-11-21,0.4,3.86,23.7,30.4,19.6,68.0,19.3,19.3,87.4,235.7,36.93,62.04,4.2,2.25,18.9,0.0,4.01
1998-11-22,7.7,4.01,21.6,28.8,18.1,75.5,27.0,27.0,95.1,243.4,31.73,56.19,3.86,4.2,0.4,18.9,4.2
1998-11-23,19.2,4.2,21.3,26.8,17.4,69.5,27.3,46.2,114.3,262.6,33.52,57.5,4.01,3.86,7.7,0.4,3.32
1998-11-24,6.1,3.32,23.1,29.4,18.0,63.3,33.0,52.3,107.8,268.7,44.81,69.03,4.2,4.01,19.2,7.7,2.48
1998-11-25,0.0,2.48,24.5,29.0,19.2,62.0,25.3,52.3,89.0,268.7,43.27,67.62,3.32,4.2,6.1,19.2,1.92
1998-11-26,0.0,1.92,25.7,32.3,20.2,59.8,6.1,52.3,55.1,260.0,36.78,60.86,2.48,3.32,0.0,6.1,2.03
1998-11-27,0.0,2.03,22.2,26.8,19.6,80.5,0.0,33.4,55.1,257.9,31.27,54.77,1.92,2.48,0.0,0.0,3.12
1998-11-28,34.9,3.12,23.0,27.0,20.5,70.3,34.9,67.9,87.2,291.3,26.58,49.3,2.03,1.92,0.0,0.0,3.72
1998-11-29,0.0,3.72,23.3,29.0,20.4,72.0,34.9,60.2,87.2,253.6,52.25,75.78,3.12,2.03,34.9,0.0,4.31
1998-11-30,36.4,4.31,22.7,28.7,18.0,71.8,71.3,77.4,123.6,276.6,44.42,68.2,3.72,3.12,0.0,34.9,5.12
1998-12-01,6.7,5.12,23.0,28.5,18.4,69.3,43.1,78.0,130.3,238.2,68.69,94.14,4.31,3.72,36.4,0.0,4.56
1998-12-02,4.9,4.56,24.2,30.0,20.2,65.0,48.0,82.9,135.2,243.0,64.08,90.75,5.12,4.31,6.7,36.4,3.7
1998-12-03,10.8,3.7,25.8,30.8,21.2,53.8,22.4,93.7,146.0,252.7,58.64,86.09,4.56,5.12,4.9,6.7,3.06
1998-12-04,15.1,3.06,24.9,29.8,20.4,57.3,30.8,108.8,142.2,238.7,59.02,87.2,3.7,4.56,10.8,4.9,2.75
1998-12-05,0.1,2.75,22.4,26.6,20.5,88.5,26.0,74.0,141.9,233.1,63.0,92.07,3.06,3.7,15.1,10.8,3.79
1998-12-06,15.7,3.79,22.4,27.6,20.3,83.5,30.9,89.7,149.9,245.0,53.64,82.95,2.75,3.06,0.1,15.1,6.06
1998-12-07,27.3,6.06,22.3,26.6,20.0,88.8,43.1,80.6,158.0,272.3,58.94,88.79,3.79,2.75,15.7,0.1,9.91
1998-12-08,4.4,9.91,24.4,30.5,17.8,62.8,47.4,78.3,156.3,276.7,73.3,104.48,6.06,3.79,27.3,15.7,13.52
1998-12-09,0.0,13.52,23.5,27.8,21.6,79.5,31.7,73.4,156.3,276.7,66.05,97.99,9.91,6.06,4.4,27.3,11.45
1998-12-10,0.0,11.45,25.5,31.4,20.0,61.8,4.4,62.6,156.3,264.1,56.14,88.19,13.52,9.91,0.0,4.4,9.23
1998-12-11,0.0,9.23,25.7,30.7,20.8,52.8,0.0,47.5,156.3,245.3,47.72,79.37,11.45,13.52,0.0,0.0,7.41
1998-12-12,0.0,7.41,26.4,32.0,20.2,51.0,0.0,47.4,121.4,211.4,40.56,71.44,9.23,11.45,0.0,0.0,6.16
1998-12-13,0.0,6.16,26.4,32.5,22.7,62.3,0.0,31.7,121.4,211.4,34.48,64.29,7.41,9.23,0.0,0.0,6.23
1998-12-14,32.6,6.23,24.8,30.3,20.8,68.5,32.6,37.0,117.6,241.2,29.31,57.86,6.16,7.41,0.0,0.0,6.26
1998-12-15,0.6,6.26,22.9,29.1,19.2,86.8,33.2,33.2,111.5,241.8,52.62,81.42,6.23,6.16,32.6,0.0,7.55
1998-12-16,49.2,7.55,21.4,27.8,18.6,83.0,82.4,82.4,155.8,291.0,45.24,73.81,6.26,6.23,0.6,32.6,8.18
1998-12-17,8.2,8.18,21.2,28.1,18.4,88.3,58.0,90.6,153.2,299.2,80.27,110.71,7.55,6.26,49.2,0.6,8.04
1998-12-18,15.7,8.04,21.8,25.1,18.6,91.5,73.1,106.3,153.8,314.9,75.2,107.02,8.18,7.55,8.2,49.2,8.16
1998-12-19,32.8,8.16,23.2,28.7,19.3,80.5,56.7,139.1,186.5,347.7,77.27,110.45,8.04,8.18,15.7,8.2,7.24
1998-12-20,38.9,7.24,23.6,29.9,20.6,74.5,87.4,178.0,209.7,367.7,93.56,128.92,8.16,8.04,32.8,15.7,7.09
1998-12-21,1.3,7.09,24.1,28.7,19.2,69.8,73.0,146.7,183.7,368.6,112.59,151.04,7.24,8.16,38.9,32.8,6.11
1998-12-22,0.0,6.11,25.5,30.0,21.0,58.3,40.2,146.1,179.3,360.9,96.8,137.11,7.09,7.24,1.3,38.9,4.98
1998-12-23,0.0,4.98,25.8,31.0,20.0,52.0,1.3,96.9,179.3,341.7,82.28,123.4,6.11,7.09,0.0,1.3,4.08
1998-12-24,0.0,4.08,24.8,30.0,21.6,59.3,0.0,88.7,179.3,335.6,69.94,111.06,4.98,6.11,0.0,0.0,3.8
1998-12-25,0.0,3.8,23.3,28.1,20.4,58.0,0.0,73.0,179.3,335.6,59.45,99.95,4.08,4.98,0.0,0.0,2.94
1998-12-26,0.0,2.94,23.6,27.9,19.8,59.0,0.0,40.2,179.3,335.6,50.53,89.96,3.8,4.08,0.0,0.0,2.45
1998-12-27,0.0,2.45,22.7,28.2,20.0,66.5,0.0,1.3,179.3,335.6,42.95,80.96,2.94,3.8,0.0,0.0,1.94
1998-12-28,1.1,1.94,21.8,26.8,19.0,71.8,1.1,1.1,147.8,301.8,36.51,72.86,2.45,2.94,0.0,0.0,1.99
1998-12-29,10.2,1.99,24.0,29.1,18.8,65.0,11.3,11.3,157.4,312.0,31.97,66.57,1.94,2.45,1.1,0.0,3.0
1998-12-30,2.9,3.0,23.7,30.7,20.8,70.8,14.2,14.2,111.1,278.5,35.84,69.09,1.99,1.94,10.2,1.1,3.97
1998-12-31,2.6,3.97,22.9,27.0,19.2,81.3,15.7,16.8,105.5,274.4,32.93,64.79,3.0,1.99,2.9,10.2,5.05
1999-01-01,3.8,5.05,20.9,24.4,19.2,93.3,9.3,20.6,93.6,273.3,30.2,60.65,3.97,3.0,2.6,2.9,7.05
1999-01-02,22.3,7.05,21.9,25.7,19.6,90.8,28.7,42.9,83.1,284.8,28.9,58.01,5.05,3.97,3.8,2.6,8.66
1999-01-03,13.2,8.66,22.7,28.4,19.8,83.5,39.3,56.1,57.4,282.9,43.52,72.28,7.05,5.05,22.3,3.8,8.62
1999-01-04,12.2,8.62,22.5,27.1,20.4,90.8,47.7,67.2,68.3,295.0,48.21,76.93,8.66,7.05,13.2,22.3,9.69
1999-01-05,16.7,9.69,22.4,26.1,20.5,90.5,42.1,73.7,85.0,296.0,51.35,80.22,8.62,8.66,12.2,13.2,9.57
1999-01-06,12.1,9.57,22.0,28.6,19.8,86.3,41.0,82.9,97.1,280.8,57.84,87.22,9.69,8.62,16.7,12.2,8.44
1999-01-07,12.1,8.44,23.3,27.3,19.2,82.3,40.9,92.4,109.2,288.5,59.45,89.39,9.57,9.69,12.1,16.7,7.24
1999-01-08,2.3,7.24,25.9,31.9,21.2,59.5,26.5,90.9,111.5,290.8,60.82,91.34,8.44,9.57,12.1,12.1,6.1
1999-01-09,0.0,6.1,25.7,30.4,21.2,61.0,14.4,68.6,111.5,290.8,53.65,84.28,7.24,8.44,2.3,12.1,4.83
1999-01-10,0.0,4.83,24.5,28.7,21.8,62.8,2.3,55.4,111.5,290.8,45.6,75.85,6.1,7.24,0.0,2.3,3.7
1999-01-11,0.0,3.7,23.7,27.9,19.8,55.0,0.0,43.2,110.4,290.8,38.76,68.27,4.83,6.1,0.0,0.0,2.81
1999-01-12,0.0,2.81,24.0,29.6,19.4,57.3,0.0,26.5,100.2,290.8,32.95,61.44,3.7,4.83,0.0,0.0,2.14
1999-01-13,0.0,2.14,25.1,30.5,19.8,53.0,0.0,14.4,97.3,258.2,28.01,55.3,2.81,3.7,0.0,0.0,1.78
1999-01-14,0.0,1.78,25.3,31.0,21.2,60.3,0.0,2.3,94.7,257.6,23.81,49.77,2.14,2.81,0.0,0.0,2.06
1999-01-15,1.3,2.06,23.6,28.5,19.4,73.8,1.3,1.3,92.2,209.7,20.23,44.79,1.78,2.14,0.0,0.0,2.87
1999-01-16,0.0,2.87,26.0,31.3,20.1,61.0,1.3,1.3,69.9,201.5,18.3,41.48,2.06,1.78,1.3,0.0,2.27
1999-01-17,0.0,2.27,27.4,32.0,23.4,45.3,1.3,1.3,56.7,185.8,15.56,37.33,2.87,2.06,0.0,1.3,1.67
1999-01-18,0.0,1.67,26.3,31.4,22.2,43.0,0.0,1.3,44.5,153.0,13.22,33.6,2.27,2.87,0.0,0.0,1.39
1999-01-19,0.0,1.39,27.1,33.5,20.8,38.5,0.0,1.3,27.8,114.1,11.24,30.24,1.67,2.27,0.0,0.0,1.25
1999-01-20,0.0,1.25,26.9,33.8,22.8,45.3,0.0,1.3,15.7,112.8,9.55,27.22,1.39,1.67,0.0,0.0,1.22
1999-01-21,0.0,1.22,28.8,33.5,24.2,43.8,0.0,1.3,3.6,112.8,8.12,24.49,1.25,1.39,0.0,0.0,1.22
1999-01-22,1.4,1.22,27.3,32.2,22.5,46.0,1.4,1.4,2.7,114.2,6.9,22.04,1.22,1.25,0.0,0.0,1.22
1999-01-23,0.0,1.22,26.5,31.0,23.0,49.5,1.4,1.4,2.7,114.2,7.06,21.1,1.22,1.22,1.4,0.0,1.28
1999-01-24,0.0,1.28,24.5,30.1,21.4,69.5,1.4,1.4,2.7,114.2,6.0,18.99,1.22,1.22,0.0,1.4,1.31
1999-01-25,0.8,1.31,24.9,29.1,21.0,59.3,0.8,2.2,3.5,115.0,5.1,17.09,1.28,1.22,0.0,0.0,1.31
1999-01-26,0.0,1.31,25.9,31.3,21.6,61.8,0.8,2.2,3.5,115.0,5.01,16.1,1.31,1.28,0.8,0.0,2.03
1999-01-27,12.4,2.03,23.5,28.9,18.9,69.5,13.2,14.6,15.9,126.3,4.26,14.49,1.31,1.31,0.0,0.8,4.04
1999-01-28,42.8,4.04,21.2,28.0,18.2,82.8,55.2,57.4,58.7,158.9,14.16,24.2,2.03,1.31,12.4,0.0,4.41
1999-01-29,35.2,4.41,22.1,25.1,19.2,79.8,90.4,91.2,92.6,191.2,48.42,60.3,4.04,2.03,42.8,12.4,3.59
1999-01-30,1.8,3.59,25.3,31.3,19.9,64.8,79.8,93.0,94.4,190.4,71.08,85.95,4.41,4.04,35.2,42.8,3.44
1999-01-31,1.5,3.44,24.9,30.1,20.2,69.0,38.5,94.5,95.9,188.1,61.94,78.98,3.59,4.41,1.8,35.2,3.29
1999-02-01,0.0,3.29,26.4,31.7,21.2,51.0,3.3,93.7,95.9,165.8,53.93,72.43,3.44,3.59,1.5,1.8,2.47
1999-02-02,0.0,2.47,27.1,32.0,23.2,45.5,1.5,93.7,95.9,152.6,45.84,65.19,3.29,3.44,0.0,1.5,1.81
1999-02-03,0.0,1.81,25.8,30.5,22.0,59.0,0.0,81.3,95.9,140.4,38.96,58.67,2.47,3.29,0.0,0.0,1.5
1999-02-04,0.0,1.5,26.5,31.0,22.0,45.5,0.0,38.5,95.9,123.7,33.12,52.8,1.81,2.47,0.0,0.0,1.31
1999-02-05,0.0,1.31,25.8,30.0,22.2,58.3,0.0,3.3,94.5,111.6,28.15,47.52,1.5,1.81,0.0,0.0,1.25
1999-02-06,0.0,1.25,25.6,29.6,22.7,55.3,0.0,1.5,94.5,99.5,23.93,42.77,1.31,1.5,0.0,0.0,1.25
1999-02-07,0.0,1.25,25.0,29.8,22.0,58.0,0.0,0.0,94.5,97.2,20.34,38.49,1.25,1.31,0.0,0.0,1.25
1999-02-08,0.2,1.25,25.5,31.4,20.1,52.8,0.2,0.2,93.9,97.4,17.29,34.64,1.25,1.25,0.0,0.0,1.22
1999-02-09,0.0,1.22,27.2,32.7,22.0,49.3,0.2,0.2,93.9,97.4,14.86,31.36,1.25,1.25,0.2,0.0,1.25
1999-02-10,0.0,1.25,27.4,32.0,22.6,52.8,0.2,0.2,81.5,97.4,12.64,28.22,1.22,1.25,0.0,0.2,1.56
1999-02-11,0.0,1.56,27.3,33.7,22.2,53.3,0.0,0.2,38.7,97.4,10.74,25.4,1.25,1.22,0.0,0.0,2.31
1999-02-12,13.4,2.31,24.5,29.7,20.0,62.5,13.4,13.6,16.9,110.8,9.13,22.86,1.56,1.25,0.0,0.0,2.31
1999-02-13,0.0,2.31,25.3,29.7,22.2,60.8,13.4,13.6,15.1,110.8,19.15,32.63,2.31,1.56,13.4,0.0,1.72
1999-02-14,0.0,1.72,25.6,30.1,21.8,57.8,13.4,13.6,13.6,109.5,16.28,29.37,2.31,2.31,0.0,13.4,1.38
1999-02-15,0.0,1.38,26.2,31.6,21.6,53.0,0.0,13.4,13.6,109.5,13.84,26.43,1.72,2.31,0.0,0.0,1.28
1999-02-16,0.0,1.28,25.8,29.9,22.4,54.5,0.0,13.4,13.6,109.5,11.76,23.79,1.38,1.72,0.0,0.0,1.25
1999-02-17,0.0,1.25,24.9,29.0,21.5,61.8,0.0,13.4,13.6,109.5,10.0,21.41,1.28,1.38,0.0,0.0,1.25
1999-02-18,0.0,1.25,25.0,30.5,20.0,59.0,0.0,13.4,13.6,109.5,8.5,19.27,1.25,1.28,0.0,0.0,1.22
1999-02-19,0.0,1.22,25.3,30.7,21.2,57.0,0.0,0.0,13.6,109.5,7.22,17.34,1.25,1.25,0.0,0.0,1.22
1999-02-20,0.0,1.22,25.1,30.5,20.5,51.0,0.0,0.0,13.6,109.5,6.14,15.61,1.22,1.25,0.0,0.0,1.22
1999-02-21,0.0,1.22,24.8,30.1,20.2,55.3,0.0,0.0,13.6,108.1,5.22,14.05,1.22,1.22,0.0,0.0,1.22
1999-02-22,0.0,1.22,23.7,29.1,20.4,80.8,0.0,0.0,13.4,108.1,4.44,12.64,1.22,1.22,0.0,0.0,1.22
1999-02-23,0.0,1.22,22.1,24.2,20.4,76.5,0.0,0.0,13.4,108.1,3.77,11.38,1.22,1.22,0.0,0.0,2.09
1999-02-24,3.2,2.09,22.7,28.3,20.2,75.8,3.2,3.2,16.6,110.5,3.2,10.24,1.22,1.22,0.0,0.0,4.5
1999-02-25,5.4,4.5,22.1,25.1,20.0,83.8,8.6,8.6,22.0,115.9,5.44,12.1,2.09,1.22,3.2,0.0,6.62
1999-02-26,7.8,6.62,21.1,23.0,20.0,91.0,16.4,16.4,16.4,111.3,9.22,15.75,4.5,2.09,5.4,3.2,9.07
1999-02-27,11.1,9.07,21.0,23.2,19.0,87.8,24.3,27.5,27.5,79.6,14.46,21.19,6.62,4.5,7.8,5.4,9.96
1999-02-28,17.2,9.96,22.0,26.5,19.2,85.3,36.1,44.7,44.7,61.6,21.73,29.06,9.07,6.62,11.1,7.8,9.72
1999-03-01,7.1,9.72,21.4,25.1,19.2,87.0,35.4,51.8,51.8,66.9,33.09,41.64,9.96,9.07,17.2,11.1,11.42
1999-03-02,14.5,11.42,21.0,24.1,19.4,89.0,38.8,66.3,66.3,79.9,34.16,43.86,9.72,9.96,7.1,17.2,17.92
1999-03-03,36.7,17.92,21.8,27.4,19.0,88.3,58.3,99.8,103.0,116.6,41.36,52.53,11.42,9.72,14.5,7.1,17.97
1999-03-04,2.3,17.97,23.5,28.6,19.0,68.5,53.5,96.7,105.3,118.9,66.35,80.3,17.92,11.42,36.7,14.5,16.3
1999-03-05,0.0,16.3,23.6,28.5,19.2,75.0,39.0,88.9,105.3,118.9,58.36,74.34,17.97,17.92,2.3,36.7,16.7
1999-03-06,0.0,16.7,23.7,29.7,20.8,70.5,2.3,77.8,105.3,118.9,49.6,66.91,16.3,17.97,0.0,2.3,20.83
1999-03-07,13.5,20.83,21.1,24.4,19.4,90.0,13.5,74.1,118.8,132.4,42.16,60.22,16.7,16.3,0.0,0.0,20.33
1999-03-08,23.6,20.33,23.3,28.3,18.6,80.0,37.1,90.6,142.4,156.0,47.31,66.35,20.83,16.7,13.5,0.0,16.99
1999-03-09,0.0,16.99,24.7,30.1,21.2,71.0,37.1,76.1,142.4,156.0,60.28,80.95,20.33,20.83,23.6,13.5,14.28
1999-03-10,6.1,14.28,22.3,28.3,19.5,81.0,29.7,45.5,145.3,161.9,51.23,72.86,16.99,20.33,0.0,23.6,13.49
1999-03-11,0.0,13.49,22.9,28.0,19.2,79.3,6.1,43.2,139.9,161.9,48.73,71.06,14.28,16.99,6.1,0.0,13.66
1999-03-12,0.0,13.66,22.0,26.7,19.2,92.0,6.1,43.2,132.1,161.9,41.42,63.95,13.49,14.28,0.0,6.1,13.35
1999-03-13,37.2,13.35,22.0,26.5,19.0,68.8,37.2,80.4,158.2,199.1,35.21,57.56,13.66,13.49,0.0,0.0,14.14
1999-03-14,3.4,14.14,22.3,27.7,18.2,66.5,40.6,70.3,144.4,189.1,61.55,85.28,13.35,13.66,37.2,0.0,11.79
1999-03-15,0.8,11.79,22.7,27.9,18.6,68.5,41.4,47.5,138.1,189.9,55.21,79.82,14.14,13.35,3.4,37.2,9.62
1999-03-16,0.0,9.62,22.7,26.9,19.5,70.5,4.2,47.5,123.6,189.9,47.61,72.55,11.79,14.14,0.8,3.4,7.97
1999-03-17,0.0,7.97,22.6,27.1,20.0,71.8,0.8,41.4,86.9,189.9,40.46,65.3,9.62,11.79,0.0,0.8,6.62
1999-03-18,0.0,6.62,23.2,29.3,18.8,53.3,0.0,41.4,84.6,189.9,34.39,58.77,7.97,9.62,0.0,0.0,5.31
1999-03-19,0.0,5.31,23.2,28.2,18.2,57.3,0.0,41.4,84.6,189.9,29.24,52.89,6.62,7.97,0.0,0.0,4.15
1999-03-20,0.0,4.15,22.9,27.4,19.0,64.3,0.0,4.2,84.6,189.9,24.85,47.6,5.31,6.62,0.0,0.0,3.38
1999-03-21,0.0,3.38,25.1,30.0,19.0,53.8,0.0,0.8,71.1,189.9,21.12,42.84,4.15,5.31,0.0,0.0,2.66
1999-03-22,0.0,2.66,25.2,30.9,19.8,61.0,0.0,0.0,47.5,189.9,17.95,38.56,3.38,4.15,0.0,0.0,2.31
1999-03-23,0.0,2.31,24.7,29.2,19.3,53.5,0.0,0.0,47.5,189.9,15.26,34.7,2.66,3.38,0.0,0.0,1.9
1999-03-24,1.2,1.9,22.2,28.6,19.0,81.5,1.2,1.2,42.6,191.1,12.97,31.23,2.31,2.66,0.0,0.0,1.65
1999-03-25,77.9,1.65,23.9,29.4,19.2,67.8,79.1,79.1,120.5,269.0,12.05,29.19,1.9,2.31,1.2,0.0,1.88
1999-03-26,5.3,1.88,25.4,30.3,20.2,62.8,84.4,84.4,125.8,271.1,76.45,96.38,1.65,1.9,77.9,1.2,2.28
1999-03-27,0.0,2.28,25.1,30.1,21.4,64.3,83.2,84.4,88.6,265.7,69.49,91.51,1.88,1.65,5.3,77.9,2.56
1999-03-28,0.0,2.56,26.7,31.4,21.0,62.8,5.3,84.4,85.2,257.9,59.07,82.36,2.28,1.88,0.0,5.3,2.22
1999-03-29,0.0,2.22,27.5,30.9,21.5,58.5,0.0,84.4,84.4,246.8,50.21,74.12,2.56,2.28,0.0,0.0,2.06
1999-03-30,0.0,2.06,26.3,31.2,21.3,66.0,0.0,84.4,84.4,229.6,42.68,66.71,2.22,2.56,0.0,0.0,1.9
1999-03-31,0.0,1.9,25.6,29.5,22.2,59.8,0.0,83.2,84.4,222.5,36.27,60.04,2.06,2.22,0.0,0.0,1.62
1999-04-01,0.0,1.62,23.6,29.0,21.2,60.5,0.0,5.3,84.4,208.0,30.83,54.04,1.9,2.06,0.0,0.0,1.47
1999-04-02,0.0,1.47,23.5,28.0,19.2,64.0,0.0,0.0,84.4,171.3,26.21,48.63,1.62,1.9,0.0,0.0,1.4
1999-04-03,0.0,1.4,24.8,31.1,19.4,56.8,0.0,0.0,84.4,169.0,22.28,43.77,1.47,1.62,0.0,0.0,1.38
1999-04-04,0.0,1.38,24.9,30.0,21.0,60.8,0.0,0.0,84.4,169.0,18.94,39.39,1.4,1.47,0.0,0.0,1.4
1999-04-05,0.0,1.4,22.9,28.3,20.5,77.8,0.0,0.0,84.4,169.0,16.1,35.45,1.38,1.4,0.0,0.0,1.4
1999-04-06,0.0,1.4,24.8,30.2,20.0,66.5,0.0,0.0,84.4,155.5,13.68,31.91,1.4,1.38,0.0,0.0,1.4
1999-04-07,0.0,1.4,24.6,30.0,20.0,63.5,0.0,0.0,83.2,131.9,11.63,28.72,1.4,1.4,0.0,0.0,1.38
1999-04-08,0.0,1.38,24.9,30.7,20.5,55.0,0.0,0.0,5.3,131.9,9.88,25.85,1.4,1.4,0.0,0.0,1.38
1999-04-09,3.9,1.38,23.6,29.1,19.5,57.8,3.9,3.9,3.9,129.7,8.4,23.26,1.38,1.4,0.0,0.0,1.38
1999-04-10,0.0,1.38,20.6,24.4,18.8,72.3,3.9,3.9,3.9,129.7,10.46,24.44,1.38,1.38,3.9,0.0,1.38
1999-04-11,0.0,1.38,20.3,25.4,15.5,59.0,3.9,3.9,3.9,129.7,8.89,22.0,1.38,1.38,0.0,3.9,1.34
1999-04-12,0.0,1.34,20.9,26.5,16.5,63.5,0.0,3.9,3.9,92.5,7.55,19.8,1.38,1.38,0.0,0.0,1.34
1999-04-13,0.0,1.34,23.1,29.1,17.2,61.5,0.0,3.9,3.9,89.1,6.42,17.82,1.34,1.38,0.0,0.0,1.34
1999-04-14,0.0,1.34,23.0,30.0,19.5,71.3,0.0,3.9,3.9,88.3,5.46,16.04,1.34,1.34,0.0,0.0,1.34
1999-04-15,0.0,1.34,23.7,29.8,19.8,67.8,0.0,3.9,3.9,88.3,4.64,14.43,1.34,1.34,0.0,0.0,1.44
1999-04-16,0.0,1.44,23.1,28.0,20.4,78.0,0.0,0.0,3.9,88.3,3.94,12.99,1.34,1.34,0.0,0.0,1.65
1999-04-17,4.4,1.65,22.9,27.3,20.2,73.0,4.4,4.4,8.3,92.7,3.35,11.69,1.44,1.34,0.0,0.0,1.69
1999-04-18,0.0,1.69,22.7,27.3,19.1,72.3,4.4,4.4,8.3,92.7,6.59,14.48,1.65,1.44,4.4,0.0,1.59
1999-04-19,0.0,1.59,23.3,29.0,20.0,73.5,4.4,4.4,8.3,92.7,5.6,13.03,1.69,1.65,0.0,4.4,1.5
1999-04-20,0.0,1.5,23.0,29.0,20.5,72.3,0.0,4.4,8.3,92.7,4.76,11.73,1.59,1.69,0.0,0.0,1.4
1999-04-21,2.3,1.4,24.0,29.1,20.0,65.0,2.3,6.7,10.6,95.0,4.05,10.56,1.5,1.59,0.0,0.0,1.47
1999-04-22,0.0,1.47,22.6,27.1,19.8,77.8,2.3,6.7,10.6,95.0,5.39,11.57,1.4,1.5,2.3,0.0,1.69
1999-04-23,2.6,1.69,21.3,26.3,18.2,69.0,4.9,9.3,9.3,96.4,4.59,10.41,1.47,1.4,0.0,2.3,1.65
1999-04-24,0.0,1.65,21.0,27.0,15.2,61.0,2.6,4.9,9.3,18.5,6.11,11.71,1.69,1.47,2.6,0.0,1.5
1999-04-25,0.0,1.5,21.3,27.7,16.5,57.8,2.6,4.9,9.3,13.2,5.19,10.54,1.65,1.69,0.0,2.6,1.4
1999-04-26,0.0,1.4,21.3,26.5,17.2,58.5,0.0,4.9,9.3,13.2,4.41,9.49,1.5,1.65,0.0,0.0,1.38
1999-04-27,0.0,1.38,20.5,26.0,17.2,59.0,0.0,4.9,9.3,13.2,3.75,8.54,1.4,1.5,0.0,0.0,1.38
1999-04-28,0.0,1.38,19.8,24.3,16.2,64.3,0.0,2.6,9.3,13.2,3.19,7.69,1.38,1.4,0.0,0.0,1.34
1999-04-29,0.0,1.34,19.9,24.5,16.8,64.5,0.0,2.6,9.3,13.2,2.71,6.92,1.38,1.38,0.0,0.0,1.34
1999-04-30,0.0,1.34,20.9,26.0,16.8,62.5,0.0,0.0,9.3,13.2,2.3,6.23,1.34,1.38,0.0,0.0,1.34
1999-05-01,0.0,1.34,22.5,28.2,18.2,58.3,0.0,0.0,4.9,13.2,1.96,5.6,1.34,1.34,0.0,0.0,1.34
1999-05-02,0.0,1.34,20.8,26.1,18.0,64.0,0.0,0.0,4.9,13.2,1.66,5.04,1.34,1.34,0.0,0.0,1.31
1999-05-03,0.0,1.31,20.5,25.3,16.5,61.5,0.0,0.0,4.9,13.2,1.41,4.54,1.34,1.34,0.0,0.0,1.31
1999-05-04,0.0,1.31,21.1,26.3,17.5,64.0,0.0,0.0,4.9,13.2,1.2,4.08,1.31,1.34,0.0,0.0,1.31
1999-05-05,0.0,1.31,21.9,27.6,17.0,60.3,0.0,0.0,2.6,13.2,1.02,3.68,1.31,1.31,0.0,0.0,1.28
1999-05-06,0.0,1.28,23.0,29.0,17.8,60.0,0.0,0.0,2.6,13.2,0.87,3.31,1.31,1.31,0.0,0.0,1.38
1999-05-07,0.0,1.38,21.3,25.0,20.2,78.5,0.0,0.0,0.0,13.2,0.74,2.98,1.28,1.31,0.0,0.0,1.44
1999-05-08,1.7,1.44,21.0,26.7,17.4,68.5,1.7,1.7,1.7,14.9,0.63,2.68,1.38,1.28,0.0,0.0,1.34
1999-05-09,0.0,1.34,18.8,21.9,17.4,73.8,1.7,1.7,1.7,11.0,1.98,3.94,1.44,1.38,1.7,0.0,1.31
1999-05-10,0.0,1.31,18.8,24.4,15.0,67.5,1.7,1.7,1.7,11.0,1.68,3.55,1.34,1.44,0.0,1.7,1.28
1999-05-11,0.0,1.28,20.2,26.0,15.8,59.8,0.0,1.7,1.7,11.0,1.43,3.19,1.31,1.34,0.0,0.0,1.31
1999-05-12,0.0,1.31,22.1,27.6,17.2,55.8,0.0,1.7,1.7,11.0,1.22,2.87,1.28,1.31,0.0,0.0,1.31
1999-05-13,0.0,1.31,21.9,27.1,18.0,46.5,0.0,1.7,1.7,11.0,1.03,2.59,1.31,1.28,0.0,0.0,1.28
1999-05-14,0.0,1.28,17.4,23.2,13.2,58.0,0.0,1.7,1.7,11.0,0.88,2.33,1.31,1.31,0.0,0.0,1.28
1999-05-15,0.0,1.28,16.5,21.5,11.8,50.5,0.0,0.0,1.7,11.0,0.75,2.09,1.28,1.31,0.0,0.0,1.25
1999-05-16,0.0,1.25,16.9,22.1,13.2,58.5,0.0,0.0,1.7,11.0,0.63,1.89,1.28,1.28,0.0,0.0,1.25
1999-05-17,0.0,1.25,17.8,22.3,13.5,61.0,0.0,0.0,1.7,6.6,0.54,1.7,1.25,1.28,0.0,0.0,1.25
1999-05-18,0.0,1.25,18.7,24.3,13.5,61.3,0.0,0.0,1.7,6.6,0.46,1.53,1.25,1.25,0.0,0.0,1.25
1999-05-19,0.0,1.25,20.4,27.0,14.2,55.5,0.0,0.0,1.7,6.6,0.39,1.37,1.25,1.25,0.0,0.0,1.22
1999-05-20,0.0,1.22,19.4,25.3,15.8,48.0,0.0,0.0,1.7,6.6,0.33,1.24,1.25,1.25,0.0,0.0,1.22
1999-05-21,0.0,1.22,16.3,23.1,10.2,34.5,0.0,0.0,1.7,4.3,0.28,1.11,1.22,1.25,0.0,0.0,1.22
1999-05-22,0.0,1.22,17.1,24.0,11.2,42.3,0.0,0.0,0.0,4.3,0.24,1.0,1.22,1.22,0.0,0.0,1.22
1999-05-23,0.0,1.22,18.4,25.7,12.2,52.3,0.0,0.0,0.0,1.7,0.2,0.9,1.22,1.22,0.0,0.0,1.19
1999-05-24,0.0,1.19,19.9,26.9,14.0,56.5,0.0,0.0,0.0,1.7,0.17,0.81,1.22,1.22,0.0,0.0,1.19
1999-05-25,0.0,1.19,20.3,27.0,15.5,61.5,0.0,0.0,0.0,1.7,0.15,0.73,1.19,1.22,0.0,0.0,1.19
1999-05-26,0.0,1.19,19.2,23.5,16.5,67.0,0.0,0.0,0.0,1.7,0.12,0.66,1.19,1.19,0.0,0.0,1.19
1999-05-27,0.0,1.19,20.6,27.0,15.0,59.5,0.0,0.0,0.0,1.7,0.11,0.59,1.19,1.19,0.0,0.0,1.19
1999-05-28,0.0,1.19,21.8,27.0,17.2,59.0,0.0,0.0,0.0,1.7,0.09,0.53,1.19,1.19,0.0,0.0,1.16
1999-05-29,0.0,1.16,21.4,27.7,18.0,61.8,0.0,0.0,0.0,1.7,0.08,0.48,1.19,1.19,0.0,0.0,1.16
1999-05-30,0.0,1.16,21.9,26.6,18.2,61.3,0.0,0.0,0.0,1.7,0.07,0.43,1.16,1.19,0.0,0.0,1.16
1999-05-31,0.0,1.16,17.0,22.9,12.8,50.5,0.0,0.0,0.0,1.7,0.06,0.39,1.16,1.16,0.0,0.0,1.16
1999-06-01,0.0,1.16,16.9,21.9,12.5,67.5,0.0,0.0,0.0,1.7,0.05,0.35,1.16,1.16,0.0,0.0,1.16
1999-06-02,0.0,1.16,19.5,25.5,13.8,60.8,0.0,0.0,0.0,1.7,0.04,0.31,1.16,1.16,0.0,0.0,1.12
1999-06-03,0.0,1.12,19.9,26.5,15.5,59.3,0.0,0.0,0.0,1.7,0.03,0.28,1.16,1.16,0.0,0.0,1.12
1999-06-04,0.0,1.12,20.8,27.4,15.2,53.8,0.0,0.0,0.0,1.7,0.03,0.25,1.12,1.16,0.0,0.0,1.12
1999-06-05,0.0,1.12,20.7,27.0,17.3,58.8,0.0,0.0,0.0,1.7,0.02,0.23,1.12,1.12,0.0,0.0,1.12
1999-06-06,0.0,1.12,21.9,27.7,17.0,55.8,0.0,0.0,0.0,1.7,0.02,0.21,1.12,1.12,0.0,0.0,1.12
1999-06-07,0.0,1.12,19.3,23.0,16.4,67.8,0.0,0.0,0.0,0.0,0.02,0.19,1.12,1.12,0.0,0.0,1.12
1999-06-08,0.0,1.12,18.7,23.2,16.5,69.8,0.0,0.0,0.0,0.0,0.02,0.17,1.12,1.12,0.0,0.0,1.12
1999-06-09,0.0,1.12,17.9,20.0,15.5,69.0,0.0,0.0,0.0,0.0,0.01,0.15,1.12,1.12,0.0,0.0,1.12
1999-06-10,0.0,1.12,18.9,24.8,15.5,66.3,0.0,0.0,0.0,0.0,0.01,0.14,1.12,1.12,0.0,0.0,1.09
1999-06-11,0.0,1.09,21.3,27.5,14.8,59.8,0.0,0.0,0.0,0.0,0.01,0.12,1.12,1.12,0.0,0.0,1.09
1999-06-12,0.0,1.09,20.0,23.5,17.5,65.5,0.0,0.0,0.0,0.0,0.01,0.11,1.09,1.12,0.0,0.0,1.09
1999-06-13,0.0,1.09,19.2,23.8,16.2,74.5,0.0,0.0,0.0,0.0,0.01,0.1,1.09,1.09,0.0,0.0,1.09
1999-06-14,0.0,1.09,19.1,24.3,15.2,66.0,0.0,0.0,0.0,0.0,0.01,0.09,1.09,1.09,0.0,0.0,1.09
1999-06-15,0.8,1.09,17.5,19.2,16.2,79.5,0.8,0.8,0.8,0.8,0.0,0.08,1.09,1.09,0.0,0.0,1.09
1999-06-16,0.0,1.09,19.0,25.3,14.0,68.8,0.8,0.8,0.8,0.8,0.68,0.79,1.09,1.09,0.8,0.0,1.09
1999-06-17,0.0,1.09,19.3,26.1,13.5,50.0,0.8,0.8,0.8,0.8,0.58,0.71,1.09,1.09,0.0,0.8,1.06
1999-06-18,0.0,1.06,19.3,25.3,14.5,61.3,0.0,0.8,0.8,0.8,0.49,0.64,1.09,1.09,0.0,0.0,1.06
1999-06-19,0.0,1.06,20.5,26.9,15.3,56.5,0.0,0.8,0.8,0.8,0.42,0.58,1.06,1.09,0.0,0.0,1.06
1999-06-20,0.0,1.06,21.2,26.7,17.2,59.3,0.0,0.8,0.8,0.8,0.36,0.52,1.06,1.06,0.0,0.0,1.06
1999-06-21,0.6,1.06,21.6,25.8,17.4,60.5,0.6,1.4,1.4,1.4,0.3,0.47,1.06,1.06,0.0,0.0,1.06
1999-06-22,0.0,1.06,19.3,25.9,16.2,38.3,0.6,0.6,1.4,1.4,0.77,0.96,1.06,1.06,0.6,0.0,1.06
1999-06-24,0.0,1.03,19.3,26.9,13.0,44.8,0.0,0.6,1.4,1.4,0.55,0.78,1.06,1.06,0.0,0.0,1.03
1999-06-25,0.0,1.03,20.8,27.1,14.2,52.3,0.0,0.6,1.4,1.4,0.47,0.7,1.03,1.06,0.0,0.0,1.03
1999-06-26,0.0,1.03,20.5,26.6,14.2,52.8,0.0,0.6,1.4,1.4,0.4,0.63,1.03,1.03,0.0,0.0,1.03
1999-06-27,0.0,1.03,18.8,24.2,14.8,60.0,0.0,0.6,1.4,1.4,0.34,0.57,1.03,1.03,0.0,0.0,1.0
1999-06-28,0.0,1.0,19.7,25.9,14.4,51.5,0.0,0.0,1.4,1.4,0.29,0.51,1.03,1.03,0.0,0.0,1.0
1999-06-29,0.0,1.0,21.5,27.9,17.6,49.3,0.0,0.0,0.6,1.4,0.25,0.46,1.0,1.03,0.0,0.0,1.0
1999-06-30,0.0,1.0,20.8,26.3,17.1,60.5,0.0,0.0,0.6,1.4,0.21,0.41,1.0,1.0,0.0,0.0,1.0
1999-07-01,0.0,1.0,19.3,24.0,16.5,70.5,0.0,0.0,0.6,1.4,0.18,0.37,1.0,1.0,0.0,0.0,1.0
1999-07-02,0.0,1.0,18.4,23.5,16.0,64.0,0.0,0.0,0.6,1.4,0.15,0.34,1.0,1.0,0.0,0.0,1.0
1999-07-03,0.0,1.0,19.4,26.3,14.5,63.3,0.0,0.0,0.6,1.4,0.13,0.3,1.0,1.0,0.0,0.0,0.97
1999-07-04,0.0,0.97,22.0,28.0,15.8,57.8,0.0,0.0,0.6,1.4,0.11,0.27,1.0,1.0,0.0,0.0,0.97
1999-07-05,0.0,0.97,21.2,27.0,17.6,68.3,0.0,0.0,0.0,1.4,0.09,0.24,0.97,1.0,0.0,0.0,0.97
1999-07-06,0.0,0.97,18.3,21.0,16.2,73.0,0.0,0.0,0.0,1.4,0.08,0.22,0.97,0.97,0.0,0.0,0.97
1999-07-07,0.0,0.97,18.6,23.5,15.2,67.0,0.0,0.0,0.0,1.4,0.07,0.2,0.97,0.97,0.0,0.0,0.97
1999-07-08,0.0,0.97,20.3,27.1,15.0,59.8,0.0,0.0,0.0,1.4,0.06,0.18,0.97,0.97,0.0,0.0,0.97
1999-07-09,0.0,0.97,20.4,26.2,16.0,63.5,0.0,0.0,0.0,1.4,0.05,0.16,0.97,0.97,0.0,0.0,0.97
1999-07-10,0.0,0.97,18.8,23.9,15.8,67.3,0.0,0.0,0.0,1.4,0.04,0.14,0.97,0.97,0.0,0.0,0.97
1999-07-11,0.0,0.97,17.3,21.7,14.6,66.8,0.0,0.0,0.0,1.4,0.04,0.13,0.97,0.97,0.0,0.0,0.95
1999-07-12,0.0,0.95,16.3,20.9,12.4,58.5,0.0,0.0,0.0,1.4,0.03,0.12,0.97,0.97,0.0,0.0,0.95
1999-07-13,0.0,0.95,16.4,20.3,13.5,62.3,0.0,0.0,0.0,1.4,0.03,0.11,0.95,0.97,0.0,0.0,0.94
1999-07-14,0.0,0.94,17.9,22.3,14.2,55.0,0.0,0.0,0.0,1.4,0.02,0.09,0.95,0.95,0.0,0.0,0.94
1999-07-15,0.0,0.94,18.4,21.7,15.8,70.8,0.0,0.0,0.0,0.6,0.02,0.09,0.94,0.95,0.0,0.0,0.94
1999-07-16,0.0,0.94,19.9,24.3,16.8,67.0,0.0,0.0,0.0,0.6,0.02,0.08,0.94,0.94,0.0,0.0,0.92
1999-07-17,0.0,0.92,20.9,26.7,16.6,67.3,0.0,0.0,0.0,0.6,0.01,0.07,0.94,0.94,0.0,0.0,0.92
1999-07-18,0.0,0.92,19.8,24.0,15.4,59.3,0.0,0.0,0.0,0.6,0.01,0.06,0.92,0.94,0.0,0.0,0.92
1999-07-19,0.0,0.92,19.9,24.1,17.2,63.5,0.0,0.0,0.0,0.6,0.01,0.06,0.92,0.92,0.0,0.0,0.91
1999-07-20,0.0,0.91,19.5,24.2,16.2,61.3,0.0,0.0,0.0,0.6,0.01,0.05,0.92,0.92,0.0,0.0,0.91
1999-07-21,0.0,0.91,21.1,28.0,14.6,49.8,0.0,0.0,0.0,0.0,0.01,0.05,0.91,0.92,0.0,0.0,0.91
1999-07-22,0.0,0.91,23.0,28.0,19.6,50.5,0.0,0.0,0.0,0.0,0.01,0.04,0.91,0.91,0.0,0.0,0.89
1999-07-23,0.0,0.89,20.2,24.4,17.2,61.3,0.0,0.0,0.0,0.0,0.0,0.04,0.91,0.91,0.0,0.0,0.89
1999-07-24,0.0,0.89,20.1,24.3,16.8,58.8,0.0,0.0,0.0,0.0,0.0,0.03,0.89,0.91,0.0,0.0,0.89
1999-07-25,0.0,0.89,21.4,27.7,17.2,55.5,0.0,0.0,0.0,0.0,0.0,0.03,0.89,0.89,0.0,0.0,0.87
1999-07-26,0.0,0.87,20.7,24.9,18.0,57.0,0.0,0.0,0.0,0.0,0.0,0.03,0.89,0.89,0.0,0.0,0.87
1999-07-27,0.0,0.87,20.8,26.9,17.0,58.8,0.0,0.0,0.0,0.0,0.0,0.02,0.87,0.89,0.0,0.0,0.87
1999-07-28,0.0,0.87,22.3,28.4,16.2,48.5,0.0,0.0,0.0,0.0,0.0,0.02,0.87,0.87,0.0,0.0,0.86
1999-07-29,0.0,0.86,20.6,25.0,17.5,58.0,0.0,0.0,0.0,0.0,0.0,0.02,0.87,0.87,0.0,0.0,0.86
1999-07-30,0.0,0.86,20.9,25.0,16.6,51.3,0.0,0.0,0.0,0.0,0.0,0.02,0.86,0.87,0.0,0.0,0.86
1999-07-31,0.0,0.86,20.0,25.8,16.0,57.0,0.0,0.0,0.0,0.0,0.0,0.02,0.86,0.86,0.0,0.0,0.85
1999-08-01,0.0,0.85,18.9,24.4,15.2,60.8,0.0,0.0,0.0,0.0,0.0,0.01,0.86,0.86,0.0,0.0,0.85
1999-08-02,0.0,0.85,19.7,25.9,15.0,50.8,0.0,0.0,0.0,0.0,0.0,0.01,0.85,0.86,0.0,0.0,0.85
1999-08-03,0.0,0.85,19.6,26.5,14.2,56.0,0.0,0.0,0.0,0.0,0.0,0.01,0.85,0.85,0.0,0.0,0.83
1999-08-04,0.0,0.83,17.6,23.5,13.2,53.0,0.0,0.0,0.0,0.0,0.0,0.01,0.85,0.85,0.0,0.0,0.83
1999-08-05,0.0,0.83,17.1,22.4,13.2,54.3,0.0,0.0,0.0,0.0,0.0,0.01,0.83,0.85,0.0,0.0,0.83
1999-08-06,0.0,0.83,16.8,22.3,12.2,55.3,0.0,0.0,0.0,0.0,0.0,0.01,0.83,0.83,0.0,0.0,0.81
1999-08-07,0.0,0.81,18.1,25.3,13.8,53.5,0.0,0.0,0.0,0.0,0.0,0.01,0.83,0.83,0.0,0.0,0.81
1999-08-08,0.0,0.81,21.3,27.7,14.0,42.5,0.0,0.0,0.0,0.0,0.0,0.01,0.81,0.83,0.0,0.0,0.81
1999-08-09,0.0,0.81,19.4,23.7,15.8,63.0,0.0,0.0,0.0,0.0,0.0,0.01,0.81,0.81,0.0,0.0,0.8
1999-08-10,0.0,0.8,21.1,27.5,15.8,47.8,0.0,0.0,0.0,0.0,0.0,0.01,0.81,0.81,0.0,0.0,0.8
1999-08-11,0.0,0.8,22.0,28.6,15.2,34.3,0.0,0.0,0.0,0.0,0.0,0.0,0.8,0.81,0.0,0.0,0.8
1999-08-12,0.0,0.8,21.6,28.4,15.0,31.3,0.0,0.0,0.0,0.0,0.0,0.0,0.8,0.8,0.0,0.0,0.78
1999-08-13,0.0,0.78,21.7,29.3,15.2,34.8,0.0,0.0,0.0,0.0,0.0,0.0,0.8,0.8,0.0,0.0,0.78
1999-08-14,0.0,0.78,23.4,31.5,16.0,35.3,0.0,0.0,0.0,0.0,0.0,0.0,0.78,0.8,0.0,0.0,0.78
1999-08-15,0.0,0.78,16.6,24.5,13.2,68.0,0.0,0.0,0.0,0.0,0.0,0.0,0.78,0.78,0.0,0.0,0.8
1999-08-16,0.0,0.8,11.9,13.6,9.5,64.3,0.0,0.0,0.0,0.0,0.0,0.0,0.78,0.78,0.0,0.0,0.8
1999-08-17,0.7,0.8,13.6,16.8,10.6,64.0,0.7,0.7,0.7,0.7,0.0,0.0,0.8,0.78,0.0,0.0,0.78
1999-08-18,0.0,0.78,15.7,20.7,12.2,60.3,0.7,0.7,0.7,0.7,0.6,0.63,0.8,0.8,0.7,0.0,0.77
1999-08-19,0.0,0.77,18.6,24.3,14.5,46.5,0.7,0.7,0.7,0.7,0.51,0.57,0.78,0.8,0.0,0.7,0.77
1999-08-20,0.0,0.77,18.0,22.9,13.6,57.8,0.0,0.7,0.7,0.7,0.43,0.51,0.77,0.78,0.0,0.0,0.77
1999-08-21,0.0,0.77,18.5,23.4,15.5,55.0,0.0,0.7,0.7,0.7,0.37,0.46,0.77,0.77,0.0,0.0,0.75
1999-08-22,0.0,0.75,19.0,25.0,13.9,45.0,0.0,0.7,0.7,0.7,0.31,0.41,0.77,0.77,0.0,0.0,0.75
1999-08-23,0.0,0.75,19.4,24.9,15.2,44.5,0.0,0.7,0.7,0.7,0.26,0.37,0.75,0.77,0.0,0.0,0.73
1999-08-24,0.0,0.73,19.7,25.3,14.8,36.8,0.0,0.0,0.7,0.7,0.22,0.34,0.75,0.75,0.0,0.0,0.73
1999-08-25,0.0,0.73,20.0,25.6,15.5,45.5,0.0,0.0,0.7,0.7,0.19,0.3,0.73,0.75,0.0,0.0,0.73
1999-08-26,0.0,0.73,21.6,27.2,16.0,47.5,0.0,0.0,0.7,0.7,0.16,0.27,0.73,0.73,0.0,0.0,0.72
1999-08-27,0.0,0.72,23.0,29.4,16.5,37.3,0.0,0.0,0.7,0.7,0.14,0.24,0.73,0.73,0.0,0.0,0.72
1999-08-28,0.0,0.72,23.7,30.0,18.2,41.0,0.0,0.0,0.7,0.7,0.12,0.22,0.72,0.73,0.0,0.0,0.72
1999-08-29,0.0,0.72,24.7,31.0,18.8,37.0,0.0,0.0,0.7,0.7,0.1,0.2,0.72,0.72,0.0,0.0,0.7
1999-08-30,0.0,0.7,24.8,29.8,21.0,37.3,0.0,0.0,0.7,0.7,0.08,0.18,0.72,0.72,0.0,0.0,0.7
1999-08-31,0.0,0.7,21.9,27.6,17.2,37.3,0.0,0.0,0.0,0.7,0.07,0.16,0.7,0.72,0.0,0.0,0.7
1999-09-01,0.0,0.7,21.3,27.9,16.4,40.5,0.0,0.0,0.0,0.7,0.06,0.14,0.7,0.7,0.0,0.0,0.69
1999-09-02,0.0,0.69,22.2,28.7,17.0,32.3,0.0,0.0,0.0,0.7,0.05,0.13,0.7,0.7,0.0,0.0,0.69
1999-09-03,0.0,0.69,22.8,30.1,17.0,36.3,0.0,0.0,0.0,0.7,0.04,0.12,0.69,0.7,0.0,0.0,0.69
1999-09-04,0.0,0.69,23.7,30.4,18.3,33.8,0.0,0.0,0.0,0.7,0.04,0.11,0.69,0.69,0.0,0.0,0.69
1999-09-05,0.0,0.69,22.5,28.2,19.0,41.3,0.0,0.0,0.0,0.7,0.03,0.09,0.69,0.69,0.0,0.0,0.67
1999-09-06,0.0,0.67,21.8,27.7,16.8,51.8,0.0,0.0,0.0,0.7,0.03,0.09,0.69,0.69,0.0,0.0,0.67
1999-09-07,0.0,0.67,23.1,28.5,18.6,47.8,0.0,0.0,0.0,0.7,0.02,0.08,0.67,0.69,0.0,0.0,0.67
1999-09-08,0.0,0.67,24.2,30.7,18.6,44.0,0.0,0.0,0.0,0.7,0.02,0.07,0.67,0.67,0.0,0.0,0.66
1999-09-09,0.0,0.66,23.6,29.0,20.2,51.8,0.0,0.0,0.0,0.7,0.02,0.06,0.67,0.67,0.0,0.0,0.66
1999-09-10,0.0,0.66,21.1,24.8,19.2,65.5,0.0,0.0,0.0,0.7,0.01,0.06,0.66,0.67,0.0,0.0,0.66
1999-09-11,0.0,0.66,18.9,23.0,17.0,69.8,0.0,0.0,0.0,0.7,0.01,0.05,0.66,0.66,0.0,0.0,0.66
1999-09-12,0.0,0.66,20.5,25.0,16.9,62.5,0.0,0.0,0.0,0.7,0.01,0.05,0.66,0.66,0.0,0.0,0.65
1999-09-13,6.1,0.65,20.9,27.1,16.2,71.0,6.1,6.1,6.1,6.8,0.01,0.04,0.66,0.66,0.0,0.0,0.65
1999-09-14,0.4,0.65,23.7,31.2,17.6,55.0,6.5,6.5,6.5,7.2,5.19,5.53,0.65,0.66,6.1,0.0,0.64
1999-09-15,0.0,0.64,21.2,23.4,18.0,74.3,6.5,6.5,6.5,7.2,4.75,5.33,0.65,0.65,0.4,6.1,0.66
1999-09-16,0.7,0.66,21.7,28.2,18.5,71.0,1.1,7.2,7.2,7.2,4.04,4.8,0.64,0.65,0.0,0.4,0.66
1999-09-17,5.8,0.66,20.1,23.7,18.2,74.0,6.5,13.0,13.0,13.0,4.03,4.95,0.66,0.64,0.7,0.0,0.65
1999-09-18,0.0,0.65,19.5,24.5,16.0,64.0,6.5,13.0,13.0,13.0,8.36,9.68,0.66,0.66,5.8,0.7,0.64
1999-09-19,0.0,0.64,21.3,26.7,17.2,55.3,5.8,13.0,13.0,13.0,7.1,8.71,0.65,0.66,0.0,5.8,0.63
1999-09-20,0.0,0.63,21.3,25.7,16.2,49.0,0.0,6.9,13.0,13.0,6.04,7.84,0.64,0.65,0.0,0.0,0.63
1999-09-21,0.0,0.63,21.9,27.7,17.4,52.8,0.0,6.5,13.0,13.0,5.13,7.05,0.63,0.64,0.0,0.0,0.95
1999-09-22,0.0,0.95,20.0,24.7,18.1,70.0,0.0,6.5,13.0,13.0,4.36,6.35,0.63,0.63,0.0,0.0,1.21
1999-09-23,8.4,1.21,17.2,23.3,14.4,63.0,8.4,14.2,21.4,21.4,3.71,5.71,0.95,0.63,0.0,0.0,0.99
1999-09-24,0.0,0.99,16.0,23.1,10.2,38.5,8.4,8.4,21.4,21.4,10.29,12.7,1.21,0.95,8.4,0.0,0.77
1999-09-25,0.0,0.77,17.6,24.1,10.0,38.0,8.4,8.4,21.4,21.4,8.75,11.43,0.99,1.21,0.0,8.4,0.69
1999-09-26,0.0,0.69,20.6,27.3,14.5,39.3,0.0,8.4,21.4,21.4,7.44,10.29,0.77,0.99,0.0,0.0,0.66
1999-09-27,0.0,0.66,24.3,32.9,16.2,34.8,0.0,8.4,15.3,21.4,6.32,9.26,0.69,0.77,0.0,0.0,0.65
1999-09-28,0.0,0.65,23.4,29.7,18.2,48.8,0.0,8.4,14.9,21.4,5.37,8.33,0.66,0.69,0.0,0.0,0.63
1999-09-29,0.0,0.63,25.2,32.2,19.0,39.3,0.0,8.4,14.9,21.4,4.57,7.5,0.65,0.66,0.0,0.0,0.63
1999-09-30,0.0,0.63,23.8,28.3,19.2,52.0,0.0,0.0,14.2,21.4,3.88,6.75,0.63,0.65,0.0,0.0,0.58
1999-10-01,0.0,0.58,24.0,30.9,18.2,56.8,0.0,0.0,8.4,21.4,3.3,6.08,0.63,0.63,0.0,0.0,0.58
1999-10-02,0.0,0.58,23.9,29.1,20.2,67.0,0.0,0.0,8.4,21.4,2.8,5.47,0.58,0.63,0.0,0.0,0.63
1999-10-03,0.0,0.63,21.1,26.1,18.9,71.3,0.0,0.0,8.4,21.4,2.38,4.92,0.58,0.58,0.0,0.0,0.62
1999-10-04,6.2,0.62,16.6,19.8,15.4,78.5,6.2,6.2,14.6,27.6,2.03,4.43,0.63,0.58,0.0,0.0,0.6
1999-10-05,0.0,0.6,16.7,19.8,14.4,69.5,6.2,6.2,14.6,27.6,6.99,9.57,0.62,0.63,6.2,0.0,0.58
1999-10-06,0.0,0.58,17.1,21.4,13.8,66.5,6.2,6.2,14.6,27.6,5.94,8.61,0.6,0.62,0.0,6.2,0.58
1999-10-07,0.0,0.58,17.7,21.4,15.0,63.3,0.0,6.2,6.2,27.6,5.05,7.75,0.58,0.6,0.0,0.0,0.56
1999-10-08,0.0,0.56,22.0,28.3,15.0,51.3,0.0,6.2,6.2,27.6,4.29,6.97,0.58,0.58,0.0,0.0,0.56
1999-10-09,0.0,0.56,24.6,30.7,18.6,45.5,0.0,6.2,6.2,27.6,3.65,6.28,0.56,0.58,0.0,0.0,0.56
1999-10-10,0.0,0.56,23.0,30.1,17.7,52.0,0.0,6.2,6.2,27.6,3.1,5.65,0.56,0.56,0.0,0.0,0.55
1999-10-11,0.0,0.55,22.3,31.8,18.0,63.8,0.0,0.0,6.2,27.6,2.64,5.08,0.56,0.56,0.0,0.0,0.55
1999-10-12,0.0,0.55,20.5,24.2,18.0,65.0,0.0,0.0,6.2,27.6,2.24,4.58,0.55,0.56,0.0,0.0,0.54
1999-10-13,0.0,0.54,20.6,26.7,17.1,58.3,0.0,0.0,6.2,21.5,1.91,4.12,0.55,0.55,0.0,0.0,0.53
1999-10-14,0.0,0.53,22.0,29.1,16.0,48.8,0.0,0.0,6.2,21.1,1.62,3.71,0.54,0.55,0.0,0.0,0.53
1999-10-15,0.0,0.53,24.3,30.9,17.7,32.8,0.0,0.0,6.2,21.1,1.38,3.34,0.53,0.54,0.0,0.0,0.52
1999-10-16,0.0,0.52,26.0,33.1,18.8,35.0,0.0,0.0,6.2,20.4,1.17,3.0,0.53,0.53,0.0,0.0,0.52
1999-10-17,0.0,0.52,26.4,33.5,21.5,40.0,0.0,0.0,6.2,14.6,0.99,2.7,0.52,0.53,0.0,0.0,0.75
1999-10-18,0.0,0.75,24.0,25.3,21.8,61.8,0.0,0.0,0.0,14.6,0.85,2.43,0.52,0.52,0.0,0.0,0.9
1999-10-19,24.1,0.9,21.0,24.6,18.8,78.5,24.1,24.1,24.1,38.7,0.72,2.19,0.75,0.52,0.0,0.0,1.09
1999-10-20,5.8,1.09,19.9,23.6,17.4,77.0,29.9,29.9,29.9,44.5,21.1,23.66,0.9,0.75,24.1,0.0,1.0
1999-10-21,0.7,1.0,22.6,28.4,18.3,67.5,30.6,30.6,30.6,45.2,22.86,26.51,1.09,0.9,5.8,24.1,1.11
1999-10-22,1.5,1.11,20.7,25.9,18.0,73.5,8.0,32.1,32.1,46.7,20.03,24.49,1.0,1.09,0.7,5.8,0.9
1999-10-23,0.3,0.9,21.2,27.1,16.6,57.5,2.5,32.4,32.4,38.6,18.3,23.39,1.11,1.0,1.5,0.7,0.71
1999-10-24,0.0,0.71,21.7,28.7,15.8,49.0,1.8,32.4,32.4,38.6,15.81,21.32,0.9,1.11,0.3,1.5,0.63
1999-10-25,0.0,0.63,19.6,23.7,16.8,62.0,0.3,32.4,32.4,38.6,13.44,19.19,0.71,0.9,0.0,0.3,0.97
1999-10-26,1.3,0.97,16.1,19.4,14.8,92.3,1.3,9.6,33.7,39.9,11.42,17.27,0.63,0.71,0.0,0.0,0.95
1999-10-27,36.2,0.95,16.6,19.5,13.8,81.0,37.5,40.0,69.9,76.1,10.81,16.71,0.97,0.63,1.3,0.0,0.77
1999-10-28,0.0,0.77,18.9,22.9,15.0,72.3,37.5,39.3,69.9,76.1,39.96,47.62,0.95,0.97,36.2,1.3,0.67
1999-10-29,0.0,0.67,18.9,22.9,15.0,72.3,36.2,37.8,69.9,76.1,33.97,42.86,0.77,0.95,0.0,36.2,0.63
1999-10-30,0.0,0.63,21.5,27.3,17.9,61.5,0.0,37.5,69.9,76.1,28.87,38.58,0.67,0.77,0.0,0.0,0.59
1999-10-31,0.0,0.59,20.3,28.1,15.2,55.8,0.0,37.5,69.9,76.1,24.54,34.72,0.63,0.67,0.0,0.0,0.57
1999-11-01,0.0,0.57,18.5,23.2,14.2,62.8,0.0,37.5,69.9,76.1,20.86,31.25,0.59,0.63,0.0,0.0,0.56
1999-11-02,0.0,0.56,20.3,25.7,15.6,43.8,0.0,36.2,45.8,76.1,17.73,28.12,0.57,0.59,0.0,0.0,0.55
1999-11-03,0.0,0.55,21.7,27.8,16.0,47.8,0.0,0.0,40.0,69.9,15.07,25.31,0.56,0.57,0.0,0.0,0.53
1999-11-04,0.0,0.53,24.2,30.3,17.2,40.5,0.0,0.0,39.3,69.9,12.81,22.78,0.55,0.56,0.0,0.0,0.52
1999-11-05,0.0,0.52,25.6,31.2,21.0,51.0,0.0,0.0,37.8,69.9,10.89,20.5,0.53,0.55,0.0,0.0,1.52
1999-11-06,15.7,1.52,22.4,27.1,19.0,79.0,15.7,15.7,53.2,85.6,9.26,18.45,0.52,0.53,0.0,0.0,2.75
1999-11-07,98.5,2.75,19.2,22.1,17.6,92.5,114.2,114.2,151.7,184.1,21.21,30.74,1.52,0.52,15.7,0.0,2.74
1999-11-08,37.2,2.74,19.4,20.9,17.8,92.3,151.4,151.4,188.9,221.3,101.76,116.31,2.75,1.52,98.5,15.7,2.21
1999-11-09,6.5,2.21,21.0,24.6,18.2,87.8,142.2,157.9,194.1,227.8,118.11,138.16,2.74,2.75,37.2,98.5,1.92
1999-11-10,24.8,1.92,18.6,22.1,16.7,77.8,68.5,182.7,182.7,252.6,105.92,130.19,2.21,2.74,6.5,37.2,1.58
1999-11-11,2.4,1.58,16.6,19.2,14.2,76.3,33.7,185.1,185.1,255.0,111.11,139.5,1.92,2.21,24.8,6.5,1.08
1999-11-12,0.0,1.08,18.7,22.5,15.8,79.5,27.2,185.1,185.1,255.0,96.49,127.71,1.58,1.92,2.4,24.8,2.1
1999-11-13,16.5,2.1,19.9,23.7,16.6,83.3,18.9,185.9,201.6,271.5,82.01,114.94,1.08,1.58,0.0,2.4,3.89
1999-11-14,1.8,3.89,20.9,27.7,18.2,76.3,18.3,89.2,203.4,273.3,83.74,118.29,2.1,1.08,16.5,0.0,3.52
1999-11-15,23.4,3.52,20.6,26.4,15.8,59.8,41.7,75.4,226.8,296.7,72.71,108.08,3.89,2.1,1.8,16.5,2.52
1999-11-16,0.0,2.52,20.1,26.4,15.2,59.0,25.2,68.9,226.8,296.7,81.69,118.33,3.52,3.89,23.4,1.8,1.67
1999-11-17,0.8,1.67,19.6,26.3,16.2,74.8,24.2,44.9,227.6,297.5,69.44,106.5,2.52,3.52,0.0,23.4,1.17
1999-11-18,0.0,1.17,21.6,27.7,17.2,67.0,0.8,42.5,227.6,273.4,59.7,96.57,1.67,2.52,0.8,0.0,1.06
1999-11-19,0.0,1.06,20.8,27.7,17.7,77.3,0.8,42.5,227.6,267.6,50.75,86.91,1.17,1.67,0.0,0.8,1.61
1999-11-20,43.9,1.61,19.1,21.4,16.8,83.5,43.9,69.9,255.8,310.8,43.13,78.22,1.06,1.17,0.0,0.0,3.06
1999-11-21,11.3,3.06,18.7,19.8,18.0,91.3,55.2,79.4,168.6,320.6,73.98,109.91,1.61,1.06,43.9,0.0,6.5
1999-11-22,5.8,6.5,21.9,28.0,16.8,64.5,61.0,61.8,137.2,326.1,72.49,109.09,3.06,1.61,11.3,43.9,9.84
1999-11-23,0.0,9.84,23.7,29.8,18.2,62.0,17.1,61.8,130.7,326.1,66.54,103.4,6.5,3.06,5.8,11.3,7.95
1999-11-24,0.0,7.95,22.5,28.1,18.2,67.5,5.8,61.0,105.9,326.1,56.56,93.06,9.84,6.5,0.0,5.8,6.35
1999-11-25,6.4,6.35,23.7,29.5,17.2,55.0,6.4,67.4,109.9,331.2,48.08,83.75,7.95,9.84,0.0,0.0,5.07
1999-11-26,0.0,5.07,24.0,29.3,19.8,65.0,6.4,67.4,109.9,295.0,46.31,81.14,6.35,7.95,6.4,0.0,4.06
1999-11-27,50.8,4.06,23.8,30.1,18.2,66.5,57.2,74.3,144.2,345.8,39.36,73.02,5.07,6.35,0.0,6.4,3.79
1999-11-28,1.3,3.79,21.5,29.5,18.7,77.5,52.1,64.3,143.7,347.1,76.64,111.44,4.06,5.07,50.8,0.0,4.12
1999-11-29,12.5,4.12,22.1,27.2,17.6,69.3,64.6,71.0,132.8,359.6,66.25,101.47,3.79,4.06,1.3,50.8,4.08
1999-11-30,0.0,4.08,22.4,27.2,18.8,67.8,13.8,71.0,132.8,359.6,66.93,102.57,4.12,3.79,12.5,1.3,3.85
1999-12-01,0.0,3.85,22.2,27.1,17.2,62.5,12.5,71.0,132.0,359.6,56.89,92.31,4.08,4.12,0.0,12.5,3.03
1999-12-02,0.0,3.03,21.4,25.1,17.8,62.8,0.0,64.6,132.0,359.6,48.36,83.08,3.85,4.08,0.0,0.0,2.33
1999-12-03,0.0,2.33,22.8,27.1,18.6,60.5,0.0,64.6,132.0,359.6,41.11,74.77,3.03,3.85,0.0,0.0,2.36
1999-12-04,0.0,2.36,21.0,25.7,18.5,83.8,0.0,13.8,88.1,359.6,34.94,67.3,2.33,3.03,0.0,0.0,5.24
1999-12-05,32.6,5.24,19.3,21.0,17.8,90.0,32.6,45.1,109.4,392.2,29.7,60.57,2.36,2.33,0.0,0.0,8.82
1999-12-06,36.2,8.82,19.9,24.2,17.2,90.0,68.8,68.8,139.8,412.7,52.95,83.85,5.24,2.36,32.6,0.0,9.16
1999-12-07,18.3,9.16,22.8,28.9,17.8,70.5,87.1,87.1,158.1,332.5,75.78,108.05,8.82,5.24,36.2,32.6,8.98
1999-12-08,2.1,8.98,21.7,25.7,19.0,84.0,56.6,89.2,160.2,297.4,79.97,113.71,9.16,8.82,18.3,36.2,8.62
1999-12-09,25.8,8.62,21.9,25.1,18.2,74.3,46.2,115.0,179.6,316.7,69.76,104.23,8.98,9.16,2.1,18.3,6.96
1999-12-10,0.3,6.96,24.5,29.7,20.6,54.8,28.2,115.3,179.9,292.2,81.22,117.03,8.62,8.98,25.8,2.1,5.49
1999-12-11,0.0,5.49,23.2,27.1,21.3,71.5,26.1,115.3,129.1,289.8,69.3,105.59,6.96,8.62,0.3,25.8,4.73
1999-12-12,8.3,4.73,22.0,26.3,19.8,84.0,8.6,91.0,136.1,298.1,58.9,95.03,5.49,6.96,0.0,0.3,5.01
1999-12-13,0.5,5.01,21.1,24.6,19.0,87.5,8.8,55.3,124.1,282.1,57.12,93.0,4.73,5.49,8.3,0.0,4.85
1999-12-14,9.4,4.85,22.8,27.7,19.8,82.8,18.2,46.4,133.5,289.7,48.98,84.15,5.01,4.73,0.5,8.3,5.35
1999-12-15,25.5,5.35,22.4,27.7,19.0,81.8,35.4,69.8,159.0,291.8,49.62,84.2,4.85,5.01,9.4,0.5,5.17
1999-12-16,0.0,5.17,24.2,29.7,20.2,35.8,34.9,44.0,159.0,291.8,63.85,98.73,5.35,4.85,25.5,9.4,4.01
1999-12-17,0.0,4.01,24.5,30.5,19.0,52.3,25.5,43.7,159.0,291.0,54.28,88.85,5.17,5.35,0.0,25.5,3.02
1999-12-18,0.0,3.02,24.2,30.7,20.2,62.5,0.0,43.7,159.0,291.0,46.13,79.97,4.01,5.17,0.0,0.0,2.64
1999-12-19,17.7,2.64,24.1,29.5,19.8,60.5,17.7,53.1,144.1,308.7,39.21,71.97,3.02,4.01,0.0,0.0,2.85
1999-12-20,7.1,2.85,25.4,30.3,20.8,58.3,24.8,59.7,115.0,271.9,48.38,80.7,2.64,3.02,17.7,0.0,2.42
1999-12-21,1.3,2.42,24.4,29.3,19.0,55.8,26.1,51.6,98.0,261.9,47.16,79.02,2.85,2.64,7.1,17.7,2.09
1999-12-22,0.0,2.09,24.6,29.9,20.2,60.3,8.4,26.1,95.9,256.1,41.19,72.29,2.42,2.85,1.3,7.1,2.73
1999-12-23,0.0,2.73,20.9,28.1,17.3,85.5,1.3,26.1,70.1,256.1,35.01,65.06,2.09,2.42,0.0,1.3,4.98
1999-12-24,65.3,4.98,18.6,20.1,16.8,86.5,65.3,91.4,135.1,321.4,29.76,58.56,2.73,2.09,0.0,0.0,5.78
1999-12-25,15.9,5.78,22.5,26.3,18.1,65.5,81.2,107.3,151.0,330.9,80.8,111.47,4.98,2.73,65.3,0.0,4.81
1999-12-26,2.1,4.81,23.4,28.1,20.5,67.5,83.3,91.7,144.8,333.0,82.19,114.63,5.78,4.98,15.9,65.3,3.84
1999-12-27,0.0,3.84,23.1,27.2,20.2,77.3,18.0,84.6,144.3,282.2,71.65,105.06,4.81,5.78,2.1,15.9,3.52
1999-12-28,7.7,3.52,23.6,29.5,18.0,66.0,9.8,91.0,142.6,288.6,60.9,94.55,3.84,4.81,0.0,2.1,3.24
1999-12-29,0.0,3.24,23.7,28.2,20.8,69.5,7.7,91.0,117.1,276.1,58.31,92.03,3.52,3.84,7.7,0.0,2.86
1999-12-30,34.4,2.86,22.4,28.5,19.5,79.0,42.1,125.4,151.5,310.5,49.57,82.83,3.24,3.52,0.0,7.7,3.22
1999-12-31,28.7,3.22,22.4,26.5,19.5,79.5,63.1,88.8,180.2,339.2,71.37,105.5,2.86,3.24,34.4,0.0,5.07
2000-01-01,24.1,5.07,20.3,22.0,19.2,94.0,87.2,97.0,204.3,363.3,85.06,120.78,3.22,2.86,28.7,34.4,8.68
2000-01-02,33.2,8.68,20.5,23.0,18.6,92.5,86.0,128.1,219.8,396.5,92.79,130.39,5.07,3.22,24.1,28.7,11.74
2000-01-03,13.4,11.74,21.3,25.9,18.8,85.0,70.7,141.5,226.1,409.9,107.09,147.24,8.68,5.07,33.2,24.1,11.19
2000-01-04,2.1,11.19,21.9,26.4,20.0,89.0,48.7,135.9,226.9,379.4,102.41,144.57,11.74,8.68,13.4,33.2,9.45
2000-01-05,8.7,9.45,24.1,28.8,20.0,67.5,24.2,144.6,235.6,351.9,88.84,132.0,11.19,11.74,2.1,13.4,7.71
2000-01-06,5.2,7.71,24.5,29.6,20.2,61.8,16.0,115.4,240.8,338.8,82.91,126.63,9.45,11.19,8.7,2.1,6.16
2000-01-07,0.0,6.16,24.1,29.0,20.0,49.8,13.9,86.7,175.5,336.7,74.89,118.65,7.71,9.45,5.2,8.7,4.83
2000-01-08,0.0,4.83,22.7,26.9,19.8,61.0,5.2,62.6,159.6,310.9,63.66,106.79,6.16,7.71,0.0,5.2,3.89
2000-01-09,0.0,3.89,22.8,27.9,19.2,62.5,0.0,29.4,157.5,310.6,54.11,96.11,4.83,6.16,0.0,0.0,2.92
2000-01-10,0.0,2.92,23.5,28.3,19.9,60.8,0.0,16.0,157.5,310.6,45.99,86.5,3.89,4.83,0.0,0.0,2.13
2000-01-11,0.0,2.13,24.0,29.0,19.5,54.8,0.0,13.9,149.8,302.3,39.09,77.85,2.92,3.89,0.0,0.0,1.59
2000-01-12,0.0,1.59,25.0,30.3,19.8,51.0,0.0,5.2,149.8,301.8,33.23,70.06,2.13,2.92,0.0,0.0,1.26
2000-01-13,0.0,1.26,26.2,31.9,21.0,55.0,0.0,0.0,115.4,292.4,28.25,63.06,1.59,2.13,0.0,0.0,1.08
2000-01-14,0.0,1.08,27.4,32.7,21.8,51.0,0.0,0.0,86.7,266.9,24.01,56.75,1.26,1.59,0.0,0.0,1.03
2000-01-15,0.0,1.03,28.2,33.1,23.2,49.0,0.0,0.0,62.6,266.9,20.41,51.08,1.08,1.26,0.0,0.0,1.03
2000-01-16,2.5,1.03,23.7,31.1,19.0,76.3,2.5,2.5,31.9,269.4,17.35,45.97,1.03,1.08,0.0,0.0,1.52
2000-01-17,34.8,1.52,24.8,28.6,20.8,76.3,37.3,37.3,53.3,304.2,16.87,43.62,1.03,1.03,2.5,0.0,3.35
2000-01-18,0.3,3.35,25.0,31.8,21.2,73.8,37.6,37.6,51.5,286.8,43.92,70.58,1.52,1.03,34.8,2.5,4.5
2000-01-19,4.3,4.5,24.3,29.0,21.2,80.8,39.4,41.9,47.1,284.0,37.59,63.79,3.35,1.52,0.3,34.8,6.57
2000-01-20,0.4,6.57,23.3,27.5,21.2,80.3,5.0,42.3,42.3,283.1,35.6,61.28,4.5,3.35,4.3,0.3,10.04
2000-01-21,4.8,10.04,22.1,27.7,19.0,81.8,9.5,47.1,47.1,287.9,30.6,55.51,6.57,4.5,0.4,4.3,8.95
2000-01-22,7.4,8.95,24.7,30.7,20.3,69.3,12.6,54.5,54.5,295.3,30.09,54.28,10.04,6.57,4.8,0.4,7.97
2000-01-23,0.0,7.97,25.7,30.2,21.4,63.3,12.2,52.0,54.5,230.0,31.87,55.51,8.95,10.04,7.4,4.8,8.38
2000-01-24,0.0,8.38,24.1,30.2,22.1,72.3,7.4,17.2,54.5,214.1,27.09,49.96,7.97,8.95,0.0,7.4,8.55
2000-01-25,1.1,8.55,24.0,30.3,20.5,70.3,1.1,18.0,55.6,213.1,23.02,44.97,8.38,7.97,0.0,0.0,8.75
2000-01-26,8.8,8.75,21.5,24.7,20.1,93.0,9.9,22.5,64.4,221.9,20.51,41.46,8.55,8.38,1.1,0.0,9.84
2000-01-27,20.5,9.84,20.5,22.8,19.5,93.0,30.4,42.6,84.9,234.7,24.91,45.23,8.75,8.55,8.8,1.1,15.22
2000-01-28,60.7,15.22,18.1,20.3,16.8,97.8,90.0,98.5,145.6,295.4,38.6,59.16,9.84,8.75,20.5,8.8,23.04
2000-01-29,28.1,23.04,20.4,23.7,17.6,88.3,109.3,119.2,173.7,289.1,84.4,107.87,15.22,9.84,60.7,20.5,24.82
2000-01-30,37.6,24.82,22.8,29.9,18.0,77.3,126.4,156.8,208.8,298.0,95.63,122.38,23.04,15.22,28.1,60.7,21.86
2000-01-31,68.3,21.86,21.0,24.1,19.0,86.8,134.0,225.1,242.3,342.2,113.24,143.98,24.82,23.04,37.6,28.1,19.84
2000-02-01,24.0,19.84,22.3,26.7,19.5,79.5,129.9,248.0,266.0,333.0,154.31,191.05,21.86,24.82,68.3,37.6,20.09
2000-02-02,3.8,20.09,20.8,26.0,17.0,87.5,96.1,243.0,265.5,323.4,151.57,193.55,19.84,21.86,24.0,68.3,18.77
2000-02-03,28.7,18.77,23.3,29.1,19.2,73.0,56.5,251.2,293.8,350.0,132.06,177.61,20.09,19.84,3.8,24.0,16.3
2000-02-04,57.9,16.3,24.5,29.4,19.8,70.0,90.4,248.4,346.9,399.2,136.65,185.68,18.77,20.09,28.7,3.8,14.17
2000-02-05,0.0,14.17,24.6,29.9,20.0,73.8,86.6,220.3,339.5,394.0,165.36,219.22,16.3,18.77,57.9,28.7,13.13
2000-02-06,58.3,13.13,22.9,28.9,19.8,77.5,116.2,241.0,397.8,452.3,140.56,197.3,14.17,16.3,0.0,57.9,13.72
2000-02-07,59.1,13.72,21.4,24.8,18.8,88.5,117.4,231.8,456.9,511.4,169.03,230.04,13.13,14.17,58.3,0.0,16.62
2000-02-08,15.8,16.62,20.8,23.1,19.4,90.8,133.2,223.6,471.6,527.2,193.91,260.23,13.72,13.13,59.1,58.3,17.11
2000-02-09,14.7,17.11,21.5,24.4,19.4,84.5,89.6,234.5,477.5,541.9,178.25,248.42,16.62,13.72,15.8,59.1,16.18
2000-02-10,3.9,16.18,23.8,28.7,19.4,66.5,34.4,209.7,460.9,545.8,164.01,236.81,17.11,16.62,14.7,15.8,13.55
2000-02-11,2.5,13.55,24.5,29.1,19.8,63.5,21.1,154.3,402.7,548.3,142.72,216.64,16.18,17.11,3.9,14.7,11.25
2000-02-12,0.0,11.25,24.3,28.3,20.8,65.8,6.4,154.3,374.6,548.3,123.44,197.23,13.55,16.18,2.5,3.9,9.28
2000-02-13,5.1,9.28,23.8,28.9,20.0,64.3,7.6,101.1,342.1,553.4,104.92,177.5,11.25,13.55,0.0,2.5,7.57
2000-02-14,0.0,7.57,24.7,28.8,21.0,59.3,5.1,42.0,273.8,553.4,93.52,164.34,9.28,11.25,5.1,0.0,6.13
2000-02-15,0.0,6.13,25.0,30.3,20.8,53.8,5.1,26.2,249.8,550.9,79.49,147.91,7.57,9.28,0.0,5.1,4.85
2000-02-16,0.0,4.85,26.0,31.3,20.1,51.3,0.0,11.5,246.0,516.1,67.57,133.12,6.13,7.57,0.0,0.0,3.75
2000-02-17,0.0,3.75,21.7,30.5,18.3,68.5,0.0,7.6,217.3,515.8,57.43,119.81,4.85,6.13,0.0,0.0,3.16
2000-02-18,85.7,3.16,21.2,26.3,16.6,75.8,85.7,90.8,245.1,597.2,48.82,107.83,3.75,4.85,0.0,0.0,3.56
2000-02-19,1.5,3.56,22.4,27.4,18.7,71.8,87.2,92.3,246.6,598.3,114.34,174.17,3.16,3.75,85.7,0.0,3.79
2000-02-20,0.0,3.79,22.1,25.1,19.4,69.3,87.2,87.2,188.3,593.5,98.46,158.11,3.56,3.16,1.5,85.7,3.25
2000-02-21,0.0,3.25,22.9,27.3,19.3,59.8,1.5,87.2,129.2,586.1,83.69,142.3,3.79,3.56,0.0,1.5,2.69
2000-02-22,0.0,2.69,23.6,28.1,19.5,58.8,0.0,87.2,113.4,586.1,71.14,128.07,3.25,3.79,0.0,0.0,2.13
2000-02-23,0.0,2.13,24.6,29.3,20.6,60.3,0.0,87.2,98.7,586.1,60.47,115.26,2.69,3.25,0.0,0.0,1.72
2000-02-24,0.0,1.72,23.6,28.3,20.3,76.5,0.0,87.2,94.8,585.0,51.4,103.73,2.13,2.69,0.0,0.0,1.5
2000-02-25,2.4,1.5,24.1,29.8,19.8,70.5,2.4,3.9,94.7,578.6,43.69,93.36,1.72,2.13,0.0,0.0,1.34
2000-02-26,0.0,1.34,25.1,30.5,22.0,63.0,2.4,2.4,94.7,558.1,39.18,86.18,1.5,1.72,2.4,0.0,1.28
2000-02-27,0.0,1.28,24.6,28.7,21.5,61.5,2.4,2.4,89.6,497.4,33.3,77.57,1.34,1.5,0.0,2.4,1.31
2000-02-28,0.0,1.31,24.3,29.5,20.7,61.3,0.0,2.4,89.6,469.3,28.3,69.81,1.28,1.34,0.0,0.0,1.53
2000-02-29,0.0,1.53,23.5,28.5,20.4,63.5,0.0,2.4,89.6,431.7,24.06,62.83,1.31,1.28,0.0,0.0,1.75
2000-03-01,0.0,1.75,22.9,27.5,19.8,68.8,0.0,2.4,89.6,363.4,20.45,56.55,1.53,1.31,0.0,0.0,1.65
2000-03-02,0.0,1.65,22.6,27.4,19.6,66.0,0.0,2.4,89.6,339.4,17.38,50.89,1.75,1.53,0.0,0.0,1.5
2000-03-03,0.0,1.5,23.9,28.1,20.2,60.3,0.0,0.0,3.9,335.6,14.78,45.8,1.65,1.75,0.0,0.0,1.4
2000-03-04,0.0,1.4,23.8,28.7,20.2,64.0,0.0,0.0,2.4,306.9,12.56,41.22,1.5,1.65,0.0,0.0,1.38
2000-03-05,0.0,1.38,23.4,27.7,19.7,64.3,0.0,0.0,2.4,249.0,10.68,37.1,1.4,1.5,0.0,0.0,1.31
2000-03-06,0.0,1.31,24.8,30.1,20.6,60.5,0.0,0.0,2.4,249.0,9.07,33.39,1.38,1.4,0.0,0.0,1.28
2000-03-07,0.0,1.28,25.7,31.7,20.3,56.0,0.0,0.0,2.4,190.7,7.71,30.05,1.31,1.38,0.0,0.0,1.69
2000-03-08,16.2,1.69,21.7,27.5,18.3,74.0,16.2,16.2,18.6,147.8,6.56,27.05,1.28,1.31,0.0,0.0,3.47
2000-03-09,0.9,3.47,21.4,26.5,19.2,81.5,17.1,17.1,19.5,132.9,19.34,38.92,1.69,1.28,16.2,0.0,4.5
2000-03-10,17.0,4.5,21.2,24.7,19.2,81.8,34.1,34.1,34.1,135.2,17.21,35.84,3.47,1.69,0.9,16.2,5.59
2000-03-11,23.5,5.59,20.0,24.7,17.8,92.3,41.4,57.6,57.6,154.8,29.08,47.55,4.5,3.47,17.0,0.9,9.21
2000-03-12,36.2,9.21,20.8,25.1,18.7,91.3,76.7,93.8,93.8,188.5,44.69,63.95,5.59,4.5,23.5,17.0,11.85
2000-03-13,33.1,11.85,21.5,25.8,18.3,77.5,92.8,126.9,126.9,221.6,68.76,90.13,9.21,5.59,36.2,23.5,11.68
2000-03-14,3.8,11.68,22.4,26.5,18.4,74.3,73.1,130.7,130.7,220.3,86.58,110.91,11.85,9.21,33.1,36.2,11.13
2000-03-15,0.0,11.13,23.4,27.9,19.4,71.5,36.9,114.5,130.7,220.3,76.82,103.24,11.68,11.85,3.8,33.1,10.72
2000-03-16,5.4,10.72,22.1,24.3,20.5,82.8,9.2,119.0,136.1,225.7,65.3,92.92,11.13,11.68,0.0,3.8,10.48
2000-03-17,8.5,10.48,22.6,26.3,20.0,83.0,13.9,110.5,144.6,234.2,60.09,88.48,10.72,11.13,5.4,0.0,9.26
2000-03-18,5.2,9.26,22.4,27.3,20.0,87.8,19.1,92.2,149.8,239.4,58.3,87.29,10.48,10.72,8.5,5.4,7.93
2000-03-19,6.9,7.93,22.3,26.7,20.0,80.8,20.6,62.9,156.7,160.6,53.98,83.24,9.26,10.48,5.2,8.5,6.59
2000-03-20,0.0,6.59,23.0,27.0,19.6,69.5,12.1,29.8,156.7,159.1,51.75,81.12,7.93,9.26,6.9,5.2,5.71
2000-03-21,0.0,5.71,22.5,25.5,19.6,72.8,6.9,26.0,156.7,159.1,43.98,73.01,6.59,7.93,0.0,6.9,4.69
2000-03-22,0.0,4.69,23.6,28.6,19.2,67.3,0.0,26.0,140.5,159.1,37.39,65.71,5.71,6.59,0.0,0.0,3.75
2000-03-23,0.0,3.75,23.6,28.3,19.2,67.5,0.0,20.6,139.6,159.1,31.78,59.14,4.69,5.71,0.0,0.0,3.35
2000-03-24,0.0,3.35,23.4,27.9,20.3,68.5,0.0,12.1,122.6,159.1,27.01,53.23,3.75,4.69,0.0,0.0,2.62
2000-03-25,0.0,2.62,24.7,29.3,20.7,68.5,0.0,6.9,99.1,159.1,22.96,47.9,3.35,3.75,0.0,0.0,2.13
2000-03-26,0.0,2.13,23.9,28.3,20.0,59.5,0.0,0.0,62.9,156.7,19.52,43.11,2.62,3.35,0.0,0.0,1.78
2000-03-27,0.0,1.78,23.9,28.3,20.3,66.5,0.0,0.0,29.8,156.7,16.59,38.8,2.13,2.62,0.0,0.0,1.56
2000-03-28,0.0,1.56,23.8,28.4,20.5,65.5,0.0,0.0,26.0,156.7,14.1,34.92,1.78,2.13,0.0,0.0,1.44
2000-03-29,1.1,1.44,23.7,28.6,20.0,60.8,1.1,1.1,27.1,157.8,11.99,31.43,1.56,1.78,0.0,0.0,1.38
2000-03-30,0.0,1.38,22.9,27.7,19.8,62.5,1.1,1.1,21.7,157.8,11.12,29.28,1.44,1.56,1.1,0.0,1.38
2000-03-31,0.0,1.38,22.7,26.8,19.6,66.5,1.1,1.1,13.2,157.8,9.45,26.35,1.38,1.44,0.0,1.1,1.38
2000-04-01,0.0,1.38,23.5,28.2,19.4,62.5,0.0,1.1,8.0,157.8,8.04,23.71,1.38,1.38,0.0,0.0,1.4
2000-04-02,0.0,1.4,23.1,27.7,19.3,70.0,0.0,1.1,1.1,157.8,6.83,21.34,1.38,1.38,0.0,0.0,1.4
2000-04-03,2.3,1.4,21.5,25.3,18.7,65.3,2.3,3.4,3.4,160.1,5.81,19.21,1.4,1.38,0.0,0.0,1.38
2000-04-04,0.0,1.38,20.5,26.5,15.6,61.0,2.3,3.4,3.4,160.1,6.89,19.36,1.4,1.4,2.3,0.0,1.38
2000-04-05,0.0,1.38,21.0,26.4,16.9,63.8,2.3,2.3,3.4,160.1,5.86,17.42,1.38,1.4,0.0,2.3,1.38
2000-04-06,0.0,1.38,22.1,27.1,18.2,63.0,0.0,2.3,3.4,160.1,4.98,15.68,1.38,1.38,0.0,0.0,1.38
2000-04-07,0.0,1.38,22.1,26.4,18.2,64.5,0.0,2.3,3.4,143.9,4.23,14.11,1.38,1.38,0.0,0.0,1.34
2000-04-08,0.0,1.34,22.3,26.5,18.6,66.3,0.0,2.3,3.4,143.0,3.6,12.7,1.38,1.38,0.0,0.0,1.34
2000-04-09,0.4,1.34,22.8,28.3,19.3,69.5,0.4,2.7,3.8,126.4,3.06,11.43,1.34,1.38,0.0,0.0,1.34
2000-04-10,0.0,1.34,22.6,28.1,19.0,71.0,0.4,0.4,3.8,102.9,2.94,10.65,1.34,1.34,0.4,0.0,1.34
2000-04-11,4.1,1.34,23.0,28.3,19.6,69.8,4.5,4.5,7.9,70.8,2.5,9.58,1.34,1.34,0.0,0.4,1.38
2000-04-12,0.0,1.38,24.1,30.2,18.8,59.8,4.1,4.5,6.8,37.7,5.61,12.31,1.34,1.34,4.1,0.0,1.47
2000-04-13,0.8,1.47,22.5,28.7,18.4,75.8,4.9,5.3,7.6,34.7,4.77,11.08,1.38,1.34,0.0,4.1,1.88
2000-04-14,2.7,1.88,24.0,28.5,20.1,69.5,3.5,8.0,10.3,37.4,4.73,10.69,1.47,1.38,0.8,0.0,2.66
2000-04-15,9.9,2.66,23.7,27.8,20.6,66.0,13.4,17.9,20.2,41.9,6.32,12.06,1.88,1.47,2.7,0.8,2.34
2000-04-16,0.0,2.34,22.5,26.8,18.4,74.3,12.6,17.5,20.2,33.4,13.78,19.76,2.66,1.88,9.9,2.7,1.97
2000-04-17,2.8,1.97,22.5,27.7,18.9,69.0,12.7,20.3,20.7,31.0,11.72,17.78,2.34,2.66,0.0,9.9,1.69
2000-04-18,0.0,1.69,21.4,26.3,19.0,81.8,2.8,16.2,20.7,24.1,12.34,18.53,1.97,2.34,2.8,0.0,1.47
2000-04-19,0.0,1.47,22.6,27.1,18.4,86.0,2.8,16.2,20.7,24.1,10.49,16.67,1.69,1.97,0.0,2.8,1.47
2000-04-20,5.5,1.47,21.9,25.8,19.8,90.0,5.5,20.9,26.2,29.6,8.92,15.01,1.47,1.69,0.0,0.0,1.53
2000-04-21,9.4,1.53,21.0,26.6,17.2,47.0,14.9,27.6,35.6,39.0,12.25,18.45,1.47,1.47,5.5,0.0,1.4
2000-04-22,0.0,1.4,20.2,26.7,14.2,56.0,14.9,17.7,35.6,39.0,18.4,25.07,1.53,1.47,9.4,5.5,1.38
2000-04-23,0.0,1.38,20.4,26.3,16.2,58.3,9.4,17.7,35.2,39.0,15.64,22.56,1.4,1.53,0.0,9.4,1.38
2000-04-24,0.0,1.38,20.9,26.8,16.0,56.8,0.0,14.9,35.2,39.0,13.3,20.31,1.38,1.4,0.0,0.0,1.34
2000-04-25,0.0,1.34,19.8,24.7,15.2,58.0,0.0,14.9,31.1,39.0,11.3,18.28,1.38,1.38,0.0,0.0,1.34
2000-04-26,0.0,1.34,19.8,24.5,16.0,58.5,0.0,14.9,31.1,39.0,9.61,16.45,1.34,1.38,0.0,0.0,1.34
2000-04-27,0.0,1.34,20.4,25.4,16.4,57.8,0.0,9.4,30.3,39.0,8.17,14.8,1.34,1.34,0.0,0.0,1.31
2000-04-28,0.0,1.31,21.0,24.3,17.0,67.8,0.0,0.0,27.6,37.9,6.94,13.32,1.34,1.34,0.0,0.0,1.31
2000-04-29,0.0,1.31,21.9,26.6,17.9,59.0,0.0,0.0,17.7,37.9,5.9,11.99,1.31,1.34,0.0,0.0,1.31
2000-04-30,0.0,1.31,21.0,21.9,18.6,70.3,0.0,0.0,17.7,37.9,5.02,10.79,1.31,1.31,0.0,0.0,1.31
2000-05-01,0.0,1.31,21.2,24.9,18.2,67.5,0.0,0.0,14.9,37.9,4.26,9.71,1.31,1.31,0.0,0.0,1.31
2000-05-02,0.0,1.31,21.0,24.3,17.6,71.3,0.0,0.0,14.9,37.9,3.62,8.74,1.31,1.31,0.0,0.0,1.28
2000-05-03,0.0,1.28,22.1,26.8,18.8,66.0,0.0,0.0,14.9,35.6,3.08,7.87,1.31,1.31,0.0,0.0,1.28
2000-05-04,0.0,1.28,21.9,26.2,19.0,56.8,0.0,0.0,9.4,35.6,2.62,7.08,1.28,1.31,0.0,0.0,1.28
2000-05-05,0.0,1.28,21.6,26.6,17.8,62.8,0.0,0.0,0.0,35.6,2.23,6.37,1.28,1.28,0.0,0.0,1.28
2000-05-06,0.0,1.28,22.3,28.6,17.5,60.8,0.0,0.0,0.0,35.6,1.89,5.74,1.28,1.28,0.0,0.0,1.25
2000-05-07,0.0,1.25,23.6,28.7,19.0,58.3,0.0,0.0,0.0,35.6,1.61,5.16,1.28,1.28,0.0,0.0,1.25
2000-05-08,6.9,1.25,22.4,26.8,19.8,72.0,6.9,6.9,6.9,42.5,1.37,4.65,1.25,1.28,0.0,0.0,1.25
2000-05-09,0.0,1.25,23.7,28.6,19.6,58.0,6.9,6.9,6.9,42.1,7.03,10.39,1.25,1.25,6.9,0.0,1.25
2000-05-10,0.0,1.25,21.3,26.3,17.5,58.0,6.9,6.9,6.9,42.1,5.97,9.35,1.25,1.25,0.0,6.9,1.25
2000-05-11,0.0,1.25,18.0,22.8,14.6,57.3,0.0,6.9,6.9,38.0,5.08,8.42,1.25,1.25,0.0,0.0,1.22
2000-05-12,0.0,1.22,17.7,22.3,12.6,55.0,0.0,6.9,6.9,38.0,4.32,7.57,1.25,1.25,0.0,0.0,1.22
2000-05-13,0.0,1.22,18.3,23.3,13.6,57.8,0.0,6.9,6.9,37.2,3.67,6.82,1.22,1.25,0.0,0.0,1.22
2000-05-14,0.0,1.22,18.3,23.3,14.7,62.0,0.0,6.9,6.9,34.5,3.12,6.14,1.22,1.22,0.0,0.0,1.22
2000-05-15,0.0,1.22,19.5,25.4,14.2,59.3,0.0,0.0,6.9,24.6,2.65,5.52,1.22,1.22,0.0,0.0,1.22
2000-05-16,0.0,1.22,20.7,27.3,14.5,59.0,0.0,0.0,6.9,24.6,2.25,4.97,1.22,1.22,0.0,0.0,1.19
2000-05-17,0.0,1.19,21.7,27.5,16.3,53.8,0.0,0.0,6.9,21.8,1.91,4.47,1.22,1.22,0.0,0.0,1.19
2000-05-18,0.0,1.19,20.6,25.6,17.2,57.0,0.0,0.0,6.9,21.8,1.63,4.03,1.19,1.22,0.0,0.0,1.19
2000-05-19,0.0,1.19,18.6,24.9,13.2,47.0,0.0,0.0,6.9,21.8,1.38,3.62,1.19,1.19,0.0,0.0,1.19
2000-05-20,0.0,1.19,19.3,25.7,14.2,57.5,0.0,0.0,6.9,16.3,1.18,3.26,1.19,1.19,0.0,0.0,1.19
2000-05-21,0.0,1.19,18.2,23.9,14.3,71.3,0.0,0.0,6.9,6.9,1.0,2.93,1.19,1.19,0.0,0.0,1.19
2000-05-22,0.0,1.19,17.6,20.8,14.5,69.0,0.0,0.0,0.0,6.9,0.85,2.64,1.19,1.19,0.0,0.0,1.16
2000-05-23,0.0,1.16,18.6,23.6,15.6,64.0,0.0,0.0,0.0,6.9,0.72,2.38,1.19,1.19,0.0,0.0,1.16
2000-05-24,0.0,1.16,17.4,21.7,13.9,57.3,0.0,0.0,0.0,6.9,0.61,2.14,1.16,1.19,0.0,0.0,1.16
2000-05-25,0.0,1.16,18.4,23.0,14.4,54.5,0.0,0.0,0.0,6.9,0.52,1.93,1.16,1.16,0.0,0.0,1.16
2000-05-26,0.0,1.16,19.8,26.1,13.8,53.0,0.0,0.0,0.0,6.9,0.44,1.73,1.16,1.16,0.0,0.0,1.12
2000-05-27,0.0,1.12,21.8,27.2,15.0,49.0,0.0,0.0,0.0,6.9,0.38,1.56,1.16,1.16,0.0,0.0,1.16
2000-05-28,0.0,1.16,20.3,26.9,16.8,67.3,0.0,0.0,0.0,6.9,0.32,1.4,1.12,1.16,0.0,0.0,1.16
2000-05-29,3.2,1.16,20.3,25.1,16.1,68.8,3.2,3.2,3.2,10.1,0.27,1.26,1.16,1.12,0.0,0.0,1.16
2000-05-30,0.0,1.16,21.3,27.2,16.1,56.5,3.2,3.2,3.2,10.1,2.95,4.02,1.16,1.16,3.2,0.0,1.12
2000-05-31,0.0,1.12,21.1,27.5,16.0,52.5,3.2,3.2,3.2,10.1,2.51,3.62,1.16,1.16,0.0,3.2,1.12
2000-06-01,0.0,1.12,22.6,27.5,18.4,55.3,0.0,3.2,3.2,10.1,2.13,3.25,1.12,1.16,0.0,0.0,1.12
2000-06-02,0.0,1.12,21.3,26.9,17.7,68.3,0.0,3.2,3.2,10.1,1.81,2.93,1.12,1.12,0.0,0.0,1.12
2000-06-03,0.0,1.12,19.8,24.4,17.1,68.5,0.0,3.2,3.2,10.1,1.54,2.64,1.12,1.12,0.0,0.0,1.12
2000-06-04,0.0,1.12,18.2,22.1,15.0,60.8,0.0,3.2,3.2,10.1,1.31,2.37,1.12,1.12,0.0,0.0,1.09
2000-06-05,0.0,1.09,16.4,19.6,14.3,61.8,0.0,0.0,3.2,10.1,1.11,2.13,1.12,1.12,0.0,0.0,1.09
2000-06-06,0.0,1.09,17.6,21.3,14.0,60.0,0.0,0.0,3.2,10.1,0.95,1.92,1.09,1.12,0.0,0.0,1.09
2000-06-07,0.0,1.09,17.8,22.3,14.3,64.0,0.0,0.0,3.2,3.2,0.8,1.73,1.09,1.09,0.0,0.0,1.09
2000-06-08,0.0,1.09,19.3,25.3,14.1,64.8,0.0,0.0,3.2,3.2,0.68,1.56,1.09,1.09,0.0,0.0,1.09
2000-06-09,0.0,1.09,19.8,25.0,14.8,58.5,0.0,0.0,3.2,3.2,0.58,1.4,1.09,1.09,0.0,0.0,1.06
2000-06-10,0.0,1.06,19.6,24.5,14.8,44.8,0.0,0.0,3.2,3.2,0.49,1.26,1.09,1.09,0.0,0.0,1.06
2000-06-11,0.0,1.06,19.1,24.9,14.8,57.5,0.0,0.0,3.2,3.2,0.42,1.13,1.06,1.09,0.0,0.0,1.06
2000-06-12,0.0,1.06,19.8,25.7,14.4,60.3,0.0,0.0,0.0,3.2,0.36,1.02,1.06,1.06,0.0,0.0,1.06
2000-06-13,0.0,1.06,20.6,25.1,16.1,61.5,0.0,0.0,0.0,3.2,0.3,0.92,1.06,1.06,0.0,0.0,1.06
2000-06-14,0.0,1.06,20.2,24.8,16.3,62.3,0.0,0.0,0.0,3.2,0.26,0.83,1.06,1.06,0.0,0.0,1.06
2000-06-15,0.0,1.06,19.5,23.3,16.8,62.5,0.0,0.0,0.0,3.2,0.22,0.74,1.06,1.06,0.0,0.0,1.03
2000-06-16,0.0,1.03,19.2,24.5,14.8,64.3,0.0,0.0,0.0,3.2,0.19,0.67,1.06,1.06,0.0,0.0,1.03
2000-06-17,0.0,1.03,19.5,24.7,15.8,60.8,0.0,0.0,0.0,3.2,0.16,0.6,1.03,1.06,0.0,0.0,1.03
2000-06-18,0.0,1.03,19.6,24.8,15.1,62.8,0.0,0.0,0.0,3.2,0.13,0.54,1.03,1.03,0.0,0.0,1.03
2000-06-19,0.0,1.03,20.5,25.5,15.5,58.0,0.0,0.0,0.0,3.2,0.11,0.49,1.03,1.03,0.0,0.0,1.03
2000-06-20,0.0,1.03,21.0,26.9,16.0,59.0,0.0,0.0,0.0,3.2,0.1,0.44,1.03,1.03,0.0,0.0,1.0
2000-06-21,0.0,1.0,20.6,26.3,16.0,57.5,0.0,0.0,0.0,3.2,0.08,0.4,1.03,1.03,0.0,0.0,1.0
2000-06-22,0.0,1.0,18.7,25.3,13.2,39.0,0.0,0.0,0.0,3.2,0.07,0.36,1.0,1.03,0.0,0.0,1.0
2000-06-23,0.0,1.0,18.1,23.0,14.6,56.0,0.0,0.0,0.0,3.2,0.06,0.32,1.0,1.0,0.0,0.0,1.0
2000-06-24,0.0,1.0,18.4,25.1,13.8,53.5,0.0,0.0,0.0,3.2,0.05,0.29,1.0,1.0,0.0,0.0,1.0
2000-06-25,0.0,1.0,18.4,26.5,12.2,45.0,0.0,0.0,0.0,3.2,0.04,0.26,1.0,1.0,0.0,0.0,0.97
2000-06-26,0.0,0.97,20.1,27.9,14.1,46.0,0.0,0.0,0.0,3.2,0.04,0.23,1.0,1.0,0.0,0.0,0.99
2000-06-27,0.0,0.99,19.5,21.8,14.0,43.3,0.0,0.0,0.0,3.2,0.03,0.21,0.97,1.0,0.0,0.0,0.97
2000-06-28,0.0,0.97,19.3,24.9,14.2,50.8,0.0,0.0,0.0,0.0,0.03,0.19,0.99,0.97,0.0,0.0,0.97
2000-06-30,0.0,0.95,20.4,27.1,15.0,54.3,0.0,0.0,0.0,0.0,0.02,0.15,0.97,0.97,0.0,0.0,0.95
2000-07-01,0.0,0.95,20.8,25.2,16.2,48.3,0.0,0.0,0.0,0.0,0.02,0.14,0.95,0.97,0.0,0.0,0.95
2000-07-02,0.0,0.95,19.2,24.1,15.8,63.0,0.0,0.0,0.0,0.0,0.01,0.12,0.95,0.95,0.0,0.0,0.94
2000-07-03,0.0,0.94,18.9,24.1,14.0,56.0,0.0,0.0,0.0,0.0,0.01,0.11,0.95,0.95,0.0,0.0,0.94
2000-07-04,0.0,0.94,18.5,22.5,14.9,57.3,0.0,0.0,0.0,0.0,0.01,0.1,0.94,0.95,0.0,0.0,0.94
2000-07-05,0.0,0.94,18.4,22.1,15.0,60.5,0.0,0.0,0.0,0.0,0.01,0.09,0.94,0.94,0.0,0.0,0.92
2000-07-06,0.0,0.92,18.3,22.3,16.2,65.3,0.0,0.0,0.0,0.0,0.01,0.08,0.94,0.94,0.0,0.0,0.92
2000-07-07,0.0,0.92,19.2,25.3,15.0,59.3,0.0,0.0,0.0,0.0,0.01,0.07,0.92,0.94,0.0,0.0,0.92
2000-07-08,0.0,0.92,19.0,23.9,15.8,64.5,0.0,0.0,0.0,0.0,0.01,0.07,0.92,0.92,0.0,0.0,0.91
2000-07-09,0.0,0.91,19.4,24.9,15.2,59.8,0.0,0.0,0.0,0.0,0.0,0.06,0.92,0.92,0.0,0.0,0.91
2000-07-10,0.0,0.91,19.8,25.4,15.4,67.3,0.0,0.0,0.0,0.0,0.0,0.05,0.91,0.92,0.0,0.0,0.91
2000-07-11,0.0,0.91,20.3,26.7,15.7,67.5,0.0,0.0,0.0,0.0,0.0,0.05,0.91,0.91,0.0,0.0,0.89
2000-07-12,0.0,0.89,21.2,27.5,16.0,63.0,0.0,0.0,0.0,0.0,0.0,0.04,0.91,0.91,0.0,0.0,0.89
2000-07-13,0.0,0.89,19.1,21.5,17.3,66.5,0.0,0.0,0.0,0.0,0.0,0.04,0.89,0.91,0.0,0.0,0.89
2000-07-14,0.0,0.89,17.6,21.6,15.2,71.8,0.0,0.0,0.0,0.0,0.0,0.04,0.89,0.89,0.0,0.0,0.87
2000-07-15,0.0,0.87,19.1,25.1,15.1,64.8,0.0,0.0,0.0,0.0,0.0,0.03,0.89,0.89,0.0,0.0,0.91
2000-07-16,0.0,0.91,16.5,21.0,14.9,72.8,0.0,0.0,0.0,0.0,0.0,0.03,0.87,0.89,0.0,0.0,0.91
2000-07-17,6.8,0.91,12.8,19.3,8.7,45.0,6.8,6.8,6.8,6.8,0.0,0.03,0.91,0.87,0.0,0.0,0.89
2000-07-18,0.2,0.89,15.0,22.0,9.2,53.3,7.0,7.0,7.0,7.0,5.78,6.14,0.91,0.91,6.8,0.0,0.89
2000-07-19,0.0,0.89,17.7,25.8,11.5,49.3,7.0,7.0,7.0,7.0,5.08,5.71,0.89,0.91,0.2,6.8,0.87
2000-07-20,0.0,0.87,18.4,23.7,14.1,49.3,0.2,7.0,7.0,7.0,4.32,5.14,0.89,0.89,0.0,0.2,0.86
2000-07-21,0.0,0.86,18.5,23.0,15.2,68.5,0.0,7.0,7.0,7.0,3.67,4.62,0.87,0.89,0.0,0.0,0.86
2000-07-22,0.0,0.86,20.5,27.1,15.8,64.5,0.0,7.0,7.0,7.0,3.12,4.16,0.86,0.87,0.0,0.0,0.86
2000-07-23,0.0,0.86,20.7,25.1,16.4,63.0,0.0,7.0,7.0,7.0,2.65,3.75,0.86,0.86,0.0,0.0,0.86
2000-07-24,0.0,0.86,20.6,25.4,16.3,63.0,0.0,0.2,7.0,7.0,2.26,3.37,0.86,0.86,0.0,0.0,0.86
2000-07-25,0.0,0.86,18.8,23.2,16.6,74.5,0.0,0.0,7.0,7.0,1.92,3.03,0.86,0.86,0.0,0.0,0.86
2000-07-26,2.8,0.86,18.3,21.8,15.4,77.0,2.8,2.8,9.8,9.8,1.63,2.73,0.86,0.86,0.0,0.0,0.85
2000-07-27,0.0,0.85,18.5,23.7,14.7,61.3,2.8,2.8,9.8,9.8,3.77,4.98,0.86,0.86,2.8,0.0,0.85
2000-07-28,0.0,0.85,16.9,23.3,12.6,62.3,2.8,2.8,9.8,9.8,3.2,4.48,0.85,0.86,0.0,2.8,0.83
2000-07-29,0.0,0.83,16.1,21.2,12.4,56.3,0.0,2.8,9.8,9.8,2.72,4.03,0.85,0.85,0.0,0.0,0.83
2000-07-30,0.0,0.83,17.5,24.1,12.1,48.8,0.0,2.8,9.8,9.8,2.31,3.63,0.83,0.85,0.0,0.0,0.81
2000-07-31,0.0,0.81,18.7,24.7,12.8,43.3,0.0,2.8,3.0,9.8,1.97,3.27,0.83,0.83,0.0,0.0,0.81
2000-08-01,0.0,0.81,18.0,22.5,14.6,61.8,0.0,2.8,2.8,9.8,1.67,2.94,0.81,0.83,0.0,0.0,0.81
2000-08-02,0.0,0.81,18.9,23.3,16.2,66.0,0.0,0.0,2.8,9.8,1.42,2.65,0.81,0.81,0.0,0.0,0.8
2000-08-03,0.0,0.8,20.0,25.1,16.0,60.5,0.0,0.0,2.8,9.8,1.21,2.38,0.81,0.81,0.0,0.0,0.87
2000-08-04,1.3,0.87,19.2,25.4,15.8,65.3,1.3,1.3,4.1,11.1,1.03,2.14,0.8,0.81,0.0,0.0,0.91
2000-08-05,2.1,0.91,16.0,21.6,12.2,59.3,3.4,3.4,6.2,13.2,1.98,3.1,0.87,0.8,1.3,0.0,0.85
2000-08-06,0.0,0.85,17.8,24.9,12.0,50.5,3.4,3.4,6.2,13.2,3.47,4.68,0.91,0.87,2.1,1.3,0.81
2000-08-07,0.0,0.81,19.9,27.3,13.2,34.5,2.1,3.4,6.2,13.2,2.95,4.21,0.85,0.91,0.0,2.1,0.8
2000-08-08,0.0,0.8,21.8,29.0,14.4,38.5,0.0,3.4,6.2,13.2,2.5,3.79,0.81,0.85,0.0,0.0,0.8
2000-08-09,0.0,0.8,21.7,28.2,17.2,50.8,0.0,3.4,3.4,13.2,2.13,3.41,0.8,0.81,0.0,0.0,0.78
2000-08-10,0.0,0.78,23.3,28.9,16.8,46.8,0.0,3.4,3.4,13.2,1.81,3.07,0.8,0.8,0.0,0.0,0.78
2000-08-11,0.0,0.78,22.1,27.3,18.0,63.0,0.0,2.1,3.4,13.2,1.54,2.76,0.78,0.8,0.0,0.0,0.77
2000-08-12,0.0,0.77,17.2,24.4,14.4,58.3,0.0,0.0,3.4,13.2,1.31,2.49,0.78,0.78,0.0,0.0,0.77
2000-08-13,0.0,0.77,15.7,22.1,10.1,53.5,0.0,0.0,3.4,13.2,1.11,2.24,0.77,0.78,0.0,0.0,0.77
2000-08-14,0.0,0.77,17.3,24.1,12.7,54.3,0.0,0.0,3.4,13.2,0.94,2.01,0.77,0.77,0.0,0.0,0.75
2000-08-15,0.0,0.75,19.0,26.1,13.0,49.0,0.0,0.0,3.4,13.2,0.8,1.81,0.77,0.77,0.0,0.0,0.75
2000-08-16,0.0,0.75,21.7,28.3,14.8,46.0,0.0,0.0,3.4,6.4,0.68,1.63,0.75,0.77,0.0,0.0,0.75
2000-08-17,0.0,0.75,19.0,24.1,14.8,60.3,0.0,0.0,3.4,6.2,0.58,1.47,0.75,0.75,0.0,0.0,0.73
2000-08-18,0.0,0.73,20.5,26.4,15.0,57.5,0.0,0.0,2.1,6.2,0.49,1.32,0.75,0.75,0.0,0.0,0.73
2000-08-19,0.0,0.73,20.9,26.7,15.3,51.5,0.0,0.0,0.0,6.2,0.42,1.19,0.73,0.75,0.0,0.0,0.73
2000-08-20,0.0,0.73,20.1,25.5,16.9,56.3,0.0,0.0,0.0,6.2,0.36,1.07,0.73,0.73,0.0,0.0,0.72
2000-08-21,0.0,0.72,20.4,25.8,15.4,51.8,0.0,0.0,0.0,6.2,0.3,0.96,0.73,0.73,0.0,0.0,0.72
2000-08-22,0.0,0.72,20.3,25.7,16.2,53.0,0.0,0.0,0.0,6.2,0.26,0.87,0.72,0.73,0.0,0.0,0.72
2000-08-23,0.0,0.72,21.4,27.5,15.4,51.5,0.0,0.0,0.0,6.2,0.22,0.78,0.72,0.72,0.0,0.0,0.7
2000-08-24,0.0,0.7,22.5,29.5,15.6,45.0,0.0,0.0,0.0,6.2,0.19,0.7,0.72,0.72,0.0,0.0,0.7
2000-08-25,0.0,0.7,24.2,30.5,18.4,46.3,0.0,0.0,0.0,3.4,0.16,0.63,0.7,0.72,0.0,0.0,0.7
2000-08-26,0.0,0.7,25.2,32.3,19.4,45.5,0.0,0.0,0.0,3.4,0.13,0.57,0.7,0.7,0.0,0.0,0.69
2000-08-27,0.0,0.69,25.9,32.3,20.4,45.8,0.0,0.0,0.0,3.4,0.11,0.51,0.7,0.7,0.0,0.0,0.69
2000-08-28,0.0,0.69,22.0,27.4,18.8,72.8,0.0,0.0,0.0,3.4,0.1,0.46,0.69,0.7,0.0,0.0,1.34
2000-08-29,25.9,1.34,18.1,19.2,17.4,87.8,25.9,25.9,25.9,29.3,0.08,0.41,0.69,0.69,0.0,0.0,2.22
2000-08-30,4.3,2.22,19.4,24.1,15.5,70.3,30.2,30.2,30.2,33.6,22.09,23.68,1.34,0.69,25.9,0.0,2.05
2000-08-31,0.0,2.05,20.6,23.6,18.2,68.3,30.2,30.2,30.2,33.6,22.43,25.18,2.22,1.34,4.3,25.9,1.42
2000-09-01,0.0,1.42,22.4,27.9,17.2,61.5,4.3,30.2,30.2,33.6,19.06,22.67,2.05,2.22,0.0,4.3,1.33
2000-09-02,0.1,1.33,19.3,23.3,18.4,87.0,0.1,30.3,30.3,33.7,16.2,20.4,1.42,2.05,0.0,0.0,1.47
2000-09-03,21.3,1.47,18.0,19.4,16.6,92.3,21.4,51.6,51.6,53.7,13.86,18.45,1.33,1.42,0.1,0.0,1.38
2000-09-04,22.4,1.38,16.3,20.2,14.8,73.0,43.8,74.0,74.0,74.0,29.88,35.77,1.47,1.33,21.3,0.1,1.11
2000-09-05,0.0,1.11,17.6,22.0,14.5,69.0,43.7,48.1,74.0,74.0,44.44,52.36,1.38,1.47,22.4,21.3,1.47
2000-09-06,0.0,1.47,16.1,17.4,15.1,84.3,22.4,43.8,74.0,74.0,37.78,47.12,1.11,1.38,0.0,22.4,2.66
2000-09-07,9.6,2.66,17.0,20.8,14.8,77.0,9.6,53.4,83.6,83.6,32.11,42.41,1.47,1.11,0.0,0.0,2.83
2000-09-08,0.0,2.83,18.1,22.7,14.4,63.5,9.6,53.4,83.6,83.6,35.45,46.81,2.66,1.47,9.6,0.0,2.09
2000-09-09,0.0,2.09,16.2,18.4,15.4,87.0,9.6,53.3,83.6,83.6,30.13,42.13,2.83,2.66,0.0,9.6,1.69
2000-09-10,2.1,1.69,19.4,24.6,14.5,89.5,2.1,34.1,85.7,85.7,25.61,37.91,2.09,2.83,0.0,0.0,1.16
2000-09-11,0.0,1.16,20.7,25.8,16.5,59.0,2.1,11.7,85.7,85.7,23.56,36.01,1.69,2.09,2.1,0.0,0.91
2000-09-12,0.0,0.91,20.2,24.5,17.2,65.5,2.1,11.7,59.8,85.7,20.02,32.41,1.16,1.69,0.0,2.1,0.83
2000-09-13,0.0,0.83,20.7,23.8,17.2,69.5,0.0,11.7,55.5,85.7,17.02,29.17,0.91,1.16,0.0,0.0,0.8
2000-09-14,0.0,0.8,22.3,26.2,19.2,60.3,0.0,2.1,55.5,85.7,14.47,26.25,0.83,0.91,0.0,0.0,0.78
2000-09-15,0.0,0.78,22.5,27.3,18.2,61.8,0.0,2.1,55.5,85.7,12.3,23.63,0.8,0.83,0.0,0.0,0.78
2000-09-16,1.3,0.78,22.7,28.3,18.2,62.5,1.3,3.4,56.7,87.0,10.45,21.27,0.78,0.8,0.0,0.0,0.78
2000-09-17,1.9,0.78,22.5,26.3,20.0,67.3,3.2,3.2,37.3,88.9,9.99,20.31,0.78,0.78,1.3,0.0,0.77
2000-09-18,2.4,0.77,21.9,26.1,18.9,65.0,5.6,5.6,17.3,91.3,10.11,19.99,0.78,0.78,1.9,1.3,0.77
2000-09-19,0.0,0.77,22.3,27.3,18.4,58.0,4.3,5.6,17.3,91.3,10.63,20.15,0.77,0.78,2.4,1.9,0.75
2000-09-20,0.0,0.75,21.5,26.8,17.5,54.3,2.4,5.6,17.3,91.3,9.04,18.13,0.77,0.77,0.0,2.4,0.75
2000-09-21,0.0,0.75,21.9,27.9,17.3,52.3,0.0,5.6,7.7,91.3,7.68,16.32,0.75,0.77,0.0,0.0,0.73
2000-09-22,0.0,0.73,23.6,30.3,17.0,48.5,0.0,5.6,7.7,91.3,6.53,14.69,0.75,0.75,0.0,0.0,0.73
2000-09-23,0.0,0.73,23.0,28.6,18.2,49.8,0.0,4.3,7.7,91.3,5.55,13.22,0.73,0.75,0.0,0.0,0.73
2000-09-24,0.0,0.73,23.4,29.4,17.8,46.3,0.0,2.4,5.6,91.3,4.72,11.9,0.73,0.73,0.0,0.0,0.72
2000-09-25,0.0,0.72,23.8,30.2,18.8,51.5,0.0,0.0,5.6,91.3,4.01,10.71,0.73,0.73,0.0,0.0,0.77
2000-09-26,0.0,0.77,17.2,22.0,15.1,74.0,0.0,0.0,5.6,91.3,3.41,9.64,0.72,0.73,0.0,0.0,0.85
2000-09-27,5.8,0.85,16.1,19.4,14.3,75.3,5.8,5.8,11.4,97.1,2.9,8.67,0.77,0.72,0.0,0.0,0.8
2000-09-28,1.3,0.8,17.8,21.5,14.0,68.8,7.1,7.1,12.7,72.5,7.39,13.03,0.85,0.77,5.8,0.0,0.77
2000-09-29,0.0,0.77,20.8,26.2,15.6,58.0,7.1,7.1,12.7,68.2,7.39,12.89,0.8,0.85,1.3,5.8,0.75
2000-09-30,0.0,0.75,21.7,27.1,15.8,53.0,1.3,7.1,11.4,68.2,6.28,11.6,0.77,0.8,0.0,1.3,0.73
2000-10-01,0.0,0.73,20.5,28.4,17.8,70.5,0.0,7.1,9.5,68.2,5.34,10.44,0.75,0.77,0.0,0.0,0.72
2000-10-02,5.8,0.72,22.8,29.4,15.4,56.5,5.8,12.9,12.9,73.9,4.54,9.4,0.73,0.75,0.0,0.0,0.72
2000-10-03,0.0,0.72,25.4,32.0,18.8,48.3,5.8,12.9,12.9,52.6,8.79,13.68,0.72,0.73,5.8,0.0,0.7
2000-10-04,0.0,0.7,27.4,34.4,20.8,43.8,5.8,7.1,12.9,30.2,7.47,12.31,0.72,0.72,0.0,5.8,0.75
2000-10-05,0.0,0.75,26.7,31.8,22.8,49.3,0.0,5.8,12.9,30.2,6.35,11.08,0.7,0.72,0.0,0.0,1.19
2000-10-06,3.2,1.19,24.3,30.4,21.1,63.5,3.2,9.0,16.1,33.4,5.4,9.97,0.75,0.7,0.0,0.0,1.75
2000-10-07,13.6,1.75,23.4,28.5,20.2,72.3,16.8,22.6,29.7,37.4,7.31,11.86,1.19,0.75,3.2,0.0,1.53
2000-10-08,0.0,1.53,23.7,29.5,20.0,61.0,16.8,22.6,29.7,37.4,17.77,22.91,1.75,1.19,13.6,3.2,1.12
2000-10-09,0.0,1.12,22.8,27.9,19.0,59.5,13.6,16.8,29.7,37.4,15.11,20.62,1.53,1.75,0.0,13.6,0.87
2000-10-10,0.0,0.87,24.0,30.5,18.8,49.5,0.0,16.8,29.7,35.3,12.84,18.56,1.12,1.53,0.0,0.0,0.78
2000-10-11,0.0,0.78,24.9,31.1,18.9,42.5,0.0,16.8,23.9,35.3,10.91,16.7,0.87,1.12,0.0,0.0,0.75
2000-10-12,0.0,0.75,26.3,33.4,20.3,42.5,0.0,16.8,22.6,35.3,9.28,15.03,0.78,0.87,0.0,0.0,0.73
2000-10-13,0.0,0.73,26.8,33.2,21.8,37.3,0.0,13.6,22.6,35.3,7.88,13.53,0.75,0.78,0.0,0.0,0.72
2000-10-14,0.0,0.72,26.4,31.8,21.9,33.0,0.0,0.0,22.6,35.3,6.7,12.18,0.73,0.75,0.0,0.0,0.7
2000-10-15,0.0,0.7,25.7,30.5,21.9,48.3,0.0,0.0,22.6,35.3,5.7,10.96,0.72,0.73,0.0,0.0,0.7
2000-10-16,0.0,0.7,23.2,27.7,20.1,56.8,0.0,0.0,16.8,34.0,4.84,9.86,0.7,0.72,0.0,0.0,0.69
2000-10-17,0.0,0.69,23.9,30.0,19.1,50.8,0.0,0.0,16.8,32.1,4.12,8.88,0.7,0.7,0.0,0.0,0.69
2000-10-18,0.0,0.69,25.4,31.1,20.5,51.3,0.0,0.0,16.8,29.7,3.5,7.99,0.69,0.7,0.0,0.0,0.67
2000-10-19,0.0,0.67,26.0,31.3,21.3,48.8,0.0,0.0,16.8,29.7,2.97,7.19,0.69,0.69,0.0,0.0,0.67
2000-10-20,0.0,0.67,25.9,33.9,22.0,51.8,0.0,0.0,13.6,29.7,2.53,6.47,0.67,0.69,0.0,0.0,0.66
2000-10-21,0.0,0.66,27.2,33.9,21.3,48.5,0.0,0.0,0.0,29.7,2.15,5.82,0.67,0.67,0.0,0.0,0.66
2000-10-22,0.0,0.66,23.5,31.8,19.5,67.5,0.0,0.0,0.0,29.7,1.83,5.24,0.66,0.67,0.0,0.0,0.66
2000-10-23,35.5,0.66,25.8,32.1,19.5,50.0,35.5,35.5,35.5,65.2,1.55,4.72,0.66,0.66,0.0,0.0,0.66
2000-10-24,0.0,0.66,26.1,31.5,22.0,44.3,35.5,35.5,35.5,65.2,31.49,36.2,0.66,0.66,35.5,0.0,0.64
2000-10-25,0.0,0.64,25.3,30.1,21.0,46.3,35.5,35.5,35.5,65.2,26.77,32.58,0.66,0.66,0.0,35.5,0.64
2000-10-26,0.0,0.64,24.7,29.8,20.6,44.5,0.0,35.5,35.5,65.2,22.75,29.32,0.64,0.66,0.0,0.0,0.64
2000-10-27,0.0,0.64,25.1,31.3,19.6,41.8,0.0,35.5,35.5,59.4,19.34,26.39,0.64,0.64,0.0,0.0,0.63
2000-10-28,0.0,0.63,26.9,32.3,22.4,43.8,0.0,35.5,35.5,58.1,16.44,23.75,0.64,0.64,0.0,0.0,0.64
2000-10-29,4.8,0.64,19.2,26.3,16.7,87.3,4.8,40.3,40.3,62.9,13.97,21.37,0.63,0.64,0.0,0.0,0.86
2000-10-30,9.7,0.86,17.1,19.8,15.4,81.8,14.5,14.5,50.0,72.6,15.96,23.56,0.64,0.63,4.8,0.0,0.85
2000-10-31,6.5,0.85,19.5,24.3,15.6,76.0,21.0,21.0,56.5,79.1,21.81,29.93,0.86,0.64,9.7,4.8,0.75
2000-11-01,0.0,0.75,21.0,26.5,15.6,65.3,16.2,21.0,56.5,73.3,24.06,32.79,0.85,0.86,6.5,9.7,0.69
2000-11-02,0.0,0.69,23.0,29.3,18.0,57.5,6.5,21.0,56.5,73.3,20.45,29.51,0.75,0.85,0.0,6.5,0.67
2000-11-03,0.0,0.67,25.0,30.2,18.5,57.3,0.0,21.0,56.5,73.3,17.39,26.56,0.69,0.75,0.0,0.0,0.67
2000-11-04,19.3,0.67,22.3,26.0,18.7,74.0,19.3,40.3,75.8,92.6,14.78,23.9,0.67,0.69,0.0,0.0,1.19
2000-11-05,32.5,1.19,19.6,23.2,16.8,80.5,51.8,68.0,108.3,121.9,28.97,38.88,0.67,0.67,19.3,0.0,1.86
2000-11-06,17.8,1.86,19.1,21.8,17.1,84.8,69.6,76.1,90.6,126.1,52.25,64.24,1.19,0.67,32.5,19.3,2.48
2000-11-07,25.3,2.48,18.5,19.5,17.2,84.0,75.6,94.9,115.9,151.4,59.54,73.84,1.86,1.19,17.8,32.5,2.56
2000-11-08,28.1,2.56,19.3,22.4,17.4,77.8,71.2,123.0,144.0,179.5,72.11,89.23,2.48,1.86,25.3,17.8,1.8
2000-11-09,2.3,1.8,21.1,24.9,18.0,63.5,55.7,125.3,146.3,181.8,85.18,105.59,2.56,2.48,28.1,25.3,1.16
2000-11-10,0.0,1.16,23.5,28.3,18.1,57.5,30.4,125.3,146.3,181.8,74.36,97.1,1.8,2.56,2.3,28.1,0.86
2000-11-11,0.0,0.86,24.0,29.6,18.1,66.0,2.3,106.0,146.3,181.8,63.21,87.39,1.16,1.8,0.0,2.3,0.95
2000-11-12,0.0,0.95,22.2,28.0,20.1,83.3,0.0,73.5,141.5,181.8,53.72,78.65,0.86,1.16,0.0,0.0,1.08
2000-11-13,16.4,1.08,22.2,25.8,20.0,88.3,16.4,72.1,148.2,198.2,45.67,70.79,0.95,0.86,0.0,0.0,1.33
2000-11-14,42.3,1.33,21.3,25.7,19.3,88.8,58.7,89.1,184.0,240.5,52.76,78.47,1.08,0.95,16.4,0.0,2.05
2000-11-15,40.5,2.05,19.7,22.4,18.6,83.0,99.2,101.5,224.5,281.0,80.8,108.69,1.33,1.08,42.3,16.4,2.34
2000-11-16,4.2,2.34,18.9,20.5,17.2,82.3,87.0,103.4,228.7,285.2,103.1,134.27,2.05,1.33,40.5,42.3,1.9
2000-11-17,9.6,1.9,18.2,19.0,17.3,95.5,54.3,113.0,238.3,294.8,91.21,124.63,2.34,2.05,4.2,40.5,1.77
2000-11-18,28.7,1.77,20.7,24.3,17.8,74.0,42.5,141.7,247.7,323.5,85.69,120.8,1.9,2.34,9.6,4.2,1.31
2000-11-19,0.0,1.31,20.6,26.2,18.0,74.8,38.3,141.7,215.2,323.5,97.23,134.55,1.77,1.9,28.7,9.6,1.01
2000-11-20,2.6,1.01,22.5,27.5,17.2,63.5,31.3,127.9,200.0,326.1,82.64,121.1,1.31,1.77,0.0,28.7,0.97
2000-11-21,0.0,0.97,23.9,28.1,20.2,66.3,2.6,85.6,174.7,326.1,72.46,111.33,1.01,1.31,2.6,0.0,0.87
2000-11-22,0.0,0.87,23.4,29.1,20.3,70.8,2.6,45.1,146.6,290.6,61.59,100.2,0.97,1.01,0.0,2.6,0.81
2000-11-23,2.8,0.81,24.3,28.8,20.9,54.3,2.8,43.7,147.1,293.4,52.35,90.18,0.87,0.97,0.0,0.0,0.77
2000-11-24,0.0,0.77,25.0,30.4,20.0,48.8,2.8,34.1,147.1,293.4,46.88,83.68,0.81,0.87,2.8,0.0,0.75
2000-11-25,0.0,0.75,24.6,30.9,20.9,61.5,2.8,5.4,147.1,293.4,39.85,75.31,0.77,0.81,0.0,2.8,1.53
2000-11-26,0.4,1.53,22.5,27.3,18.7,75.0,0.4,5.8,147.5,293.8,33.87,67.78,0.75,0.77,0.0,0.0,2.73
2000-11-27,1.1,2.73,20.3,24.1,18.4,86.5,1.5,4.3,132.2,294.9,29.13,61.36,1.53,0.75,0.4,0.0,3.22
2000-11-28,2.3,3.22,20.7,24.0,18.1,81.3,3.8,6.6,92.2,292.4,25.69,56.22,2.73,1.53,1.1,0.4,3.19
2000-11-29,3.9,3.19,21.5,28.5,18.9,80.0,7.3,10.5,55.6,286.6,23.8,52.66,3.22,2.73,2.3,1.1,3.12
2000-11-30,9.6,3.12,23.2,28.4,18.7,76.3,15.8,17.3,61.0,289.7,23.54,50.91,3.19,3.22,3.9,2.3,4.3
2000-12-01,7.8,4.3,21.3,26.1,19.7,89.5,21.3,25.1,59.2,297.5,28.17,54.46,3.12,3.19,9.6,3.9,5.52
2000-12-02,15.9,5.52,23.8,28.9,19.0,70.5,33.3,41.0,46.4,313.4,30.57,56.03,4.3,3.12,7.8,9.6,4.71
2000-12-03,19.5,4.71,24.2,29.3,19.8,70.5,43.2,60.1,65.9,332.9,39.5,64.74,5.52,4.3,15.9,7.8,4.15
2000-12-04,0.0,4.15,23.7,30.1,20.8,76.5,35.4,59.0,63.3,313.6,50.15,75.81,4.71,5.52,19.5,15.9,3.75
2000-12-05,23.8,3.75,24.3,29.5,20.2,73.3,43.3,80.5,87.1,304.9,42.63,68.23,4.15,4.71,0.0,19.5,4.36
2000-12-06,10.4,4.36,22.7,30.1,19.6,82.8,34.2,87.0,97.5,297.5,56.47,82.83,3.75,4.15,23.8,0.0,4.83
2000-12-07,6.2,4.83,22.2,26.6,19.7,75.5,40.4,83.6,100.9,278.4,56.84,83.91,4.36,3.75,10.4,23.8,3.86
2000-12-08,0.0,3.86,23.5,29.3,19.6,63.3,16.6,75.8,100.9,250.3,53.58,81.1,4.83,4.36,6.2,10.4,2.81
2000-12-09,0.0,2.81,24.6,30.7,19.0,59.8,6.2,59.9,100.9,248.0,45.54,72.99,3.86,4.83,0.0,6.2,2.36
2000-12-10,0.0,2.36,21.8,25.6,19.4,78.0,0.0,40.4,100.5,248.0,38.71,65.69,2.81,3.86,0.0,0.0,2.72
2000-12-11,1.7,2.72,24.2,29.3,19.2,59.5,1.7,42.1,101.1,249.7,32.9,59.12,2.36,2.81,0.0,0.0,2.45
2000-12-12,0.0,2.45,24.7,29.5,20.2,61.5,1.7,18.3,98.8,249.7,29.41,54.74,2.72,2.36,1.7,0.0,1.84
2000-12-13,0.0,1.84,24.8,29.7,21.0,62.5,1.7,7.9,94.9,233.3,25.0,49.26,2.45,2.72,0.0,1.7,1.38
2000-12-14,0.0,1.38,24.3,28.8,21.3,61.5,0.0,1.7,85.3,191.0,21.25,44.34,1.84,2.45,0.0,0.0,1.14
2000-12-15,0.0,1.14,23.5,26.6,20.1,66.0,0.0,1.7,77.5,150.5,18.06,39.9,1.38,1.84,0.0,0.0,1.01
2000-12-16,0.0,1.01,24.0,27.9,20.7,66.0,0.0,1.7,61.6,146.3,15.35,35.91,1.14,1.38,0.0,0.0,2.03
2000-12-17,0.0,2.03,22.9,26.9,21.0,88.5,0.0,1.7,42.1,136.7,13.05,32.32,1.01,1.14,0.0,0.0,7.69
2000-12-18,115.9,7.69,20.6,26.2,16.9,80.0,115.9,115.9,158.0,223.9,11.09,29.09,2.03,1.01,0.0,0.0,14.0
2000-12-19,3.6,14.0,22.3,27.3,18.5,66.8,119.5,119.5,137.8,227.5,107.94,130.49,7.69,2.03,115.9,0.0,11.65
2000-12-20,0.2,11.65,24.4,29.6,19.8,58.5,119.7,119.7,127.6,225.1,94.81,120.68,14.0,7.69,3.6,115.9,9.38
2000-12-21,0.0,9.38,24.7,30.6,20.2,62.5,3.8,119.7,121.4,225.1,80.76,108.79,11.65,14.0,0.2,3.6,7.93
2000-12-22,3.3,7.93,25.0,30.2,19.6,67.3,3.5,123.0,124.7,228.4,68.65,97.91,9.38,11.65,0.0,0.2,6.76
2000-12-23,3.6,6.76,24.8,29.2,21.8,66.8,6.9,126.6,128.3,229.2,61.15,91.09,7.93,9.38,3.3,0.0,5.92
2000-12-24,0.0,5.92,27.3,29.9,21.4,50.5,6.9,126.6,128.3,229.2,55.04,85.22,6.76,7.93,3.6,3.3,5.46
2000-12-25,9.5,5.46,25.5,31.5,21.6,61.5,13.1,20.2,136.1,238.7,46.79,76.7,5.92,6.76,0.0,3.6,4.4
2000-12-26,0.0,4.4,24.9,30.3,21.4,62.0,9.5,16.6,136.1,238.3,47.84,77.58,5.46,5.92,9.5,0.0,3.35
2000-12-27,0.0,3.35,24.2,30.1,21.2,73.5,9.5,16.4,136.1,237.2,40.67,69.82,4.4,5.46,0.0,9.5,2.55
2000-12-28,36.1,2.55,23.8,28.5,17.5,64.8,36.1,52.5,172.2,271.0,34.57,62.84,3.35,4.4,0.0,0.0,2.4
2000-12-29,3.2,2.4,22.7,26.7,19.3,81.0,39.3,52.4,175.4,270.3,60.07,89.05,2.55,3.35,36.1,0.0,2.67
2000-12-30,26.9,2.67,22.4,27.3,19.4,87.8,66.2,75.7,202.3,287.6,53.78,83.02,2.4,2.55,3.2,36.1,3.7
2000-12-31,9.7,3.7,21.7,25.5,19.7,91.0,39.8,85.4,212.0,289.5,68.57,98.93,2.67,2.4,26.9,3.2,5.85
2001-01-01,4.8,5.85,20.9,23.2,19.7,93.3,41.4,80.7,100.9,278.4,66.53,97.77,3.7,2.67,9.7,26.9,7.99
2001-01-02,29.5,7.99,21.1,26.1,19.4,92.8,44.0,110.2,126.8,288.4,60.63,92.31,5.85,3.7,4.8,9.7,7.71
2001-01-03,32.3,7.71,21.1,23.9,19.2,87.5,66.6,142.5,158.9,320.7,76.61,109.63,7.99,5.85,29.5,4.8,6.98
2001-01-04,2.3,6.98,23.3,28.4,19.4,73.8,64.1,108.7,161.2,299.2,92.58,127.74,7.71,7.99,32.3,29.5,5.53
2001-01-05,0.0,5.53,23.9,29.3,19.4,49.8,34.6,105.5,157.9,288.8,80.65,117.03,6.98,7.71,2.3,32.3,4.25
2001-01-06,0.0,4.25,24.9,30.5,19.0,55.5,2.3,78.6,154.3,282.6,68.55,105.33,5.53,6.98,0.0,2.3,3.17
2001-01-07,0.0,3.17,25.7,32.1,19.6,57.3,0.0,68.9,154.3,282.6,58.27,94.8,4.25,5.53,0.0,0.0,2.34
2001-01-08,0.0,2.34,24.9,29.4,20.9,67.0,0.0,64.1,144.8,282.6,49.53,85.32,3.17,4.25,0.0,0.0,2.11
2001-01-09,0.0,2.11,21.3,25.0,18.2,77.0,0.0,34.6,144.8,282.6,42.1,76.79,2.34,3.17,0.0,0.0,2.36
2001-01-10,5.7,2.36,24.0,29.5,18.2,61.0,5.7,8.0,150.5,286.6,35.78,69.11,2.11,2.34,0.0,0.0,1.8
2001-01-11,0.0,1.8,24.7,30.0,19.3,58.8,5.7,5.7,114.4,286.6,35.26,67.33,2.36,2.11,5.7,0.0,1.4
2001-01-12,0.0,1.4,25.0,29.9,20.8,57.8,5.7,5.7,111.2,286.6,29.97,60.59,1.8,2.36,0.0,5.7,1.19
2001-01-13,0.0,1.19,23.7,29.1,20.2,61.0,0.0,5.7,84.3,286.6,25.48,54.53,1.4,1.8,0.0,0.0,1.06
2001-01-14,0.0,1.06,23.4,27.9,19.3,53.8,0.0,5.7,74.6,286.6,21.65,49.08,1.19,1.4,0.0,0.0,1.05
2001-01-15,0.0,1.05,23.1,27.4,19.9,51.5,0.0,5.7,69.8,286.6,18.41,44.17,1.06,1.19,0.0,0.0,1.03
2001-01-16,0.0,1.03,23.8,28.8,19.8,54.5,0.0,5.7,40.3,286.6,15.65,39.76,1.05,1.06,0.0,0.0,1.01
2001-01-17,0.0,1.01,24.5,29.7,20.0,52.5,0.0,0.0,8.0,170.7,13.3,35.78,1.03,1.05,0.0,0.0,1.03
2001-01-18,0.0,1.03,23.9,29.2,20.2,62.3,0.0,0.0,5.7,167.1,11.3,32.2,1.01,1.03,0.0,0.0,1.01
2001-01-19,0.0,1.01,24.6,29.5,19.8,55.5,0.0,0.0,5.7,166.9,9.61,28.98,1.03,1.01,0.0,0.0,1.05
2001-01-20,0.0,1.05,23.0,29.3,20.0,72.0,0.0,0.0,5.7,166.9,8.17,26.08,1.01,1.03,0.0,0.0,1.8
2001-01-21,9.4,1.8,21.9,28.3,18.4,77.8,9.4,9.4,15.1,173.0,6.94,23.48,1.05,1.01,0.0,0.0,4.11
2001-01-22,29.2,4.11,21.4,26.7,18.8,84.5,38.6,38.6,44.3,198.6,13.89,29.59,1.8,1.05,9.4,0.0,5.53
2001-01-23,11.3,5.53,23.2,27.6,20.2,83.0,49.9,49.9,55.6,209.9,36.63,52.91,4.11,1.8,29.2,9.4,6.0
2001-01-24,59.8,6.0,24.4,29.5,19.2,71.5,100.3,109.7,109.7,260.2,40.74,57.79,5.53,4.11,11.3,29.2,4.94
2001-01-25,1.8,4.94,24.5,28.3,21.0,59.3,72.9,111.5,111.5,262.0,85.46,105.83,6.0,5.53,59.8,11.3,3.75
2001-01-26,0.0,3.75,24.1,28.9,20.0,60.3,61.6,111.5,111.5,262.0,74.17,96.87,4.94,6.0,1.8,59.8,2.79
2001-01-27,0.0,2.79,25.8,30.8,21.0,59.3,1.8,111.5,111.5,225.9,63.04,87.18,3.75,4.94,0.0,1.8,2.28
2001-01-28,5.8,2.28,24.7,29.2,21.9,70.5,5.8,107.9,117.3,228.5,53.59,78.46,2.79,3.75,0.0,0.0,2.5
2001-01-29,1.2,2.5,23.5,29.1,21.0,74.5,7.0,79.9,118.5,202.8,50.48,75.84,2.28,2.79,5.8,0.0,3.17
2001-01-30,0.0,3.17,25.3,31.5,21.0,67.3,7.0,68.6,118.5,193.1,43.93,69.33,2.5,2.28,1.2,5.8,3.17
2001-01-31,0.0,3.17,25.7,31.0,21.1,65.0,1.2,8.8,118.5,188.3,37.34,62.4,3.17,2.5,0.0,1.2,2.6
2001-02-01,0.0,2.6,26.8,31.7,22.2,62.3,0.0,7.0,118.5,158.8,31.74,56.16,3.17,3.17,0.0,0.0,2.03
2001-02-02,0.0,2.03,25.7,32.8,21.4,65.5,0.0,7.0,118.5,126.5,26.98,50.54,2.6,3.17,0.0,0.0,1.62
2001-02-03,0.0,1.62,27.0,32.5,21.3,57.8,0.0,7.0,118.5,124.2,22.93,45.49,2.03,2.6,0.0,0.0,1.34
2001-02-04,0.0,1.34,28.2,33.3,22.6,44.8,0.0,1.2,109.1,124.2,19.49,40.94,1.62,2.03,0.0,0.0,1.16
2001-02-05,0.0,1.16,27.8,32.0,24.6,53.3,0.0,0.0,79.9,124.2,16.57,36.85,1.34,1.62,0.0,0.0,1.09
2001-02-06,2.6,1.09,26.2,32.5,19.9,57.0,2.6,2.6,71.2,126.8,14.08,33.16,1.16,1.34,0.0,0.0,1.16
2001-02-07,13.2,1.16,24.3,30.5,20.3,70.3,15.8,15.8,24.6,140.0,14.18,32.19,1.09,1.16,2.6,0.0,1.62
2001-02-08,6.8,1.62,24.9,30.5,19.9,65.0,22.6,22.6,29.6,146.8,23.27,40.85,1.16,1.09,13.2,2.6,2.31
2001-02-09,0.6,2.31,26.6,30.8,23.3,60.0,20.6,23.2,30.2,141.7,25.56,42.88,1.62,1.16,6.8,13.2,1.9
2001-02-10,0.0,1.9,27.1,31.5,23.2,49.8,7.4,23.2,30.2,141.7,22.24,39.13,2.31,1.62,0.6,6.8,1.47
2001-02-11,0.0,1.47,26.8,31.6,22.2,47.8,0.6,23.2,24.4,141.7,18.9,35.22,1.9,2.31,0.0,0.6,1.25
2001-02-12,0.0,1.25,24.2,30.0,20.3,76.0,0.0,23.2,23.2,141.7,16.07,31.7,1.47,1.9,0.0,0.0,1.25
2001-02-13,0.1,1.25,24.3,28.5,20.4,67.8,0.1,20.7,23.3,141.8,13.66,28.53,1.25,1.47,0.0,0.0,1.34
2001-02-14,2.2,1.34,25.0,31.0,19.2,58.3,2.3,9.7,25.5,144.0,11.69,25.77,1.25,1.25,0.1,0.0,1.19
2001-02-15,0.0,1.19,25.2,31.0,21.4,60.3,2.3,2.9,25.5,144.0,11.81,25.17,1.34,1.25,2.2,0.1,1.12
2001-02-16,0.0,1.12,26.3,31.5,21.9,60.3,2.2,2.3,25.5,144.0,10.04,22.65,1.19,1.34,0.0,2.2,1.09
2001-02-17,0.0,1.09,25.7,29.6,23.4,55.3,0.0,2.3,25.5,144.0,8.53,20.39,1.12,1.19,0.0,0.0,1.09
2001-02-18,0.0,1.09,25.5,30.3,21.4,48.8,0.0,2.3,25.5,144.0,7.25,18.35,1.09,1.12,0.0,0.0,1.06
2001-02-19,0.0,1.06,25.3,30.3,21.4,52.0,0.0,2.3,25.5,144.0,6.16,16.51,1.09,1.09,0.0,0.0,1.06
2001-02-20,0.0,1.06,25.6,31.2,20.8,53.3,0.0,2.2,22.9,134.6,5.24,14.86,1.06,1.09,0.0,0.0,1.06
2001-02-21,0.0,1.06,25.5,30.6,21.5,53.3,0.0,0.0,9.7,105.4,4.45,13.38,1.06,1.06,0.0,0.0,1.06
2001-02-22,0.0,1.06,25.5,29.9,21.3,52.8,0.0,0.0,2.9,94.1,3.79,12.04,1.06,1.06,0.0,0.0,1.03
2001-02-23,0.0,1.03,24.8,29.3,22.0,61.0,0.0,0.0,2.3,34.3,3.22,10.83,1.06,1.06,0.0,0.0,1.03
2001-02-24,0.0,1.03,25.3,29.7,21.5,57.0,0.0,0.0,2.3,32.5,2.74,9.75,1.03,1.06,0.0,0.0,1.03
2001-02-25,0.0,1.03,25.1,30.3,20.8,54.3,0.0,0.0,2.3,32.5,2.32,8.78,1.03,1.03,0.0,0.0,1.03
2001-02-26,0.0,1.03,25.2,29.8,21.2,54.5,0.0,0.0,2.3,32.5,1.98,7.9,1.03,1.03,0.0,0.0,1.03
2001-02-27,0.0,1.03,24.7,29.3,21.0,56.0,0.0,0.0,2.2,26.7,1.68,7.11,1.03,1.03,0.0,0.0,1.03
2001-02-28,0.0,1.03,23.5,28.6,19.9,60.0,0.0,0.0,0.0,25.5,1.43,6.4,1.03,1.03,0.0,0.0,1.03
2001-03-01,0.6,1.03,23.5,28.0,19.2,60.8,0.6,0.6,0.6,26.1,1.21,5.76,1.03,1.03,0.0,0.0,1.09
2001-03-02,0.0,1.09,23.0,28.1,19.2,62.0,0.6,0.6,0.6,26.1,1.54,5.72,1.03,1.03,0.6,0.0,1.69
2001-03-03,0.0,1.69,22.1,28.1,19.6,72.3,0.6,0.6,0.6,26.1,1.31,5.15,1.09,1.03,0.0,0.6,2.47
2001-03-04,0.3,2.47,24.4,29.9,20.5,59.0,0.3,0.9,0.9,26.4,1.11,4.63,1.69,1.09,0.0,0.0,2.56
2001-03-05,1.1,2.56,22.0,28.0,19.5,72.3,1.4,2.0,2.0,27.5,1.2,4.44,2.47,1.69,0.3,0.0,2.87
2001-03-06,23.8,2.87,23.1,28.1,19.6,78.0,25.2,25.8,25.8,51.3,1.96,4.99,2.56,2.47,1.1,0.3,2.81
2001-03-07,0.1,2.81,25.4,31.1,20.2,62.3,25.0,25.9,25.9,51.4,21.89,25.91,2.87,2.56,23.8,1.1,2.87
2001-03-08,0.2,2.87,25.8,32.4,22.5,58.5,24.1,25.5,26.1,49.0,18.69,23.41,2.81,2.87,0.1,23.8,3.62
2001-03-09,3.8,3.62,22.6,28.7,19.2,81.0,4.1,29.3,29.9,39.6,16.06,21.25,2.87,2.81,0.2,0.1,4.75
2001-03-10,13.6,4.75,22.4,26.3,19.6,78.8,17.6,42.9,43.5,46.4,16.88,22.54,3.62,2.87,3.8,0.2,5.97
2001-03-11,59.8,5.97,21.5,26.0,19.0,86.0,77.2,102.4,103.3,105.6,25.91,32.53,4.75,3.62,13.6,3.8,6.85
2001-03-12,10.7,6.85,21.4,23.4,19.8,84.3,84.1,112.0,114.0,116.3,72.85,83.1,5.97,4.75,59.8,13.6,5.93
2001-03-13,1.1,5.93,23.3,27.6,20.0,68.5,71.6,89.3,115.1,117.4,71.02,84.42,6.85,5.97,10.7,59.8,4.66
2001-03-14,0.0,4.66,23.6,27.7,20.4,66.0,11.8,89.2,115.1,117.4,61.3,76.96,5.93,6.85,1.1,10.7,3.66
2001-03-15,0.0,3.66,23.6,28.2,20.2,65.5,1.1,89.0,114.5,117.3,52.11,69.27,4.66,5.93,0.0,1.1,2.81
2001-03-16,0.0,2.81,23.9,28.6,19.9,58.0,0.0,85.2,114.5,115.1,44.29,62.34,3.66,4.66,0.0,0.0,2.18
2001-03-17,0.0,2.18,25.4,31.1,19.6,53.0,0.0,71.6,114.5,115.1,37.65,56.11,2.81,3.66,0.0,0.0,1.72
2001-03-18,0.0,1.72,26.1,31.8,20.7,54.8,0.0,11.8,114.2,115.1,32.0,50.5,2.18,2.81,0.0,0.0,1.44
2001-03-19,0.0,1.44,25.4,31.0,22.2,60.8,0.0,1.1,113.1,115.1,27.2,45.45,1.72,2.18,0.0,0.0,1.22
2001-03-20,1.5,1.22,25.1,29.9,20.6,58.0,1.5,1.5,90.8,116.6,23.12,40.9,1.44,1.72,0.0,0.0,1.12
2001-03-21,0.0,1.12,24.8,29.7,21.6,60.8,1.5,1.5,90.7,116.6,20.93,38.16,1.22,1.44,1.5,0.0,1.09
2001-03-22,0.0,1.09,24.4,29.3,20.9,54.5,1.5,1.5,90.5,116.6,17.79,34.35,1.12,1.22,0.0,1.5,1.09
2001-03-23,0.0,1.09,25.2,31.0,20.9,56.3,0.0,1.5,86.7,116.6,15.12,30.91,1.09,1.12,0.0,0.0,1.09
2001-03-24,0.0,1.09,25.8,30.9,21.1,52.0,0.0,1.5,73.1,116.6,12.85,27.82,1.09,1.09,0.0,0.0,1.06
2001-03-25,0.0,1.06,25.7,30.8,20.5,50.0,0.0,1.5,13.3,116.6,10.92,25.04,1.09,1.09,0.0,0.0,1.09
2001-03-26,0.0,1.09,25.6,30.4,22.3,59.8,0.0,1.5,2.6,116.6,9.29,22.53,1.06,1.09,0.0,0.0,1.09
2001-03-27,0.0,1.09,25.3,31.3,21.9,61.0,0.0,0.0,1.5,116.6,7.89,20.28,1.09,1.06,0.0,0.0,1.09
2001-03-28,0.0,1.09,24.6,30.4,20.2,66.8,0.0,0.0,1.5,116.6,6.71,18.25,1.09,1.09,0.0,0.0,1.19
2001-03-29,0.0,1.19,24.2,28.3,22.0,69.8,0.0,0.0,1.5,116.6,5.7,16.43,1.09,1.09,0.0,0.0,1.28
2001-03-30,0.9,1.28,24.3,29.5,19.4,63.0,0.9,0.9,2.4,117.5,4.85,14.78,1.19,1.09,0.0,0.0,1.16
2001-03-31,0.0,1.16,23.8,27.4,20.9,61.0,0.9,0.9,2.4,116.9,4.88,14.12,1.28,1.19,0.9,0.0,1.09
2001-04-01,0.0,1.09,24.2,28.7,20.8,54.8,0.9,0.9,2.4,116.9,4.15,12.7,1.16,1.28,0.0,0.9,1.09
2001-04-02,0.0,1.09,24.5,30.6,19.8,52.0,0.0,0.9,2.4,116.9,3.53,11.43,1.09,1.16,0.0,0.0,1.06
2001-04-03,0.0,1.06,25.2,29.7,21.0,56.8,0.0,0.9,0.9,116.6,3.0,10.29,1.09,1.09,0.0,0.0,1.12
2001-04-04,0.0,1.12,24.2,28.6,20.8,62.8,0.0,0.9,0.9,115.5,2.55,9.26,1.06,1.09,0.0,0.0,1.09
2001-04-05,0.0,1.09,24.4,28.2,21.0,62.5,0.0,0.9,0.9,91.7,2.17,8.34,1.12,1.06,0.0,0.0,1.06
2001-04-06,0.0,1.06,24.7,30.1,20.2,57.0,0.0,0.0,0.9,91.6,1.84,7.5,1.09,1.12,0.0,0.0,1.06
2001-04-07,0.0,1.06,25.1,30.4,20.3,53.8,0.0,0.0,0.9,91.4,1.57,6.75,1.06,1.09,0.0,0.0,1.06
2001-04-08,0.0,1.06,23.6,29.3,21.2,76.8,0.0,0.0,0.9,87.6,1.33,6.08,1.06,1.06,0.0,0.0,1.06
2001-04-09,0.0,1.06,24.2,29.3,19.6,62.5,0.0,0.0,0.9,74.0,1.13,5.47,1.06,1.06,0.0,0.0,1.03
2001-04-10,0.0,1.03,25.5,30.9,21.2,62.0,0.0,0.0,0.9,14.2,0.96,4.92,1.06,1.06,0.0,0.0,1.03
2001-04-11,0.0,1.03,25.7,30.6,21.6,59.8,0.0,0.0,0.9,3.5,0.82,4.43,1.03,1.06,0.0,0.0,1.03
2001-04-12,1.6,1.03,24.3,29.1,21.2,64.8,1.6,1.6,2.5,4.0,0.69,3.99,1.03,1.03,0.0,0.0,1.03
2001-04-13,0.0,1.03,21.7,26.3,18.0,59.3,1.6,1.6,1.6,4.0,1.95,5.03,1.03,1.03,1.6,0.0,1.03
2001-04-14,0.0,1.03,21.4,25.5,17.3,63.3,1.6,1.6,1.6,4.0,1.66,4.53,1.03,1.03,0.0,1.6,1.06
2001-04-15,0.0,1.06,21.1,27.3,17.6,69.8,0.0,1.6,1.6,4.0,1.41,4.07,1.03,1.03,0.0,0.0,1.16
2001-04-16,32.3,1.16,21.1,27.0,16.6,65.5,32.3,33.9,33.9,36.3,1.2,3.67,1.06,1.03,0.0,0.0,1.12
2001-04-17,0.8,1.12,22.0,27.3,18.1,62.3,33.1,34.7,34.7,37.1,28.47,32.37,1.16,1.06,32.3,0.0,1.06
2001-04-18,5.3,1.06,22.0,27.4,17.7,56.0,38.4,40.0,40.0,42.4,24.88,29.85,1.12,1.16,0.8,32.3,1.03
2001-04-19,0.0,1.03,23.0,28.5,17.0,51.3,6.1,38.4,40.0,40.9,25.65,31.64,1.06,1.12,5.3,0.8,1.03
2001-04-20,0.0,1.03,23.8,29.8,18.8,55.0,5.3,38.4,40.0,40.9,21.81,28.47,1.03,1.06,0.0,5.3,1.0
2001-04-21,0.0,1.0,23.5,29.1,20.7,61.8,0.0,38.4,40.0,40.9,18.54,25.63,1.03,1.03,0.0,0.0,1.0
2001-04-22,0.0,1.0,24.8,30.7,19.6,51.8,0.0,38.4,40.0,40.9,15.76,23.06,1.0,1.03,0.0,0.0,1.0
2001-04-23,0.0,1.0,24.4,28.4,21.2,55.8,0.0,6.1,40.0,40.9,13.39,20.76,1.0,1.0,0.0,0.0,0.97
2001-04-24,0.0,0.97,23.7,28.6,20.3,55.8,0.0,5.3,40.0,40.9,11.38,18.68,1.0,1.0,0.0,0.0,0.97
2001-04-25,0.0,0.97,23.3,28.4,20.0,51.5,0.0,0.0,40.0,40.9,9.68,16.81,0.97,1.0,0.0,0.0,0.97
2001-04-26,0.0,0.97,23.3,28.1,19.3,54.8,0.0,0.0,38.4,40.9,8.22,15.13,0.97,0.97,0.0,0.0,0.97
2001-04-27,0.0,0.97,23.3,27.9,19.9,51.0,0.0,0.0,38.4,40.9,6.99,13.62,0.97,0.97,0.0,0.0,0.94
2001-04-28,0.0,0.94,22.7,27.5,18.3,59.8,0.0,0.0,38.4,40.9,5.94,12.26,0.97,0.97,0.0,0.0,0.94
2001-04-29,0.0,0.94,23.0,28.1,19.4,55.3,0.0,0.0,38.4,40.0,5.05,11.03,0.94,0.97,0.0,0.0,0.94
2001-04-30,0.0,0.94,22.5,26.5,18.0,52.3,0.0,0.0,6.1,40.0,4.29,9.93,0.94,0.94,0.0,0.0,0.94
2001-05-01,0.0,0.94,23.1,27.2,19.5,59.0,0.0,0.0,5.3,40.0,3.65,8.94,0.94,0.94,0.0,0.0,0.94
2001-05-02,0.0,0.94,23.6,27.9,19.8,69.5,0.0,0.0,0.0,40.0,3.1,8.04,0.94,0.94,0.0,0.0,0.94
2001-05-03,0.0,0.94,23.4,28.1,20.1,56.5,0.0,0.0,0.0,40.0,2.64,7.24,0.94,0.94,0.0,0.0,0.91
2001-05-04,0.0,0.91,24.2,29.8,18.0,54.0,0.0,0.0,0.0,40.0,2.24,6.51,0.94,0.94,0.0,0.0,0.91
2001-05-05,0.0,0.91,23.0,28.2,20.0,62.0,0.0,0.0,0.0,40.0,1.9,5.86,0.91,0.94,0.0,0.0,0.91
2001-05-06,0.0,0.91,20.3,26.8,15.3,32.0,0.0,0.0,0.0,40.0,1.62,5.28,0.91,0.91,0.0,0.0,0.91
2001-05-07,0.0,0.91,20.1,26.1,14.0,38.8,0.0,0.0,0.0,40.0,1.38,4.75,0.91,0.91,0.0,0.0,0.91
2001-05-08,0.0,0.91,20.4,27.2,15.1,48.0,0.0,0.0,0.0,40.0,1.17,4.27,0.91,0.91,0.0,0.0,0.87
2001-05-09,0.0,0.87,22.2,29.2,15.3,42.8,0.0,0.0,0.0,40.0,0.99,3.85,0.91,0.91,0.0,0.0,0.87
2001-05-10,0.0,0.87,22.4,28.8,17.3,48.0,0.0,0.0,0.0,40.0,0.85,3.46,0.87,0.91,0.0,0.0,0.87
2001-05-11,0.0,0.87,23.4,30.1,17.8,47.5,0.0,0.0,0.0,40.0,0.72,3.12,0.87,0.87,0.0,0.0,0.87
2001-05-12,0.0,0.87,24.5,30.5,19.2,51.8,0.0,0.0,0.0,38.4,0.61,2.8,0.87,0.87,0.0,0.0,0.87
2001-05-13,0.0,0.87,20.8,23.9,19.4,73.3,0.0,0.0,0.0,38.4,0.52,2.52,0.87,0.87,0.0,0.0,0.91
2001-05-14,1.2,0.91,20.6,23.7,18.8,71.8,1.2,1.2,1.2,39.6,0.44,2.27,0.87,0.87,0.0,0.0,0.91
2001-05-15,0.0,0.91,19.7,24.1,17.1,73.0,1.2,1.2,1.2,39.6,1.4,3.12,0.91,0.87,1.2,0.0,0.91
2001-05-16,0.0,0.91,19.4,25.5,17.2,82.8,1.2,1.2,1.2,7.3,1.19,2.81,0.91,0.91,0.0,1.2,1.0
2001-05-17,20.4,1.0,18.8,21.3,16.0,82.0,20.4,21.6,21.6,26.9,1.01,2.53,0.91,0.91,0.0,0.0,0.97
2001-05-18,0.1,0.97,18.3,23.7,16.2,56.3,20.5,21.7,21.7,21.7,18.2,20.64,1.0,0.91,20.4,0.0,0.91
2001-05-19,0.0,0.91,19.0,25.7,13.4,51.3,20.5,21.7,21.7,21.7,15.55,18.66,0.97,1.0,0.1,20.4,0.91
2001-05-20,0.0,0.91,18.4,24.2,14.6,58.5,0.1,21.7,21.7,21.7,13.22,16.8,0.91,0.97,0.0,0.1,0.87
2001-05-21,0.0,0.87,17.8,21.8,14.5,67.3,0.0,20.5,21.7,21.7,11.24,15.12,0.91,0.91,0.0,0.0,0.87
2001-05-22,0.0,0.87,19.1,25.2,13.4,61.5,0.0,20.5,21.7,21.7,9.55,13.61,0.87,0.91,0.0,0.0,0.85
2001-05-23,0.0,0.85,20.0,24.2,16.2,65.5,0.0,20.5,21.7,21.7,8.12,12.25,0.87,0.87,0.0,0.0,0.85
2001-05-24,0.3,0.85,19.2,22.5,17.2,68.0,0.3,0.4,22.0,22.0,6.9,11.02,0.85,0.87,0.0,0.0,0.85
2001-05-25,0.0,0.85,19.4,22.7,17.0,74.8,0.3,0.3,22.0,22.0,6.12,10.19,0.85,0.85,0.3,0.0,0.85
2001-05-26,0.0,0.85,20.8,24.8,17.8,68.8,0.3,0.3,22.0,22.0,5.2,9.17,0.85,0.85,0.0,0.3,0.87
2001-05-27,0.0,0.87,20.9,26.0,18.3,76.0,0.0,0.3,22.0,22.0,4.42,8.25,0.85,0.85,0.0,0.0,0.91
2001-05-28,4.7,0.91,21.8,27.2,18.0,71.5,4.7,5.0,25.5,26.7,3.76,7.43,0.87,0.85,0.0,0.0,0.87
2001-05-29,0.0,0.87,23.2,29.4,17.8,58.5,4.7,5.0,25.5,26.7,7.19,10.91,0.91,0.87,4.7,0.0,0.85
2001-05-30,0.2,0.85,23.1,29.3,17.0,52.0,4.9,5.2,25.7,26.9,6.11,9.82,0.87,0.91,0.0,4.7,0.85
2001-05-31,0.0,0.85,21.7,26.0,19.0,66.3,0.2,4.9,5.3,26.9,5.36,9.02,0.85,0.87,0.2,0.0,0.81
2001-06-01,0.0,0.81,21.4,25.7,18.6,61.3,0.2,4.9,5.2,26.9,4.56,8.12,0.85,0.85,0.0,0.2,0.81
2001-06-02,0.0,0.81,20.1,23.7,16.6,66.5,0.0,4.9,5.2,26.9,3.88,7.31,0.81,0.85,0.0,0.0,0.81
2001-06-03,0.0,0.81,21.1,25.6,17.6,69.8,0.0,4.9,5.2,26.9,3.29,6.58,0.81,0.81,0.0,0.0,0.81
2001-06-04,0.0,0.81,20.7,25.3,17.5,68.8,0.0,0.2,5.2,26.9,2.8,5.92,0.81,0.81,0.0,0.0,0.78
2001-06-05,0.0,0.78,20.1,22.9,17.0,66.3,0.0,0.2,5.2,26.9,2.38,5.33,0.81,0.81,0.0,0.0,0.78
2001-06-06,0.0,0.78,20.9,26.7,17.4,69.3,0.0,0.0,5.2,26.9,2.02,4.79,0.78,0.81,0.0,0.0,0.78
2001-06-07,0.0,0.78,21.6,26.7,16.7,60.5,0.0,0.0,4.9,26.9,1.72,4.31,0.78,0.78,0.0,0.0,0.78
2001-06-08,0.0,0.78,20.3,26.6,16.2,60.0,0.0,0.0,4.9,26.9,1.46,3.88,0.78,0.78,0.0,0.0,0.78
2001-06-09,0.0,0.78,20.0,25.1,16.4,60.0,0.0,0.0,4.9,26.9,1.24,3.49,0.78,0.78,0.0,0.0,0.75
2001-06-10,0.0,0.75,20.3,25.3,16.6,58.0,0.0,0.0,4.9,26.9,1.06,3.15,0.78,0.78,0.0,0.0,0.75
2001-06-11,0.0,0.75,19.2,23.1,15.6,58.0,0.0,0.0,0.2,26.9,0.9,2.83,0.75,0.78,0.0,0.0,0.75
2001-06-12,0.0,0.75,19.2,22.9,16.4,61.3,0.0,0.0,0.2,26.9,0.76,2.55,0.75,0.75,0.0,0.0,0.75
2001-06-13,0.0,0.75,19.5,24.7,15.8,60.3,0.0,0.0,0.0,25.7,0.65,2.29,0.75,0.75,0.0,0.0,0.75
2001-06-14,0.0,0.75,20.1,26.3,15.3,56.0,0.0,0.0,0.0,25.7,0.55,2.06,0.75,0.75,0.0,0.0,0.75
2001-06-15,0.0,0.75,20.1,25.3,16.2,61.0,0.0,0.0,0.0,25.7,0.47,1.86,0.75,0.75,0.0,0.0,0.73
2001-06-16,0.0,0.73,20.5,26.8,15.4,53.8,0.0,0.0,0.0,5.3,0.4,1.67,0.75,0.75,0.0,0.0,0.73
2001-06-17,0.0,0.73,20.8,26.7,16.2,54.8,0.0,0.0,0.0,5.2,0.34,1.5,0.73,0.75,0.0,0.0,0.72
2001-06-18,0.0,0.72,21.6,26.5,16.6,53.8,0.0,0.0,0.0,5.2,0.29,1.35,0.73,0.73,0.0,0.0,0.72
2001-06-19,0.0,0.72,19.5,24.3,16.8,70.8,0.0,0.0,0.0,5.2,0.24,1.22,0.72,0.73,0.0,0.0,0.72
2001-06-20,0.0,0.72,20.4,25.5,16.0,62.8,0.0,0.0,0.0,5.2,0.21,1.1,0.72,0.72,0.0,0.0,0.72
2001-06-21,0.0,0.72,19.3,23.7,16.4,60.5,0.0,0.0,0.0,5.2,0.18,0.99,0.72,0.72,0.0,0.0,0.72
2001-06-22,0.0,0.72,18.7,23.7,15.2,72.5,0.0,0.0,0.0,5.2,0.15,0.89,0.72,0.72,0.0,0.0,0.69
2001-06-23,0.0,0.69,19.7,26.3,15.6,68.0,0.0,0.0,0.0,4.9,0.13,0.8,0.72,0.72,0.0,0.0,0.69
2001-06-24,0.0,0.69,19.6,24.1,15.8,64.0,0.0,0.0,0.0,4.9,0.11,0.72,0.69,0.72,0.0,0.0,0.69
2001-06-25,0.0,0.69,19.0,22.5,15.6,63.0,0.0,0.0,0.0,4.9,0.09,0.65,0.69,0.69,0.0,0.0,0.69
2001-06-26,0.0,0.69,19.1,20.2,15.3,58.0,0.0,0.0,0.0,4.9,0.08,0.58,0.69,0.69,0.0,0.0,0.67
2001-06-27,0.0,0.67,20.0,25.6,16.2,58.8,0.0,0.0,0.0,0.2,0.07,0.52,0.69,0.69,0.0,0.0,0.67
2001-06-28,0.0,0.67,19.1,25.0,15.0,61.8,0.0,0.0,0.0,0.2,0.06,0.47,0.67,0.69,0.0,0.0,0.67
2001-06-29,0.0,0.67,19.3,24.6,14.6,53.5,0.0,0.0,0.0,0.0,0.05,0.42,0.67,0.67,0.0,0.0,0.67
2001-06-30,0.0,0.67,18.9,25.0,14.8,54.3,0.0,0.0,0.0,0.0,0.04,0.38,0.67,0.67,0.0,0.0,0.66
2001-07-01,0.0,0.66,19.0,24.3,14.0,51.3,0.0,0.0,0.0,0.0,0.03,0.34,0.67,0.67,0.0,0.0,0.66
2001-07-02,0.0,0.66,18.6,23.9,14.8,53.0,0.0,0.0,0.0,0.0,0.03,0.31,0.66,0.67,0.0,0.0,0.66
2001-07-03,0.0,0.66,19.1,24.9,14.0,54.3,0.0,0.0,0.0,0.0,0.03,0.28,0.66,0.66,0.0,0.0,0.64
2001-07-04,0.0,0.64,19.0,25.4,13.4,51.0,0.0,0.0,0.0,0.0,0.02,0.25,0.66,0.66,0.0,0.0,0.64
2001-07-05,0.0,0.64,20.1,28.2,14.1,47.3,0.0,0.0,0.0,0.0,0.02,0.23,0.64,0.66,0.0,0.0,0.64
2001-07-06,0.0,0.64,19.0,25.1,15.0,55.0,0.0,0.0,0.0,0.0,0.02,0.2,0.64,0.64,0.0,0.0,0.63
2001-07-07,0.0,0.63,18.3,22.0,14.4,63.5,0.0,0.0,0.0,0.0,0.01,0.18,0.64,0.64,0.0,0.0,0.63
2001-07-08,0.0,0.63,18.8,23.9,14.8,57.5,0.0,0.0,0.0,0.0,0.01,0.16,0.63,0.64,0.0,0.0,0.59
2001-07-09,0.0,0.59,19.5,25.1,15.6,60.3,0.0,0.0,0.0,0.0,0.01,0.15,0.63,0.63,0.0,0.0,0.59
2001-07-10,0.0,0.59,19.6,25.0,15.8,52.5,0.0,0.0,0.0,0.0,0.01,0.13,0.59,0.63,0.0,0.0,0.59
2001-07-11,0.0,0.59,19.8,26.1,14.6,54.3,0.0,0.0,0.0,0.0,0.01,0.12,0.59,0.59,0.0,0.0,0.59
2001-07-12,0.0,0.59,21.8,27.0,16.6,49.3,0.0,0.0,0.0,0.0,0.01,0.11,0.59,0.59,0.0,0.0,0.58
2001-07-13,0.0,0.58,18.1,23.5,15.7,68.8,0.0,0.0,0.0,0.0,0.0,0.1,0.59,0.59,0.0,0.0,0.58
2001-07-14,0.0,0.58,17.4,22.3,14.2,66.0,0.0,0.0,0.0,0.0,0.0,0.09,0.58,0.59,0.0,0.0,0.58
2001-07-15,0.0,0.58,18.3,23.6,14.6,58.0,0.0,0.0,0.0,0.0,0.0,0.08,0.58,0.58,0.0,0.0,0.56
2001-07-16,0.0,0.56,18.5,23.7,14.8,54.5,0.0,0.0,0.0,0.0,0.0,0.07,0.58,0.58,0.0,0.0,0.56
2001-07-17,0.0,0.56,19.6,26.5,13.2,51.0,0.0,0.0,0.0,0.0,0.0,0.06,0.56,0.58,0.0,0.0,0.56
2001-07-18,0.0,0.56,19.7,28.1,14.8,70.0,0.0,0.0,0.0,0.0,0.0,0.06,0.56,0.56,0.0,0.0,0.56
2001-07-19,5.6,0.56,20.2,27.0,16.0,71.3,5.6,5.6,5.6,5.6,0.0,0.05,0.56,0.56,0.0,0.0,0.55
2001-07-20,0.0,0.55,21.8,28.6,15.8,58.3,5.6,5.6,5.6,5.6,4.76,5.09,0.56,0.56,5.6,0.0,0.55
2001-07-21,0.0,0.55,23.2,29.8,17.8,51.3,5.6,5.6,5.6,5.6,4.05,4.58,0.55,0.56,0.0,5.6,0.55
2001-07-22,0.0,0.55,24.1,30.1,19.2,48.8,0.0,5.6,5.6,5.6,3.44,4.12,0.55,0.55,0.0,0.0,0.55
2001-07-23,0.0,0.55,19.9,23.5,17.6,72.0,0.0,5.6,5.6,5.6,2.92,3.71,0.55,0.55,0.0,0.0,0.53
2001-07-24,0.0,0.53,18.7,21.2,17.4,75.0,0.0,5.6,5.6,5.6,2.49,3.34,0.55,0.55,0.0,0.0,0.53
2001-07-25,0.0,0.53,20.1,25.4,16.4,66.5,0.0,5.6,5.6,5.6,2.11,3.0,0.53,0.55,0.0,0.0,0.53
2001-07-26,0.0,0.53,21.1,27.1,17.0,56.5,0.0,0.0,5.6,5.6,1.8,2.7,0.53,0.53,0.0,0.0,0.53
2001-07-27,0.0,0.53,21.9,28.7,16.0,52.0,0.0,0.0,5.6,5.6,1.53,2.43,0.53,0.53,0.0,0.0,0.52
2001-07-28,0.0,0.52,22.5,27.6,17.3,48.5,0.0,0.0,5.6,5.6,1.3,2.19,0.53,0.53,0.0,0.0,0.52
2001-07-29,0.0,0.52,17.9,22.7,15.4,69.3,0.0,0.0,5.6,5.6,1.1,1.97,0.52,0.53,0.0,0.0,0.52
2001-07-30,0.0,0.52,17.9,22.2,14.6,66.0,0.0,0.0,5.6,5.6,0.94,1.77,0.52,0.52,0.0,0.0,0.52
2001-07-31,0.0,0.52,19.6,25.2,15.4,52.5,0.0,0.0,5.6,5.6,0.8,1.6,0.52,0.52,0.0,0.0,0.52
2001-08-01,0.0,0.52,19.9,25.6,14.8,46.3,0.0,0.0,5.6,5.6,0.68,1.44,0.52,0.52,0.0,0.0,0.5
2001-08-02,0.0,0.5,20.4,25.4,15.5,51.8,0.0,0.0,0.0,5.6,0.58,1.29,0.52,0.52,0.0,0.0,0.5
2001-08-03,0.0,0.5,20.8,25.7,17.4,58.5,0.0,0.0,0.0,5.6,0.49,1.16,0.5,0.52,0.0,0.0,0.5
2001-08-04,0.0,0.5,20.1,25.3,15.8,49.3,0.0,0.0,0.0,5.6,0.42,1.05,0.5,0.5,0.0,0.0,0.5
2001-08-05,0.0,0.5,20.1,25.8,14.6,49.3,0.0,0.0,0.0,5.6,0.35,0.94,0.5,0.5,0.0,0.0,0.49
2001-08-06,0.0,0.49,19.8,25.0,16.0,50.0,0.0,0.0,0.0,5.6,0.3,0.85,0.5,0.5,0.0,0.0,0.49
2001-08-07,0.0,0.49,19.2,25.4,14.5,49.5,0.0,0.0,0.0,5.6,0.26,0.76,0.49,0.5,0.0,0.0,0.49
2001-08-08,0.0,0.49,17.7,23.4,14.2,53.5,0.0,0.0,0.0,5.6,0.22,0.69,0.49,0.49,0.0,0.0,0.49
2001-08-10,0.0,0.47,19.8,23.3,17.9,52.5,0.0,0.0,0.0,5.6,0.16,0.56,0.49,0.49,0.0,0.0,0.47
2001-08-11,0.0,0.47,19.6,25.7,16.6,56.3,0.0,0.0,0.0,5.6,0.13,0.5,0.47,0.49,0.0,0.0,0.47
2001-08-12,0.0,0.47,19.0,23.5,15.8,53.0,0.0,0.0,0.0,5.6,0.11,0.45,0.47,0.47,0.0,0.0,0.47
2001-08-13,0.0,0.47,18.5,22.9,15.2,50.5,0.0,0.0,0.0,5.6,0.1,0.41,0.47,0.47,0.0,0.0,0.45
2001-08-14,0.0,0.45,18.5,23.9,14.8,51.5,0.0,0.0,0.0,5.6,0.08,0.37,0.47,0.47,0.0,0.0,0.45
2001-08-15,0.0,0.45,18.8,24.4,15.2,53.3,0.0,0.0,0.0,5.6,0.07,0.33,0.45,0.47,0.0,0.0,0.45
2001-08-16,0.0,0.45,17.9,22.6,14.6,51.8,0.0,0.0,0.0,5.6,0.06,0.3,0.45,0.45,0.0,0.0,0.45
2001-08-17,0.0,0.45,18.9,24.2,14.7,51.5,0.0,0.0,0.0,5.6,0.05,0.27,0.45,0.45,0.0,0.0,0.45
2001-08-18,0.0,0.45,18.6,22.1,14.8,69.3,0.0,0.0,0.0,0.0,0.04,0.24,0.45,0.45,0.0,0.0,0.44
2001-08-19,0.0,0.44,20.1,24.9,16.6,51.8,0.0,0.0,0.0,0.0,0.04,0.22,0.45,0.45,0.0,0.0,0.44
2001-08-20,0.0,0.44,18.9,24.0,15.4,59.3,0.0,0.0,0.0,0.0,0.03,0.19,0.44,0.45,0.0,0.0,0.44
2001-08-21,0.0,0.44,20.5,26.5,15.8,49.8,0.0,0.0,0.0,0.0,0.03,0.17,0.44,0.44,0.0,0.0,0.44
2001-08-22,0.0,0.44,21.5,27.6,15.8,50.3,0.0,0.0,0.0,0.0,0.02,0.16,0.44,0.44,0.0,0.0,0.42
2001-08-23,0.0,0.42,21.0,26.2,18.0,70.3,0.0,0.0,0.0,0.0,0.02,0.14,0.44,0.44,0.0,0.0,0.49
2001-08-24,14.1,0.49,18.7,21.8,14.6,73.3,14.1,14.1,14.1,14.1,0.02,0.13,0.42,0.44,0.0,0.0,0.5
2001-08-25,14.5,0.5,20.3,26.7,15.2,65.0,28.6,28.6,28.6,28.6,12.0,12.8,0.49,0.42,14.1,0.0,0.47
2001-08-26,0.1,0.47,22.1,28.8,17.0,56.3,28.7,28.7,28.7,28.7,22.52,24.57,0.5,0.49,14.5,14.1,0.56
2001-08-27,0.0,0.56,20.5,22.9,18.4,70.3,14.6,28.7,28.7,28.7,19.23,22.21,0.47,0.5,0.1,14.5,0.59
2001-08-28,0.8,0.59,21.3,25.2,16.7,62.3,0.9,29.5,29.5,29.5,16.35,19.99,0.56,0.47,0.0,0.1,0.53
2001-08-29,0.0,0.53,20.8,25.3,17.9,62.5,0.8,29.5,29.5,29.5,14.57,18.71,0.59,0.56,0.8,0.0,0.49
2001-08-30,0.0,0.49,20.4,23.5,17.7,55.8,0.8,29.5,29.5,29.5,12.39,16.84,0.53,0.59,0.0,0.8,0.45
2001-08-31,0.0,0.45,21.0,25.6,17.1,57.8,0.0,15.4,29.5,29.5,10.53,15.15,0.49,0.53,0.0,0.0,0.44
2001-09-01,0.0,0.44,20.6,25.3,17.4,55.8,0.0,0.9,29.5,29.5,8.95,13.64,0.45,0.49,0.0,0.0,0.41
2001-09-02,0.0,0.41,20.4,25.7,16.4,54.3,0.0,0.8,29.5,29.5,7.61,12.27,0.44,0.45,0.0,0.0,0.39
2001-09-03,0.0,0.39,20.8,26.0,16.8,60.3,0.0,0.8,29.5,29.5,6.47,11.05,0.41,0.44,0.0,0.0,0.39
2001-09-04,0.0,0.39,22.2,28.1,16.6,52.0,0.0,0.0,29.5,29.5,5.5,9.94,0.39,0.41,0.0,0.0,0.38
2001-09-05,0.0,0.38,23.5,29.4,18.2,45.5,0.0,0.0,29.5,29.5,4.67,8.95,0.39,0.39,0.0,0.0,0.37
2001-09-06,0.0,0.37,23.5,29.4,18.2,45.5,0.0,0.0,29.5,29.5,3.97,8.05,0.38,0.39,0.0,0.0,0.38
2001-09-07,0.0,0.38,20.6,26.2,17.5,58.3,0.0,0.0,15.4,29.5,3.38,7.25,0.37,0.38,0.0,0.0,0.37
2001-09-08,0.0,0.37,22.3,29.7,16.6,51.3,0.0,0.0,0.9,29.5,2.87,6.52,0.38,0.37,0.0,0.0,0.37
2001-09-09,0.0,0.37,24.7,31.6,18.2,41.5,0.0,0.0,0.8,29.5,2.44,5.87,0.37,0.38,0.0,0.0,0.37
2001-09-10,0.0,0.37,25.5,31.7,19.8,44.8,0.0,0.0,0.8,29.5,2.07,5.28,0.37,0.37,0.0,0.0,0.36
2001-09-11,0.0,0.36,26.8,34.1,20.1,45.5,0.0,0.0,0.0,29.5,1.76,4.76,0.37,0.37,0.0,0.0,0.36
2001-09-12,0.0,0.36,21.0,26.8,18.8,72.3,0.0,0.0,0.0,29.5,1.5,4.28,0.36,0.37,0.0,0.0,0.35
2001-09-13,0.0,0.35,19.6,24.6,17.4,68.5,0.0,0.0,0.0,29.5,1.27,3.85,0.36,0.36,0.0,0.0,0.41
2001-09-14,0.0,0.41,21.7,27.1,17.8,69.3,0.0,0.0,0.0,29.5,1.08,3.47,0.35,0.36,0.0,0.0,0.86
2001-09-15,26.8,0.86,21.0,27.0,17.8,87.8,26.8,26.8,26.8,56.3,0.92,3.12,0.41,0.35,0.0,0.0,1.0
2001-09-16,42.5,1.0,18.2,22.2,16.1,76.0,69.3,69.3,69.3,98.8,23.56,26.93,0.86,0.41,26.8,0.0,0.73
2001-09-17,1.3,0.73,16.5,22.7,14.2,54.3,70.6,70.6,70.6,100.1,56.15,62.49,1.0,0.86,42.5,26.8,0.56
2001-09-18,0.0,0.56,16.7,22.5,10.8,43.8,43.8,70.6,70.6,100.1,48.83,57.41,0.73,1.0,1.3,42.5,0.47
2001-09-19,0.0,0.47,17.1,20.9,12.8,61.3,1.3,70.6,70.6,100.1,41.51,51.67,0.56,0.73,0.0,1.3,0.42
2001-09-20,0.0,0.42,18.7,23.7,14.2,58.5,0.0,70.6,70.6,100.1,35.28,46.5,0.47,0.56,0.0,0.0,0.4
2001-09-21,0.0,0.4,18.6,23.1,15.2,58.0,0.0,70.6,70.6,100.1,29.99,41.85,0.42,0.47,0.0,0.0,0.36
2001-09-22,0.0,0.36,18.8,22.8,15.5,56.5,0.0,43.8,70.6,100.1,25.49,37.66,0.4,0.42,0.0,0.0,0.44
2001-09-23,0.0,0.44,19.5,23.9,16.0,64.3,0.0,1.3,70.6,86.0,21.67,33.9,0.36,0.4,0.0,0.0,0.41
2001-09-24,0.0,0.41,21.6,27.1,17.1,62.3,0.0,0.0,70.6,71.5,18.42,30.51,0.44,0.36,0.0,0.0,0.39
2001-09-25,0.0,0.39,21.7,27.1,18.0,70.8,0.0,0.0,70.6,71.4,15.66,27.46,0.41,0.44,0.0,0.0,0.52
2001-09-26,2.0,0.52,22.5,26.5,19.0,67.0,2.0,2.0,72.6,73.4,13.31,24.71,0.39,0.41,0.0,0.0,0.87
2001-09-27,0.0,0.87,22.5,25.1,20.0,71.0,2.0,2.0,72.6,72.6,13.01,24.04,0.52,0.39,2.0,0.0,0.9
2001-09-28,0.0,0.9,20.7,22.9,18.7,74.3,2.0,2.0,72.6,72.6,11.06,21.64,0.87,0.52,0.0,2.0,0.66
2001-09-29,0.0,0.66,20.6,23.8,18.8,73.3,0.0,2.0,45.8,72.6,9.4,19.47,0.9,0.87,0.0,0.0,0.52
2001-09-30,0.0,0.52,19.9,24.2,17.9,72.8,0.0,2.0,3.3,72.6,7.99,17.53,0.66,0.9,0.0,0.0,0.56
2001-10-01,0.0,0.56,21.2,26.2,17.0,68.8,0.0,2.0,2.0,72.6,6.79,15.77,0.52,0.66,0.0,0.0,0.55
2001-10-02,0.0,0.55,19.9,23.2,18.4,86.5,0.0,2.0,2.0,72.6,5.77,14.2,0.56,0.52,0.0,0.0,0.63
2001-10-03,25.2,0.63,22.1,27.4,17.6,73.0,25.2,25.2,27.2,97.8,4.91,12.78,0.55,0.56,0.0,0.0,0.54
2001-10-04,1.0,0.54,25.5,31.7,18.6,56.3,26.2,26.2,28.2,98.8,25.59,34.18,0.63,0.55,25.2,0.0,0.46
2001-10-05,0.0,0.46,25.2,30.9,19.8,47.8,26.2,26.2,28.2,98.8,22.6,31.66,0.54,0.63,1.0,25.2,0.41
2001-10-06,0.0,0.41,25.0,32.1,19.6,56.5,1.0,26.2,28.2,98.8,19.21,28.49,0.46,0.54,0.0,1.0,0.41
2001-10-07,0.0,0.41,22.6,27.4,20.1,68.8,0.0,26.2,28.2,98.8,16.33,25.65,0.41,0.46,0.0,0.0,0.45
2001-10-08,13.4,0.45,19.5,23.5,17.7,80.3,13.4,39.6,41.6,112.2,13.88,23.08,0.41,0.41,0.0,0.0,0.88
2001-10-09,1.5,0.88,17.9,19.3,17.1,88.8,14.9,41.1,43.1,113.7,23.19,32.83,0.45,0.41,13.4,0.0,0.82
2001-10-10,4.6,0.82,19.5,22.7,16.9,77.8,19.5,20.5,45.7,118.3,20.99,30.9,0.88,0.45,1.5,13.4,0.58
2001-10-11,0.0,0.58,19.6,22.7,17.7,74.5,6.1,19.5,45.7,118.3,21.75,31.95,0.82,0.88,4.6,1.5,0.47
2001-10-12,0.0,0.47,20.6,25.7,17.4,56.8,4.6,19.5,45.7,118.3,18.49,28.75,0.58,0.82,0.0,4.6,0.42
2001-10-13,0.0,0.42,19.9,25.1,16.5,56.8,0.0,19.5,45.7,118.3,15.71,25.88,0.47,0.58,0.0,0.0,0.37
2001-10-14,0.0,0.37,20.5,24.8,17.0,66.0,0.0,19.5,45.7,118.3,13.36,23.29,0.42,0.47,0.0,0.0,0.36
2001-10-15,0.0,0.36,20.5,25.6,17.5,62.0,0.0,6.1,45.7,91.5,11.35,20.96,0.37,0.42,0.0,0.0,0.32
2001-10-16,0.0,0.32,21.4,26.0,16.8,48.5,0.0,4.6,45.7,49.0,9.65,18.87,0.36,0.37,0.0,0.0,0.31
2001-10-17,0.0,0.31,20.3,24.1,17.2,59.8,0.0,0.0,20.5,47.7,8.2,16.98,0.32,0.36,0.0,0.0,0.31
2001-10-18,0.0,0.31,22.5,28.1,16.8,49.0,0.0,0.0,19.5,47.7,6.97,15.28,0.31,0.32,0.0,0.0,0.58
2001-10-19,0.0,0.58,21.8,26.8,19.4,69.3,0.0,0.0,19.5,47.7,5.93,13.75,0.31,0.31,0.0,0.0,1.26
2001-10-20,18.7,1.26,20.3,25.6,18.1,91.0,18.7,18.7,38.2,66.4,5.04,12.38,0.58,0.31,0.0,0.0,1.32
2001-10-21,29.2,1.32,23.2,29.1,18.4,58.5,47.9,47.9,67.4,95.6,20.18,27.97,1.26,0.58,18.7,0.0,0.88
2001-10-22,3.2,0.88,22.2,27.3,18.9,76.0,51.1,51.1,57.2,98.8,41.97,51.45,1.32,1.26,29.2,18.7,0.6
2001-10-23,5.9,0.6,23.6,29.8,17.6,46.3,38.3,57.0,61.6,104.7,38.39,49.19,0.88,1.32,3.2,29.2,0.55
2001-10-24,0.0,0.55,23.5,29.5,19.6,60.8,9.1,57.0,57.0,104.7,37.65,49.58,0.6,0.88,5.9,3.2,0.48
2001-10-25,1.3,0.48,21.5,26.9,18.1,57.0,7.2,58.3,58.3,106.0,32.0,44.62,0.55,0.6,0.0,5.9,0.43
2001-10-26,0.0,0.43,21.6,27.0,17.1,49.0,1.3,58.3,58.3,104.0,28.31,41.33,0.48,0.55,1.3,0.0,0.41
2001-10-27,0.0,0.41,21.0,26.6,16.4,50.3,1.3,39.6,58.3,104.0,24.06,37.2,0.43,0.48,0.0,1.3,0.38
2001-10-28,0.0,0.38,22.7,28.8,17.1,44.0,0.0,10.4,58.3,104.0,20.45,33.48,0.41,0.43,0.0,0.0,0.35
2001-10-29,0.0,0.35,22.7,28.7,17.2,48.8,0.0,7.2,58.3,104.0,17.38,30.13,0.38,0.41,0.0,0.0,0.37
2001-10-30,0.0,0.37,22.7,29.2,17.9,61.3,0.0,1.3,58.3,104.0,14.78,27.12,0.35,0.38,0.0,0.0,0.46
2001-10-31,11.9,0.46,21.5,27.0,17.8,75.8,11.9,13.2,70.2,115.9,12.56,24.4,0.37,0.35,0.0,0.0,0.59
2001-11-01,0.8,0.59,20.9,29.1,17.5,73.5,12.7,12.7,71.0,116.7,20.79,32.67,0.46,0.37,11.9,0.0,0.62
2001-11-02,6.5,0.62,21.6,28.8,17.2,68.5,19.2,19.2,77.5,98.0,18.35,30.13,0.59,0.46,0.8,11.9,1.07
2001-11-03,12.4,1.07,20.3,26.4,17.4,84.5,19.7,31.6,71.2,109.4,21.12,32.96,0.62,0.59,6.5,0.8,1.86
2001-11-04,15.2,1.86,21.8,25.1,18.4,76.8,34.1,46.8,57.2,124.6,28.5,40.83,1.07,0.62,12.4,6.5,2.49
2001-11-05,9.7,2.49,22.5,27.6,19.4,76.0,37.3,56.5,63.7,134.3,37.14,50.42,1.86,1.07,15.2,12.4,2.37
2001-11-06,3.9,2.37,24.2,29.3,19.2,61.3,28.8,60.4,61.7,138.2,39.82,54.11,2.49,1.86,9.7,15.2,1.59
2001-11-07,4.2,1.59,25.0,30.5,20.2,59.0,17.8,52.7,65.9,129.0,37.16,52.21,2.37,2.49,3.9,9.7,0.98
2001-11-08,0.2,0.98,24.1,29.8,21.2,68.0,8.3,52.1,64.8,127.7,35.15,50.77,1.59,2.37,4.2,3.9,0.66
2001-11-09,0.0,0.66,25.2,29.4,19.8,55.3,4.4,45.6,64.8,123.1,30.05,45.87,0.98,1.59,0.2,4.2,0.52
2001-11-10,4.9,0.52,24.2,29.2,20.8,57.5,5.1,38.1,69.7,128.0,25.54,41.29,0.66,0.98,0.0,0.2,0.48
2001-11-11,0.5,0.48,25.2,30.7,20.4,52.0,5.4,23.4,70.2,128.5,25.88,41.57,0.52,0.66,4.9,0.0,0.75
2001-11-12,1.7,0.75,22.7,26.2,20.2,80.3,7.1,15.4,71.9,130.2,22.42,37.86,0.48,0.52,0.5,4.9,2.14
2001-11-13,17.8,2.14,21.9,25.6,19.8,90.5,20.0,29.3,89.7,148.0,20.5,35.6,0.75,0.48,1.7,0.5,3.7
2001-11-14,49.5,3.7,21.7,25.6,18.3,84.3,69.0,74.6,127.3,197.5,32.56,48.06,2.14,0.75,17.8,1.7,3.92
2001-11-15,2.2,3.92,23.5,28.9,20.4,74.5,69.5,76.6,128.7,199.7,69.75,87.81,3.7,2.14,49.5,17.8,3.57
2001-11-16,6.5,3.57,23.4,28.0,20.3,80.3,58.2,83.1,128.7,206.2,61.16,81.01,3.92,3.7,2.2,49.5,3.52
2001-11-17,2.3,3.52,23.7,29.5,20.1,74.5,11.0,80.5,118.6,208.5,57.51,78.76,3.57,3.92,6.5,2.2,4.01
2001-11-18,3.4,4.01,21.2,24.3,18.7,77.8,12.2,83.4,106.8,211.9,50.84,72.95,3.52,3.57,2.3,6.5,4.46
2001-11-19,0.8,4.46,20.9,23.5,19.3,88.0,6.5,82.5,97.9,194.0,46.1,68.72,4.01,3.52,3.4,2.3,5.17
2001-11-20,12.5,5.17,20.8,23.0,19.0,85.0,16.7,77.2,106.5,177.3,39.87,62.56,4.46,4.01,0.8,3.4,5.81
2001-11-21,8.2,5.81,21.3,25.8,19.0,72.0,21.5,35.9,110.5,182.3,44.51,67.56,5.17,4.46,12.5,0.8,5.01
2001-11-22,0.2,5.01,21.3,26.5,18.4,79.8,20.9,33.9,110.5,176.6,44.8,68.18,5.81,5.17,8.2,12.5,4.07
2001-11-23,0.0,4.07,21.5,28.9,18.2,77.3,8.4,27.4,110.5,176.6,38.25,61.54,5.01,5.81,0.2,8.2,3.67
2001-11-24,12.8,3.67,23.2,29.2,17.8,71.0,13.0,37.9,118.4,188.1,32.52,55.39,4.07,5.01,0.0,0.2,2.99
2001-11-25,0.2,2.99,24.1,29.2,19.8,62.3,13.0,34.7,118.1,188.3,38.52,61.37,3.67,4.07,12.8,0.0,2.31
2001-11-26,8.9,2.31,23.2,27.5,19.5,61.0,21.9,42.8,125.3,197.2,32.91,55.41,2.99,3.67,0.2,12.8,1.61
2001-11-27,0.1,1.61,24.2,29.2,20.0,56.8,9.2,30.4,107.6,197.3,35.54,57.88,2.31,2.99,8.9,0.2,1.07
2001-11-28,0.0,1.07,24.2,30.7,19.9,60.8,9.0,22.2,58.1,197.3,30.29,52.18,1.61,2.31,0.1,8.9,0.98
2001-11-29,56.7,0.98,22.1,25.8,18.8,78.5,56.8,78.7,112.6,254.0,25.75,46.97,1.07,1.61,0.0,0.1,1.88
2001-11-30,36.8,1.88,21.0,23.5,19.8,89.8,93.5,115.5,142.9,278.9,70.08,93.3,0.98,1.07,56.7,0.0,4.55
2001-12-01,62.5,4.55,21.3,24.5,19.6,91.3,156.0,165.2,203.1,340.6,90.85,117.09,1.88,0.98,36.8,56.7,6.89
2001-12-02,32.2,6.89,21.9,28.7,15.8,45.8,131.5,197.2,231.9,366.3,130.35,161.63,4.55,1.88,62.5,36.8,5.34
2001-12-03,0.2,5.34,21.9,27.5,16.6,50.5,94.9,188.5,231.3,354.1,138.17,174.45,6.89,4.55,32.2,62.5,3.99
2001-12-04,0.0,3.99,22.5,27.4,18.0,49.8,32.4,188.4,218.8,338.9,117.61,157.18,5.34,6.89,0.2,32.2,2.91
2001-12-05,0.0,2.91,23.3,28.8,18.9,63.5,0.2,188.4,210.6,329.2,99.97,141.46,3.99,5.34,0.0,0.2,2.16
2001-12-06,0.0,2.16,23.5,28.3,20.4,68.8,0.0,131.7,210.4,325.3,84.97,127.32,2.91,3.99,0.0,0.0,1.4
2001-12-07,0.0,1.4,23.7,27.8,20.8,66.3,0.0,94.9,210.4,321.1,72.23,114.59,2.16,2.91,0.0,0.0,0.95
2001-12-08,0.0,0.95,24.0,28.8,20.3,54.5,0.0,32.4,197.6,320.9,61.39,103.13,1.4,2.16,0.0,0.0,0.72
2001-12-09,0.0,0.72,25.0,30.6,20.3,54.3,0.0,0.2,197.4,320.9,52.18,92.81,0.95,1.4,0.0,0.0,0.65
2001-12-10,0.0,0.65,25.1,30.6,21.5,50.8,0.0,0.0,188.5,316.0,44.36,83.53,0.72,0.95,0.0,0.0,0.63
2001-12-11,0.0,0.63,24.0,29.3,20.0,52.3,0.0,0.0,188.4,315.5,37.7,75.18,0.65,0.72,0.0,0.0,0.63
2001-12-12,0.0,0.63,24.8,29.3,20.4,52.0,0.0,0.0,188.4,313.8,32.05,67.66,0.63,0.65,0.0,0.0,0.66
2001-12-13,0.0,0.66,24.1,27.9,21.0,67.3,0.0,0.0,131.7,296.0,27.24,60.9,0.63,0.63,0.0,0.0,0.69
2001-12-14,0.0,0.69,21.5,26.1,19.0,79.8,0.0,0.0,94.9,246.5,23.15,54.81,0.66,0.63,0.0,0.0,0.92
2001-12-15,24.3,0.92,21.2,23.1,18.9,84.0,24.3,24.3,56.7,268.6,19.68,49.33,0.69,0.66,0.0,0.0,1.77
2001-12-16,16.8,1.77,21.6,25.1,18.5,80.3,41.1,41.1,41.3,278.9,37.38,66.26,0.92,0.69,24.3,0.0,3.5
2001-12-17,60.7,3.5,21.3,24.0,18.8,95.0,101.8,101.8,101.8,337.3,46.06,74.76,1.77,0.92,16.8,24.3,4.57
2001-12-18,58.3,4.57,23.5,29.1,19.7,85.5,135.8,160.1,160.1,392.2,90.74,121.91,3.5,1.77,60.7,16.8,4.22
2001-12-19,13.5,4.22,22.8,25.9,20.6,88.3,132.5,173.6,173.6,404.9,126.69,162.19,4.57,3.5,58.3,60.7,3.83
2001-12-20,2.3,3.83,23.5,27.2,20.2,75.5,74.1,175.9,175.9,394.7,119.16,158.12,4.22,4.57,13.5,58.3,3.7
2001-12-21,0.1,3.7,24.0,28.8,20.6,64.5,15.9,176.0,176.0,386.6,103.24,144.38,3.83,4.22,2.3,13.5,3.69
2001-12-22,0.4,3.69,25.4,30.5,21.0,60.5,2.8,152.1,176.4,386.8,87.84,130.03,3.7,3.83,0.1,2.3,3.02
2001-12-23,1.2,3.02,23.7,27.2,20.2,78.3,1.7,136.5,177.6,388.0,75.0,117.39,3.69,3.7,0.4,0.1,2.95
2001-12-24,1.8,2.95,21.4,25.4,19.0,77.0,3.4,77.6,179.4,377.0,64.77,106.73,3.02,3.69,1.2,0.4,3.21
2001-12-25,6.8,3.21,19.6,21.4,18.2,85.0,9.8,26.1,186.2,383.6,56.59,97.68,2.95,3.02,1.8,1.2,3.21
2001-12-26,2.5,3.21,20.7,24.8,18.6,85.3,11.1,15.1,188.7,377.2,53.88,94.03,3.21,2.95,6.8,1.8,3.38
2001-12-27,3.6,3.38,21.4,26.8,18.8,80.5,12.9,16.4,192.3,380.7,47.92,86.88,3.21,3.21,2.5,6.8,4.87
2001-12-28,17.2,4.87,19.3,20.8,18.6,93.8,23.3,33.5,209.5,397.9,43.79,81.43,3.38,3.21,3.6,2.5,7.07
2001-12-29,34.1,7.07,18.9,20.0,17.7,96.3,54.9,67.2,219.3,375.3,51.84,88.77,4.87,3.38,17.2,3.6,11.5
2001-12-30,57.3,11.5,19.9,22.1,18.1,95.0,108.6,123.3,259.8,395.8,73.05,110.58,7.07,4.87,34.1,17.2,16.62
2001-12-31,13.7,16.62,21.8,27.2,17.8,86.8,105.1,135.2,212.8,347.0,110.8,151.09,11.5,7.07,57.3,34.1,14.67
2002-01-01,20.3,14.67,21.9,28.5,19.2,84.8,91.3,148.7,174.8,335.1,105.82,148.31,16.62,11.5,13.7,57.3,12.74
2002-01-02,21.7,12.74,23.6,29.3,19.6,77.5,55.7,167.9,183.0,356.6,107.21,151.75,14.67,16.62,20.3,13.7,11.65
2002-01-03,7.4,11.65,25.2,31.5,19.6,70.3,49.4,171.7,188.1,364.0,109.57,156.11,12.74,14.67,21.7,20.3,10.07
2002-01-04,0.3,10.07,25.2,31.5,21.0,61.8,29.4,154.8,188.3,364.3,99.42,147.16,11.65,12.74,7.4,21.7,8.51
2002-01-05,32.1,8.51,24.9,30.1,20.8,65.3,39.8,152.8,220.0,396.4,84.77,132.71,10.07,11.65,0.3,7.4,7.45
2002-01-06,0.1,7.45,24.8,29.6,21.2,59.5,32.5,95.6,218.9,396.5,99.34,148.33,8.51,10.07,32.1,0.3,5.93
2002-01-07,0.0,5.93,23.6,28.2,20.5,67.3,32.2,81.9,217.1,396.5,84.52,133.59,7.45,8.51,0.1,32.1,4.78
2002-01-08,0.7,4.78,23.8,28.7,20.0,63.0,0.8,62.3,211.0,397.2,71.84,120.23,5.93,7.45,0.0,0.1,3.73
2002-01-09,0.0,3.73,24.4,28.5,21.2,54.5,0.7,40.6,208.5,397.2,61.66,108.83,4.78,5.93,0.7,0.0,2.86
2002-01-10,0.0,2.86,22.2,25.2,19.3,58.5,0.7,33.2,204.9,397.2,52.41,97.95,3.73,4.78,0.0,0.7,2.14
2002-01-11,0.0,2.14,22.1,25.3,19.0,68.3,0.0,32.9,187.7,397.2,44.55,88.16,2.86,3.73,0.0,0.0,1.65
2002-01-12,0.0,1.65,21.7,24.5,19.6,70.5,0.0,0.8,153.6,397.2,37.87,79.34,2.14,2.86,0.0,0.0,1.36
2002-01-13,0.0,1.36,21.6,24.0,20.0,83.0,0.0,0.7,96.3,397.2,32.19,71.41,1.65,2.14,0.0,0.0,1.94
2002-01-14,19.8,1.94,20.8,24.1,19.4,93.0,19.8,20.5,102.4,392.7,27.36,64.27,1.36,1.65,0.0,0.0,4.66
2002-01-15,38.2,4.66,22.4,27.7,19.7,87.0,58.0,58.0,120.3,414.1,40.09,75.66,1.94,1.36,19.8,0.0,6.35
2002-01-16,20.7,6.35,24.0,30.7,18.5,67.5,78.7,78.7,119.3,374.1,66.54,102.47,4.66,1.94,38.2,19.8,6.52
2002-01-17,8.7,6.52,22.0,25.5,18.9,74.5,67.6,87.4,120.6,324.5,74.16,110.86,6.35,4.66,20.7,38.2,10.04
2002-01-18,12.0,10.04,20.9,23.9,18.9,87.0,41.4,99.4,132.3,323.0,70.43,107.6,6.52,6.35,8.7,20.7,19.32
2002-01-19,38.6,19.32,21.3,23.9,18.6,81.5,59.3,138.0,138.8,359.3,70.06,107.64,10.04,6.52,12.0,8.7,18.23
2002-01-20,3.2,18.23,23.7,28.6,20.2,59.0,53.8,141.2,141.9,362.4,92.36,131.62,19.32,10.04,38.6,12.0,15.07
2002-01-21,0.0,15.07,25.4,32.1,19.0,62.3,41.8,121.4,141.9,362.0,81.23,121.33,18.23,19.32,3.2,38.6,12.34
2002-01-22,0.0,12.34,26.0,31.7,20.5,55.3,3.2,83.2,141.2,360.8,69.05,109.2,15.07,18.23,0.0,3.2,10.07
2002-01-23,0.0,10.07,25.8,29.8,21.4,60.5,0.0,62.5,141.2,359.0,58.69,98.28,12.34,15.07,0.0,0.0,8.18
2002-01-24,0.0,8.18,25.5,30.2,22.3,67.5,0.0,53.8,141.2,352.2,49.89,88.45,10.07,12.34,0.0,0.0,7.34
2002-01-25,53.5,7.34,24.1,30.1,19.2,72.3,53.5,95.3,194.7,403.2,42.4,79.61,8.18,10.07,0.0,0.0,8.08
2002-01-26,73.3,8.08,22.9,29.5,18.5,78.0,126.8,130.0,268.0,472.9,81.52,119.8,7.34,8.18,53.5,0.0,7.95
2002-01-27,18.3,7.95,24.6,30.1,20.7,66.8,145.1,145.1,286.3,474.0,131.59,173.79,8.08,7.34,73.3,53.5,8.89
2002-01-28,0.1,8.89,24.5,30.1,20.2,78.3,91.7,145.2,266.6,440.0,127.41,172.88,7.95,8.08,18.3,73.3,10.46
2002-01-29,2.6,10.46,24.8,30.3,21.1,71.3,21.0,147.8,231.0,385.3,108.38,155.68,8.89,7.95,0.1,18.3,10.53
2002-01-30,12.7,10.53,23.8,30.1,20.7,83.5,15.4,160.5,223.0,384.3,94.34,142.45,10.46,8.89,2.6,0.1,10.89
2002-01-31,14.1,10.89,26.0,32.1,20.0,61.3,29.4,174.6,228.4,378.1,90.98,139.64,10.53,10.46,12.7,2.6,10.32
2002-02-01,0.1,10.32,23.3,30.0,19.9,73.8,26.9,121.2,216.5,356.5,89.32,138.36,10.89,10.53,14.1,12.7,10.48
2002-02-02,4.7,10.48,23.3,27.3,20.0,79.0,18.9,52.6,182.6,353.8,76.01,124.62,10.32,10.89,0.1,14.1,12.52
2002-02-03,26.8,12.52,21.7,26.1,19.7,75.8,31.6,61.1,206.2,380.3,68.6,116.39,10.48,10.32,4.7,0.1,11.82
2002-02-04,2.2,11.82,22.7,29.3,17.3,65.3,33.7,63.2,208.4,350.4,81.09,128.87,12.52,10.48,26.8,4.7,9.86
2002-02-05,0.0,9.86,23.3,27.5,19.4,66.5,29.0,60.6,208.4,350.3,70.8,117.96,11.82,12.52,2.2,26.8,8.23
2002-02-06,0.0,8.23,22.5,29.5,19.7,75.0,2.2,47.9,208.4,350.3,60.18,106.16,9.86,11.82,0.0,2.2,8.12
2002-02-07,0.0,8.12,22.4,27.3,19.2,73.0,0.0,33.8,208.4,349.6,51.15,95.55,8.23,9.86,0.0,0.0,10.8
2002-02-08,56.7,10.8,21.0,23.1,18.8,86.5,56.7,90.4,211.6,406.3,43.48,85.99,8.12,8.23,0.0,0.0,14.63
2002-02-09,50.2,14.63,20.4,24.3,18.4,96.3,106.9,135.9,188.5,456.5,85.15,128.42,10.8,8.12,56.7,0.0,14.52
2002-02-10,23.8,14.52,21.4,24.3,19.3,89.5,130.7,132.9,194.0,480.3,115.05,160.76,14.63,10.8,50.2,56.7,13.06
2002-02-11,5.5,13.06,23.3,27.8,19.9,70.8,79.5,136.2,199.4,485.8,118.02,166.11,14.52,14.63,23.8,50.2,10.83
2002-02-12,0.0,10.83,23.4,28.4,20.1,63.5,29.3,136.2,196.8,485.8,104.99,154.44,13.06,14.52,5.5,23.8,8.91
2002-02-13,0.0,8.91,24.0,29.5,19.2,59.0,5.5,136.2,184.1,466.0,89.24,139.0,10.83,13.06,0.0,5.5,7.24
2002-02-14,0.0,7.24,24.8,30.5,18.9,58.3,0.0,136.2,170.0,427.8,75.86,125.1,8.91,10.83,0.0,0.0,5.93
2002-02-15,0.1,5.93,22.4,29.5,19.8,81.8,0.1,79.6,170.0,407.2,64.48,112.59,7.24,8.91,0.0,0.0,5.93
2002-02-16,12.9,5.93,23.8,30.1,19.6,71.5,13.0,42.3,178.2,411.4,54.89,101.42,5.93,7.24,0.1,0.0,7.53
2002-02-17,12.3,7.53,21.7,27.1,19.4,84.3,25.3,30.8,163.7,411.7,57.62,102.89,5.93,5.93,12.9,0.1,10.43
2002-02-18,17.9,10.43,20.5,22.1,19.2,88.5,43.1,43.2,179.4,391.0,59.43,103.67,7.53,5.93,12.3,12.9,11.94
2002-02-19,20.2,11.94,21.2,24.5,19.2,83.8,50.4,63.4,199.6,408.0,65.73,109.41,10.43,7.53,17.9,12.3,11.65
2002-02-20,4.8,11.65,21.3,26.7,19.1,84.3,42.9,68.2,204.4,412.8,73.04,116.65,11.94,10.43,20.2,17.9,11.33
2002-02-21,22.8,11.33,22.4,26.0,19.1,83.3,47.8,91.0,227.2,435.6,66.17,109.31,11.65,11.94,4.8,20.2,10.51
2002-02-22,1.2,10.51,22.7,26.7,20.0,86.3,28.8,92.1,171.7,436.8,75.62,118.9,11.33,11.65,22.8,4.8,10.56
2002-02-23,26.5,10.56,21.9,28.1,19.6,86.8,50.5,105.7,148.0,463.3,65.3,108.09,10.51,11.33,1.2,22.8,12.09
2002-02-24,29.6,12.09,22.7,28.9,19.6,82.3,57.3,123.0,153.8,439.4,78.03,121.13,10.56,10.51,26.5,1.2,12.61
2002-02-25,1.7,12.61,22.6,26.8,20.2,64.8,57.8,106.8,150.0,367.8,91.48,135.65,12.09,10.56,29.6,26.5,11.82
2002-02-26,0.0,11.82,21.9,25.1,19.2,72.5,31.3,86.6,150.0,349.5,79.21,123.62,12.61,12.09,1.7,29.6,10.38
2002-02-27,0.0,10.38,22.7,26.1,20.2,72.3,1.7,81.8,150.0,349.4,67.33,111.26,11.82,12.61,0.0,1.7,9.62
2002-02-28,0.4,9.62,23.2,27.1,20.4,70.3,0.4,59.4,150.4,347.2,57.23,100.13,10.38,11.82,0.0,0.0,8.75
2002-03-01,0.0,8.75,23.5,29.1,19.9,62.3,0.4,58.2,150.3,334.5,48.98,90.48,9.62,10.38,0.4,0.0,7.09
2002-03-02,0.0,7.09,24.5,30.2,19.1,60.5,0.4,31.7,137.4,320.4,41.64,81.43,8.75,9.62,0.0,0.4,5.71
2002-03-03,0.0,5.71,24.5,28.7,21.0,54.3,0.0,2.1,125.1,320.3,35.39,73.29,7.09,8.75,0.0,0.0,4.56
2002-03-04,0.0,4.56,22.5,28.4,19.8,64.8,0.0,0.4,107.2,315.6,30.08,65.96,5.71,7.09,0.0,0.0,4.19
2002-03-05,0.0,4.19,23.3,28.9,18.2,63.5,0.0,0.4,87.0,288.8,25.57,59.36,4.56,5.71,0.0,0.0,3.35
2002-03-06,0.0,3.35,24.6,30.2,19.6,60.3,0.0,0.4,82.2,286.6,21.73,53.43,4.19,4.56,0.0,0.0,2.62
2002-03-07,0.0,2.62,24.8,30.2,20.0,59.3,0.0,0.0,59.4,286.6,18.47,48.08,3.35,4.19,0.0,0.0,1.97
2002-03-08,0.0,1.97,25.0,30.0,21.2,62.8,0.0,0.0,58.2,286.6,15.7,43.28,2.62,3.35,0.0,0.0,1.56
2002-03-09,0.0,1.56,24.6,29.5,20.8,60.0,0.0,0.0,31.7,286.6,13.35,38.95,1.97,2.62,0.0,0.0,1.31
2002-03-10,19.2,1.31,23.2,28.3,19.0,63.3,19.2,19.2,21.3,249.1,11.35,35.05,1.56,1.97,0.0,0.0,1.22
2002-03-11,0.2,1.22,23.6,28.1,20.0,64.0,19.4,19.4,19.8,199.1,25.96,48.83,1.31,1.56,19.2,0.0,1.22
2002-03-12,0.0,1.22,24.4,29.6,20.3,62.3,19.4,19.4,19.8,175.3,22.24,44.13,1.22,1.31,0.2,19.2,1.22
2002-03-13,0.0,1.22,25.1,29.5,21.0,60.0,0.2,19.4,19.8,169.8,18.9,39.71,1.22,1.22,0.0,0.2,1.25
2002-03-14,0.0,1.25,23.6,30.9,20.4,72.3,0.0,19.4,19.4,169.8,16.07,35.74,1.22,1.22,0.0,0.0,1.9
2002-03-15,15.9,1.9,24.8,30.8,19.6,62.8,15.9,35.3,35.3,185.7,13.66,32.17,1.25,1.22,0.0,0.0,4.15
2002-03-16,16.5,4.15,23.2,28.6,19.0,77.8,32.4,51.8,51.8,202.2,25.12,43.26,1.9,1.25,15.9,0.0,4.31
2002-03-17,0.7,4.31,23.4,29.1,20.5,75.3,33.1,33.3,52.5,202.8,35.38,53.78,4.15,1.9,16.5,15.9,4.66
2002-03-18,0.0,4.66,23.6,28.7,20.3,71.8,17.2,33.1,52.5,189.9,30.67,49.04,4.31,4.15,0.7,16.5,3.81
2002-03-19,0.0,3.81,25.0,30.1,20.1,65.8,0.7,33.1,52.5,177.6,26.07,44.13,4.66,4.31,0.0,0.7,3.09
2002-03-20,0.0,3.09,24.6,29.0,21.2,76.5,0.0,33.1,52.5,159.7,22.16,39.72,3.81,4.66,0.0,0.0,3.72
2002-03-21,10.4,3.72,23.9,29.6,20.7,69.0,10.4,43.5,62.9,149.9,18.83,35.75,3.09,3.81,0.0,0.0,6.69
2002-03-22,0.1,6.69,22.1,26.3,19.6,70.8,10.5,27.7,63.0,145.2,24.85,41.53,3.72,3.09,10.4,0.0,5.5
2002-03-23,0.0,5.5,22.3,25.7,19.6,72.0,10.5,11.2,63.0,122.4,21.21,37.47,6.69,3.72,0.1,10.4,4.56
2002-03-24,0.0,4.56,23.4,27.8,20.4,74.8,0.1,10.5,43.8,121.2,18.03,33.72,5.5,6.69,0.0,0.1,4.9
2002-03-25,28.7,4.9,21.4,25.1,18.4,85.8,28.7,39.2,72.3,123.4,15.32,30.35,4.56,5.5,0.0,0.0,5.62
2002-03-26,4.8,5.62,23.5,29.6,20.0,74.0,33.5,44.0,77.1,98.6,37.42,53.15,4.9,4.56,28.7,0.0,5.53
2002-03-27,0.0,5.53,24.4,28.6,21.1,61.8,33.5,44.0,77.1,96.9,35.89,52.15,5.62,4.9,4.8,28.7,4.53
2002-03-28,0.0,4.53,24.8,29.4,20.4,61.0,4.8,33.6,77.1,96.9,30.5,46.94,5.53,5.62,0.0,4.8,3.47
2002-03-29,0.0,3.47,23.3,28.4,20.4,60.3,0.0,33.5,61.2,96.9,25.93,42.24,4.53,5.53,0.0,0.0,2.62
2002-03-30,0.0,2.62,22.9,28.3,19.6,66.5,0.0,33.5,44.7,96.5,22.04,38.02,3.47,4.53,0.0,0.0,2.03
2002-03-31,0.0,2.03,23.2,28.5,18.9,61.0,0.0,33.5,44.0,96.5,18.73,34.22,2.62,3.47,0.0,0.0,1.62
2002-04-01,0.0,1.62,23.9,29.3,18.7,55.0,0.0,4.8,44.0,96.5,15.92,30.79,2.03,2.62,0.0,0.0,1.4
2002-04-02,0.0,1.4,24.7,31.1,19.8,58.8,0.0,0.0,44.0,96.5,13.53,27.71,1.62,2.03,0.0,0.0,1.31
2002-04-03,0.0,1.31,24.5,29.6,19.8,54.8,0.0,0.0,44.0,96.5,11.5,24.94,1.4,1.62,0.0,0.0,1.31
2002-04-04,0.0,1.31,23.8,28.8,19.6,60.5,0.0,0.0,33.6,96.5,9.78,22.45,1.31,1.4,0.0,0.0,1.31
2002-04-05,0.0,1.31,23.3,28.1,19.6,62.5,0.0,0.0,33.5,96.5,8.31,20.2,1.31,1.31,0.0,0.0,1.34
2002-04-06,0.0,1.34,22.8,28.7,19.0,65.0,0.0,0.0,33.5,96.5,7.06,18.18,1.31,1.31,0.0,0.0,1.47
2002-04-07,0.0,1.47,23.0,28.9,20.0,70.8,0.0,0.0,33.5,96.5,6.01,16.37,1.34,1.31,0.0,0.0,1.88
2002-04-08,17.6,1.88,21.9,29.2,17.8,71.8,17.6,17.6,22.4,114.1,5.1,14.73,1.47,1.34,0.0,0.0,2.03
2002-04-09,27.1,2.03,22.6,27.5,18.4,77.0,44.7,44.7,44.7,122.0,19.3,29.1,1.88,1.47,17.6,0.0,2.22
2002-04-10,0.0,2.22,22.0,25.9,19.1,70.5,44.7,44.7,44.7,121.8,39.44,50.58,2.03,1.88,27.1,17.6,1.88
2002-04-11,0.0,1.88,23.6,29.1,19.4,66.0,27.1,44.7,44.7,121.8,33.52,45.52,2.22,2.03,0.0,27.1,1.59
2002-04-12,0.0,1.59,24.8,29.9,19.8,62.0,0.0,44.7,44.7,121.8,28.49,40.97,1.88,2.22,0.0,0.0,1.44
2002-04-13,0.0,1.44,23.5,29.4,18.7,64.0,0.0,44.7,44.7,121.8,24.22,36.87,1.59,1.88,0.0,0.0,1.34
2002-04-14,0.0,1.34,22.7,27.5,18.7,64.3,0.0,44.7,44.7,105.9,20.59,33.18,1.44,1.59,0.0,0.0,1.31
2002-04-15,0.0,1.31,23.1,28.0,20.5,65.3,0.0,27.1,44.7,89.4,17.5,29.86,1.34,1.44,0.0,0.0,1.31
2002-04-16,0.0,1.31,23.4,28.1,18.6,61.8,0.0,0.0,44.7,88.7,14.87,26.88,1.31,1.34,0.0,0.0,1.28
2002-04-17,0.0,1.28,23.9,29.2,20.2,62.3,0.0,0.0,44.7,88.7,12.64,24.19,1.31,1.31,0.0,0.0,1.28
2002-04-18,0.0,1.28,25.0,30.6,20.0,50.5,0.0,0.0,44.7,88.7,10.75,21.77,1.28,1.31,0.0,0.0,1.28
2002-04-19,0.0,1.28,23.8,28.7,20.1,60.8,0.0,0.0,44.7,88.7,9.13,19.59,1.28,1.28,0.0,0.0,1.28
2002-04-20,0.0,1.28,23.5,28.4,20.6,64.5,0.0,0.0,44.7,78.3,7.76,17.63,1.28,1.28,0.0,0.0,1.25
2002-04-21,0.0,1.25,24.0,29.2,19.0,58.8,0.0,0.0,44.7,78.2,6.6,15.87,1.28,1.28,0.0,0.0,1.25
2002-04-22,0.0,1.25,23.2,27.2,20.1,58.0,0.0,0.0,27.1,78.2,5.61,14.28,1.25,1.28,0.0,0.0,1.25
2002-04-23,0.0,1.25,22.2,25.5,19.2,66.0,0.0,0.0,0.0,78.2,4.77,12.86,1.25,1.25,0.0,0.0,1.25
2002-04-24,0.0,1.25,22.6,27.4,20.2,63.8,0.0,0.0,0.0,49.5,4.05,11.57,1.25,1.25,0.0,0.0,1.25
2002-04-25,0.0,1.25,23.5,28.9,18.2,51.5,0.0,0.0,0.0,44.7,3.45,10.41,1.25,1.25,0.0,0.0,1.22
2002-04-26,0.0,1.22,24.2,30.3,19.2,59.5,0.0,0.0,0.0,44.7,2.93,9.37,1.25,1.25,0.0,0.0,1.22
2002-04-27,0.0,1.22,25.2,31.1,19.2,49.0,0.0,0.0,0.0,44.7,2.49,8.43,1.22,1.25,0.0,0.0,1.22
2002-04-28,0.0,1.22,23.5,28.5,19.6,57.8,0.0,0.0,0.0,44.7,2.12,7.59,1.22,1.22,0.0,0.0,1.22
2002-04-29,0.0,1.22,23.0,27.5,19.4,59.0,0.0,0.0,0.0,44.7,1.8,6.83,1.22,1.22,0.0,0.0,1.22
2002-04-30,0.0,1.22,23.7,29.5,18.4,58.5,0.0,0.0,0.0,44.7,1.53,6.15,1.22,1.22,0.0,0.0,1.19
2002-05-01,0.0,1.19,25.3,30.5,19.7,55.0,0.0,0.0,0.0,44.7,1.3,5.53,1.22,1.22,0.0,0.0,1.19
2002-05-02,0.0,1.19,23.7,28.8,20.8,64.8,0.0,0.0,0.0,44.7,1.1,4.98,1.19,1.22,0.0,0.0,1.19
2002-05-03,0.0,1.19,24.3,29.6,19.5,60.0,0.0,0.0,0.0,44.7,0.94,4.48,1.19,1.19,0.0,0.0,1.31
2002-05-04,0.0,1.31,24.4,30.1,20.2,61.5,0.0,0.0,0.0,44.7,0.8,4.03,1.19,1.19,0.0,0.0,1.72
2002-05-05,0.0,1.72,23.1,26.7,20.0,68.8,0.0,0.0,0.0,44.7,0.68,3.63,1.31,1.19,0.0,0.0,1.47
2002-05-06,0.0,1.47,21.4,26.9,19.2,77.8,0.0,0.0,0.0,44.7,0.58,3.27,1.72,1.31,0.0,0.0,1.25
2002-05-07,24.2,1.25,22.6,28.1,18.4,65.8,24.2,24.2,24.2,68.9,0.49,2.94,1.47,1.72,0.0,0.0,1.22
2002-05-08,1.0,1.22,22.7,28.3,19.2,64.8,25.2,25.2,25.2,52.3,20.99,24.43,1.25,1.47,24.2,0.0,1.19
2002-05-09,0.0,1.19,23.5,29.1,18.3,56.5,25.2,25.2,25.2,25.2,18.69,22.88,1.22,1.25,1.0,24.2,1.19
2002-05-10,0.0,1.19,22.5,26.7,20.2,65.5,1.0,25.2,25.2,25.2,15.89,20.6,1.19,1.22,0.0,1.0,1.19
2002-05-11,0.0,1.19,21.5,25.9,18.6,71.3,0.0,25.2,25.2,25.2,13.5,18.54,1.19,1.19,0.0,0.0,1.19
2002-05-12,0.0,1.19,21.4,25.8,18.7,66.8,0.0,25.2,25.2,25.2,11.48,16.68,1.19,1.19,0.0,0.0,1.16
2002-05-13,0.0,1.16,22.1,26.6,19.0,66.0,0.0,25.2,25.2,25.2,9.76,15.01,1.19,1.19,0.0,0.0,1.16
2002-05-14,0.0,1.16,21.7,25.7,18.9,63.0,0.0,1.0,25.2,25.2,8.29,13.51,1.16,1.19,0.0,0.0,1.16
2002-05-15,0.0,1.16,21.8,26.6,18.0,60.0,0.0,0.0,25.2,25.2,7.05,12.16,1.16,1.16,0.0,0.0,1.16
2002-05-16,0.0,1.16,22.6,28.0,17.3,53.8,0.0,0.0,25.2,25.2,5.99,10.95,1.16,1.16,0.0,0.0,1.12
2002-05-17,0.0,1.12,24.0,29.1,18.3,55.3,0.0,0.0,25.2,25.2,5.09,9.85,1.16,1.16,0.0,0.0,1.12
2002-05-18,0.0,1.12,22.7,27.4,20.0,67.8,0.0,0.0,25.2,25.2,4.33,8.87,1.12,1.16,0.0,0.0,1.16
2002-05-19,0.0,1.16,22.5,29.0,19.0,65.8,0.0,0.0,25.2,25.2,3.68,7.98,1.12,1.12,0.0,0.0,1.16
2002-05-20,0.0,1.16,23.6,29.7,18.6,64.0,0.0,0.0,25.2,25.2,3.13,7.18,1.16,1.12,0.0,0.0,1.25
2002-05-21,0.0,1.25,22.4,26.9,19.4,70.0,0.0,0.0,1.0,25.2,2.66,6.46,1.16,1.16,0.0,0.0,1.59
2002-05-22,1.6,1.59,20.2,25.8,18.4,76.0,1.6,1.6,1.6,26.8,2.26,5.82,1.25,1.16,0.0,0.0,1.84
2002-05-23,1.5,1.84,18.2,21.8,15.9,64.3,3.1,3.1,3.1,28.3,3.28,6.68,1.59,1.25,1.6,0.0,1.34
2002-05-24,0.0,1.34,17.2,22.5,13.6,55.8,3.1,3.1,3.1,28.3,4.06,7.36,1.84,1.59,1.5,1.6,1.22
2002-05-25,0.0,1.22,17.5,23.4,12.5,56.5,1.5,3.1,3.1,28.3,3.45,6.62,1.34,1.84,0.0,1.5,1.19
2002-05-26,0.0,1.19,17.6,23.7,13.9,56.8,0.0,3.1,3.1,28.3,2.94,5.96,1.22,1.34,0.0,0.0,1.16
2002-05-27,0.0,1.16,17.6,23.8,12.8,54.8,0.0,3.1,3.1,28.3,2.5,5.36,1.19,1.22,0.0,0.0,1.16
2002-05-28,0.0,1.16,18.6,23.7,13.8,62.8,0.0,3.1,3.1,28.3,2.12,4.83,1.16,1.19,0.0,0.0,1.12
2002-05-29,0.0,1.12,19.3,23.3,16.8,64.3,0.0,1.5,3.1,28.3,1.8,4.34,1.16,1.16,0.0,0.0,1.12
2002-05-30,0.0,1.12,20.6,25.6,16.1,57.0,0.0,0.0,3.1,28.3,1.53,3.91,1.12,1.16,0.0,0.0,1.12
2002-05-31,0.0,1.12,21.6,26.3,17.5,50.0,0.0,0.0,3.1,28.3,1.3,3.52,1.12,1.12,0.0,0.0,1.09
2002-06-01,0.0,1.09,21.0,26.5,16.2,58.3,0.0,0.0,3.1,28.3,1.11,3.17,1.12,1.12,0.0,0.0,1.09
2002-06-02,0.0,1.09,19.3,22.3,17.0,74.3,0.0,0.0,3.1,28.3,0.94,2.85,1.09,1.12,0.0,0.0,1.09
2002-06-03,0.0,1.09,20.2,25.9,15.8,64.3,0.0,0.0,3.1,28.3,0.8,2.57,1.09,1.09,0.0,0.0,1.09
2002-06-04,0.0,1.09,20.6,26.5,15.8,61.0,0.0,0.0,3.1,28.3,0.68,2.31,1.09,1.09,0.0,0.0,1.06
2002-06-05,0.0,1.06,20.5,26.7,17.1,64.8,0.0,0.0,1.5,28.3,0.58,2.08,1.09,1.09,0.0,0.0,1.06
2002-06-06,0.0,1.06,21.4,27.1,16.9,60.0,0.0,0.0,0.0,4.1,0.49,1.87,1.06,1.09,0.0,0.0,1.06
2002-06-07,0.0,1.06,21.1,26.5,17.7,70.0,0.0,0.0,0.0,3.1,0.42,1.68,1.06,1.06,0.0,0.0,1.06
2002-06-08,0.0,1.06,21.3,26.5,16.9,67.8,0.0,0.0,0.0,3.1,0.35,1.51,1.06,1.06,0.0,0.0,1.06
2002-06-09,0.0,1.06,20.9,25.8,17.6,69.0,0.0,0.0,0.0,3.1,0.3,1.36,1.06,1.06,0.0,0.0,1.03
2002-06-10,0.0,1.03,21.9,27.6,17.0,64.5,0.0,0.0,0.0,3.1,0.26,1.23,1.06,1.06,0.0,0.0,1.03
2002-06-11,0.0,1.03,20.6,25.2,16.6,66.5,0.0,0.0,0.0,3.1,0.22,1.1,1.03,1.06,0.0,0.0,1.03
2002-06-12,0.0,1.03,21.5,27.6,15.6,57.5,0.0,0.0,0.0,3.1,0.19,0.99,1.03,1.03,0.0,0.0,1.03
2002-06-13,0.0,1.03,21.2,27.9,16.6,63.0,0.0,0.0,0.0,3.1,0.16,0.89,1.03,1.03,0.0,0.0,1.03
2002-06-14,0.0,1.03,21.8,28.0,16.6,64.0,0.0,0.0,0.0,3.1,0.13,0.81,1.03,1.03,0.0,0.0,1.0
2002-06-15,0.0,1.0,20.7,24.9,17.4,62.8,0.0,0.0,0.0,3.1,0.11,0.72,1.03,1.03,0.0,0.0,1.0
2002-06-16,0.0,1.0,19.9,24.3,17.3,69.0,0.0,0.0,0.0,3.1,0.1,0.65,1.0,1.03,0.0,0.0,1.0
2002-06-17,0.0,1.0,20.3,25.3,16.6,63.8,0.0,0.0,0.0,3.1,0.08,0.59,1.0,1.0,0.0,0.0,1.0
2002-06-18,0.0,1.0,20.7,26.8,17.5,71.0,0.0,0.0,0.0,3.1,0.07,0.53,1.0,1.0,0.0,0.0,0.99
2002-06-19,0.0,0.99,21.5,27.4,16.9,57.3,0.0,0.0,0.0,3.1,0.06,0.48,1.0,1.0,0.0,0.0,0.99
2002-06-20,0.0,0.99,19.6,24.1,16.8,58.8,0.0,0.0,0.0,3.1,0.05,0.43,0.99,1.0,0.0,0.0,0.99
2002-06-21,0.0,0.99,19.7,24.9,14.7,59.5,0.0,0.0,0.0,1.5,0.04,0.39,0.99,0.99,0.0,0.0,0.97
2002-06-22,0.0,0.97,20.2,24.7,16.3,58.5,0.0,0.0,0.0,0.0,0.04,0.35,0.99,0.99,0.0,0.0,0.97
2002-06-23,0.0,0.97,18.3,21.8,16.6,72.0,0.0,0.0,0.0,0.0,0.03,0.31,0.97,0.99,0.0,0.0,0.97
2002-06-24,0.0,0.97,19.7,26.1,15.4,67.5,0.0,0.0,0.0,0.0,0.03,0.28,0.97,0.97,0.0,0.0,0.95
2002-06-25,0.0,0.95,20.3,25.2,15.4,62.0,0.0,0.0,0.0,0.0,0.02,0.25,0.97,0.97,0.0,0.0,0.95
2002-06-26,0.0,0.95,19.9,24.4,16.7,66.8,0.0,0.0,0.0,0.0,0.02,0.23,0.95,0.97,0.0,0.0,0.95
2002-06-27,0.0,0.95,20.0,24.4,16.7,63.5,0.0,0.0,0.0,0.0,0.02,0.2,0.95,0.95,0.0,0.0,0.94
2002-06-28,0.0,0.94,20.2,24.3,15.6,61.8,0.0,0.0,0.0,0.0,0.01,0.18,0.95,0.95,0.0,0.0,0.94
2002-06-29,0.0,0.94,20.0,24.5,15.8,68.3,0.0,0.0,0.0,0.0,0.01,0.17,0.94,0.95,0.0,0.0,0.94
2002-06-30,0.0,0.94,20.3,27.2,16.9,67.3,0.0,0.0,0.0,0.0,0.01,0.15,0.94,0.94,0.0,0.0,0.92
2002-07-01,0.0,0.92,20.4,25.1,17.5,61.5,0.0,0.0,0.0,0.0,0.01,0.13,0.94,0.94,0.0,0.0,0.92
2002-07-02,0.0,0.92,20.0,24.4,16.3,60.0,0.0,0.0,0.0,0.0,0.01,0.12,0.92,0.94,0.0,0.0,0.92
2002-07-03,0.0,0.92,19.5,23.3,16.6,71.0,0.0,0.0,0.0,0.0,0.01,0.11,0.92,0.92,0.0,0.0,0.91
2002-07-04,0.0,0.91,19.8,24.9,15.4,64.8,0.0,0.0,0.0,0.0,0.01,0.1,0.92,0.92,0.0,0.0,0.91
2002-07-05,0.0,0.91,19.8,25.4,15.8,64.5,0.0,0.0,0.0,0.0,0.0,0.09,0.91,0.92,0.0,0.0,0.91
2002-07-06,0.0,0.91,18.6,24.2,14.6,69.8,0.0,0.0,0.0,0.0,0.0,0.08,0.91,0.91,0.0,0.0,0.89
2002-07-07,0.0,0.89,20.7,27.1,14.4,55.8,0.0,0.0,0.0,0.0,0.0,0.07,0.91,0.91,0.0,0.0,0.89
2002-07-08,0.0,0.89,20.0,25.5,16.9,54.0,0.0,0.0,0.0,0.0,0.0,0.06,0.89,0.91,0.0,0.0,0.89
2002-07-09,0.0,0.89,20.4,26.1,15.8,64.0,0.0,0.0,0.0,0.0,0.0,0.06,0.89,0.89,0.0,0.0,0.89
2002-07-10,0.7,0.89,19.2,22.7,17.2,77.0,0.7,0.7,0.7,0.7,0.0,0.05,0.89,0.89,0.0,0.0,0.87
2002-07-11,0.0,0.87,20.6,26.2,15.6,58.3,0.7,0.7,0.7,0.7,0.6,0.68,0.89,0.89,0.7,0.0,0.87
2002-07-12,0.0,0.87,20.1,24.5,17.0,77.0,0.7,0.7,0.7,0.7,0.51,0.61,0.87,0.89,0.0,0.7,0.92
2002-07-13,2.1,0.92,19.9,25.3,16.6,71.5,2.1,2.8,2.8,2.8,0.43,0.55,0.87,0.87,0.0,0.0,0.92
2002-07-14,0.0,0.92,19.8,25.6,16.4,69.0,2.1,2.8,2.8,2.8,2.15,2.38,0.92,0.87,2.1,0.0,0.91
2002-07-15,0.0,0.91,20.5,26.1,16.8,66.8,2.1,2.8,2.8,2.8,1.83,2.15,0.92,0.92,0.0,2.1,0.89
2002-07-16,0.0,0.89,20.4,25.8,16.8,69.3,0.0,2.8,2.8,2.8,1.55,1.93,0.91,0.92,0.0,0.0,0.89
2002-07-17,0.0,0.89,21.4,26.7,16.2,61.5,0.0,2.1,2.8,2.8,1.32,1.74,0.89,0.91,0.0,0.0,0.87
2002-07-18,0.0,0.87,17.0,17.6,15.6,64.5,0.0,2.1,2.8,2.8,1.12,1.56,0.89,0.89,0.0,0.0,0.87
2002-07-19,0.0,0.87,16.8,21.0,13.4,69.3,0.0,2.1,2.8,2.8,0.95,1.41,0.87,0.89,0.0,0.0,0.86
2002-07-20,0.0,0.86,17.6,21.5,14.7,68.8,0.0,0.0,2.8,2.8,0.81,1.27,0.87,0.87,0.0,0.0,0.86
2002-07-21,0.0,0.86,17.4,20.4,15.0,69.8,0.0,0.0,2.8,2.8,0.69,1.14,0.86,0.87,0.0,0.0,0.85
2002-07-22,0.0,0.85,19.3,25.0,15.2,68.0,0.0,0.0,2.8,2.8,0.59,1.03,0.86,0.86,0.0,0.0,0.85
2002-07-23,0.0,0.85,18.4,18.9,16.8,77.0,0.0,0.0,2.8,2.8,0.5,0.92,0.85,0.86,0.0,0.0,0.85
2002-07-24,0.5,0.85,19.2,25.9,12.4,65.5,0.5,0.5,2.6,3.3,0.42,0.83,0.85,0.85,0.0,0.0,0.83
2002-07-25,0.0,0.83,19.6,25.4,14.6,65.0,0.5,0.5,2.6,3.3,0.79,1.2,0.85,0.85,0.5,0.0,0.83
2002-07-26,0.0,0.83,19.5,24.9,15.9,63.5,0.5,0.5,2.6,3.3,0.67,1.08,0.83,0.85,0.0,0.5,0.83
2002-07-27,0.0,0.83,20.9,26.6,15.0,66.3,0.0,0.5,0.5,3.3,0.57,0.97,0.83,0.83,0.0,0.0,0.81
2002-07-28,3.0,0.81,21.8,28.1,16.4,58.5,3.0,3.5,3.5,6.3,0.48,0.87,0.83,0.83,0.0,0.0,0.81
2002-07-29,0.0,0.81,19.7,24.7,16.2,71.0,3.0,3.5,3.5,6.3,2.96,3.49,0.81,0.83,3.0,0.0,0.81
2002-07-30,0.0,0.81,18.6,22.9,16.5,66.5,3.0,3.5,3.5,6.3,2.52,3.14,0.81,0.81,0.0,3.0,0.8
2002-07-31,0.0,0.8,20.3,28.8,13.8,69.5,0.0,3.0,3.5,6.3,2.14,2.82,0.81,0.81,0.0,0.0,0.8
2002-08-01,0.0,0.8,22.3,28.5,15.6,58.0,0.0,3.0,3.5,6.3,1.82,2.54,0.8,0.81,0.0,0.0,0.8
2002-08-02,0.0,0.8,23.4,29.1,19.2,59.0,0.0,3.0,3.5,6.3,1.55,2.29,0.8,0.8,0.0,0.0,0.8
2002-08-03,0.0,0.8,23.1,29.1,19.3,65.0,0.0,3.0,3.5,6.3,1.31,2.06,0.8,0.8,0.0,0.0,0.8
2002-08-04,0.5,0.8,24.2,31.1,18.7,60.5,0.5,0.5,4.0,6.8,1.12,1.85,0.8,0.8,0.0,0.0,0.78
2002-08-05,0.0,0.78,25.5,31.8,19.8,50.3,0.5,0.5,4.0,6.8,1.37,2.12,0.8,0.8,0.5,0.0,0.78
2002-08-06,0.0,0.78,24.7,32.1,19.0,47.5,0.5,0.5,4.0,6.8,1.17,1.91,0.78,0.8,0.0,0.5,0.78
2002-08-07,0.0,0.78,24.8,30.8,20.5,47.0,0.0,0.5,3.5,6.8,0.99,1.72,0.78,0.78,0.0,0.0,0.77
2002-08-08,0.0,0.77,23.2,28.8,20.3,50.3,0.0,0.5,3.5,6.8,0.84,1.54,0.78,0.78,0.0,0.0,0.77
2002-08-09,0.0,0.77,21.7,27.7,17.6,54.0,0.0,0.5,3.5,6.1,0.72,1.39,0.77,0.78,0.0,0.0,0.75
2002-08-10,0.0,0.75,21.7,28.0,17.3,60.8,0.0,0.5,3.5,6.1,0.61,1.25,0.77,0.77,0.0,0.0,0.75
2002-08-11,0.0,0.75,20.7,25.6,17.8,58.3,0.0,0.0,0.5,6.1,0.52,1.13,0.75,0.77,0.0,0.0,0.75
2002-08-12,0.0,0.75,21.7,27.7,16.5,51.3,0.0,0.0,0.5,4.0,0.44,1.01,0.75,0.75,0.0,0.0,0.73
2002-08-13,0.0,0.73,22.4,28.3,17.3,47.3,0.0,0.0,0.5,4.0,0.37,0.91,0.75,0.75,0.0,0.0,0.73
2002-08-14,0.0,0.73,22.9,28.8,16.8,46.5,0.0,0.0,0.5,4.0,0.32,0.82,0.73,0.75,0.0,0.0,0.73
2002-08-15,0.0,0.73,22.7,27.9,17.9,45.5,0.0,0.0,0.5,4.0,0.27,0.74,0.73,0.73,0.0,0.0,0.72
2002-08-16,0.0,0.72,20.4,25.7,17.0,53.8,0.0,0.0,0.5,4.0,0.23,0.66,0.73,0.73,0.0,0.0,0.72
2002-08-17,0.0,0.72,20.0,24.3,17.4,65.3,0.0,0.0,0.5,4.0,0.2,0.6,0.72,0.73,0.0,0.0,0.72
2002-08-18,0.0,0.72,19.6,24.3,16.8,58.8,0.0,0.0,0.0,4.0,0.17,0.54,0.72,0.72,0.0,0.0,0.72
2002-08-19,0.0,0.72,20.1,24.8,16.8,65.8,0.0,0.0,0.0,4.0,0.14,0.48,0.72,0.72,0.0,0.0,0.7
2002-08-20,0.9,0.7,19.1,23.1,16.0,57.0,0.9,0.9,0.9,4.9,0.12,0.44,0.72,0.72,0.0,0.0,0.7
2002-08-21,0.0,0.7,19.9,26.0,15.4,67.3,0.9,0.9,0.9,4.9,0.87,1.2,0.7,0.72,0.9,0.0,0.7
2002-08-22,0.0,0.7,20.7,26.4,16.4,55.3,0.9,0.9,0.9,4.9,0.74,1.08,0.7,0.7,0.0,0.9,0.69
2002-08-23,0.0,0.69,20.5,25.8,17.1,54.5,0.0,0.9,0.9,4.4,0.63,0.97,0.7,0.7,0.0,0.0,0.69
2002-08-24,0.0,0.69,20.2,25.3,16.2,53.3,0.0,0.9,0.9,4.4,0.53,0.88,0.69,0.7,0.0,0.0,0.69
2002-08-25,0.0,0.69,20.1,24.9,16.2,61.3,0.0,0.9,0.9,4.4,0.45,0.79,0.69,0.69,0.0,0.0,0.69
2002-08-26,0.0,0.69,20.3,25.2,16.8,59.5,0.0,0.9,0.9,4.4,0.38,0.71,0.69,0.69,0.0,0.0,0.67
2002-08-27,0.0,0.67,19.9,25.0,16.2,52.0,0.0,0.0,0.9,1.4,0.33,0.64,0.69,0.69,0.0,0.0,0.69
2002-08-28,0.0,0.69,19.5,23.8,15.8,63.3,0.0,0.0,0.9,1.4,0.28,0.58,0.67,0.69,0.0,0.0,0.67
2002-08-29,0.0,0.67,21.2,27.4,16.2,57.5,0.0,0.0,0.9,1.4,0.24,0.52,0.69,0.67,0.0,0.0,0.67
2002-08-30,0.0,0.67,21.9,27.1,17.2,60.0,0.0,0.0,0.9,1.4,0.2,0.47,0.67,0.69,0.0,0.0,0.67
2002-08-31,0.0,0.67,21.9,28.8,18.8,68.5,0.0,0.0,0.9,1.4,0.17,0.42,0.67,0.67,0.0,0.0,0.95
2002-09-01,9.5,0.95,21.1,24.6,17.8,71.8,9.5,9.5,10.4,10.9,0.15,0.38,0.67,0.67,0.0,0.0,1.14
2002-09-02,2.8,1.14,15.1,22.4,10.6,54.0,12.3,12.3,13.2,13.7,8.2,8.89,0.95,0.67,9.5,0.0,0.94
2002-09-03,2.5,0.94,18.2,27.7,10.2,62.3,14.8,14.8,14.8,15.7,9.35,10.52,1.14,0.95,2.8,9.5,0.78
2002-09-04,0.0,0.78,20.3,28.0,14.2,59.5,5.3,14.8,14.8,15.7,10.07,11.72,0.94,1.14,2.5,2.8,0.72
2002-09-05,0.0,0.72,20.3,25.3,16.2,70.3,2.5,14.8,14.8,15.7,8.56,10.55,0.78,0.94,0.0,2.5,0.7
2002-09-06,0.0,0.7,22.9,29.5,18.2,62.5,0.0,14.8,14.8,15.7,7.28,9.49,0.72,0.78,0.0,0.0,0.78
2002-09-07,0.0,0.78,21.1,24.2,18.0,74.0,0.0,14.8,14.8,15.7,6.19,8.54,0.7,0.72,0.0,0.0,0.75
2002-09-08,7.4,0.75,19.6,23.8,17.0,65.3,7.4,12.7,22.2,23.1,5.26,7.69,0.78,0.7,0.0,0.0,0.71
2002-09-09,0.1,0.71,21.8,25.3,19.0,58.5,7.5,10.0,22.3,23.2,10.76,13.58,0.75,0.78,7.4,0.0,0.69
2002-09-10,0.0,0.69,20.9,25.3,17.0,59.5,7.5,7.5,22.3,23.2,9.23,12.31,0.71,0.75,0.1,7.4,0.71
2002-09-11,0.0,0.71,19.9,24.1,17.2,62.0,0.1,7.5,22.3,23.2,7.85,11.08,0.69,0.71,0.0,0.1,0.69
2002-09-12,0.0,0.69,20.9,27.4,15.1,48.3,0.0,7.5,22.3,23.2,6.67,9.97,0.71,0.69,0.0,0.0,0.68
2002-09-13,0.0,0.68,23.5,31.1,16.4,42.8,0.0,7.5,22.3,23.2,5.67,8.98,0.69,0.71,0.0,0.0,0.66
2002-09-14,0.0,0.66,24.1,30.3,20.4,47.0,0.0,7.5,22.3,23.2,4.82,8.08,0.68,0.69,0.0,0.0,0.65
2002-09-15,0.0,0.65,25.0,32.8,20.1,47.8,0.0,0.1,12.8,23.2,4.1,7.27,0.66,0.68,0.0,0.0,0.64
2002-09-16,0.0,0.64,22.1,29.7,18.8,58.8,0.0,0.0,10.0,23.2,3.48,6.54,0.65,0.66,0.0,0.0,0.63
2002-09-17,0.0,0.63,21.4,26.2,18.6,61.5,0.0,0.0,7.5,23.2,2.96,5.89,0.64,0.65,0.0,0.0,0.63
2002-09-18,0.0,0.63,23.3,26.3,17.8,51.8,0.0,0.0,7.5,23.2,2.52,5.3,0.63,0.64,0.0,0.0,0.62
2002-09-19,0.0,0.62,21.0,26.9,17.2,60.5,0.0,0.0,7.5,22.3,2.14,4.77,0.63,0.63,0.0,0.0,0.62
2002-09-20,0.0,0.62,23.0,29.5,17.4,52.8,0.0,0.0,7.5,22.3,1.82,4.29,0.62,0.63,0.0,0.0,0.64
2002-09-21,0.0,0.64,23.1,29.0,20.4,61.0,0.0,0.0,7.5,22.3,1.54,3.86,0.62,0.62,0.0,0.0,1.7
2002-09-22,7.0,1.7,19.9,24.1,17.8,86.3,7.0,7.0,7.1,29.3,1.31,3.48,0.64,0.62,0.0,0.0,2.69
2002-09-23,17.6,2.69,19.0,22.6,17.6,78.3,24.6,24.6,24.6,46.9,7.07,9.43,1.7,0.64,7.0,0.0,4.35
2002-09-24,25.4,4.35,18.7,21.8,16.6,84.8,50.0,50.0,50.0,72.3,20.97,24.33,2.69,1.7,17.6,7.0,5.62
2002-09-25,10.3,5.62,15.9,19.1,14.1,81.8,53.3,60.3,60.3,82.6,39.41,44.75,4.35,2.69,25.4,17.6,4.45
2002-09-26,4.8,4.45,18.5,23.6,13.4,64.0,40.5,65.1,65.1,87.4,42.25,49.55,5.62,4.35,10.3,25.4,3.18
2002-09-27,0.0,3.18,20.8,26.4,15.2,46.5,15.1,65.1,65.1,87.4,40.0,48.91,4.45,5.62,4.8,10.3,2.17
2002-09-28,0.0,2.17,21.9,29.2,16.6,51.8,4.8,65.1,65.1,87.4,34.0,44.02,3.18,4.45,0.0,4.8,1.43
2002-09-29,0.0,1.43,22.5,28.8,17.2,56.0,0.0,58.1,65.1,87.4,28.9,39.62,2.17,3.18,0.0,0.0,0.97
2002-09-30,0.0,0.97,23.8,30.9,18.4,56.5,0.0,40.5,65.1,87.4,24.56,35.66,1.43,2.17,0.0,0.0,0.75
2002-10-01,0.0,0.75,24.0,33.6,18.7,56.3,0.0,15.1,65.1,77.9,20.88,32.09,0.97,1.43,0.0,0.0,0.78
2002-10-02,0.0,0.78,23.3,29.6,18.2,58.5,0.0,4.8,65.1,75.1,17.75,28.88,0.75,0.97,0.0,0.0,0.75
2002-10-03,0.0,0.75,24.4,32.2,19.2,54.0,0.0,0.0,65.1,72.6,15.08,25.99,0.78,0.75,0.0,0.0,0.71
2002-10-04,0.0,0.71,24.6,30.3,19.6,53.3,0.0,0.0,65.1,72.6,12.82,23.4,0.75,0.78,0.0,0.0,0.69
2002-10-05,0.0,0.69,23.9,28.6,20.6,54.0,0.0,0.0,65.1,72.6,10.9,21.06,0.71,0.75,0.0,0.0,0.68
2002-10-06,0.0,0.68,23.6,31.5,20.1,51.0,0.0,0.0,58.1,72.6,9.26,18.95,0.69,0.71,0.0,0.0,0.66
2002-10-07,0.0,0.66,23.9,30.4,19.4,55.8,0.0,0.0,40.5,72.6,7.87,17.06,0.68,0.69,0.0,0.0,0.66
2002-10-08,0.0,0.66,25.8,32.6,20.2,46.8,0.0,0.0,15.1,65.2,6.69,15.35,0.66,0.68,0.0,0.0,0.65
2002-10-09,0.0,0.65,25.6,31.6,21.0,36.3,0.0,0.0,4.8,65.1,5.69,13.81,0.66,0.66,0.0,0.0,0.64
2002-10-10,0.0,0.64,24.6,30.6,20.8,44.8,0.0,0.0,0.0,65.1,4.84,12.43,0.65,0.66,0.0,0.0,0.63
2002-10-11,0.0,0.63,24.7,31.3,20.0,46.5,0.0,0.0,0.0,65.1,4.11,11.19,0.64,0.65,0.0,0.0,0.63
2002-10-12,0.0,0.63,25.1,31.4,20.7,52.0,0.0,0.0,0.0,65.1,3.49,10.07,0.63,0.64,0.0,0.0,0.63
2002-10-13,0.0,0.63,25.2,31.7,19.8,40.5,0.0,0.0,0.0,65.1,2.97,9.06,0.63,0.63,0.0,0.0,0.62
2002-10-14,0.0,0.62,24.2,30.9,20.1,38.0,0.0,0.0,0.0,65.1,2.52,8.16,0.63,0.63,0.0,0.0,0.61
2002-10-15,0.0,0.61,24.7,30.7,20.0,38.8,0.0,0.0,0.0,65.1,2.15,7.34,0.62,0.63,0.0,0.0,0.61
2002-10-16,0.0,0.61,25.2,32.3,20.1,39.3,0.0,0.0,0.0,65.1,1.82,6.61,0.61,0.62,0.0,0.0,0.6
2002-10-17,0.0,0.6,26.8,34.0,20.0,38.3,0.0,0.0,0.0,65.1,1.55,5.95,0.61,0.61,0.0,0.0,0.59
2002-10-18,0.0,0.59,24.6,30.6,20.2,50.5,0.0,0.0,0.0,65.1,1.32,5.35,0.6,0.61,0.0,0.0,0.59
2002-10-19,0.0,0.59,22.5,28.4,19.4,55.8,0.0,0.0,0.0,65.1,1.12,4.82,0.59,0.6,0.0,0.0,0.58
2002-10-20,0.0,0.58,23.5,30.0,18.4,57.5,0.0,0.0,0.0,65.1,0.95,4.34,0.59,0.59,0.0,0.0,0.58
2002-10-21,0.0,0.58,26.6,34.0,19.1,47.3,0.0,0.0,0.0,65.1,0.81,3.9,0.58,0.59,0.0,0.0,0.63
2002-10-22,0.0,0.63,24.7,33.9,22.6,72.0,0.0,0.0,0.0,58.1,0.69,3.51,0.58,0.58,0.0,0.0,0.79
2002-10-23,9.7,0.79,21.9,27.9,19.0,73.3,9.7,9.7,9.7,50.2,0.58,3.16,0.63,0.58,0.0,0.0,0.72
2002-10-24,0.0,0.72,21.6,27.4,18.3,62.5,9.7,9.7,9.7,24.8,8.74,11.57,0.79,0.63,9.7,0.0,0.66
2002-10-25,0.0,0.66,23.6,31.3,18.0,56.0,9.7,9.7,9.7,14.5,7.43,10.42,0.72,0.79,0.0,9.7,0.69
2002-10-26,0.0,0.69,24.5,30.7,19.9,60.3,0.0,9.7,9.7,9.7,6.32,9.38,0.66,0.72,0.0,0.0,0.66
2002-10-27,1.1,0.66,26.5,34.3,19.1,53.5,1.1,10.8,10.8,10.8,5.37,8.44,0.69,0.66,0.0,0.0,0.63
2002-10-28,0.0,0.63,26.7,33.2,21.6,55.5,1.1,10.8,10.8,10.8,5.5,8.58,0.66,0.69,1.1,0.0,0.74
2002-10-29,0.0,0.74,24.7,29.3,20.3,64.5,1.1,10.8,10.8,10.8,4.67,7.73,0.63,0.66,0.0,1.1,1.15
2002-10-30,0.0,1.15,21.9,25.1,20.8,86.5,0.0,1.1,10.8,10.8,3.97,6.95,0.74,0.63,0.0,0.0,1.67
2002-10-31,22.1,1.67,22.7,28.4,19.5,80.8,22.1,23.2,32.9,32.9,3.38,6.26,1.15,0.74,0.0,0.0,2.57
2002-11-01,16.2,2.57,21.6,26.4,19.1,87.3,38.3,39.4,49.1,49.1,21.66,25.52,1.67,1.15,22.1,0.0,3.09
2002-11-02,3.5,3.09,22.9,29.7,19.3,74.0,41.8,42.9,52.6,52.6,32.18,37.55,2.57,1.67,16.2,22.1,2.37
2002-11-03,2.5,2.37,24.6,31.9,20.0,65.3,22.2,44.3,55.1,55.1,30.33,36.94,3.09,2.57,3.5,16.2,1.65
2002-11-04,0.1,1.65,24.0,28.8,20.1,65.5,6.1,44.4,55.2,55.2,27.9,35.5,2.37,3.09,2.5,3.5,1.42
2002-11-05,1.3,1.42,22.5,27.7,20.9,88.5,3.9,45.7,56.5,56.5,23.8,32.04,1.65,2.37,0.1,2.5,2.78
2002-11-06,66.8,2.78,18.2,21.9,17.7,85.0,68.2,112.5,113.6,123.3,21.34,30.01,1.42,1.65,1.3,0.1,4.04
2002-11-07,16.6,4.04,17.7,24.3,15.3,79.0,84.7,107.0,130.2,139.9,74.92,87.13,2.78,1.42,66.8,1.3,2.98
2002-11-08,6.5,2.98,19.3,25.2,14.2,62.5,89.9,97.3,136.7,146.4,77.79,93.35,4.04,2.78,16.6,66.8,2.01
2002-11-09,0.0,2.01,21.4,28.1,15.9,61.8,23.1,93.8,136.7,146.4,71.65,89.87,2.98,4.04,6.5,16.6,1.31
2002-11-10,0.0,1.31,24.2,30.9,16.8,66.5,6.5,91.3,135.6,146.4,60.9,80.88,2.01,2.98,0.0,6.5,0.92
2002-11-11,0.0,0.92,21.9,23.0,21.1,81.3,0.0,91.2,135.6,146.4,51.76,72.79,1.31,2.01,0.0,0.0,1.06
2002-11-12,26.2,1.06,23.4,29.7,17.8,61.5,26.2,116.1,161.8,172.6,44.0,65.51,0.92,1.31,0.0,0.0,1.33
2002-11-13,2.1,1.33,23.0,26.7,20.5,55.5,28.3,51.4,163.9,174.7,59.67,82.54,1.06,0.92,26.2,0.0,0.98
2002-11-14,0.0,0.98,23.0,27.1,19.0,59.5,28.3,34.8,141.8,174.7,52.5,76.18,1.33,1.06,2.1,26.2,0.78
2002-11-15,0.0,0.78,24.1,30.2,19.5,60.8,2.1,28.3,125.6,174.7,44.63,68.56,0.98,1.33,0.0,2.1,0.86
2002-11-16,6.5,0.86,25.6,32.2,18.7,56.0,6.5,34.8,128.6,181.2,37.93,61.7,0.78,0.98,0.0,0.0,1.26
2002-11-17,2.6,1.26,22.8,30.5,19.5,75.3,9.1,37.4,128.7,183.8,37.77,61.38,0.86,0.78,6.5,0.0,1.94
2002-11-18,27.2,1.94,23.0,29.5,18.4,80.5,36.3,64.6,155.8,211.0,34.31,57.59,1.26,0.86,2.6,6.5,2.48
2002-11-19,1.0,2.48,24.0,30.1,18.5,65.8,30.8,39.4,155.5,212.0,52.29,76.31,1.94,1.26,27.2,2.6,3.5
2002-11-20,0.0,3.5,25.9,32.3,20.2,59.5,28.2,37.3,88.7,212.0,45.29,69.58,2.48,1.94,1.0,27.2,4.41
2002-11-21,0.0,4.41,24.5,28.9,21.7,75.3,1.0,37.3,72.1,212.0,38.5,62.62,3.5,2.48,0.0,1.0,4.01
2002-11-22,0.0,4.01,23.8,27.6,22.0,74.3,0.0,37.3,65.6,202.3,32.72,56.36,4.41,3.5,0.0,0.0,3.22
2002-11-23,0.0,3.22,24.0,28.1,21.3,68.0,0.0,30.8,65.6,202.3,27.82,50.72,4.01,4.41,0.0,0.0,2.81
2002-11-24,3.5,2.81,23.1,30.8,19.5,74.3,3.5,31.7,69.1,205.8,23.64,45.65,3.22,4.01,0.0,0.0,2.71
2002-11-25,2.1,2.71,23.6,30.1,19.4,75.5,5.6,6.6,71.2,207.9,23.07,44.23,2.81,3.22,3.5,0.0,2.22
2002-11-26,0.7,2.22,26.0,31.5,21.5,55.5,6.3,6.3,45.7,207.5,21.4,41.7,2.71,2.81,2.1,3.5,1.72
2002-11-27,0.0,1.72,21.4,25.7,20.5,73.8,2.8,6.3,43.6,207.5,18.78,38.16,2.22,2.71,0.7,2.1,1.47
2002-11-28,0.0,1.47,24.8,31.0,18.1,52.0,0.7,6.3,43.6,207.5,15.96,34.34,1.72,2.22,0.0,0.7,1.14
2002-11-29,0.0,1.14,25.6,31.1,20.8,54.3,0.0,6.3,43.6,207.5,13.57,30.91,1.47,1.72,0.0,0.0,0.91
2002-11-30,0.0,0.91,26.9,33.3,21.2,47.0,0.0,6.3,37.1,185.4,11.53,27.82,1.14,1.47,0.0,0.0,0.8
2002-12-01,0.0,0.8,27.5,34.0,21.9,43.5,0.0,2.8,34.5,169.2,9.8,25.04,0.91,1.14,0.0,0.0,0.77
2002-12-02,0.0,0.77,28.0,34.8,19.9,45.0,0.0,0.7,7.3,165.7,8.33,22.53,0.8,0.91,0.0,0.0,0.8
2002-12-03,0.0,0.8,26.9,32.3,22.8,58.3,0.0,0.0,6.3,163.2,7.08,20.28,0.77,0.8,0.0,0.0,0.78
2002-12-04,0.0,0.78,26.0,31.1,21.9,61.3,0.0,0.0,6.3,163.1,6.02,18.25,0.8,0.77,0.0,0.0,0.81
2002-12-05,0.0,0.81,26.1,31.8,22.0,62.0,0.0,0.0,6.3,161.8,5.12,16.43,0.78,0.8,0.0,0.0,0.95
2002-12-06,0.8,0.95,25.2,31.4,22.9,77.0,0.8,0.8,7.1,95.8,4.35,14.78,0.81,0.78,0.0,0.0,1.84
2002-12-07,20.2,1.84,23.4,31.8,20.6,78.3,21.0,21.0,27.3,99.4,4.38,14.03,0.95,0.81,0.8,0.0,4.01
2002-12-08,29.3,4.01,23.9,30.1,19.7,75.0,50.3,50.3,53.1,122.2,20.89,30.8,1.84,0.95,20.2,0.8,5.67
2002-12-09,22.1,5.67,23.9,29.4,20.7,79.8,71.6,72.4,73.1,144.3,42.66,54.09,4.01,1.84,29.3,20.2,8.62
2002-12-10,1.7,8.62,23.2,28.6,20.9,75.3,53.1,74.1,74.1,146.0,55.05,68.57,5.67,4.01,22.1,29.3,14.81
2002-12-11,0.7,14.81,22.2,25.9,20.3,90.5,24.5,74.8,74.8,146.7,48.24,63.25,8.62,5.67,1.7,22.1,17.32
2002-12-12,57.2,17.32,20.4,21.9,19.3,95.8,59.6,132.0,132.0,177.7,41.6,57.55,14.81,8.62,0.7,1.7,19.51
2002-12-13,70.4,19.51,20.2,22.7,18.6,91.3,128.3,201.6,202.4,246.0,83.98,103.28,17.32,14.81,57.2,0.7,20.88
2002-12-14,29.8,20.88,19.9,22.1,18.4,94.0,157.4,211.2,232.2,275.8,131.22,156.31,19.51,17.32,70.4,57.2,21.18
2002-12-15,26.2,21.18,19.9,22.3,18.1,91.0,126.4,208.1,258.4,302.0,136.87,167.5,20.88,19.51,29.8,70.4,19.09
2002-12-16,11.2,19.09,19.5,21.7,18.9,92.0,67.2,197.2,269.6,306.7,138.61,174.33,21.18,20.88,26.2,29.8,19.04
2002-12-17,39.5,19.04,21.3,26.4,17.7,86.8,76.9,235.0,309.1,343.6,127.34,166.98,19.09,21.18,11.2,26.2,17.58
2002-12-18,1.3,17.58,24.9,31.0,19.1,60.5,52.0,235.6,310.4,317.7,141.81,185.83,19.04,19.09,39.5,11.2,17.79
2002-12-19,0.0,17.79,24.1,30.1,20.5,67.5,40.8,178.4,310.4,316.7,121.64,168.42,17.58,19.04,1.3,39.5,14.92
2002-12-20,0.0,14.92,26.1,31.5,19.9,58.3,1.3,108.0,309.6,316.7,103.4,151.57,17.79,17.58,0.0,1.3,12.55
2002-12-21,2.5,12.55,24.4,29.8,21.6,81.8,2.5,80.7,291.9,319.2,87.89,136.42,14.92,17.79,0.0,0.0,12.06
2002-12-22,34.8,12.06,24.3,29.1,19.1,72.3,37.3,89.3,297.4,354.0,76.83,125.02,12.55,14.92,2.5,0.0,12.84
2002-12-23,0.8,12.84,24.3,29.0,21.3,80.0,38.1,78.9,276.1,354.8,94.89,143.84,12.06,12.55,34.8,2.5,11.56
2002-12-24,36.8,11.56,24.3,29.9,20.0,79.8,72.4,76.2,311.2,388.1,81.33,130.18,12.84,12.06,0.8,34.8,10.94
2002-12-25,3.2,10.94,24.1,31.8,21.1,79.0,40.8,78.1,313.7,389.2,100.41,150.28,11.56,12.84,36.8,0.8,10.99
2002-12-26,47.6,10.99,23.2,27.2,21.0,81.3,87.6,125.7,304.1,436.1,88.07,138.13,10.94,11.56,3.2,36.8,9.76
2002-12-27,19.6,9.76,22.8,28.1,18.7,68.0,70.4,145.3,253.3,455.7,115.32,167.16,10.99,10.94,47.6,3.2,7.97
2002-12-28,0.2,7.97,23.1,27.4,18.3,68.0,67.4,143.0,223.7,455.9,114.68,168.08,9.76,10.99,19.6,47.6,7.05
2002-12-29,0.0,7.05,23.4,29.8,18.5,64.8,19.8,108.2,197.5,455.9,97.65,151.45,7.97,9.76,0.2,19.6,6.78
2002-12-30,1.2,6.78,22.2,25.8,19.6,87.0,1.4,108.6,187.5,457.1,83.0,136.31,7.05,7.97,0.0,0.2,7.15
2002-12-31,3.6,7.15,22.7,29.3,19.8,83.5,4.8,75.4,151.6,460.7,71.57,123.76,6.78,7.05,1.2,0.0,7.32
2003-01-01,4.1,7.32,22.9,27.6,19.9,85.8,8.9,76.3,154.4,464.8,63.9,114.62,7.15,6.78,3.6,1.2,7.43
2003-01-02,5.6,7.43,22.4,26.9,20.2,89.5,13.3,34.3,160.0,470.4,57.8,106.85,7.32,7.15,4.1,3.6,8.91
2003-01-03,13.8,8.91,22.4,26.1,19.4,87.5,23.5,28.5,173.8,484.2,53.89,101.21,7.43,7.32,5.6,4.1,10.43
2003-01-04,48.0,10.43,21.6,25.7,19.6,90.8,67.4,76.3,219.3,532.2,57.53,103.5,8.91,7.43,13.8,5.6,12.9
2003-01-05,43.2,12.9,22.0,23.3,20.1,92.0,105.0,119.5,227.7,574.6,89.7,136.35,10.43,8.91,48.0,13.8,16.58
2003-01-06,26.3,16.58,22.3,26.2,20.9,95.8,117.5,144.6,253.2,580.7,112.97,161.6,12.9,10.43,43.2,48.0,21.39
2003-01-07,47.6,21.39,20.5,23.0,18.5,88.3,117.1,188.6,264.0,599.0,118.38,169.11,16.58,12.9,26.3,43.2,24.88
2003-01-08,69.2,24.88,21.5,26.3,17.3,82.0,143.1,253.7,330.0,646.1,141.08,195.04,21.39,16.58,47.6,26.3,25.67
2003-01-09,5.3,25.67,23.9,30.3,19.3,84.8,122.1,253.4,287.7,649.7,178.74,237.81,24.88,21.39,69.2,47.6,22.77
2003-01-10,0.6,22.77,24.7,33.6,20.4,73.0,75.1,240.2,268.7,649.6,156.43,218.8,25.67,24.88,5.3,69.2,20.04
2003-01-11,9.1,20.04,22.9,31.0,19.7,80.5,15.0,201.3,277.6,601.5,133.48,197.46,22.77,25.67,0.6,5.3,18.19
2003-01-12,5.2,18.19,23.9,29.7,19.9,72.8,14.9,163.3,282.8,536.3,121.19,185.91,20.04,22.77,9.1,0.6,17.54
2003-01-13,29.3,17.54,23.6,30.0,19.5,76.0,43.6,166.3,310.9,535.8,107.43,172.0,18.19,20.04,5.2,9.1,19.42
2003-01-14,13.8,19.42,23.3,28.7,19.9,78.8,48.3,132.5,321.1,523.4,116.22,181.17,17.54,18.19,29.3,5.2,20.33
2003-01-15,21.1,20.33,23.1,27.3,20.2,88.0,64.2,84.4,338.1,533.3,110.52,175.47,19.42,17.54,13.8,29.3,22.39
2003-01-16,158.2,22.39,20.8,23.1,19.5,95.3,193.1,237.3,490.7,652.0,111.88,176.91,20.33,19.42,21.1,13.8,21.65
2003-01-17,38.2,21.65,19.9,21.6,18.8,94.5,217.5,274.9,515.1,688.9,229.57,301.6,22.39,20.33,158.2,21.1,20.38
2003-01-18,47.1,20.38,22.8,29.6,18.8,81.0,243.5,312.9,514.2,736.0,227.6,305.82,21.65,22.39,38.2,158.2,18.36
2003-01-19,30.7,18.36,23.0,27.8,18.9,80.0,116.0,338.4,501.7,766.7,233.5,317.63,20.38,21.65,47.1,38.2,19.56
2003-01-20,4.6,19.56,22.5,27.7,19.4,82.0,82.4,313.7,480.0,768.8,224.57,313.5,18.36,20.38,30.7,47.1,18.77
2003-01-21,70.1,18.77,22.5,28.7,19.1,84.0,105.4,370.0,502.5,804.1,194.79,286.29,19.56,18.36,4.6,30.7,19.37
2003-01-22,18.7,19.37,22.9,28.1,18.7,77.0,93.4,367.6,452.0,822.0,225.16,320.75,18.77,19.56,70.1,4.6,20.43
2003-01-23,0.1,20.43,25.5,31.2,20.7,56.3,88.9,209.5,446.8,785.3,207.28,305.5,19.37,18.77,18.7,70.1,17.24
2003-01-24,0.0,17.24,26.0,32.1,19.7,50.3,18.8,171.3,446.2,782.1,176.27,275.04,20.43,19.37,0.1,18.7,14.31
2003-01-25,0.0,14.31,25.8,31.6,21.7,55.8,0.1,124.2,437.1,734.5,149.83,247.54,17.24,20.43,0.0,0.1,11.79
2003-01-26,0.0,11.79,24.7,30.4,21.5,64.3,0.0,93.5,431.9,714.9,127.36,222.78,14.31,17.24,0.0,0.0,9.94
2003-01-27,0.0,9.94,25.0,30.0,21.3,57.8,0.0,88.9,402.6,714.7,108.25,200.51,11.79,14.31,0.0,0.0,8.23
2003-01-28,0.0,8.23,24.1,27.6,21.3,75.8,0.0,18.8,388.8,714.7,92.02,180.46,9.94,11.79,0.0,0.0,7.22
2003-01-29,1.2,7.22,22.2,26.4,19.7,90.3,1.2,1.3,368.9,714.7,78.21,162.41,8.23,9.94,0.0,0.0,7.3
2003-01-30,26.9,7.3,21.9,26.5,18.8,80.0,28.1,28.1,237.6,738.0,67.5,147.25,7.22,8.23,1.2,0.0,7.09
2003-01-31,3.0,7.09,24.0,29.4,18.8,59.8,31.1,31.1,202.4,736.9,80.24,156.73,7.3,7.22,26.9,1.2,5.7
2003-02-01,0.0,5.7,24.5,29.3,20.7,61.0,29.9,31.1,155.3,731.3,70.75,143.76,7.09,7.3,3.0,26.9,4.43
2003-02-02,0.0,4.43,24.6,29.4,21.1,57.8,3.0,31.1,124.6,717.5,60.14,129.38,5.7,7.09,0.0,3.0,3.53
2003-02-03,0.0,3.53,23.7,28.1,20.9,68.3,0.0,31.1,120.0,669.5,51.12,116.45,4.43,5.7,0.0,0.0,2.62
2003-02-04,0.0,2.62,24.5,29.5,20.3,63.3,0.0,31.1,49.9,626.3,43.45,104.8,3.53,4.43,0.0,0.0,1.99
2003-02-05,0.0,1.99,25.1,29.9,20.9,56.3,0.0,29.9,31.2,600.0,36.93,94.32,2.62,3.53,0.0,0.0,1.48
2003-02-06,0.0,1.48,24.6,29.7,20.7,57.5,0.0,3.0,31.1,552.4,31.39,84.89,1.99,2.62,0.0,0.0,1.26
2003-02-07,0.0,1.26,25.2,30.5,20.9,55.5,0.0,0.0,31.1,483.2,26.69,76.4,1.48,1.99,0.0,0.0,1.19
2003-02-08,0.0,1.19,25.6,31.0,20.7,56.8,0.0,0.0,31.1,477.9,22.68,68.76,1.26,1.48,0.0,0.0,1.19
2003-02-09,0.0,1.19,25.9,31.2,21.4,49.3,0.0,0.0,31.1,477.3,19.28,61.88,1.19,1.26,0.0,0.0,1.17
2003-02-10,0.0,1.17,25.5,30.5,20.5,55.3,0.0,0.0,31.1,468.2,16.39,55.7,1.19,1.19,0.0,0.0,1.17
2003-02-11,0.0,1.17,26.5,31.8,21.6,46.0,0.0,0.0,31.1,463.0,13.93,50.13,1.17,1.19,0.0,0.0,1.16
2003-02-12,0.0,1.16,26.0,31.1,22.1,48.8,0.0,0.0,29.9,433.7,11.84,45.11,1.17,1.17,0.0,0.0,1.16
2003-02-13,0.0,1.16,25.4,30.5,21.3,48.3,0.0,0.0,3.0,419.9,10.06,40.6,1.16,1.17,0.0,0.0,1.14
2003-02-14,0.0,1.14,26.1,31.7,20.9,49.8,0.0,0.0,0.0,398.8,8.55,36.54,1.16,1.16,0.0,0.0,1.28
2003-02-15,0.0,1.28,22.1,28.3,18.5,78.8,0.0,0.0,0.0,240.6,7.27,32.89,1.14,1.16,0.0,0.0,1.88
2003-02-16,62.8,1.88,23.1,27.2,18.5,71.5,62.8,62.8,62.8,265.2,6.18,29.6,1.28,1.14,0.0,0.0,1.59
2003-02-17,0.2,1.59,22.8,30.1,19.4,78.8,63.0,63.0,63.0,218.3,58.63,83.16,1.88,1.28,62.8,0.0,2.78
2003-02-18,45.9,2.78,23.0,29.5,19.2,77.8,108.9,108.9,108.9,233.5,50.01,75.02,1.59,1.88,0.2,62.8,7.57
2003-02-19,0.3,7.57,21.5,27.4,19.3,87.3,46.4,109.2,109.2,229.2,81.52,108.83,2.78,1.59,45.9,0.2,8.57
2003-02-20,14.6,8.57,24.5,29.5,19.3,65.0,60.8,123.8,123.8,173.7,69.55,98.22,7.57,2.78,0.3,45.9,8.29
2003-02-21,0.7,8.29,25.1,30.6,20.9,63.5,15.6,124.5,124.5,155.7,71.53,101.54,8.57,7.57,14.6,0.3,6.87
2003-02-22,0.0,6.87,24.5,29.8,20.3,58.8,15.3,124.5,124.5,155.6,61.39,92.01,8.29,8.57,0.7,14.6,5.44
2003-02-23,0.0,5.44,25.2,29.8,21.5,55.3,0.7,61.7,124.5,155.6,52.18,82.81,6.87,8.29,0.0,0.7,4.24
2003-02-24,0.0,4.24,24.9,30.1,20.9,51.5,0.0,61.5,124.5,155.6,44.36,74.53,5.44,6.87,0.0,0.0,3.21
2003-02-25,0.0,3.21,26.3,32.1,20.2,46.0,0.0,15.6,124.5,155.6,37.7,67.08,4.24,5.44,0.0,0.0,2.36
2003-02-26,0.0,2.36,25.4,32.6,21.3,66.3,0.0,15.3,124.5,155.6,32.05,60.37,3.21,4.24,0.0,0.0,1.81
2003-02-27,0.0,1.81,26.1,31.8,21.3,61.5,0.0,0.7,124.5,155.6,27.24,54.33,2.36,3.21,0.0,0.0,1.47
2003-02-28,0.0,1.47,25.6,30.7,21.6,59.3,0.0,0.0,124.5,154.4,23.15,48.9,1.81,2.36,0.0,0.0,1.26
2003-03-01,0.0,1.26,26.0,31.4,21.6,56.0,0.0,0.0,124.5,127.5,19.68,44.01,1.47,1.81,0.0,0.0,1.22
2003-03-02,0.0,1.22,26.3,31.5,21.5,53.8,0.0,0.0,61.7,124.5,16.73,39.61,1.26,1.47,0.0,0.0,1.22
2003-03-03,0.0,1.22,26.0,31.5,22.1,57.3,0.0,0.0,61.5,124.5,14.22,35.65,1.22,1.26,0.0,0.0,1.2
2003-03-04,0.0,1.2,26.6,31.7,21.3,53.8,0.0,0.0,15.6,124.5,12.09,32.08,1.22,1.22,0.0,0.0,1.2
2003-03-05,0.0,1.2,26.4,31.7,21.7,48.0,0.0,0.0,15.3,124.5,10.27,28.87,1.2,1.22,0.0,0.0,1.19
2003-03-06,0.0,1.19,25.2,30.3,21.0,51.5,0.0,0.0,0.7,124.5,8.73,25.99,1.2,1.2,0.0,0.0,1.19
2003-03-07,0.0,1.19,25.7,30.9,21.3,52.5,0.0,0.0,0.0,124.5,7.42,23.39,1.19,1.2,0.0,0.0,1.23
2003-03-08,0.0,1.23,22.6,29.3,19.5,76.3,0.0,0.0,0.0,124.5,6.31,21.05,1.19,1.19,0.0,0.0,1.59
2003-03-09,15.8,1.59,22.1,25.1,19.4,76.3,15.8,15.8,15.8,140.3,5.36,18.94,1.23,1.19,0.0,0.0,2.81
2003-03-10,0.6,2.81,23.4,28.1,21.0,71.3,16.4,16.4,16.4,140.9,17.99,31.27,1.59,1.23,15.8,0.0,3.06
2003-03-11,4.8,3.06,23.4,27.8,20.7,70.5,21.2,21.2,21.2,145.7,15.8,28.68,2.81,1.59,0.6,15.8,3.81
2003-03-12,5.1,3.81,22.7,28.1,20.1,79.3,10.5,26.3,26.3,150.8,17.51,30.13,3.06,2.81,4.8,0.6,4.85
2003-03-13,24.6,4.85,22.5,27.4,20.1,82.8,34.5,50.9,50.9,175.4,19.22,31.71,3.81,3.06,5.1,4.8,5.28
2003-03-14,8.9,5.28,23.0,27.4,20.1,78.3,38.6,59.8,59.8,184.3,37.25,50.68,4.85,3.81,24.6,5.1,6.21
2003-03-15,3.3,6.21,22.9,28.9,20.2,79.8,36.8,63.1,63.1,187.6,39.22,53.62,5.28,4.85,8.9,24.6,7.18
2003-03-16,5.8,7.18,22.8,29.0,19.4,87.3,18.0,53.1,68.9,193.4,36.15,51.23,6.21,5.28,3.3,8.9,7.75
2003-03-17,53.3,7.75,21.6,28.6,18.6,77.3,62.4,105.8,122.2,246.7,35.65,51.33,7.18,6.21,5.8,3.3,10.43
2003-03-18,8.2,10.43,20.8,24.0,18.5,82.5,67.3,109.2,130.4,192.1,75.61,94.16,7.75,7.18,53.3,5.8,13.0
2003-03-19,0.1,13.0,22.3,26.0,19.3,79.8,61.6,104.2,130.5,192.0,71.24,92.13,10.43,7.75,8.2,53.3,11.76
2003-03-20,1.5,11.76,24.1,28.5,20.1,66.0,9.8,81.1,132.0,147.6,60.64,83.01,13.0,10.43,0.1,8.2,9.81
2003-03-21,0.0,9.81,24.5,28.8,21.9,67.8,1.6,72.2,132.0,147.3,52.82,76.05,11.76,13.0,1.5,0.1,8.4
2003-03-22,15.5,8.4,22.1,25.9,20.1,83.3,17.0,84.4,147.5,148.2,44.89,68.45,9.81,11.76,0.0,1.5,8.51
2003-03-23,0.6,8.51,22.7,27.3,19.6,74.5,16.1,79.2,132.3,148.1,51.34,75.55,8.4,9.81,15.5,0.0,7.53
2003-03-24,0.0,7.53,22.6,27.9,19.3,71.8,16.1,25.9,131.7,148.1,44.15,68.54,8.51,8.4,0.6,15.5,6.62
2003-03-25,0.0,6.62,22.9,27.5,19.3,68.3,0.6,17.7,126.9,148.1,37.52,61.68,7.53,8.51,0.0,0.6,5.41
2003-03-26,0.0,5.41,22.4,27.5,19.1,69.0,0.0,17.6,121.8,148.1,31.89,55.52,6.62,7.53,0.0,0.0,4.62
2003-03-27,0.8,4.62,20.4,23.6,18.5,87.3,0.8,16.9,98.0,148.9,27.11,49.96,5.41,6.62,0.0,0.0,5.22
2003-03-28,8.5,5.22,21.7,27.3,17.5,69.3,9.3,25.4,97.6,157.4,23.72,45.69,4.62,5.41,0.8,0.0,5.0
2003-03-29,0.2,5.0,22.6,28.2,18.0,62.8,9.5,10.1,94.5,157.6,27.39,48.77,5.22,4.62,8.5,0.8,4.06
2003-03-30,0.0,4.06,23.6,29.4,18.1,55.3,8.7,9.5,88.7,157.6,23.45,44.07,5.0,5.22,0.2,8.5,3.09
2003-03-31,0.0,3.09,23.4,28.0,19.1,60.5,0.2,9.5,35.4,157.6,19.93,39.67,4.06,5.0,0.0,0.2,2.4
2003-04-01,0.0,2.4,23.3,27.8,19.3,60.3,0.0,9.5,27.2,157.6,16.94,35.7,3.09,4.06,0.0,0.0,1.97
2003-04-02,0.0,1.97,24.1,29.0,19.3,56.5,0.0,9.5,27.1,157.6,14.4,32.13,2.4,3.09,0.0,0.0,1.72
2003-04-03,0.0,1.72,23.9,28.4,21.2,64.0,0.0,8.7,25.6,157.6,12.24,28.92,1.97,2.4,0.0,0.0,1.5
2003-04-04,0.0,1.5,23.3,27.3,20.2,66.0,0.0,0.2,25.6,157.6,10.41,26.02,1.72,1.97,0.0,0.0,1.4
2003-04-05,0.5,1.4,23.3,27.9,20.3,78.0,0.5,0.5,10.6,158.1,8.84,23.42,1.5,1.72,0.0,0.0,1.65
2003-04-06,4.8,1.65,23.5,29.2,20.1,77.5,5.3,5.3,14.8,162.9,7.94,21.53,1.4,1.5,0.5,0.0,2.81
2003-04-07,3.5,2.81,23.1,27.8,20.0,69.8,8.8,8.8,18.3,166.4,10.83,23.7,1.65,1.4,4.8,0.5,3.38
2003-04-08,0.0,3.38,21.6,25.2,18.9,76.8,8.3,8.8,18.3,150.6,12.18,24.48,2.81,1.65,3.5,4.8,2.66
2003-04-09,0.0,2.66,23.4,27.3,20.4,71.8,3.5,8.8,18.3,150.0,10.35,22.03,3.38,2.81,0.0,3.5,2.44
2003-04-10,0.0,2.44,23.8,29.4,21.1,71.5,0.0,8.8,17.5,145.2,8.8,19.83,2.66,3.38,0.0,0.0,2.47
2003-04-11,7.8,2.47,24.1,29.3,19.3,64.0,7.8,16.6,16.8,147.9,7.48,17.84,2.44,2.66,0.0,0.0,2.03
2003-04-12,0.0,2.03,24.0,28.6,20.1,65.3,7.8,16.1,16.6,123.3,12.99,23.08,2.47,2.44,7.8,0.0,1.65
2003-04-13,0.0,1.65,20.4,24.4,18.5,74.8,7.8,11.3,16.6,114.4,11.04,20.77,2.03,2.47,0.0,7.8,1.47
2003-04-14,0.0,1.47,20.4,24.5,16.8,68.0,0.0,7.8,16.6,111.1,9.38,18.69,1.65,2.03,0.0,0.0,1.4
2003-04-15,0.0,1.4,21.2,25.6,17.9,69.8,0.0,7.8,16.6,105.3,7.98,16.82,1.47,1.65,0.0,0.0,1.38
2003-04-16,0.0,1.38,21.5,26.7,18.0,63.0,0.0,7.8,16.6,52.0,6.78,15.14,1.4,1.47,0.0,0.0,1.38
2003-04-17,0.0,1.38,21.9,26.7,18.1,58.0,0.0,7.8,16.6,43.8,5.76,13.63,1.38,1.4,0.0,0.0,1.34
2003-04-18,0.0,1.34,21.8,25.9,18.3,65.5,0.0,0.0,16.6,43.7,4.9,12.27,1.38,1.38,0.0,0.0,1.34
2003-04-19,0.0,1.34,22.8,28.1,19.2,65.3,0.0,0.0,16.1,42.2,4.16,11.04,1.34,1.38,0.0,0.0,1.34
2003-04-20,0.0,1.34,22.9,27.8,18.4,61.3,0.0,0.0,11.3,42.2,3.54,9.93,1.34,1.34,0.0,0.0,1.34
2003-04-21,0.0,1.34,23.7,28.6,19.6,64.3,0.0,0.0,7.8,26.7,3.01,8.94,1.34,1.34,0.0,0.0,1.31
2003-04-22,0.0,1.31,22.9,27.7,19.1,60.5,0.0,0.0,7.8,26.1,2.56,8.05,1.34,1.34,0.0,0.0,1.31
2003-04-23,0.0,1.31,22.1,28.4,17.1,61.8,0.0,0.0,7.8,26.1,2.17,7.24,1.31,1.34,0.0,0.0,1.31
2003-04-24,0.0,1.31,22.2,26.4,17.5,67.3,0.0,0.0,7.8,26.1,1.85,6.52,1.31,1.31,0.0,0.0,1.31
2003-04-25,0.0,1.31,22.2,27.3,17.8,63.8,0.0,0.0,0.0,26.1,1.57,5.87,1.31,1.31,0.0,0.0,1.31
2003-04-26,0.0,1.31,23.2,28.9,18.3,60.3,0.0,0.0,0.0,25.3,1.33,5.28,1.31,1.31,0.0,0.0,1.28
2003-04-27,0.0,1.28,24.1,30.0,18.8,47.8,0.0,0.0,0.0,16.8,1.13,4.75,1.31,1.31,0.0,0.0,1.28
2003-04-28,0.0,1.28,24.4,30.4,18.3,43.3,0.0,0.0,0.0,16.6,0.96,4.28,1.28,1.31,0.0,0.0,1.28
2003-04-29,0.0,1.28,24.2,29.8,17.9,44.5,0.0,0.0,0.0,16.6,0.82,3.85,1.28,1.28,0.0,0.0,1.28
2003-04-30,0.0,1.28,23.7,30.4,18.1,46.5,0.0,0.0,0.0,16.6,0.7,3.46,1.28,1.28,0.0,0.0,1.25
2003-05-01,0.0,1.25,24.2,30.0,18.5,47.8,0.0,0.0,0.0,16.6,0.59,3.12,1.28,1.28,0.0,0.0,1.25
2003-05-02,0.0,1.25,24.0,29.4,18.4,47.8,0.0,0.0,0.0,16.6,0.5,2.81,1.25,1.28,0.0,0.0,1.28
2003-05-03,1.8,1.28,19.1,25.1,16.6,77.3,1.8,1.8,1.8,18.4,0.43,2.53,1.25,1.25,0.0,0.0,1.28
2003-05-04,0.1,1.28,19.1,24.0,14.7,61.8,1.9,1.9,1.9,18.5,1.89,3.89,1.28,1.25,1.8,0.0,1.28
2003-05-05,0.0,1.28,18.8,23.4,16.9,79.3,1.9,1.9,1.9,18.0,1.69,3.59,1.28,1.28,0.1,1.8,1.31
2003-05-06,13.8,1.31,20.1,23.6,16.4,86.3,13.9,15.7,15.7,27.0,1.44,3.23,1.28,1.28,0.0,0.1,1.31
2003-05-07,2.3,1.31,17.7,23.1,15.5,63.0,16.1,18.0,18.0,25.8,12.95,15.33,1.31,1.28,13.8,0.0,1.28
2003-05-08,0.0,1.28,17.5,24.5,11.7,40.3,16.1,18.0,18.0,25.8,12.97,15.87,1.31,1.31,2.3,13.8,1.28
2003-05-09,0.0,1.28,18.3,24.9,12.8,44.5,2.3,18.0,18.0,25.8,11.02,14.28,1.28,1.31,0.0,2.3,1.25
2003-05-10,0.0,1.25,18.8,25.5,14.5,59.8,0.0,16.2,18.0,25.8,9.37,12.85,1.28,1.28,0.0,0.0,1.25
2003-05-11,0.0,1.25,18.7,23.7,15.1,66.8,0.0,16.1,18.0,18.0,7.96,11.57,1.25,1.28,0.0,0.0,1.22
2003-05-12,0.0,1.22,18.3,23.2,14.5,69.0,0.0,16.1,18.0,18.0,6.77,10.41,1.25,1.25,0.0,0.0,1.22
2003-05-13,0.0,1.22,20.0,24.7,15.4,64.3,0.0,2.3,18.0,18.0,5.75,9.37,1.22,1.25,0.0,0.0,1.22
2003-05-14,0.0,1.22,20.4,24.8,16.5,60.5,0.0,0.0,18.0,18.0,4.89,8.43,1.22,1.22,0.0,0.0,1.22
2003-05-15,0.0,1.22,20.3,25.1,17.3,69.5,0.0,0.0,18.0,18.0,4.16,7.59,1.22,1.22,0.0,0.0,1.19
2003-05-16,0.0,1.19,20.1,24.7,17.2,64.0,0.0,0.0,18.0,18.0,3.53,6.83,1.22,1.22,0.0,0.0,1.19
2003-05-17,0.0,1.19,20.0,24.6,16.9,62.3,0.0,0.0,16.2,18.0,3.0,6.15,1.19,1.22,0.0,0.0,1.19
2003-05-18,0.0,1.19,20.5,27.0,15.1,53.8,0.0,0.0,16.1,18.0,2.55,5.53,1.19,1.19,0.0,0.0,1.19
2003-05-19,0.0,1.19,19.9,25.7,16.0,59.8,0.0,0.0,16.1,18.0,2.17,4.98,1.19,1.19,0.0,0.0,1.19
2003-05-20,0.0,1.19,21.3,27.1,16.3,63.5,0.0,0.0,2.3,18.0,1.84,4.48,1.19,1.19,0.0,0.0,1.16
2003-05-21,0.0,1.16,21.7,27.0,17.5,55.8,0.0,0.0,0.0,18.0,1.57,4.03,1.19,1.19,0.0,0.0,1.16
2003-05-22,0.0,1.16,22.1,27.9,16.6,53.5,0.0,0.0,0.0,18.0,1.33,3.63,1.16,1.19,0.0,0.0,1.16
2003-05-23,0.0,1.16,22.6,28.0,17.1,54.5,0.0,0.0,0.0,18.0,1.13,3.27,1.16,1.16,0.0,0.0,1.16
2003-05-24,0.0,1.16,21.3,25.7,17.9,65.5,0.0,0.0,0.0,18.0,0.96,2.94,1.16,1.16,0.0,0.0,1.16
2003-05-25,0.0,1.16,19.3,24.5,16.5,45.5,0.0,0.0,0.0,18.0,0.82,2.65,1.16,1.16,0.0,0.0,1.12
2003-05-26,0.0,1.12,19.7,27.2,13.5,36.8,0.0,0.0,0.0,18.0,0.7,2.38,1.16,1.16,0.0,0.0,1.12
2003-05-27,0.0,1.12,20.2,26.4,14.3,56.5,0.0,0.0,0.0,18.0,0.59,2.14,1.12,1.16,0.0,0.0,1.12
2003-05-28,0.0,1.12,20.2,24.1,16.9,68.0,0.0,0.0,0.0,18.0,0.5,1.93,1.12,1.12,0.0,0.0,1.12
2003-05-29,0.0,1.12,20.5,24.7,16.9,62.0,0.0,0.0,0.0,18.0,0.43,1.74,1.12,1.12,0.0,0.0,1.12
2003-05-30,0.0,1.12,19.8,24.8,15.9,62.3,0.0,0.0,0.0,18.0,0.36,1.56,1.12,1.12,0.0,0.0,1.12
2003-05-31,0.0,1.12,19.4,24.7,15.9,64.0,0.0,0.0,0.0,18.0,0.31,1.41,1.12,1.12,0.0,0.0,1.12
2003-06-01,0.0,1.12,19.6,24.7,15.1,64.3,0.0,0.0,0.0,18.0,0.26,1.27,1.12,1.12,0.0,0.0,1.09
2003-06-02,0.0,1.09,19.6,25.5,15.5,65.0,0.0,0.0,0.0,16.2,0.22,1.14,1.12,1.12,0.0,0.0,1.09
2003-06-03,0.0,1.09,22.0,28.4,15.5,59.0,0.0,0.0,0.0,16.1,0.19,1.03,1.09,1.12,0.0,0.0,1.09
2003-06-04,0.0,1.09,22.8,28.8,17.8,61.5,0.0,0.0,0.0,16.1,0.16,0.92,1.09,1.09,0.0,0.0,1.09
2003-06-05,0.0,1.09,21.3,25.6,18.7,63.8,0.0,0.0,0.0,2.3,0.14,0.83,1.09,1.09,0.0,0.0,1.06
2003-06-06,0.0,1.06,21.4,26.7,17.7,61.0,0.0,0.0,0.0,0.0,0.12,0.75,1.09,1.09,0.0,0.0,1.06
2003-06-07,0.0,1.06,22.4,27.9,16.9,57.5,0.0,0.0,0.0,0.0,0.1,0.67,1.06,1.09,0.0,0.0,1.06
2003-06-08,0.0,1.06,22.3,28.0,18.9,62.8,0.0,0.0,0.0,0.0,0.08,0.61,1.06,1.06,0.0,0.0,1.06
2003-06-09,0.0,1.06,21.3,25.9,18.3,61.8,0.0,0.0,0.0,0.0,0.07,0.54,1.06,1.06,0.0,0.0,1.06
2003-06-10,0.0,1.06,20.6,24.7,18.2,64.3,0.0,0.0,0.0,0.0,0.06,0.49,1.06,1.06,0.0,0.0,1.06
2003-06-11,0.0,1.06,21.6,27.4,16.5,59.5,0.0,0.0,0.0,0.0,0.05,0.44,1.06,1.06,0.0,0.0,1.03
2003-06-12,0.0,1.03,21.8,28.0,16.7,56.5,0.0,0.0,0.0,0.0,0.04,0.4,1.06,1.06,0.0,0.0,1.03
2003-06-13,0.0,1.03,22.2,27.7,17.1,58.0,0.0,0.0,0.0,0.0,0.04,0.36,1.03,1.06,0.0,0.0,1.03
2003-06-14,0.0,1.03,22.5,28.0,17.1,57.8,0.0,0.0,0.0,0.0,0.03,0.32,1.03,1.03,0.0,0.0,1.03
2003-06-15,0.0,1.03,21.4,26.2,17.5,58.3,0.0,0.0,0.0,0.0,0.03,0.29,1.03,1.03,0.0,0.0,1.03
2003-06-16,0.0,1.03,20.9,26.4,16.3,60.0,0.0,0.0,0.0,0.0,0.02,0.26,1.03,1.03,0.0,0.0,1.0
2003-06-17,0.0,1.0,19.8,26.4,15.5,62.5,0.0,0.0,0.0,0.0,0.02,0.23,1.03,1.03,0.0,0.0,1.0
2003-06-18,0.0,1.0,20.2,26.7,15.2,52.8,0.0,0.0,0.0,0.0,0.02,0.21,1.0,1.03,0.0,0.0,1.0
2003-06-19,0.0,1.0,20.5,26.6,15.9,48.5,0.0,0.0,0.0,0.0,0.01,0.19,1.0,1.0,0.0,0.0,1.0
2003-06-20,0.0,1.0,20.7,26.8,15.5,50.3,0.0,0.0,0.0,0.0,0.01,0.17,1.0,1.0,0.0,0.0,1.0
2003-06-21,0.0,1.0,20.9,26.6,15.5,47.3,0.0,0.0,0.0,0.0,0.01,0.15,1.0,1.0,0.0,0.0,0.97
2003-06-22,0.0,0.97,21.0,27.1,16.3,45.5,0.0,0.0,0.0,0.0,0.01,0.14,1.0,1.0,0.0,0.0,0.97
2003-06-23,0.0,0.97,20.3,26.8,16.1,51.8,0.0,0.0,0.0,0.0,0.01,0.12,0.97,1.0,0.0,0.0,0.97
2003-06-24,0.0,0.97,21.0,26.7,15.7,49.5,0.0,0.0,0.0,0.0,0.01,0.11,0.97,0.97,0.0,0.0,0.97
2003-06-25,0.0,0.97,20.4,25.7,15.9,51.8,0.0,0.0,0.0,0.0,0.01,0.1,0.97,0.97,0.0,0.0,0.97
2003-06-26,0.0,0.97,19.9,26.7,15.3,49.0,0.0,0.0,0.0,0.0,0.0,0.09,0.97,0.97,0.0,0.0,0.97
2003-06-27,0.0,0.97,19.8,25.3,15.5,52.8,0.0,0.0,0.0,0.0,0.0,0.08,0.97,0.97,0.0,0.0,0.95
2003-06-28,0.0,0.95,19.4,25.9,14.5,47.8,0.0,0.0,0.0,0.0,0.0,0.07,0.97,0.97,0.0,0.0,0.94
2003-06-29,0.0,0.94,19.8,26.3,14.5,52.5,0.0,0.0,0.0,0.0,0.0,0.07,0.95,0.97,0.0,0.0,0.94
2003-06-30,0.0,0.94,18.7,24.5,15.7,53.3,0.0,0.0,0.0,0.0,0.0,0.06,0.94,0.95,0.0,0.0,0.94
2003-07-01,0.0,0.94,17.5,22.3,14.1,57.8,0.0,0.0,0.0,0.0,0.0,0.05,0.94,0.94,0.0,0.0,0.92
2003-07-02,0.0,0.92,18.7,25.1,12.7,50.3,0.0,0.0,0.0,0.0,0.0,0.05,0.94,0.94,0.0,0.0,0.92
2003-07-03,0.0,0.92,19.2,25.4,14.7,42.5,0.0,0.0,0.0,0.0,0.0,0.04,0.92,0.94,0.0,0.0,0.92
2003-07-04,0.0,0.92,19.1,25.7,14.1,44.8,0.0,0.0,0.0,0.0,0.0,0.04,0.92,0.92,0.0,0.0,0.91
2003-07-05,0.0,0.91,18.7,25.9,13.3,53.8,0.0,0.0,0.0,0.0,0.0,0.04,0.92,0.92,0.0,0.0,0.91
2003-07-06,0.0,0.91,19.4,26.6,13.7,49.0,0.0,0.0,0.0,0.0,0.0,0.03,0.91,0.92,0.0,0.0,0.91
2003-07-07,0.0,0.91,20.2,27.1,15.1,50.8,0.0,0.0,0.0,0.0,0.0,0.03,0.91,0.91,0.0,0.0,0.89
2003-07-08,0.0,0.89,20.9,27.3,15.5,45.3,0.0,0.0,0.0,0.0,0.0,0.03,0.91,0.91,0.0,0.0,0.89
2003-07-09,0.0,0.89,21.4,27.9,15.1,47.3,0.0,0.0,0.0,0.0,0.0,0.02,0.89,0.91,0.0,0.0,0.89
2003-07-10,0.0,0.89,21.4,28.4,15.9,49.3,0.0,0.0,0.0,0.0,0.0,0.02,0.89,0.89,0.0,0.0,0.87
2003-07-11,0.0,0.87,22.8,27.8,17.1,48.0,0.0,0.0,0.0,0.0,0.0,0.02,0.89,0.89,0.0,0.0,0.87
2003-07-12,0.0,0.87,18.6,23.6,16.7,72.0,0.0,0.0,0.0,0.0,0.0,0.02,0.87,0.89,0.0,0.0,0.87
2003-07-13,0.0,0.87,17.4,22.5,14.8,72.3,0.0,0.0,0.0,0.0,0.0,0.02,0.87,0.87,0.0,0.0,0.86
2003-07-14,0.5,0.86,17.5,21.3,14.9,66.8,0.5,0.5,0.5,0.5,0.0,0.01,0.87,0.87,0.0,0.0,0.86
2003-07-15,0.2,0.86,16.3,20.0,13.9,63.5,0.7,0.7,0.7,0.7,0.43,0.46,0.86,0.87,0.5,0.0,0.86
2003-07-16,0.0,0.86,18.1,23.5,13.9,56.8,0.7,0.7,0.7,0.7,0.53,0.6,0.86,0.86,0.2,0.5,0.85
2003-07-17,0.0,0.85,17.9,22.9,14.7,59.0,0.2,0.7,0.7,0.7,0.45,0.54,0.86,0.86,0.0,0.2,0.85
2003-07-18,0.0,0.85,18.5,23.7,14.7,57.3,0.0,0.7,0.7,0.7,0.38,0.48,0.85,0.86,0.0,0.0,0.85
2003-07-19,0.0,0.85,18.9,25.6,14.3,58.8,0.0,0.7,0.7,0.7,0.33,0.43,0.85,0.85,0.0,0.0,0.83
2003-07-20,0.0,0.83,20.6,27.2,14.2,48.3,0.0,0.7,0.7,0.7,0.28,0.39,0.85,0.85,0.0,0.0,0.83
2003-07-21,0.0,0.83,19.7,26.7,14.2,54.3,0.0,0.2,0.7,0.7,0.24,0.35,0.83,0.85,0.0,0.0,0.83
2003-07-22,0.0,0.83,19.9,24.9,15.4,54.0,0.0,0.0,0.7,0.7,0.2,0.32,0.83,0.83,0.0,0.0,0.81
2003-07-23,0.0,0.81,19.3,23.9,15.9,55.8,0.0,0.0,0.7,0.7,0.17,0.29,0.83,0.83,0.0,0.0,0.81
2003-07-24,0.0,0.81,18.9,22.6,16.1,65.3,0.0,0.0,0.7,0.7,0.14,0.26,0.81,0.83,0.0,0.0,0.81
2003-07-25,0.0,0.81,20.1,24.9,16.5,56.8,0.0,0.0,0.7,0.7,0.12,0.23,0.81,0.81,0.0,0.0,0.8
2003-07-26,0.0,0.8,20.7,26.0,16.3,48.0,0.0,0.0,0.7,0.7,0.1,0.21,0.81,0.81,0.0,0.0,0.8
2003-07-27,0.0,0.8,18.7,23.8,15.9,62.0,0.0,0.0,0.7,0.7,0.09,0.19,0.8,0.81,0.0,0.0,0.8
2003-07-28,0.0,0.8,18.9,23.6,14.7,56.8,0.0,0.0,0.2,0.7,0.08,0.17,0.8,0.8,0.0,0.0,0.78
2003-07-29,0.0,0.78,18.8,23.6,15.1,59.8,0.0,0.0,0.0,0.7,0.06,0.15,0.8,0.8,0.0,0.0,0.78
2003-07-30,0.0,0.78,19.9,25.1,14.5,50.5,0.0,0.0,0.0,0.7,0.05,0.14,0.78,0.8,0.0,0.0,0.78
2003-07-31,0.0,0.78,20.5,25.8,16.3,55.8,0.0,0.0,0.0,0.7,0.05,0.12,0.78,0.78,0.0,0.0,0.77
2003-08-01,0.0,0.77,20.5,26.0,17.6,59.3,0.0,0.0,0.0,0.7,0.04,0.11,0.78,0.78,0.0,0.0,0.77
2003-08-02,0.0,0.77,19.8,25.6,16.5,58.8,0.0,0.0,0.0,0.7,0.03,0.1,0.77,0.78,0.0,0.0,0.77
2003-08-03,0.0,0.77,19.7,25.7,15.4,53.3,0.0,0.0,0.0,0.7,0.03,0.09,0.77,0.77,0.0,0.0,0.77
2003-08-04,0.0,0.77,19.0,24.6,15.5,55.3,0.0,0.0,0.0,0.7,0.02,0.08,0.77,0.77,0.0,0.0,0.75
2003-08-05,0.0,0.75,19.8,25.1,14.6,55.3,0.0,0.0,0.0,0.7,0.02,0.07,0.77,0.77,0.0,0.0,0.75
2003-08-06,0.0,0.75,22.0,27.7,17.1,56.0,0.0,0.0,0.0,0.7,0.02,0.07,0.75,0.77,0.0,0.0,0.75
2003-08-07,0.0,0.75,23.0,29.8,16.5,48.8,0.0,0.0,0.0,0.7,0.01,0.06,0.75,0.75,0.0,0.0,0.73
2003-08-08,0.0,0.73,23.3,29.1,18.7,49.3,0.0,0.0,0.0,0.7,0.01,0.05,0.75,0.75,0.0,0.0,0.73
2003-08-09,0.0,0.73,22.9,29.4,18.0,52.0,0.0,0.0,0.0,0.7,0.01,0.05,0.73,0.75,0.0,0.0,0.73
2003-08-10,0.0,0.73,21.5,26.9,19.1,60.5,0.0,0.0,0.0,0.7,0.01,0.04,0.73,0.73,0.0,0.0,0.72
2003-08-11,0.0,0.72,18.5,23.9,15.9,71.0,0.0,0.0,0.0,0.7,0.01,0.04,0.73,0.73,0.0,0.0,0.72
2003-08-12,0.0,0.72,19.0,25.2,15.1,65.3,0.0,0.0,0.0,0.7,0.01,0.03,0.72,0.73,0.0,0.0,0.72
2003-08-13,0.0,0.72,19.9,25.5,15.7,61.3,0.0,0.0,0.0,0.2,0.01,0.03,0.72,0.72,0.0,0.0,0.7
2003-08-14,0.0,0.7,21.0,28.2,16.1,54.8,0.0,0.0,0.0,0.0,0.0,0.03,0.72,0.72,0.0,0.0,0.72
2003-08-15,0.0,0.72,21.3,27.6,16.5,54.5,0.0,0.0,0.0,0.0,0.0,0.03,0.7,0.72,0.0,0.0,0.75
2003-08-16,0.2,0.75,20.6,26.7,16.1,57.0,0.2,0.2,0.2,0.2,0.0,0.02,0.72,0.7,0.0,0.0,0.73
2003-08-17,0.0,0.73,20.1,27.0,15.1,32.3,0.2,0.2,0.2,0.2,0.17,0.2,0.75,0.72,0.2,0.0,0.72
2003-08-18,0.0,0.72,18.5,25.5,13.1,52.8,0.2,0.2,0.2,0.2,0.15,0.18,0.73,0.75,0.0,0.2,0.7
2003-08-19,0.0,0.7,19.6,25.2,14.9,50.3,0.0,0.2,0.2,0.2,0.12,0.16,0.72,0.73,0.0,0.0,0.7
2003-08-20,0.0,0.7,19.3,26.8,13.9,49.5,0.0,0.2,0.2,0.2,0.11,0.15,0.7,0.72,0.0,0.0,0.69
2003-08-21,0.0,0.69,19.5,25.7,14.8,49.3,0.0,0.2,0.2,0.2,0.09,0.13,0.7,0.7,0.0,0.0,0.69
2003-08-22,0.0,0.69,21.6,28.6,14.5,40.3,0.0,0.2,0.2,0.2,0.08,0.12,0.69,0.7,0.0,0.0,0.69
2003-08-23,0.0,0.69,20.2,26.2,16.3,53.3,0.0,0.0,0.2,0.2,0.07,0.11,0.69,0.69,0.0,0.0,0.67
2003-08-24,0.0,0.67,22.1,28.3,16.9,48.3,0.0,0.0,0.2,0.2,0.06,0.1,0.69,0.69,0.0,0.0,0.67
2003-08-25,0.0,0.67,23.3,29.4,17.3,49.3,0.0,0.0,0.2,0.2,0.05,0.09,0.67,0.69,0.0,0.0,0.77
2003-08-26,3.2,0.77,18.5,24.9,16.4,79.3,3.2,3.2,3.4,3.4,0.04,0.08,0.67,0.67,0.0,0.0,0.81
2003-08-27,0.1,0.81,18.5,22.7,15.5,73.0,3.3,3.3,3.5,3.5,2.75,2.95,0.77,0.67,3.2,0.0,0.89
2003-08-28,0.0,0.89,20.3,25.2,17.1,73.8,3.3,3.3,3.5,3.5,2.43,2.74,0.81,0.77,0.1,3.2,1.17
2003-08-29,1.2,1.17,18.6,23.7,16.5,75.3,1.3,4.5,4.7,4.7,2.06,2.47,0.89,0.81,0.0,0.1,1.08
2003-08-30,0.0,1.08,17.7,21.4,15.4,76.8,1.2,4.5,4.5,4.7,2.77,3.3,1.17,0.89,1.2,0.0,0.85
2003-08-31,0.0,0.85,21.1,27.8,16.2,69.5,1.2,4.5,4.5,4.7,2.36,2.97,1.08,1.17,0.0,1.2,0.77
2003-09-01,0.0,0.77,23.1,29.7,16.9,53.5,0.0,4.5,4.5,4.7,2.0,2.68,0.85,1.08,0.0,0.0,0.75
2003-09-02,0.0,0.75,22.8,29.8,18.9,62.3,0.0,1.3,4.5,4.7,1.7,2.41,0.77,0.85,0.0,0.0,0.72
2003-09-03,0.0,0.72,18.9,22.4,17.6,70.5,0.0,1.2,4.5,4.7,1.45,2.17,0.75,0.77,0.0,0.0,0.7
2003-09-04,0.0,0.7,19.5,25.5,15.9,58.5,0.0,1.2,4.5,4.7,1.23,1.95,0.72,0.75,0.0,0.0,0.69
2003-09-05,0.0,0.69,17.9,21.4,15.3,60.5,0.0,0.0,4.5,4.7,1.05,1.76,0.7,0.72,0.0,0.0,0.67
2003-09-06,0.0,0.67,18.3,23.7,14.5,51.8,0.0,0.0,4.5,4.7,0.89,1.58,0.69,0.7,0.0,0.0,0.67
2003-09-07,0.0,0.67,18.5,23.8,14.5,53.5,0.0,0.0,4.5,4.7,0.76,1.42,0.67,0.69,0.0,0.0,0.66
2003-09-08,0.0,0.66,19.9,26.0,15.7,51.5,0.0,0.0,4.5,4.7,0.64,1.28,0.67,0.67,0.0,0.0,0.66
2003-09-09,0.0,0.66,21.0,26.8,16.1,51.3,0.0,0.0,1.3,4.7,0.55,1.15,0.66,0.67,0.0,0.0,0.64
2003-09-10,0.0,0.64,22.2,28.4,17.4,53.3,0.0,0.0,1.2,4.7,0.46,1.04,0.66,0.66,0.0,0.0,0.64
2003-09-11,0.0,0.64,23.0,29.2,18.7,56.5,0.0,0.0,1.2,4.7,0.39,0.93,0.64,0.66,0.0,0.0,0.63
2003-09-12,0.0,0.63,20.3,24.9,17.3,64.0,0.0,0.0,0.0,4.7,0.34,0.84,0.64,0.64,0.0,0.0,0.66
2003-09-13,0.0,0.66,23.4,28.7,18.2,55.0,0.0,0.0,0.0,4.7,0.28,0.76,0.63,0.64,0.0,0.0,0.89
2003-09-14,7.8,0.89,19.4,25.2,17.3,71.3,7.8,7.8,7.8,12.5,0.24,0.68,0.66,0.63,0.0,0.0,0.85
2003-09-15,0.1,0.85,19.4,24.5,16.7,67.0,7.9,7.9,7.9,12.4,6.84,7.63,0.89,0.66,7.8,0.0,0.73
2003-09-16,0.0,0.73,21.9,28.6,16.9,60.5,7.9,7.9,7.9,12.4,5.9,6.96,0.85,0.89,0.1,7.8,0.86
2003-09-17,7.5,0.86,19.7,22.4,17.9,81.3,7.6,15.4,15.4,19.9,5.01,6.26,0.73,0.85,0.0,0.1,0.91
2003-09-18,0.8,0.91,19.7,25.0,16.9,74.0,8.3,16.2,16.2,20.7,10.63,12.39,0.86,0.73,7.5,0.0,0.77
2003-09-19,0.0,0.77,21.1,27.3,17.1,60.0,8.3,16.2,16.2,20.7,9.72,11.87,0.91,0.86,0.8,7.5,0.7
2003-09-20,0.0,0.7,22.4,30.0,16.1,42.8,0.8,16.2,16.2,20.7,8.26,10.68,0.77,0.91,0.0,0.8,0.67
2003-09-21,0.0,0.67,23.6,29.6,18.5,33.3,0.0,8.4,16.2,20.7,7.02,9.61,0.7,0.77,0.0,0.0,0.65
2003-09-22,0.0,0.65,23.3,29.6,18.9,37.3,0.0,8.3,16.2,20.7,5.97,8.65,0.67,0.7,0.0,0.0,0.63
2003-09-23,0.0,0.63,24.4,31.2,18.9,39.0,0.0,8.3,16.2,20.7,5.07,7.79,0.65,0.67,0.0,0.0,0.63
2003-09-24,0.0,0.63,26.1,33.5,18.5,38.8,0.0,0.8,16.2,20.7,4.31,7.01,0.63,0.65,0.0,0.0,0.62
2003-09-25,0.0,0.62,27.7,34.3,20.7,27.5,0.0,0.0,16.2,17.5,3.67,6.31,0.63,0.63,0.0,0.0,0.61
2003-09-26,0.0,0.61,26.4,33.1,21.1,51.8,0.0,0.0,16.2,17.4,3.12,5.68,0.62,0.63,0.0,0.0,0.6
2003-09-27,0.0,0.6,26.4,32.4,21.1,42.0,0.0,0.0,16.2,17.4,2.65,5.11,0.61,0.62,0.0,0.0,0.69
2003-09-28,1.3,0.69,23.1,29.4,18.8,64.8,1.3,1.3,9.7,17.5,2.25,4.6,0.6,0.61,0.0,0.0,0.67
2003-09-29,0.7,0.67,21.8,25.3,19.9,77.5,2.0,2.0,10.3,18.2,3.02,5.31,0.69,0.6,1.3,0.0,0.67
2003-09-30,0.2,0.67,23.2,29.6,18.8,59.3,2.2,2.2,10.5,18.4,3.16,5.41,0.67,0.69,0.7,1.3,0.64
2003-10-01,0.0,0.64,21.8,28.0,18.5,66.3,0.9,2.2,3.0,18.4,2.86,5.05,0.67,0.67,0.2,0.7,0.62
2003-10-02,0.0,0.62,23.1,29.2,18.1,53.5,0.2,2.2,2.2,18.4,2.43,4.54,0.64,0.67,0.0,0.2,0.6
2003-10-03,0.0,0.6,23.5,30.8,17.7,44.8,0.0,2.2,2.2,18.4,2.06,4.09,0.62,0.64,0.0,0.0,0.59
2003-10-04,0.0,0.59,22.6,28.2,18.6,50.5,0.0,2.2,2.2,18.4,1.75,3.68,0.6,0.62,0.0,0.0,0.58
2003-10-05,0.0,0.58,23.0,29.1,18.1,52.0,0.0,0.9,2.2,18.4,1.49,3.31,0.59,0.6,0.0,0.0,0.58
2003-10-06,0.0,0.58,25.4,32.4,19.5,41.8,0.0,0.2,2.2,18.4,1.27,2.98,0.58,0.59,0.0,0.0,0.57
2003-10-07,0.0,0.57,25.9,33.0,20.9,46.3,0.0,0.0,2.2,18.4,1.08,2.68,0.58,0.58,0.0,0.0,0.62
2003-10-08,0.0,0.62,23.0,28.3,21.0,68.5,0.0,0.0,2.2,18.4,0.92,2.41,0.57,0.58,0.0,0.0,0.66
2003-10-09,2.2,0.66,22.4,25.0,19.9,60.5,2.2,2.2,4.4,20.6,0.78,2.17,0.62,0.57,0.0,0.0,0.7
2003-10-10,3.2,0.7,21.9,26.5,18.9,72.3,5.4,5.4,7.6,23.8,2.53,3.94,0.66,0.62,2.2,0.0,0.74
2003-10-11,1.8,0.74,23.0,27.7,19.9,68.5,7.2,7.2,9.4,25.6,4.87,6.42,0.7,0.66,3.2,2.2,1.34
2003-10-12,8.8,1.34,18.4,23.1,16.8,74.3,13.8,16.0,16.9,34.4,5.67,7.4,0.74,0.7,1.8,3.2,1.44
2003-10-13,0.2,1.44,18.9,23.1,16.1,68.8,10.8,16.2,16.4,34.6,12.3,14.58,1.34,0.74,8.8,1.8,0.9
2003-10-14,0.0,0.9,20.0,26.4,15.5,52.8,9.0,16.2,16.2,26.8,10.63,13.3,1.44,1.34,0.2,8.8,0.7
2003-10-15,0.0,0.7,18.8,24.4,14.9,54.8,0.2,16.2,16.2,26.7,9.03,11.97,0.9,1.44,0.0,0.2,0.64
2003-10-16,0.0,0.64,19.9,27.5,13.7,47.8,0.0,14.0,16.2,26.7,7.68,10.77,0.7,0.9,0.0,0.0,0.61
2003-10-17,0.0,0.61,21.3,29.4,14.3,39.0,0.0,10.8,16.2,19.2,6.53,9.7,0.64,0.7,0.0,0.0,0.59
2003-10-18,0.0,0.59,24.0,31.7,15.9,26.3,0.0,9.0,16.2,18.4,5.55,8.73,0.61,0.64,0.0,0.0,0.58
2003-10-19,0.0,0.58,25.9,33.4,19.3,30.3,0.0,0.2,16.2,18.4,4.71,7.85,0.59,0.61,0.0,0.0,0.57
2003-10-20,0.0,0.57,27.4,34.5,21.7,28.5,0.0,0.0,16.2,18.4,4.01,7.07,0.58,0.59,0.0,0.0,0.56
2003-10-21,0.0,0.56,28.2,35.1,22.9,35.0,0.0,0.0,16.2,18.4,3.41,6.36,0.57,0.58,0.0,0.0,0.55
2003-10-22,0.0,0.55,25.8,33.5,21.9,45.0,0.0,0.0,16.2,18.4,2.9,5.73,0.56,0.57,0.0,0.0,0.66
2003-10-23,2.9,0.66,22.0,27.0,19.9,65.5,2.9,2.9,16.9,21.3,2.46,5.15,0.55,0.56,0.0,0.0,1.65
2003-10-24,13.8,1.65,19.4,24.0,15.7,71.5,16.7,16.7,27.5,35.1,4.56,7.25,0.66,0.55,2.9,0.0,1.99
2003-10-25,0.8,1.99,23.1,28.8,17.5,51.0,17.5,17.5,26.5,35.9,15.6,18.94,1.65,0.66,13.8,2.9,1.2
2003-10-26,0.0,1.2,24.1,31.1,18.3,50.5,14.6,17.5,17.7,35.9,13.94,17.77,1.99,1.65,0.8,13.8,0.77
2003-10-27,0.0,0.77,23.6,29.9,18.5,47.5,0.8,17.5,17.5,35.9,11.85,15.99,1.2,1.99,0.0,0.8,0.66
2003-10-28,0.0,0.66,23.1,29.8,17.5,48.3,0.0,17.5,17.5,34.6,10.07,14.39,0.77,1.2,0.0,0.0,0.61
2003-10-29,0.0,0.61,22.8,27.3,18.6,46.8,0.0,17.5,17.5,33.9,8.56,12.95,0.66,0.77,0.0,0.0,0.59
2003-10-30,0.0,0.59,22.6,28.0,19.6,66.0,0.0,14.6,17.5,33.7,7.28,11.66,0.61,0.66,0.0,0.0,0.7
2003-10-31,0.0,0.7,22.3,29.8,17.7,71.3,0.0,0.8,17.5,33.7,6.19,10.49,0.59,0.61,0.0,0.0,0.95
2003-11-01,3.8,0.95,23.6,30.3,17.9,62.5,3.8,3.8,21.3,37.5,5.26,9.44,0.7,0.59,0.0,0.0,2.71
2003-11-02,8.3,2.71,21.5,27.2,19.1,77.3,12.1,12.1,29.6,45.8,7.7,11.92,0.95,0.7,3.8,0.0,3.86
2003-11-03,32.6,3.86,19.2,24.4,17.1,67.5,44.7,44.7,62.2,78.4,13.6,18.2,2.71,0.95,8.3,3.8,3.11
2003-11-04,0.5,3.11,20.1,27.9,14.4,46.8,41.4,45.2,62.7,78.9,39.27,45.72,3.86,2.71,32.6,8.3,2.03
2003-11-05,0.0,2.03,20.4,26.8,16.1,54.8,33.1,45.2,62.7,78.9,33.8,41.6,3.11,3.86,0.5,32.6,1.38
2003-11-06,0.0,1.38,17.8,19.7,15.9,79.3,0.5,45.2,59.8,78.9,28.73,37.44,2.03,3.11,0.0,0.5,1.11
2003-11-07,8.8,1.11,20.1,25.0,15.7,69.8,8.8,54.0,54.8,87.7,24.42,33.69,1.38,2.03,0.0,0.0,0.87
2003-11-08,36.9,0.87,21.3,28.5,15.3,70.3,45.7,87.1,90.9,122.4,28.24,38.24,1.11,1.38,8.8,0.0,0.74
2003-11-09,3.8,0.74,24.8,31.1,18.1,53.3,49.5,82.6,94.7,123.0,55.37,67.63,0.87,1.11,36.9,8.8,0.68
2003-11-10,13.9,0.68,25.9,33.2,18.0,49.8,54.6,63.9,108.6,135.1,50.29,64.29,0.74,0.87,3.8,36.9,0.67
2003-11-11,0.8,0.67,25.2,30.3,21.0,53.0,18.5,64.2,109.4,127.1,54.56,70.37,0.68,0.74,13.9,3.8,0.64
2003-11-12,0.0,0.64,25.6,31.6,20.7,73.5,14.7,64.2,109.4,126.9,47.06,64.05,0.67,0.68,0.8,13.9,0.7
2003-11-13,0.0,0.7,23.8,30.9,18.6,62.3,0.8,64.2,109.4,126.9,40.0,57.65,0.64,0.67,0.0,0.8,1.75
2003-11-14,0.5,1.75,24.1,29.0,18.5,89.3,0.5,55.9,109.9,127.4,34.0,51.88,0.7,0.64,0.0,0.0,2.61
2003-11-15,1.8,2.61,22.9,27.3,20.9,68.5,2.3,20.8,107.9,129.2,29.33,47.14,1.75,0.7,0.5,0.0,1.82
2003-11-16,0.0,1.82,23.8,29.1,19.8,61.8,2.3,17.0,99.6,129.2,26.46,44.05,2.61,1.75,1.8,0.5,1.14
2003-11-17,0.3,1.14,22.3,30.7,18.6,73.8,2.1,3.4,67.3,129.5,22.49,39.64,1.82,2.61,0.0,1.8,0.87
2003-11-18,12.8,0.87,23.1,29.2,18.6,68.0,13.1,15.4,79.6,142.3,19.37,35.95,1.14,1.82,0.3,0.0,1.12
2003-11-19,3.5,1.12,24.1,31.2,20.7,72.5,16.6,18.9,83.1,145.8,27.34,43.87,0.87,1.14,12.8,0.3,1.64
2003-11-20,37.8,1.64,20.6,24.3,17.9,81.0,54.1,56.7,120.9,183.6,26.22,42.64,1.12,0.87,3.5,12.8,1.77
2003-11-21,1.8,1.77,22.3,27.0,19.4,67.8,43.1,58.0,113.9,185.4,54.42,72.39,1.64,1.12,37.8,3.5,1.23
2003-11-22,0.0,1.23,22.5,27.0,19.3,64.0,39.6,56.2,77.0,182.5,47.78,66.77,1.77,1.64,1.8,37.8,0.89
2003-11-23,0.0,0.89,23.6,29.0,19.5,57.5,1.8,56.2,73.2,168.7,40.62,60.1,1.23,1.77,0.0,1.8,0.75
2003-11-24,0.0,0.75,23.7,29.0,18.7,52.8,0.0,55.9,59.3,167.9,34.52,54.09,0.89,1.23,0.0,0.0,0.7
2003-11-25,0.0,0.7,25.5,31.0,20.7,52.8,0.0,43.1,58.5,167.9,29.34,48.68,0.75,0.89,0.0,0.0,0.67
2003-11-26,0.0,0.67,25.4,31.6,21.7,64.0,0.0,39.6,58.5,167.9,24.94,43.81,0.7,0.75,0.0,0.0,0.66
2003-11-27,0.1,0.66,24.0,30.7,21.0,70.3,0.1,1.9,58.6,168.0,21.2,39.43,0.67,0.7,0.0,0.0,0.69
2003-11-28,47.8,0.69,24.7,30.1,19.9,65.3,47.9,47.9,105.9,215.8,18.11,35.58,0.66,0.67,0.1,0.0,0.75
2003-11-29,1.3,0.75,22.8,26.9,21.3,76.3,49.2,49.2,105.4,217.1,56.02,75.04,0.69,0.66,47.8,0.1,0.73
2003-11-30,2.8,0.73,24.5,27.8,22.9,68.8,51.9,52.0,108.2,219.9,48.72,68.7,0.75,0.69,1.3,47.8,0.81
2003-12-01,16.6,0.81,23.9,28.2,20.1,73.0,20.7,68.6,124.5,232.7,43.79,64.35,0.73,0.75,2.8,1.3,1.23
2003-12-02,13.3,1.23,22.8,27.2,19.8,78.8,32.7,81.9,125.0,237.7,51.33,72.86,0.81,0.73,16.6,2.8,1.78
2003-12-03,13.6,1.78,25.0,30.3,19.6,63.0,43.5,95.5,135.1,218.7,54.94,77.54,1.23,0.81,13.3,16.6,1.95
2003-12-04,25.5,1.95,24.0,29.0,18.9,70.5,52.4,120.9,122.8,243.7,58.26,82.03,1.78,1.23,13.6,13.3,2.45
2003-12-05,2.8,2.45,22.4,27.8,18.9,84.5,41.9,75.9,123.8,246.5,71.19,96.78,1.95,1.78,25.5,13.6,3.29
2003-12-06,29.5,3.29,23.7,30.6,18.6,75.0,57.8,104.1,153.3,276.0,62.9,89.62,2.45,1.95,2.8,25.5,4.87
2003-12-07,40.4,4.87,20.8,23.4,19.1,88.8,72.7,141.7,193.7,307.6,78.54,107.21,3.29,2.45,29.5,2.8,7.28
2003-12-08,30.5,7.28,23.2,27.3,19.3,75.0,100.4,155.6,224.2,301.2,101.1,132.85,4.87,3.29,40.4,29.5,7.47
2003-12-09,1.3,7.47,23.9,29.0,20.9,68.8,72.2,143.6,225.5,298.7,111.86,147.01,7.28,4.87,30.5,40.4,7.49
2003-12-10,0.1,7.49,24.7,31.3,20.3,74.8,31.9,130.1,225.6,284.9,96.18,133.48,7.47,7.28,1.3,30.5,7.2
2003-12-11,0.0,7.2,26.1,32.5,20.7,48.3,1.4,104.6,225.5,284.1,81.84,120.22,7.49,7.47,0.1,1.3,5.73
2003-12-12,0.0,5.73,26.6,33.1,21.1,55.0,0.1,101.8,177.7,284.1,69.56,108.2,7.2,7.49,0.0,0.1,4.94
2003-12-13,0.0,4.94,25.9,31.4,21.0,59.5,0.0,72.3,176.4,284.1,59.13,97.38,5.73,7.2,0.0,0.0,4.28
2003-12-14,0.0,4.28,25.2,30.8,21.1,57.0,0.0,31.9,173.6,283.6,50.26,87.64,4.94,5.73,0.0,0.0,3.21
2003-12-15,0.0,3.21,26.3,31.4,21.7,47.0,0.0,1.4,157.0,281.8,42.72,78.88,4.28,4.94,0.0,0.0,2.31
2003-12-16,0.0,2.31,27.6,33.5,21.7,39.8,0.0,0.1,143.7,281.8,36.31,70.99,3.21,4.28,0.0,0.0,1.7
2003-12-17,0.0,1.7,26.3,31.7,23.3,59.8,0.0,0.0,130.1,281.5,30.87,63.89,2.31,3.21,0.0,0.0,1.34
2003-12-18,0.0,1.34,23.2,28.2,21.0,66.3,0.0,0.0,104.6,268.7,26.24,57.5,1.7,2.31,0.0,0.0,1.09
2003-12-19,0.0,1.09,22.6,26.6,19.9,67.8,0.0,0.0,101.8,265.2,22.3,51.75,1.34,1.7,0.0,0.0,0.91
2003-12-20,0.0,0.91,24.0,29.1,19.5,58.5,0.0,0.0,72.3,227.4,18.96,46.58,1.09,1.34,0.0,0.0,0.87
2003-12-21,0.0,0.87,24.0,32.1,20.4,71.8,0.0,0.0,31.9,225.6,16.11,41.92,0.91,1.09,0.0,0.0,1.48
2003-12-22,54.6,1.48,22.4,27.6,18.5,79.0,54.6,54.6,56.0,280.2,13.7,37.73,0.87,0.91,0.0,0.0,2.52
2003-12-23,3.8,2.52,23.5,30.0,19.7,72.0,58.4,58.4,58.5,284.0,58.05,83.09,1.48,0.87,54.6,0.0,2.5
2003-12-24,1.9,2.5,23.9,29.5,19.8,64.5,60.3,60.3,60.3,285.9,52.57,78.2,2.52,1.48,3.8,54.6,2.56
2003-12-25,0.0,2.56,22.4,27.1,20.0,71.5,5.7,60.3,60.3,285.9,46.3,72.09,2.5,2.52,1.9,3.8,2.36
2003-12-26,0.0,2.36,21.0,26.6,18.9,75.8,1.9,60.3,60.3,285.9,39.36,64.88,2.56,2.5,0.0,1.9,2.72
2003-12-27,0.6,2.72,22.1,26.5,18.0,63.8,0.6,60.9,60.9,286.4,33.45,58.4,2.36,2.56,0.0,0.0,3.22
2003-12-28,1.1,3.22,21.0,25.2,18.3,72.8,1.7,62.0,62.0,239.7,28.95,53.1,2.72,2.36,0.6,0.0,3.61
2003-12-29,2.1,3.61,21.5,25.4,18.5,75.8,3.8,9.5,64.1,240.5,25.54,48.78,3.22,2.72,1.1,0.6,3.25
2003-12-30,4.8,3.25,23.1,28.8,18.5,75.0,8.0,10.5,68.9,242.5,23.49,45.79,3.61,3.22,2.1,1.1,2.66
2003-12-31,8.2,2.66,24.7,30.0,19.9,69.8,15.1,16.8,77.1,234.1,24.05,45.53,3.25,3.61,4.8,2.1,2.17
2004-01-01,41.3,2.17,22.8,27.2,21.1,83.8,54.3,58.1,118.4,262.1,27.41,48.36,2.66,3.25,8.2,4.8,3.25
2004-01-02,67.8,3.25,21.9,28.2,19.1,84.3,117.3,125.9,186.2,316.3,58.4,80.69,2.17,2.66,41.3,8.2,6.1
2004-01-03,68.2,6.1,20.9,25.6,18.3,86.0,177.3,193.5,254.4,359.0,107.27,133.64,3.25,2.17,67.8,41.3,7.43
2004-01-04,1.8,7.43,22.4,26.4,19.4,83.3,137.8,194.2,256.2,358.0,149.15,181.66,6.1,3.25,68.2,67.8,6.24
2004-01-05,0.5,6.24,23.0,28.1,19.9,77.0,70.5,192.6,202.1,329.0,128.31,165.11,7.43,6.1,1.8,68.2,5.5
2004-01-06,1.1,5.5,23.5,29.5,19.7,68.8,3.4,188.9,199.4,289.7,109.49,149.05,6.24,7.43,0.5,1.8,5.19
2004-01-07,0.6,5.19,21.4,23.5,20.1,84.8,2.2,181.3,198.1,259.8,94.0,135.14,5.5,6.24,1.1,0.5,5.44
2004-01-08,2.8,5.44,21.3,25.2,19.5,89.8,4.5,142.8,200.9,261.3,80.41,122.16,5.19,5.5,0.6,1.1,6.64
2004-01-09,62.7,6.64,19.7,21.3,18.6,93.8,66.1,137.7,263.6,323.9,70.73,112.47,5.44,5.19,2.8,0.6,8.38
2004-01-10,54.2,8.38,20.7,24.6,18.7,96.0,119.7,123.7,317.2,378.1,113.41,157.65,6.64,5.44,62.7,2.8,7.3
2004-01-11,21.5,7.3,22.4,26.4,19.0,93.5,138.4,143.4,337.6,399.6,142.47,190.66,8.38,6.64,54.2,62.7,6.5
2004-01-12,2.3,6.5,23.6,27.4,20.4,90.5,78.0,145.2,337.8,401.9,139.38,190.95,7.3,8.38,21.5,54.2,5.85
2004-01-13,22.3,5.85,22.7,27.0,19.0,88.3,46.1,166.4,355.3,424.2,120.42,173.92,6.5,7.3,2.3,21.5,6.06
2004-01-14,32.6,6.06,22.5,26.9,20.1,95.0,57.2,198.4,379.7,456.8,121.32,176.6,5.85,6.5,22.3,2.3,6.82
2004-01-15,95.3,6.82,23.6,29.7,20.2,87.8,150.2,290.9,433.7,552.1,130.83,188.28,6.06,5.85,32.6,22.3,7.41
2004-01-16,7.9,7.41,23.5,29.1,20.1,86.5,135.8,236.1,373.8,560.0,192.21,255.22,6.82,6.06,95.3,32.6,8.08
2004-01-17,2.9,8.08,22.8,27.8,19.6,77.8,106.1,184.8,308.5,562.9,170.09,236.81,7.41,6.82,7.9,95.3,6.59
2004-01-18,0.0,6.59,22.7,28.8,17.9,71.0,10.8,163.3,306.7,562.9,147.04,215.74,8.08,7.41,2.9,7.9,5.14
2004-01-19,0.0,5.14,22.8,28.4,17.9,72.5,2.9,161.0,306.2,562.9,124.99,194.17,6.59,8.08,0.0,2.9,3.94
2004-01-20,0.0,3.94,22.2,26.6,18.3,71.8,0.0,138.7,305.1,562.9,106.24,174.75,5.14,6.59,0.0,0.0,2.92
2004-01-21,0.0,2.92,23.3,27.6,19.2,75.3,0.0,106.1,304.5,508.3,90.3,157.27,3.94,5.14,0.0,0.0,2.47
2004-01-22,0.0,2.47,23.1,29.0,20.5,88.8,0.0,10.8,301.7,504.5,76.76,141.55,2.92,3.94,0.0,0.0,3.02
2004-01-23,12.9,3.02,20.1,21.5,19.3,87.8,12.9,15.8,251.9,515.5,65.24,127.39,2.47,2.92,0.0,0.0,3.07
2004-01-24,6.3,3.07,22.4,26.2,19.3,81.0,19.2,19.2,204.0,521.8,66.42,126.26,3.02,2.47,12.9,0.0,2.58
2004-01-25,0.1,2.58,21.8,24.5,19.1,75.0,19.3,19.3,182.6,521.9,61.81,119.31,3.07,3.02,6.3,12.9,1.94
2004-01-26,0.0,1.94,23.2,27.1,19.5,71.3,6.4,19.3,180.3,521.3,52.63,107.47,2.58,3.07,0.1,6.3,1.48
2004-01-27,0.0,1.48,22.9,27.0,19.9,69.8,0.1,19.3,158.0,520.2,44.73,96.72,1.94,2.58,0.0,0.1,1.22
2004-01-28,0.0,1.22,23.6,28.2,20.3,68.5,0.0,19.3,125.4,518.1,38.02,87.05,1.48,1.94,0.0,0.0,1.06
2004-01-29,0.0,1.06,23.9,29.1,20.3,76.5,0.0,19.3,30.1,513.3,32.32,78.34,1.22,1.48,0.0,0.0,1.03
2004-01-30,0.0,1.03,24.3,30.0,19.9,69.5,0.0,6.4,22.2,505.1,27.47,70.51,1.06,1.22,0.0,0.0,1.01
2004-01-31,0.0,1.01,24.0,29.5,19.3,66.5,0.0,0.1,19.3,463.8,23.35,63.46,1.03,1.06,0.0,0.0,1.12
2004-02-01,2.4,1.12,23.1,27.0,19.9,82.3,2.4,2.4,21.7,398.4,19.85,57.11,1.01,1.03,0.0,0.0,2.16
2004-02-02,0.3,2.16,21.8,25.6,19.9,84.3,2.7,2.7,22.0,330.5,18.91,53.56,1.12,1.01,2.4,0.0,4.08
2004-02-03,2.5,4.08,23.5,28.0,18.4,75.0,5.2,5.2,24.5,331.2,16.33,48.47,2.16,1.12,0.3,2.4,3.91
2004-02-04,3.8,3.91,24.5,28.2,20.5,74.8,6.6,9.0,28.3,334.5,16.0,45.88,4.08,2.16,2.5,0.3,3.16
2004-02-05,0.0,3.16,26.0,31.0,20.3,68.0,6.3,9.0,28.3,333.4,16.83,44.71,3.91,4.08,3.8,2.5,2.42
2004-02-06,4.2,2.42,24.7,29.8,21.7,77.0,8.0,13.2,19.6,337.0,14.31,40.24,3.16,3.91,0.0,3.8,3.44
2004-02-07,5.5,3.44,20.9,26.7,17.9,87.0,9.7,18.7,18.8,339.7,15.73,39.99,2.42,3.16,4.2,0.0,7.47
2004-02-08,15.8,7.47,17.9,19.8,16.9,88.3,25.5,32.1,34.5,292.8,18.05,40.95,3.44,2.42,5.5,4.2,7.99
2004-02-09,27.1,7.99,17.5,20.7,16.1,91.0,48.4,58.9,61.6,265.7,28.77,51.07,7.47,3.44,15.8,5.5,8.29
2004-02-10,10.5,8.29,19.5,22.6,16.4,88.3,53.4,66.9,72.1,254.7,47.49,70.35,7.99,7.47,27.1,15.8,8.89
2004-02-11,32.1,8.89,19.3,22.7,17.1,91.8,69.7,95.2,104.2,284.5,49.29,72.77,8.29,7.99,10.5,27.1,8.71
2004-02-12,10.8,8.71,20.2,23.9,17.5,84.3,53.4,106.0,115.0,273.0,69.18,94.38,8.89,8.29,32.1,10.5,8.33
2004-02-13,0.1,8.33,22.7,28.8,17.1,77.0,43.0,101.9,115.1,240.5,67.99,94.66,8.71,8.89,10.8,32.1,7.87
2004-02-14,3.2,7.87,22.7,29.4,18.5,82.0,14.1,99.6,118.3,148.4,57.87,85.29,8.33,8.71,0.1,10.8,7.49
2004-02-15,2.1,7.49,20.3,22.5,19.3,94.8,5.4,85.9,118.0,142.6,51.91,79.64,7.87,8.33,3.2,0.1,9.16
2004-02-16,16.3,9.16,22.2,27.9,19.1,88.5,21.6,75.1,134.0,156.0,45.91,73.56,7.49,7.87,2.1,3.2,9.3
2004-02-17,5.5,9.3,23.0,27.8,19.7,83.8,23.9,70.1,137.0,161.5,52.88,80.88,9.16,7.49,16.3,2.1,10.94
2004-02-18,2.2,10.94,22.3,28.0,19.9,87.0,24.0,40.2,135.4,163.7,49.62,77.74,9.3,9.16,5.5,16.3,11.65
2004-02-19,20.2,11.65,22.7,28.3,19.9,84.5,27.9,49.6,155.6,183.9,44.05,71.95,10.94,9.3,2.2,5.5,11.3
2004-02-20,12.0,11.3,22.2,26.0,19.9,88.5,34.4,61.5,163.4,195.9,54.61,82.93,11.65,10.94,20.2,2.2,10.12
2004-02-21,18.3,10.12,21.1,23.2,19.5,91.0,50.5,76.6,176.2,214.2,56.62,85.44,11.3,11.65,12.0,20.2,9.47
2004-02-22,27.1,9.47,23.5,27.4,20.2,71.3,57.4,101.6,187.5,228.4,63.68,93.36,10.12,11.3,18.3,12.0,7.91
2004-02-23,0.1,7.91,23.1,29.6,19.9,80.3,45.5,85.4,160.5,222.2,77.16,108.42,9.47,10.12,27.1,18.3,6.66
2004-02-24,45.8,6.66,23.2,29.3,17.5,77.3,73.0,125.7,195.8,267.9,65.67,97.67,7.91,9.47,0.1,27.1,6.21
2004-02-25,0.5,6.21,24.2,29.7,20.0,76.8,46.4,124.0,164.2,268.4,94.75,129.12,6.66,7.91,45.8,0.1,6.38
2004-02-26,0.0,6.38,23.9,29.7,19.9,71.3,46.3,103.8,153.4,268.4,80.97,116.66,6.21,6.66,0.5,45.8,7.09
2004-02-27,2.1,7.09,23.6,29.3,19.8,78.0,2.6,93.9,155.4,270.5,68.82,104.99,6.38,6.21,0.0,0.5,8.38
2004-02-28,27.5,8.38,20.3,27.7,15.9,81.8,29.6,103.1,179.7,298.0,60.28,96.38,7.09,6.38,2.1,0.0,7.18
2004-02-29,8.1,7.18,21.4,27.7,15.9,81.3,37.7,84.1,185.7,306.1,74.62,111.49,8.38,7.09,27.5,2.1,5.9
2004-03-01,6.3,5.9,24.4,30.5,18.3,71.8,41.9,90.3,175.7,312.4,70.31,107.64,7.18,8.38,8.1,27.5,5.1
2004-03-02,5.2,5.1,23.8,29.6,19.5,73.5,19.6,49.7,175.4,315.2,65.12,102.54,5.9,7.18,6.3,8.1,4.5
2004-03-03,27.8,4.5,24.9,29.3,20.9,73.5,39.3,77.0,201.0,342.7,59.77,96.97,5.1,5.9,5.2,6.3,4.35
2004-03-04,2.8,4.35,22.8,28.8,20.0,81.5,35.8,79.8,183.6,343.0,74.43,112.29,4.5,5.1,27.8,5.2,5.12
2004-03-05,12.1,5.12,21.8,25.2,19.0,78.5,42.7,89.8,183.7,351.3,65.65,103.58,4.35,4.5,2.8,27.8,5.19
2004-03-06,45.8,5.19,21.6,25.1,19.5,79.8,60.7,108.1,211.2,397.1,66.09,104.11,5.12,4.35,12.1,2.8,4.37
2004-03-07,12.3,4.37,22.2,25.5,18.9,71.5,70.2,112.3,196.4,405.2,95.1,134.92,5.19,5.12,45.8,12.1,3.41
2004-03-08,0.5,3.41,22.9,28.6,19.9,73.5,58.6,106.5,196.8,400.2,91.29,132.5,4.37,5.19,12.3,45.8,2.75
2004-03-09,0.0,2.75,23.2,28.3,19.6,69.8,12.8,101.3,151.0,384.4,78.02,119.7,3.41,4.37,0.5,12.3,2.16
2004-03-10,0.0,2.16,24.3,30.2,17.4,64.8,0.5,73.5,150.5,357.3,66.32,107.73,2.75,3.41,0.0,0.5,1.69
2004-03-11,0.0,1.69,24.2,28.6,20.3,71.8,0.0,70.7,150.5,346.8,56.37,96.96,2.16,2.75,0.0,0.0,1.47
2004-03-12,0.0,1.47,23.0,29.2,19.2,74.0,0.0,58.6,148.4,314.7,47.92,87.26,1.69,2.16,0.0,0.0,1.5
2004-03-13,0.3,1.5,22.7,26.6,20.1,72.3,0.3,13.1,121.2,304.2,40.73,78.54,1.47,1.69,0.0,0.0,1.97
2004-03-14,0.0,1.97,22.7,27.6,18.8,71.0,0.3,0.8,113.1,304.1,34.87,70.95,1.5,1.47,0.3,0.0,2.66
2004-03-15,0.0,2.66,21.8,24.9,20.3,86.5,0.3,0.3,106.8,300.9,29.64,63.86,1.97,1.5,0.0,0.3,6.03
2004-03-16,4.5,6.03,22.8,29.3,19.6,84.8,4.5,4.8,106.1,303.3,25.2,57.47,2.66,1.97,0.0,0.0,5.44
2004-03-17,9.8,5.44,22.8,27.8,19.3,81.5,14.3,14.6,88.1,296.8,25.24,55.77,6.03,2.66,4.5,0.0,4.85
2004-03-18,0.3,4.85,24.3,30.6,20.2,69.0,14.6,14.9,85.6,291.6,29.79,59.02,5.44,6.03,9.8,4.5,4.78
2004-03-19,55.8,4.78,22.6,26.0,20.3,81.0,65.9,70.7,129.3,345.2,25.57,53.38,4.85,5.44,0.3,9.8,5.1
2004-03-20,2.6,5.1,21.0,26.0,18.5,86.3,58.7,73.0,86.1,327.6,69.17,98.27,4.78,4.85,55.8,0.3,5.53
2004-03-21,31.6,5.53,21.6,27.8,17.7,81.8,90.0,104.6,105.4,347.2,61.0,90.78,5.1,4.78,2.6,55.8,5.22
2004-03-22,0.1,5.22,20.6,26.9,15.2,76.8,34.3,104.7,105.0,329.0,78.71,110.14,5.53,5.1,31.6,2.6,4.94
2004-03-23,14.6,4.94,20.2,25.7,15.3,81.0,46.3,114.8,119.6,316.5,66.99,99.22,5.22,5.53,0.1,31.6,4.71
2004-03-24,0.2,4.71,21.1,27.3,16.9,75.5,14.9,105.2,119.8,316.6,69.35,102.44,4.94,5.22,14.6,0.1,3.91
2004-03-25,0.0,3.91,22.0,28.1,17.4,67.8,14.8,104.9,119.8,270.8,59.12,92.37,4.71,4.94,0.2,14.6,3.25
2004-03-26,0.0,3.25,22.6,28.4,18.5,68.8,0.2,49.1,119.8,270.3,50.25,83.13,3.91,4.71,0.0,0.2,2.87
2004-03-27,0.0,2.87,21.4,24.8,19.3,78.5,0.0,46.5,119.5,270.3,42.71,74.82,3.25,3.91,0.0,0.0,3.81
2004-03-28,0.0,3.81,22.3,27.6,17.3,72.0,0.0,14.9,119.5,268.2,36.31,67.34,2.87,3.25,0.0,0.0,4.81
2004-03-29,0.0,4.81,22.7,27.1,18.7,70.3,0.0,14.8,119.5,240.7,30.86,60.61,3.81,2.87,0.0,0.0,4.43
2004-03-30,0.0,4.43,23.5,30.0,18.5,69.5,0.0,0.2,115.0,232.6,26.23,54.54,4.81,3.81,0.0,0.0,3.88
2004-03-31,0.0,3.88,20.5,29.2,15.9,76.3,0.0,0.0,105.2,226.3,22.3,49.09,4.43,4.81,0.0,0.0,4.0
2004-04-01,26.4,4.0,22.6,29.3,15.8,55.3,26.4,26.4,131.3,247.5,18.95,44.18,3.88,4.43,0.0,0.0,3.79
2004-04-02,4.0,3.79,23.3,28.9,18.9,57.8,30.4,30.4,79.5,223.7,38.55,63.52,4.0,3.88,26.4,0.0,3.09
2004-04-03,0.0,3.09,23.8,29.8,18.8,62.3,30.4,30.4,76.9,220.9,36.17,60.77,3.79,4.0,4.0,26.4,2.53
2004-04-04,0.0,2.53,23.2,28.4,19.9,75.8,4.0,30.4,45.3,208.8,30.74,54.69,3.09,3.79,0.0,4.0,2.34
2004-04-05,6.8,2.34,21.1,24.1,17.5,87.5,6.8,37.2,52.0,169.8,26.13,49.22,2.53,3.09,0.0,0.0,2.87
2004-04-06,2.8,2.87,21.3,28.0,18.0,73.3,9.6,40.0,40.2,160.3,27.99,50.42,2.34,2.53,6.8,0.0,2.97
2004-04-07,10.2,2.97,22.3,27.8,18.1,74.3,19.8,50.2,50.2,170.0,26.17,47.9,2.87,2.34,2.8,6.8,3.19
2004-04-08,0.1,3.19,23.5,28.0,19.8,71.5,13.1,23.9,50.3,170.1,30.92,52.29,2.97,2.87,10.2,2.8,2.91
2004-04-09,0.0,2.91,23.3,29.4,19.7,71.0,10.3,19.9,50.3,170.1,26.36,47.15,3.19,2.97,0.1,10.2,3.19
2004-04-10,3.8,3.19,21.5,23.9,19.7,79.8,3.9,23.7,54.1,173.9,22.41,42.44,2.91,3.19,0.0,0.1,4.47
2004-04-11,41.9,4.47,21.1,26.6,18.8,79.8,45.7,65.6,96.0,215.8,22.28,41.61,3.19,2.91,3.8,0.0,5.65
2004-04-12,30.7,5.65,20.2,22.0,19.1,87.5,76.4,89.5,126.7,246.2,54.55,75.16,4.47,3.19,41.9,3.8,6.5
2004-04-13,3.9,6.5,21.1,23.1,18.9,79.0,76.5,90.6,130.6,250.1,72.46,95.27,5.65,4.47,30.7,41.9,6.43
2004-04-14,0.7,6.43,21.2,23.6,19.7,77.0,35.3,81.1,131.3,250.8,64.91,89.26,6.5,5.65,3.9,30.7,5.5
2004-04-15,0.2,5.5,22.3,25.9,20.2,76.3,4.8,81.2,105.1,246.5,55.77,80.96,6.43,6.5,0.7,3.9,4.81
2004-04-16,0.1,4.81,22.2,26.4,19.6,77.0,1.0,81.3,101.2,236.8,47.57,73.05,5.5,6.43,0.2,0.7,4.0
2004-04-17,0.0,4.0,23.5,28.6,18.6,67.3,0.3,77.5,101.2,236.5,40.52,65.83,4.81,5.5,0.1,0.2,3.19
2004-04-18,0.0,3.19,23.7,29.2,19.5,61.8,0.1,35.6,101.2,180.7,34.44,59.25,4.0,4.81,0.0,0.1,2.5
2004-04-19,0.0,2.5,22.9,28.0,18.7,59.8,0.0,4.9,94.4,178.1,29.28,53.32,3.19,4.0,0.0,0.0,2.03
2004-04-20,0.0,2.03,23.5,28.4,18.1,58.5,0.0,1.0,91.6,146.5,24.89,47.99,2.5,3.19,0.0,0.0,1.72
2004-04-21,0.0,1.72,23.0,27.8,19.7,59.3,0.0,0.3,81.4,146.4,21.15,43.19,2.03,2.5,0.0,0.0,1.5
2004-04-22,0.0,1.5,22.3,26.5,19.7,59.3,0.0,0.1,81.3,131.8,17.98,38.87,1.72,2.03,0.0,0.0,1.47
2004-04-23,1.9,1.47,22.5,27.8,18.3,73.5,1.9,1.9,83.2,133.5,15.28,34.99,1.5,1.72,0.0,0.0,1.44
2004-04-24,0.1,1.44,23.2,28.8,18.2,66.0,2.0,2.0,79.5,133.6,14.61,33.2,1.47,1.5,1.9,0.0,1.47
2004-04-25,0.0,1.47,23.7,28.1,19.9,66.5,2.0,2.0,37.6,133.6,12.5,29.97,1.44,1.47,0.1,1.9,1.81
2004-04-26,12.8,1.81,19.2,23.8,17.3,81.3,12.9,14.8,19.7,146.4,10.62,26.97,1.47,1.44,0.0,0.1,2.85
2004-04-27,1.0,2.85,19.7,23.3,16.9,73.5,13.8,15.8,16.8,147.4,19.91,35.79,1.81,1.47,12.8,0.0,2.56
2004-04-28,0.0,2.56,19.4,23.9,17.3,71.5,13.8,15.8,16.1,147.4,17.77,33.11,2.85,1.81,1.0,12.8,2.25
2004-04-29,0.0,2.25,18.9,23.9,15.9,58.5,1.0,15.8,15.9,147.4,15.11,29.8,2.56,2.85,0.0,1.0,1.75
2004-04-30,0.0,1.75,18.6,23.3,14.7,60.8,0.0,13.9,15.8,147.4,12.84,26.82,2.25,2.56,0.0,0.0,1.53
2004-05-01,0.0,1.53,19.6,25.3,14.8,54.3,0.0,13.8,15.8,121.0,10.92,24.14,1.75,2.25,0.0,0.0,1.47
2004-05-02,0.0,1.47,22.0,28.4,16.1,59.0,0.0,13.8,15.8,117.0,9.28,21.73,1.53,1.75,0.0,0.0,1.47
2004-05-03,0.0,1.47,22.5,27.4,17.8,62.5,0.0,1.0,15.8,117.0,7.89,19.55,1.47,1.53,0.0,0.0,1.44
2004-05-04,0.0,1.44,22.8,28.0,19.5,61.8,0.0,0.0,15.8,117.0,6.7,17.6,1.47,1.47,0.0,0.0,1.44
2004-05-05,0.0,1.44,22.1,26.4,19.0,67.5,0.0,0.0,15.8,110.2,5.7,15.84,1.44,1.47,0.0,0.0,1.44
2004-05-06,0.0,1.44,22.3,28.2,17.9,63.5,0.0,0.0,15.8,107.4,4.84,14.25,1.44,1.44,0.0,0.0,1.4
2004-05-07,0.0,1.4,22.7,28.0,18.5,62.3,0.0,0.0,13.9,97.2,4.12,12.83,1.44,1.44,0.0,0.0,1.4
2004-05-08,0.0,1.4,21.8,26.3,18.7,68.8,0.0,0.0,13.8,97.1,3.5,11.55,1.4,1.44,0.0,0.0,1.4
2004-05-09,0.0,1.4,21.2,25.7,17.7,67.0,0.0,0.0,13.8,97.1,2.97,10.39,1.4,1.4,0.0,0.0,1.4
2004-05-10,0.0,1.4,20.6,26.4,16.2,66.0,0.0,0.0,1.0,93.3,2.53,9.35,1.4,1.4,0.0,0.0,1.38
2004-05-11,0.0,1.38,21.2,26.8,16.3,67.0,0.0,0.0,0.0,51.4,2.15,8.42,1.4,1.4,0.0,0.0,1.38
2004-05-12,0.0,1.38,22.2,27.4,18.0,63.0,0.0,0.0,0.0,20.7,1.83,7.58,1.38,1.4,0.0,0.0,1.38
2004-05-13,0.0,1.38,21.7,26.3,18.4,71.0,0.0,0.0,0.0,16.8,1.55,6.82,1.38,1.38,0.0,0.0,1.38
2004-05-14,0.0,1.38,23.2,28.4,18.5,56.0,0.0,0.0,0.0,16.1,1.32,6.14,1.38,1.38,0.0,0.0,1.44
2004-05-15,0.0,1.44,23.3,27.2,19.6,66.8,0.0,0.0,0.0,15.9,1.12,5.52,1.38,1.38,0.0,0.0,1.65
2004-05-16,0.0,1.65,21.4,27.2,18.8,68.8,0.0,0.0,0.0,15.8,0.95,4.97,1.44,1.38,0.0,0.0,1.78
2004-05-17,0.0,1.78,21.1,26.2,17.9,75.8,0.0,0.0,0.0,15.8,0.81,4.47,1.65,1.44,0.0,0.0,1.65
2004-05-18,0.0,1.65,20.7,26.0,18.3,79.8,0.0,0.0,0.0,15.8,0.69,4.03,1.78,1.65,0.0,0.0,1.69
2004-05-19,1.2,1.69,21.2,25.9,16.9,70.5,1.2,1.2,1.2,17.0,0.59,3.62,1.65,1.78,0.0,0.0,1.65
2004-05-20,0.0,1.65,21.8,27.0,19.0,68.0,1.2,1.2,1.2,17.0,1.52,4.34,1.69,1.65,1.2,0.0,1.84
2004-05-21,8.5,1.84,19.3,23.5,17.0,73.3,9.7,9.7,9.7,25.5,1.29,3.91,1.65,1.69,0.0,1.2,1.56
2004-05-22,0.0,1.56,19.4,23.5,16.7,69.5,8.5,9.7,9.7,25.5,8.32,11.17,1.84,1.65,8.5,0.0,1.44
2004-05-23,0.0,1.44,18.7,22.1,16.4,67.3,8.5,9.7,9.7,23.6,7.07,10.05,1.56,1.84,0.0,8.5,1.4
2004-05-24,0.0,1.4,19.8,25.4,15.6,68.3,0.0,9.7,9.7,23.5,6.01,9.04,1.44,1.56,0.0,0.0,1.38
2004-05-25,0.0,1.38,21.3,27.4,16.3,64.3,0.0,9.7,9.7,23.5,5.11,8.14,1.4,1.44,0.0,0.0,1.38
2004-05-26,0.0,1.38,19.7,24.5,18.1,72.8,0.0,8.5,9.7,10.7,4.34,7.33,1.38,1.4,0.0,0.0,1.38
2004-05-27,2.6,1.38,17.6,23.6,12.8,40.3,2.6,11.1,12.3,12.3,3.69,6.59,1.38,1.38,0.0,0.0,1.56
2004-05-28,0.2,1.56,17.0,19.6,14.6,70.0,2.8,2.8,12.5,12.5,5.35,8.27,1.38,1.38,2.6,0.0,2.47
2004-05-29,9.3,2.47,17.0,20.8,14.9,86.3,12.1,12.1,21.8,21.8,4.72,7.63,1.56,1.38,0.2,2.6,2.6
2004-05-30,8.6,2.6,19.2,26.4,14.3,73.3,18.1,20.7,30.4,30.4,11.91,15.23,2.47,1.56,9.3,0.2,1.9
2004-05-31,0.1,1.9,20.5,27.0,15.5,71.3,18.0,20.8,30.5,30.5,17.44,21.45,2.6,2.47,8.6,9.3,1.53
2004-06-01,0.0,1.53,20.9,26.3,16.5,63.5,8.7,20.8,30.5,30.5,14.91,19.4,1.9,2.6,0.1,8.6,1.4
2004-06-02,2.8,1.4,20.6,25.1,16.7,67.5,2.9,23.6,32.1,33.3,12.67,17.46,1.53,1.9,0.0,0.1,1.38
2004-06-03,0.1,1.38,18.4,22.5,16.6,80.0,2.9,21.1,32.2,33.4,13.15,18.23,1.4,1.53,2.8,0.0,1.75
2004-06-04,16.8,1.75,16.8,20.8,15.0,78.5,19.7,37.7,40.5,50.2,11.26,16.5,1.38,1.4,0.1,2.8,3.16
2004-06-05,2.1,3.16,16.6,22.6,10.7,66.3,19.0,30.5,42.6,52.3,23.85,29.97,1.75,1.38,16.8,0.1,2.44
2004-06-06,0.0,2.44,17.9,25.1,12.8,56.3,18.9,21.9,42.6,52.3,22.06,28.86,3.16,1.75,2.1,16.8,1.78
2004-06-07,0.0,1.78,17.7,24.5,13.0,57.8,2.1,21.8,42.6,52.3,18.75,25.97,2.44,3.16,0.0,2.1,1.47
2004-06-08,0.0,1.47,18.1,23.5,13.5,62.8,0.0,21.8,42.6,52.3,15.94,23.38,1.78,2.44,0.0,0.0,1.4
2004-06-09,0.0,1.4,19.5,25.7,14.6,66.0,0.0,19.0,42.6,52.3,13.55,21.04,1.47,1.78,0.0,0.0,1.38
2004-06-10,0.0,1.38,19.8,24.1,16.7,68.0,0.0,18.9,40.0,52.3,11.52,18.94,1.4,1.47,0.0,0.0,1.34
2004-06-11,0.0,1.34,18.6,22.1,14.9,64.8,0.0,2.1,39.8,52.3,9.79,17.04,1.38,1.4,0.0,0.0,1.34
2004-06-12,0.0,1.34,20.0,26.6,15.1,57.5,0.0,0.0,30.5,52.3,8.32,15.34,1.34,1.38,0.0,0.0,1.34
2004-06-13,0.0,1.34,18.5,22.2,16.8,74.0,0.0,0.0,21.9,52.3,7.07,13.8,1.34,1.34,0.0,0.0,1.31
2004-06-14,0.0,1.31,17.2,21.1,14.9,71.8,0.0,0.0,21.8,52.3,6.01,12.42,1.34,1.34,0.0,0.0,1.31
2004-06-15,0.0,1.31,18.1,25.3,15.3,73.8,0.0,0.0,21.8,52.3,5.11,11.18,1.31,1.34,0.0,0.0,1.31
2004-06-16,0.0,1.31,19.2,25.0,14.5,69.0,0.0,0.0,19.0,52.3,4.34,10.06,1.31,1.31,0.0,0.0,1.31
2004-06-17,0.0,1.31,19.6,25.4,16.2,64.0,0.0,0.0,18.9,52.3,3.69,9.06,1.31,1.31,0.0,0.0,1.3
2004-06-18,0.0,1.3,19.7,25.3,15.9,60.8,0.0,0.0,2.1,51.1,3.14,8.15,1.31,1.31,0.0,0.0,1.3
2004-06-19,0.0,1.3,19.0,23.7,15.7,56.8,0.0,0.0,0.0,51.1,2.67,7.34,1.3,1.31,0.0,0.0,1.28
2004-06-20,0.0,1.28,18.5,23.0,15.3,60.3,0.0,0.0,0.0,42.6,2.27,6.6,1.3,1.3,0.0,0.0,1.28
2004-06-21,0.0,1.28,18.3,22.9,15.7,60.3,0.0,0.0,0.0,42.6,1.93,5.94,1.28,1.3,0.0,0.0,1.26
2004-06-22,0.0,1.26,20.0,26.4,14.1,54.3,0.0,0.0,0.0,42.6,1.64,5.35,1.28,1.28,0.0,0.0,1.28
2004-06-23,0.0,1.28,18.8,23.2,14.4,67.3,0.0,0.0,0.0,42.6,1.39,4.81,1.26,1.28,0.0,0.0,1.28
2004-06-24,0.0,1.28,18.6,23.0,15.9,68.0,0.0,0.0,0.0,42.6,1.18,4.33,1.28,1.26,0.0,0.0,1.26
2004-06-25,0.0,1.26,18.7,23.2,15.7,62.5,0.0,0.0,0.0,42.6,1.01,3.9,1.28,1.28,0.0,0.0,1.26
2004-06-26,0.0,1.26,18.9,23.1,15.5,64.8,0.0,0.0,0.0,40.0,0.86,3.51,1.26,1.28,0.0,0.0,1.25
2004-06-27,0.0,1.25,19.2,24.1,15.6,67.3,0.0,0.0,0.0,39.8,0.73,3.16,1.26,1.26,0.0,0.0,1.25
2004-06-28,0.0,1.25,19.5,23.9,15.7,62.3,0.0,0.0,0.0,30.5,0.62,2.84,1.25,1.26,0.0,0.0,1.23
2004-06-29,0.0,1.23,18.4,21.5,16.5,72.5,0.0,0.0,0.0,21.9,0.53,2.56,1.25,1.25,0.0,0.0,1.23
2004-06-30,0.0,1.23,19.3,23.9,16.9,65.0,0.0,0.0,0.0,21.8,0.45,2.3,1.23,1.25,0.0,0.0,1.22
2004-07-01,0.0,1.22,18.8,23.5,15.9,63.5,0.0,0.0,0.0,21.8,0.38,2.07,1.23,1.23,0.0,0.0,1.22
2004-07-02,0.0,1.22,20.2,25.5,16.2,61.3,0.0,0.0,0.0,19.0,0.32,1.86,1.22,1.23,0.0,0.0,1.2
2004-07-03,0.0,1.2,20.8,26.4,16.5,58.8,0.0,0.0,0.0,18.9,0.27,1.68,1.22,1.22,0.0,0.0,1.2
2004-07-04,0.2,1.2,20.7,25.9,15.8,53.5,0.2,0.2,0.2,2.3,0.23,1.51,1.2,1.22,0.0,0.0,1.19
2004-07-05,0.0,1.19,20.3,26.2,15.5,54.8,0.2,0.2,0.2,0.2,0.37,1.54,1.2,1.2,0.2,0.0,1.19
2004-07-06,0.0,1.19,20.2,25.1,15.9,61.0,0.2,0.2,0.2,0.2,0.31,1.39,1.19,1.2,0.0,0.2,1.19
2004-07-07,0.0,1.19,19.6,25.5,16.5,62.8,0.0,0.2,0.2,0.2,0.27,1.25,1.19,1.19,0.0,0.0,1.17
2004-07-08,0.0,1.17,20.1,25.4,15.7,61.5,0.0,0.2,0.2,0.2,0.23,1.12,1.19,1.19,0.0,0.0,1.17
2004-07-09,0.0,1.17,19.5,21.8,17.6,69.8,0.0,0.2,0.2,0.2,0.19,1.01,1.17,1.19,0.0,0.0,1.26
2004-07-10,0.0,1.26,20.0,25.7,16.9,74.8,0.0,0.2,0.2,0.2,0.16,0.91,1.17,1.17,0.0,0.0,1.34
2004-07-11,24.0,1.34,18.4,22.9,15.7,75.8,24.0,24.0,24.2,24.2,0.14,0.82,1.26,1.17,0.0,0.0,1.23
2004-07-12,0.1,1.23,17.0,21.1,14.1,74.5,24.1,24.1,24.3,24.3,20.52,22.34,1.34,1.26,24.0,0.0,1.2
2004-07-13,0.0,1.2,18.3,22.1,14.1,69.8,24.1,24.1,24.3,24.3,17.53,20.19,1.23,1.34,0.1,24.0,1.19
2004-07-14,0.0,1.19,19.7,23.1,17.5,64.8,0.1,24.1,24.3,24.3,14.9,18.17,1.2,1.23,0.0,0.1,1.17
2004-07-15,0.0,1.17,19.5,23.6,17.0,62.8,0.0,24.1,24.3,24.3,12.66,16.36,1.19,1.2,0.0,0.0,1.16
2004-07-16,0.0,1.16,19.5,25.1,15.1,60.0,0.0,24.1,24.3,24.3,10.76,14.72,1.17,1.19,0.0,0.0,1.16
2004-07-17,0.0,1.16,19.7,24.7,15.5,61.3,0.0,24.1,24.3,24.3,9.15,13.25,1.16,1.17,0.0,0.0,1.14
2004-07-18,0.0,1.14,18.0,22.1,16.3,71.5,0.0,0.1,24.1,24.3,7.78,11.92,1.16,1.16,0.0,0.0,1.14
2004-07-19,0.0,1.14,16.8,20.7,14.9,92.3,0.0,0.0,24.1,24.3,6.61,10.73,1.14,1.16,0.0,0.0,1.22
2004-07-20,8.3,1.22,15.2,18.5,13.9,81.3,8.3,8.3,32.4,32.6,5.62,9.66,1.14,1.14,0.0,0.0,1.3
2004-07-21,22.8,1.3,14.6,18.7,12.7,65.3,31.1,31.1,55.2,55.4,11.83,16.16,1.22,1.14,8.3,0.0,1.19
2004-07-22,0.1,1.19,14.0,19.5,10.3,53.3,31.2,31.2,55.3,55.5,29.44,35.07,1.3,1.22,22.8,8.3,1.16
2004-07-23,0.0,1.16,14.1,19.5,10.7,53.3,22.9,31.2,55.3,55.5,25.11,31.65,1.19,1.3,0.1,22.8,1.14
2004-07-24,0.0,1.14,14.5,20.2,10.5,52.8,0.1,31.2,55.3,55.5,21.34,28.48,1.16,1.19,0.0,0.1,1.12
2004-07-25,0.0,1.12,14.6,20.8,10.3,54.0,0.0,31.2,31.3,55.5,18.14,25.64,1.14,1.16,0.0,0.0,1.12
2004-07-26,0.0,1.12,14.6,20.2,10.3,53.3,0.0,31.2,31.2,55.5,15.42,23.07,1.12,1.14,0.0,0.0,1.11
2004-07-27,0.0,1.11,16.1,22.1,10.7,53.3,0.0,22.9,31.2,55.5,13.11,20.77,1.12,1.12,0.0,0.0,1.09
2004-07-28,0.0,1.09,15.6,19.7,13.3,55.3,0.0,0.1,31.2,55.5,11.14,18.69,1.11,1.12,0.0,0.0,1.09
2004-07-29,0.0,1.09,14.9,19.3,12.8,59.5,0.0,0.0,31.2,55.5,9.47,16.82,1.09,1.11,0.0,0.0,1.09
2004-07-30,0.0,1.09,16.0,22.1,10.8,58.0,0.0,0.0,31.2,55.5,8.05,15.14,1.09,1.09,0.0,0.0,1.08
2004-07-31,0.0,1.08,17.9,24.2,12.3,51.5,0.0,0.0,31.2,55.5,6.84,13.62,1.09,1.09,0.0,0.0,1.08
2004-08-01,0.0,1.08,19.4,27.2,13.1,55.8,0.0,0.0,31.2,55.5,5.81,12.26,1.08,1.09,0.0,0.0,1.06
2004-08-02,0.0,1.06,20.2,26.6,15.5,56.0,0.0,0.0,31.2,55.5,4.94,11.04,1.08,1.08,0.0,0.0,1.06
2004-08-03,0.0,1.06,20.2,25.7,16.5,54.5,0.0,0.0,22.9,55.3,4.2,9.93,1.06,1.08,0.0,0.0,1.06
2004-08-04,0.0,1.06,18.1,22.8,15.9,59.5,0.0,0.0,0.1,55.3,3.57,8.94,1.06,1.06,0.0,0.0,1.05
2004-08-05,0.0,1.05,18.1,23.1,13.3,54.0,0.0,0.0,0.0,55.3,3.04,8.04,1.06,1.06,0.0,0.0,1.05
2004-08-06,0.0,1.05,18.5,23.1,15.5,53.5,0.0,0.0,0.0,55.3,2.58,7.24,1.05,1.06,0.0,0.0,1.03
2004-08-07,0.0,1.03,19.8,27.0,14.0,47.5,0.0,0.0,0.0,55.3,2.19,6.52,1.05,1.05,0.0,0.0,1.03
2004-08-08,0.0,1.03,20.6,26.2,15.9,48.3,0.0,0.0,0.0,55.3,1.86,5.86,1.03,1.05,0.0,0.0,1.03
2004-08-09,0.0,1.03,17.1,23.6,14.0,62.0,0.0,0.0,0.0,55.3,1.58,5.28,1.03,1.03,0.0,0.0,1.01
2004-08-10,0.0,1.01,16.1,22.1,11.9,55.5,0.0,0.0,0.0,31.3,1.35,4.75,1.03,1.03,0.0,0.0,1.01
2004-08-11,0.0,1.01,17.7,24.3,11.3,48.8,0.0,0.0,0.0,31.2,1.14,4.28,1.01,1.03,0.0,0.0,1.01
2004-08-12,0.0,1.01,16.9,22.5,13.4,52.0,0.0,0.0,0.0,31.2,0.97,3.85,1.01,1.01,0.0,0.0,1.0
2004-08-13,0.0,1.0,15.0,20.8,10.3,48.3,0.0,0.0,0.0,31.2,0.83,3.46,1.01,1.01,0.0,0.0,1.0
2004-08-14,0.0,1.0,15.9,21.3,10.6,56.5,0.0,0.0,0.0,31.2,0.7,3.12,1.0,1.01,0.0,0.0,0.99
2004-08-15,0.0,0.99,16.9,22.1,11.9,59.0,0.0,0.0,0.0,31.2,0.6,2.81,1.0,1.0,0.0,0.0,0.99
2004-08-16,0.0,0.99,18.7,23.7,13.7,56.3,0.0,0.0,0.0,31.2,0.51,2.52,0.99,1.0,0.0,0.0,0.99
2004-08-17,0.0,0.99,19.0,25.3,14.1,56.5,0.0,0.0,0.0,31.2,0.43,2.27,0.99,0.99,0.0,0.0,0.97
2004-08-18,0.0,0.97,19.7,25.2,14.3,51.0,0.0,0.0,0.0,31.2,0.37,2.04,0.99,0.99,0.0,0.0,0.97
2004-08-19,0.0,0.97,20.6,26.4,15.1,48.3,0.0,0.0,0.0,22.9,0.31,1.84,0.97,0.99,0.0,0.0,0.97
2004-08-20,0.0,0.97,19.9,25.7,15.1,57.3,0.0,0.0,0.0,0.1,0.27,1.66,0.97,0.97,0.0,0.0,0.95
2004-08-21,0.0,0.95,21.3,27.7,17.1,53.0,0.0,0.0,0.0,0.0,0.23,1.49,0.97,0.97,0.0,0.0,0.95
2004-08-22,0.0,0.95,21.9,28.5,17.1,48.3,0.0,0.0,0.0,0.0,0.19,1.34,0.95,0.97,0.0,0.0,0.94
2004-08-23,0.0,0.94,22.8,30.2,16.5,45.0,0.0,0.0,0.0,0.0,0.16,1.21,0.95,0.95,0.0,0.0,0.94
2004-08-24,0.0,0.94,24.5,31.7,17.7,45.3,0.0,0.0,0.0,0.0,0.14,1.09,0.94,0.95,0.0,0.0,0.94
2004-08-25,0.0,0.94,23.4,30.0,19.1,56.5,0.0,0.0,0.0,0.0,0.12,0.98,0.94,0.94,0.0,0.0,0.92
2004-08-26,0.0,0.92,24.1,30.3,18.7,53.0,0.0,0.0,0.0,0.0,0.1,0.88,0.94,0.94,0.0,0.0,0.92
2004-08-27,0.0,0.92,23.5,29.2,20.3,49.5,0.0,0.0,0.0,0.0,0.09,0.79,0.92,0.94,0.0,0.0,0.92
2004-08-28,0.0,0.92,24.3,30.8,19.2,43.5,0.0,0.0,0.0,0.0,0.07,0.71,0.92,0.92,0.0,0.0,0.91
2004-08-29,0.0,0.91,23.9,29.7,20.3,43.8,0.0,0.0,0.0,0.0,0.06,0.64,0.92,0.92,0.0,0.0,0.91
2004-08-30,0.0,0.91,23.7,30.6,18.7,50.0,0.0,0.0,0.0,0.0,0.05,0.58,0.91,0.92,0.0,0.0,0.91
2004-08-31,0.0,0.91,23.1,28.6,17.9,47.3,0.0,0.0,0.0,0.0,0.04,0.52,0.91,0.91,0.0,0.0,0.89
2004-09-01,0.0,0.89,21.5,28.0,17.9,47.5,0.0,0.0,0.0,0.0,0.04,0.47,0.91,0.91,0.0,0.0,0.89
2004-09-02,0.0,0.89,22.0,28.5,17.1,35.8,0.0,0.0,0.0,0.0,0.03,0.42,0.89,0.91,0.0,0.0,0.89
2004-09-03,0.0,0.89,24.2,31.6,16.5,35.8,0.0,0.0,0.0,0.0,0.03,0.38,0.89,0.89,0.0,0.0,0.88
2004-09-04,0.0,0.88,23.1,29.0,18.7,49.3,0.0,0.0,0.0,0.0,0.02,0.34,0.89,0.89,0.0,0.0,0.87
2004-09-05,0.0,0.87,21.9,28.0,18.1,58.0,0.0,0.0,0.0,0.0,0.02,0.31,0.88,0.89,0.0,0.0,0.87
2004-09-06,0.0,0.87,22.3,29.0,18.3,56.5,0.0,0.0,0.0,0.0,0.02,0.28,0.87,0.88,0.0,0.0,0.87
2004-09-07,0.0,0.87,21.5,28.5,17.3,48.0,0.0,0.0,0.0,0.0,0.01,0.25,0.87,0.87,0.0,0.0,0.86
2004-09-08,0.0,0.86,20.5,26.8,15.9,47.3,0.0,0.0,0.0,0.0,0.01,0.22,0.87,0.87,0.0,0.0,0.85
2004-09-09,0.0,0.85,20.7,26.9,15.9,46.8,0.0,0.0,0.0,0.0,0.01,0.2,0.86,0.87,0.0,0.0,0.85
2004-09-10,0.0,0.85,22.2,28.2,16.6,45.3,0.0,0.0,0.0,0.0,0.01,0.18,0.85,0.86,0.0,0.0,0.85
2004-09-11,0.0,0.85,23.0,29.6,17.5,39.5,0.0,0.0,0.0,0.0,0.01,0.16,0.85,0.85,0.0,0.0,0.84
2004-09-12,0.0,0.84,21.6,26.1,17.0,48.3,0.0,0.0,0.0,0.0,0.01,0.15,0.85,0.85,0.0,0.0,0.84
2004-09-13,0.0,0.84,20.2,24.9,16.5,48.3,0.0,0.0,0.0,0.0,0.01,0.13,0.84,0.85,0.0,0.0,0.83
2004-09-14,0.0,0.83,21.2,26.7,16.3,50.5,0.0,0.0,0.0,0.0,0.0,0.12,0.84,0.84,0.0,0.0,0.82
2004-09-15,0.0,0.82,23.1,29.8,17.2,50.5,0.0,0.0,0.0,0.0,0.0,0.11,0.83,0.84,0.0,0.0,0.81
2004-09-16,0.0,0.81,25.0,31.3,18.5,42.5,0.0,0.0,0.0,0.0,0.0,0.1,0.82,0.83,0.0,0.0,0.81
2004-09-17,0.0,0.81,22.8,28.4,20.3,59.8,0.0,0.0,0.0,0.0,0.0,0.09,0.81,0.82,0.0,0.0,0.8
2004-09-18,0.0,0.8,21.9,26.7,18.7,56.8,0.0,0.0,0.0,0.0,0.0,0.08,0.81,0.81,0.0,0.0,0.8
2004-09-19,0.0,0.8,21.1,25.3,18.3,56.0,0.0,0.0,0.0,0.0,0.0,0.07,0.8,0.81,0.0,0.0,0.8
2004-09-20,0.0,0.8,21.8,28.0,18.5,49.8,0.0,0.0,0.0,0.0,0.0,0.06,0.8,0.8,0.0,0.0,0.79
2004-09-21,0.0,0.79,21.5,27.3,17.4,54.3,0.0,0.0,0.0,0.0,0.0,0.06,0.8,0.8,0.0,0.0,0.79
2004-09-22,0.0,0.79,22.8,28.6,18.1,50.8,0.0,0.0,0.0,0.0,0.0,0.05,0.79,0.8,0.0,0.0,0.78
2004-09-23,0.0,0.78,24.7,31.8,19.2,44.8,0.0,0.0,0.0,0.0,0.0,0.05,0.79,0.79,0.0,0.0,0.77
2004-09-24,0.0,0.77,25.4,31.9,19.7,39.0,0.0,0.0,0.0,0.0,0.0,0.04,0.78,0.79,0.0,0.0,0.77
2004-09-25,0.0,0.77,25.7,32.5,20.5,37.5,0.0,0.0,0.0,0.0,0.0,0.04,0.77,0.78,0.0,0.0,0.77
2004-09-26,0.0,0.77,24.1,30.8,19.9,41.5,0.0,0.0,0.0,0.0,0.0,0.03,0.77,0.77,0.0,0.0,0.76
2004-09-27,0.0,0.76,25.5,32.3,19.5,34.3,0.0,0.0,0.0,0.0,0.0,0.03,0.77,0.77,0.0,0.0,0.76
2004-09-28,0.0,0.76,26.0,33.4,19.9,31.3,0.0,0.0,0.0,0.0,0.0,0.03,0.76,0.77,0.0,0.0,0.75
2004-09-29,0.0,0.75,26.5,33.7,19.3,32.0,0.0,0.0,0.0,0.0,0.0,0.02,0.76,0.76,0.0,0.0,0.74
2004-10-01,0.0,0.74,21.8,26.1,17.9,56.3,0.0,0.0,0.0,0.0,0.0,0.02,0.74,0.75,0.0,0.0,0.73
2004-10-02,0.0,0.73,22.2,29.9,18.8,67.8,0.0,0.0,0.0,0.0,0.0,0.02,0.74,0.74,0.0,0.0,0.73
2004-10-03,0.0,0.73,21.3,30.2,17.5,71.8,0.0,0.0,0.0,0.0,0.0,0.02,0.73,0.74,0.0,0.0,0.89
2004-10-04,42.7,0.89,18.1,20.1,16.5,88.0,42.7,42.7,42.7,42.7,0.0,0.01,0.73,0.73,0.0,0.0,0.89
2004-10-05,2.6,0.89,22.8,28.9,17.3,59.3,45.3,45.3,45.3,45.3,36.3,38.44,0.89,0.73,42.7,0.0,0.85
2004-10-06,0.0,0.85,21.5,28.8,17.7,60.0,45.3,45.3,45.3,45.3,33.06,36.94,0.89,0.89,2.6,42.7,0.8
2004-10-07,0.0,0.8,19.2,26.1,15.3,65.0,2.6,45.3,45.3,45.3,28.1,33.24,0.85,0.89,0.0,2.6,0.77
2004-10-08,0.0,0.77,21.0,28.7,13.5,42.8,0.0,45.3,45.3,45.3,23.89,29.92,0.8,0.85,0.0,0.0,0.76
2004-10-09,0.0,0.76,23.8,31.8,17.3,47.8,0.0,45.3,45.3,45.3,20.3,26.93,0.77,0.8,0.0,0.0,0.74
2004-10-10,0.0,0.74,25.5,32.2,19.5,48.5,0.0,45.3,45.3,45.3,17.26,24.24,0.76,0.77,0.0,0.0,0.73
2004-10-11,0.0,0.73,22.2,26.3,20.4,78.5,0.0,2.6,45.3,45.3,14.67,21.81,0.74,0.76,0.0,0.0,0.73
2004-10-12,3.1,0.73,22.1,25.6,19.1,70.8,3.1,3.1,48.4,48.4,12.47,19.63,0.73,0.74,0.0,0.0,0.73
2004-10-13,0.0,0.73,23.1,26.8,19.7,64.5,3.1,3.1,48.4,48.4,13.23,20.46,0.73,0.73,3.1,0.0,0.72
2004-10-14,0.0,0.72,25.0,31.1,20.6,56.5,3.1,3.1,48.4,48.4,11.25,18.41,0.73,0.73,0.0,3.1,0.71
2004-10-15,0.0,0.71,24.2,28.4,21.3,59.5,0.0,3.1,48.4,48.4,9.56,16.57,0.72,0.73,0.0,0.0,0.7
2004-10-16,0.0,0.7,23.8,29.2,20.5,48.5,0.0,3.1,48.4,48.4,8.13,14.91,0.71,0.72,0.0,0.0,0.69
2004-10-17,0.0,0.69,24.4,30.3,19.7,55.5,0.0,3.1,48.4,48.4,6.91,13.42,0.7,0.71,0.0,0.0,0.69
2004-10-18,0.0,0.69,25.7,31.6,21.8,44.0,0.0,3.1,5.7,48.4,5.87,12.08,0.69,0.7,0.0,0.0,0.69
2004-10-19,0.0,0.69,25.7,31.1,21.0,43.0,0.0,0.0,3.1,48.4,4.99,10.87,0.69,0.69,0.0,0.0,0.69
2004-10-20,0.0,0.69,22.5,29.0,19.7,61.5,0.0,0.0,3.1,48.4,4.24,9.78,0.69,0.69,0.0,0.0,0.68
2004-10-21,0.0,0.68,20.1,26.0,17.4,72.8,0.0,0.0,3.1,48.4,3.61,8.81,0.69,0.69,0.0,0.0,0.68
2004-10-22,0.0,0.68,20.7,25.9,17.0,59.3,0.0,0.0,3.1,48.4,3.07,7.93,0.68,0.69,0.0,0.0,0.67
2004-10-23,0.0,0.67,21.6,26.8,17.3,51.0,0.0,0.0,3.1,48.4,2.61,7.13,0.68,0.68,0.0,0.0,0.66
2004-10-24,0.0,0.66,24.1,30.9,18.7,51.0,0.0,0.0,3.1,48.4,2.21,6.42,0.67,0.68,0.0,0.0,0.66
2004-10-25,0.0,0.66,23.6,30.4,20.3,66.0,0.0,0.0,3.1,48.4,1.88,5.78,0.66,0.67,0.0,0.0,1.06
2004-10-26,7.9,1.06,23.6,28.5,19.7,68.8,7.9,7.9,7.9,56.3,1.6,5.2,0.66,0.66,0.0,0.0,1.17
2004-10-27,1.8,1.17,25.2,30.4,20.3,55.3,9.7,9.7,9.7,58.1,8.08,11.79,1.06,0.66,7.9,0.0,0.91
2004-10-28,0.0,0.91,21.8,28.5,19.8,64.8,9.7,9.7,9.7,58.1,8.39,12.23,1.17,1.06,1.8,7.9,0.78
2004-10-29,0.0,0.78,21.0,25.5,17.9,64.8,1.8,9.7,9.7,58.1,7.13,11.01,0.91,1.17,0.0,1.8,0.73
2004-10-30,0.0,0.73,23.7,29.9,18.1,52.0,0.0,9.7,9.7,58.1,6.06,9.91,0.78,0.91,0.0,0.0,0.7
2004-10-31,0.0,0.7,26.4,32.8,19.7,45.0,0.0,9.7,9.7,58.1,5.15,8.92,0.73,0.78,0.0,0.0,0.68
2004-11-01,0.0,0.68,23.5,31.9,19.3,69.8,0.0,9.7,9.7,58.1,4.38,8.02,0.7,0.73,0.0,0.0,0.66
2004-11-02,9.3,0.66,23.6,29.5,19.1,55.5,9.3,11.1,19.0,67.4,3.72,7.22,0.68,0.7,0.0,0.0,0.66
2004-11-03,0.1,0.66,23.7,28.6,19.1,48.8,9.4,9.4,19.1,24.8,11.07,14.87,0.66,0.68,9.3,0.0,0.65
2004-11-04,0.0,0.65,25.0,31.5,19.4,53.0,9.4,9.4,19.1,22.2,9.5,13.47,0.66,0.66,0.1,9.3,0.64
2004-11-05,0.0,0.64,26.4,32.3,21.5,49.8,0.1,9.4,19.1,22.2,8.07,12.13,0.65,0.66,0.0,0.1,0.63
2004-11-06,0.0,0.63,25.1,33.1,21.3,58.5,0.0,9.4,19.1,22.2,6.86,10.91,0.64,0.65,0.0,0.0,0.94
2004-11-07,6.3,0.94,22.9,27.8,19.6,66.8,6.3,15.7,25.4,28.5,5.83,9.82,0.63,0.64,0.0,0.0,0.87
2004-11-08,0.1,0.87,20.6,24.1,17.5,69.3,6.4,15.8,25.5,28.6,10.31,14.51,0.94,0.63,6.3,0.0,0.75
2004-11-09,0.0,0.75,22.7,27.9,17.7,54.8,6.4,6.5,17.6,28.6,8.85,13.15,0.87,0.94,0.1,6.3,0.69
2004-11-10,0.0,0.69,24.4,30.4,19.3,52.3,0.1,6.4,15.8,28.6,7.52,11.83,0.75,0.87,0.0,0.1,0.66
2004-11-11,0.0,0.66,26.5,32.2,20.1,41.3,0.0,6.4,15.8,25.5,6.39,10.65,0.69,0.75,0.0,0.0,0.65
2004-11-12,0.0,0.65,23.8,30.4,21.3,69.8,0.0,6.4,15.8,25.5,5.43,9.59,0.66,0.69,0.0,0.0,0.63
2004-11-13,13.2,0.63,25.5,32.3,19.7,44.8,13.2,19.6,29.0,38.7,4.62,8.63,0.65,0.66,0.0,0.0,0.66
2004-11-14,0.0,0.66,22.6,27.7,19.7,63.5,13.2,13.3,29.0,38.7,15.15,19.64,0.63,0.65,13.2,0.0,0.64
2004-11-15,0.0,0.64,21.6,26.8,19.3,67.5,13.2,13.2,29.0,38.7,12.87,17.68,0.66,0.63,0.0,13.2,0.64
2004-11-16,0.0,0.64,21.8,25.1,19.2,72.8,0.0,13.2,19.7,38.7,10.94,15.91,0.64,0.66,0.0,0.0,0.96
2004-11-17,3.3,0.96,23.1,27.8,19.5,79.3,3.3,16.5,22.9,42.0,9.3,14.32,0.64,0.64,0.0,0.0,1.56
2004-11-18,24.3,1.56,22.7,28.1,18.7,83.0,27.6,40.8,47.2,66.3,10.71,15.86,0.96,0.64,3.3,0.0,2.29
2004-11-19,2.4,2.29,22.2,26.7,19.7,87.5,30.0,43.2,49.6,68.7,29.76,36.14,1.56,0.96,24.3,3.3,2.59
2004-11-20,2.6,2.59,23.0,28.4,18.3,65.3,29.3,32.6,52.2,71.3,27.34,34.69,2.29,1.56,2.4,24.3,2.21
2004-11-21,0.0,2.21,21.0,26.0,18.3,71.8,5.0,32.6,45.9,71.3,25.45,33.56,2.59,2.29,2.6,2.4,1.45
2004-11-22,0.0,1.45,21.4,26.2,18.5,63.5,2.6,32.6,45.8,71.3,21.63,30.2,2.21,2.59,0.0,2.6,1.01
2004-11-23,0.0,1.01,22.1,28.4,17.4,52.8,0.0,32.6,45.8,71.3,18.38,27.18,1.45,2.21,0.0,0.0,0.8
2004-11-24,0.0,0.8,21.9,27.4,17.5,60.0,0.0,29.3,45.8,71.3,15.63,24.46,1.01,1.45,0.0,0.0,0.72
2004-11-25,0.0,0.72,24.1,30.4,18.8,51.0,0.0,5.0,45.8,63.4,13.28,22.02,0.8,1.01,0.0,0.0,0.69
2004-11-26,0.0,0.69,24.8,30.6,19.9,50.0,0.0,2.6,45.8,61.6,11.29,19.82,0.72,0.8,0.0,0.0,0.66
2004-11-27,0.0,0.66,25.2,31.4,20.3,50.5,0.0,0.0,32.6,61.6,9.6,17.83,0.69,0.72,0.0,0.0,0.66
2004-11-28,3.8,0.66,23.9,28.6,21.0,69.8,3.8,3.8,36.4,65.4,8.16,16.05,0.66,0.69,0.0,0.0,1.86
2004-11-29,30.3,1.86,21.3,26.3,18.9,86.0,34.1,34.1,66.7,95.7,10.16,17.87,0.66,0.66,3.8,0.0,4.25
2004-11-30,12.8,4.25,20.7,23.7,19.3,88.0,46.9,46.9,79.5,108.5,34.39,43.35,1.86,0.66,30.3,3.8,5.59
2004-12-01,22.8,5.59,21.2,24.5,18.3,72.8,65.9,69.7,99.0,131.3,40.12,50.53,4.25,1.86,12.8,30.3,4.89
2004-12-02,0.1,4.89,19.6,22.1,17.9,76.0,35.7,69.8,74.8,122.1,53.48,66.0,5.59,4.25,22.8,12.8,3.79
2004-12-03,0.0,3.79,20.3,23.8,17.9,75.8,22.9,69.8,72.4,122.0,45.54,59.49,4.89,5.59,0.1,22.8,2.94
2004-12-04,0.0,2.94,24.2,30.4,17.9,61.5,0.1,69.8,69.8,122.0,38.71,53.54,3.79,4.89,0.0,0.1,2.13
2004-12-05,0.0,2.13,24.1,32.6,20.3,69.8,0.0,66.0,69.8,122.0,32.9,48.19,2.94,3.79,0.0,0.0,2.11
2004-12-06,2.5,2.11,23.4,31.6,19.1,70.0,2.5,38.2,72.3,124.5,27.97,43.37,2.13,2.94,0.0,0.0,2.37
2004-12-07,9.8,2.37,23.7,30.1,19.1,68.5,12.3,35.2,82.1,128.0,25.9,41.28,2.11,2.13,2.5,0.0,2.42
2004-12-08,17.2,2.42,23.6,29.1,18.7,65.8,29.5,29.6,99.3,145.1,30.34,45.97,2.37,2.11,9.8,2.5,2.01
2004-12-09,0.8,2.01,23.4,29.4,19.5,73.8,27.8,30.3,100.1,145.9,40.41,56.86,2.42,2.37,17.2,9.8,1.99
2004-12-10,39.1,1.99,23.4,29.4,20.7,75.3,57.1,69.4,139.2,185.0,35.03,51.89,2.01,2.42,0.8,17.2,3.32
2004-12-11,5.9,3.32,20.9,23.7,19.0,86.3,45.8,75.3,145.1,190.9,63.01,81.89,1.99,2.01,39.1,0.8,5.1
2004-12-12,15.8,5.1,19.8,22.3,18.4,91.0,60.8,91.1,157.1,206.7,58.57,79.01,3.32,1.99,5.9,39.1,5.58
2004-12-13,31.4,5.58,23.0,28.6,18.3,66.5,53.1,120.0,158.2,224.9,63.22,85.33,5.1,3.32,15.8,5.9,5.47
2004-12-14,0.0,5.47,23.4,29.6,18.5,67.8,47.2,110.2,145.4,224.9,80.43,105.06,5.58,5.1,31.4,15.8,4.86
2004-12-15,44.3,4.86,23.1,27.9,18.5,67.8,75.7,137.3,166.9,269.2,68.36,94.55,5.47,5.58,0.0,31.4,3.89
2004-12-16,0.1,3.89,23.9,30.3,19.7,62.5,44.4,136.6,166.9,269.3,95.76,124.97,4.86,5.47,44.3,0.0,3.62
2004-12-17,0.0,3.62,24.6,30.6,20.1,64.8,44.4,97.5,166.9,266.0,81.48,112.56,3.89,4.86,0.1,44.3,4.13
2004-12-18,2.1,4.13,23.9,29.4,20.0,69.0,2.2,93.7,169.0,243.8,69.26,101.3,3.62,3.89,0.0,0.1,5.68
2004-12-19,28.0,5.68,21.9,24.1,19.6,87.0,30.1,105.9,197.0,269.4,60.66,93.06,4.13,3.62,2.1,0.0,6.31
2004-12-20,2.4,6.31,22.5,25.7,20.5,88.0,32.5,76.9,196.9,269.2,75.36,108.96,5.68,4.13,28.0,2.1,6.96
2004-12-21,26.5,6.96,21.4,25.8,18.8,91.8,56.9,103.4,213.6,295.7,66.09,100.22,6.31,5.68,2.4,28.0,9.33
2004-12-22,53.8,9.33,20.1,23.7,18.1,83.0,82.7,112.9,250.2,349.5,78.71,114.05,6.96,6.31,26.5,2.4,11.05
2004-12-23,25.0,11.05,20.3,23.5,17.7,88.8,105.3,137.8,274.4,374.5,112.63,151.06,9.33,6.96,53.8,26.5,12.61
2004-12-24,24.3,12.61,20.4,22.8,18.5,90.5,103.1,162.1,259.6,398.8,116.98,158.46,11.05,9.33,25.0,53.8,12.77
2004-12-25,23.8,12.77,23.0,28.7,17.9,70.0,73.1,183.8,277.5,422.6,120.09,164.48,12.61,11.05,24.3,25.0,11.62
2004-12-26,0.1,11.62,26.3,32.5,20.0,58.3,48.2,155.9,261.8,422.7,122.31,169.45,12.77,12.61,23.8,24.3,9.59
2004-12-27,0.0,9.59,24.8,30.0,19.9,61.3,23.9,153.5,230.4,422.7,104.05,152.6,11.62,12.77,0.1,23.8,8.2
2004-12-28,0.0,8.2,22.9,31.6,19.0,73.3,0.1,127.0,230.4,418.9,88.44,137.34,9.59,11.62,0.0,0.1,8.25
2004-12-29,13.2,8.25,22.9,28.6,19.1,77.0,13.2,86.4,199.3,401.8,75.17,123.6,8.2,9.59,0.0,0.0,9.84
2004-12-30,9.4,9.84,24.5,29.8,21.2,70.5,22.6,70.8,208.6,398.4,75.12,123.12,8.25,8.2,13.2,0.0,9.19
2004-12-31,2.1,9.19,23.7,28.6,20.9,73.0,24.7,48.6,210.7,377.7,71.84,119.27,9.84,8.25,9.4,13.2,9.26
2005-01-01,8.9,9.26,24.3,30.8,19.9,57.5,20.4,33.7,217.5,386.5,62.85,109.23,9.19,9.84,2.1,9.4,10.14
2005-01-02,1.1,10.14,21.6,25.6,19.5,72.0,12.1,34.7,190.6,387.6,60.99,106.32,9.26,9.19,8.9,2.1,8.73
2005-01-03,0.0,8.73,22.7,28.4,19.1,64.8,10.0,34.7,188.2,387.6,52.77,96.68,10.14,9.26,1.1,8.9,7.97
2005-01-04,0.0,7.97,22.0,26.4,20.1,76.3,1.1,34.7,161.7,387.6,44.86,87.01,8.73,10.14,0.0,1.1,8.14
2005-01-05,9.3,8.14,21.5,26.9,18.4,81.5,9.3,30.8,117.2,394.4,38.13,78.31,7.97,8.73,0.0,0.0,7.39
2005-01-06,34.9,7.39,22.3,25.9,18.5,78.3,44.2,56.3,127.1,419.5,40.31,78.85,8.14,7.97,9.3,0.0,6.23
2005-01-07,0.0,6.23,23.2,28.4,20.5,77.0,44.2,54.2,102.8,402.3,63.93,102.37,7.39,8.14,34.9,9.3,5.25
2005-01-08,5.4,5.25,23.0,27.8,19.7,82.0,40.3,50.7,84.4,406.9,54.34,92.14,6.23,7.39,0.0,34.9,5.11
2005-01-09,4.6,5.11,25.6,31.5,19.9,61.5,10.0,54.2,88.9,372.4,50.78,87.78,5.25,6.23,5.4,0.0,4.3
2005-01-10,0.0,4.3,25.5,30.8,20.5,62.3,10.0,54.2,88.9,366.5,47.07,83.14,5.11,5.25,4.6,5.4,3.65
2005-01-11,0.0,3.65,26.2,30.8,22.5,62.8,4.6,54.2,88.9,350.7,40.01,74.83,4.3,5.11,0.0,4.6,4.96
2005-01-12,12.3,4.96,21.7,26.6,19.9,85.5,12.3,57.2,88.0,331.6,34.01,67.35,3.65,4.3,0.0,0.0,6.87
2005-01-13,26.0,6.87,24.3,31.2,19.5,65.8,38.3,48.3,104.6,357.6,39.36,71.68,4.96,3.65,12.3,0.0,7.07
2005-01-14,0.0,7.07,24.0,29.8,19.7,65.5,38.3,48.3,102.5,313.3,55.56,87.91,6.87,4.96,26.0,12.3,5.97
2005-01-15,0.0,5.97,25.6,28.3,21.4,59.0,26.0,42.9,93.6,313.2,47.23,79.12,7.07,6.87,0.0,26.0,5.17
2005-01-16,2.1,5.17,25.6,30.2,22.1,74.0,2.1,40.4,94.6,315.3,40.14,71.21,5.97,7.07,0.0,0.0,6.06
2005-01-17,15.8,6.06,22.6,26.0,19.9,84.3,17.9,56.2,110.4,329.0,35.91,65.98,5.17,5.97,2.1,0.0,8.1
2005-01-18,4.3,8.1,23.0,28.6,20.6,88.5,22.2,60.5,114.7,305.3,43.95,73.6,6.06,5.17,15.8,2.1,9.35
2005-01-19,45.0,9.35,20.7,23.1,19.9,93.3,65.1,93.2,150.4,347.9,41.01,70.11,8.1,6.06,4.3,15.8,9.07
2005-01-20,12.8,9.07,24.5,29.0,18.9,72.8,62.1,80.0,128.3,334.2,73.11,103.6,9.35,8.1,45.0,4.3,7.49
2005-01-21,0.2,7.49,22.5,27.2,18.8,77.5,58.0,80.2,128.5,280.6,73.02,104.76,9.07,9.35,12.8,45.0,6.13
2005-01-22,2.1,6.13,24.9,31.4,19.7,68.5,15.1,82.3,125.2,257.7,62.24,94.46,7.49,9.07,0.2,12.8,5.65
2005-01-23,4.0,5.65,26.5,32.5,19.9,58.5,6.3,84.2,124.6,237.4,54.69,86.91,6.13,7.49,2.1,0.2,5.68
2005-01-24,0.0,5.68,26.3,30.4,22.1,64.8,6.1,68.4,124.6,213.6,49.89,81.82,5.65,6.13,4.0,2.1,5.03
2005-01-25,1.3,5.03,24.9,31.6,20.1,67.3,5.3,65.4,125.9,214.8,42.4,73.64,5.68,5.65,0.0,4.0,4.6
2005-01-26,4.9,4.6,24.2,29.4,21.9,76.0,6.2,25.3,118.5,219.7,37.15,67.44,5.03,5.68,1.3,0.0,5.73
2005-01-27,10.5,5.73,21.4,23.9,19.6,84.8,16.7,23.0,103.0,230.2,35.74,65.11,4.6,5.03,4.9,1.3,4.94
2005-01-28,4.8,4.94,22.7,27.4,19.7,75.0,20.2,27.6,107.8,221.8,39.3,68.05,5.73,4.6,10.5,4.9,4.52
2005-01-29,5.9,4.52,21.8,26.0,19.6,82.8,21.2,31.4,113.7,218.3,37.49,65.56,4.94,5.73,4.8,10.5,4.28
2005-01-30,1.2,4.28,22.1,26.0,20.1,78.3,11.9,28.6,112.8,217.4,36.88,64.32,4.52,4.94,5.9,4.8,4.05
2005-01-31,6.1,4.05,23.6,28.2,19.7,70.5,13.2,34.7,103.1,214.6,32.37,58.96,4.28,4.52,1.2,5.9,6.33
2005-02-01,1.1,6.33,21.1,25.6,19.6,80.5,8.4,34.5,99.9,214.6,32.7,58.56,4.05,4.28,6.1,1.2,6.5
2005-02-02,10.3,6.5,19.8,22.4,17.5,90.0,17.5,39.9,65.2,224.9,28.73,53.69,6.33,4.05,1.1,6.1,6.19
2005-02-03,5.9,6.19,23.2,29.8,18.6,74.8,17.3,35.3,58.3,230.8,33.17,57.59,6.5,6.33,10.3,1.1,6.03
2005-02-04,0.2,6.03,25.7,32.2,20.5,56.8,16.4,30.7,58.3,221.7,33.21,57.14,6.19,6.5,5.9,10.3,5.17
2005-02-05,0.0,5.17,22.7,27.3,20.6,82.5,6.1,24.8,56.2,186.8,28.4,51.61,6.03,6.19,0.2,5.9,5.5
2005-02-06,8.3,5.5,23.4,29.6,19.8,76.5,8.5,31.9,60.5,195.1,24.14,46.45,5.17,6.03,0.0,0.2,4.89
2005-02-07,6.2,4.89,20.7,25.8,15.9,59.0,14.5,32.0,66.7,195.9,27.57,49.27,5.5,5.17,8.3,0.0,3.76
2005-02-08,0.0,3.76,20.7,25.9,16.4,57.3,14.5,30.9,65.4,191.3,28.71,49.93,4.89,5.5,6.2,8.3,2.78
2005-02-09,0.0,2.78,20.7,25.1,16.1,59.0,6.2,20.6,60.5,191.3,24.4,44.93,3.76,4.89,0.0,6.2,2.05
2005-02-10,0.0,2.05,20.8,26.7,15.8,64.8,0.0,14.7,50.0,191.3,20.74,40.44,2.78,3.76,0.0,0.0,1.67
2005-02-11,0.0,1.67,24.2,28.9,17.3,54.0,0.0,14.5,45.2,179.0,17.63,36.4,2.05,2.78,0.0,0.0,1.69
2005-02-12,0.8,1.69,24.4,29.4,20.9,68.0,0.8,15.3,40.1,153.8,14.99,32.76,1.67,2.05,0.0,0.0,2.73
2005-02-13,0.0,2.73,23.9,30.8,20.6,65.5,0.8,7.0,38.9,153.8,13.42,30.2,1.69,1.67,0.8,0.0,3.06
2005-02-14,0.0,3.06,24.8,30.5,19.5,53.8,0.8,0.8,32.8,153.8,11.41,27.18,2.73,1.69,0.0,0.8,2.39
2005-02-15,0.0,2.39,25.2,30.2,20.5,61.0,0.0,0.8,31.7,151.7,9.69,24.46,3.06,2.73,0.0,0.0,1.86
2005-02-16,0.0,1.86,24.3,28.5,21.1,66.8,0.0,0.8,21.4,135.9,8.24,22.02,2.39,3.06,0.0,0.0,1.75
2005-02-17,0.0,1.75,24.3,30.5,21.3,74.3,0.0,0.8,15.5,131.6,7.0,19.81,1.86,2.39,0.0,0.0,2.62
2005-02-18,28.9,2.62,23.5,29.8,20.3,78.0,28.9,29.7,44.2,115.5,5.95,17.83,1.75,1.86,0.0,0.0,4.5
2005-02-19,29.5,4.5,22.1,28.2,19.1,83.8,58.4,58.4,73.7,132.2,29.63,42.06,2.62,1.75,28.9,0.0,5.93
2005-02-20,73.1,5.93,24.3,30.7,18.6,61.0,131.5,131.5,138.5,205.1,50.26,64.4,4.5,2.62,29.5,28.9,5.22
2005-02-21,0.1,5.22,23.5,28.6,19.1,60.0,102.7,131.6,132.4,203.1,104.85,123.75,5.93,4.5,73.1,29.5,4.04
2005-02-22,0.0,4.04,24.3,30.3,19.7,60.5,73.2,131.6,132.4,199.1,89.21,111.47,5.22,5.93,0.1,73.1,3.03
2005-02-23,0.0,3.03,25.7,31.6,19.5,60.0,0.1,131.6,132.4,199.1,75.83,100.32,4.04,5.22,0.0,0.1,2.31
2005-02-24,0.0,2.31,25.6,30.6,21.1,63.8,0.0,131.6,132.4,197.8,64.45,90.29,3.03,4.04,0.0,0.0,1.84
2005-02-25,0.0,1.84,25.3,31.5,21.7,61.8,0.0,102.7,132.4,192.9,54.79,81.26,2.31,3.03,0.0,0.0,1.59
2005-02-26,23.2,1.59,23.4,29.0,19.3,79.0,23.2,96.4,154.8,205.6,46.57,73.13,1.84,2.31,0.0,0.0,1.72
2005-02-27,3.3,1.72,24.0,31.2,20.0,71.0,26.5,26.6,158.1,204.1,59.3,86.7,1.59,1.84,23.2,0.0,1.78
2005-02-28,1.1,1.78,24.5,29.8,20.9,78.0,27.6,27.6,159.2,199.3,53.21,81.0,1.72,1.59,3.3,23.2,2.53
2005-03-01,3.5,2.53,23.5,28.7,21.0,77.0,7.9,31.1,162.7,201.6,46.17,73.89,1.78,1.72,1.1,3.3,5.9
2005-03-02,26.1,5.9,19.7,23.1,18.3,89.0,30.7,57.2,188.8,221.6,42.22,69.65,2.53,1.78,3.5,1.1,8.38
2005-03-03,50.6,8.38,18.6,19.9,17.5,94.0,80.2,107.8,239.4,271.1,58.07,86.18,5.9,2.53,26.1,3.5,13.39
2005-03-04,43.8,13.39,19.6,22.7,17.9,92.8,120.5,151.6,254.3,304.6,92.37,123.1,8.38,5.9,50.6,26.1,15.0
2005-03-05,74.6,15.0,20.4,24.1,17.9,90.0,169.0,203.0,299.4,373.3,115.74,150.21,13.39,8.38,43.8,50.6,14.1
2005-03-06,0.7,14.1,23.7,29.6,18.7,74.3,119.1,200.4,227.0,373.8,161.79,202.33,15.0,13.39,74.6,43.8,11.94
2005-03-07,0.0,11.94,23.9,30.9,20.3,70.8,75.3,199.3,226.9,373.8,138.12,182.73,14.1,15.0,0.7,74.6,10.19
2005-03-08,0.8,10.19,24.5,28.8,20.7,71.0,1.5,196.6,227.7,366.3,117.4,164.45,11.94,14.1,0.0,0.7,9.28
2005-03-09,0.2,9.28,24.4,30.4,19.7,77.0,1.0,170.7,227.9,360.3,100.47,148.73,10.19,11.94,0.8,0.0,8.89
2005-03-10,4.8,8.89,24.4,30.3,21.3,77.3,5.8,124.9,232.7,365.1,85.57,134.03,9.28,10.19,0.2,0.8,7.65
2005-03-11,0.5,7.65,23.2,28.4,20.6,81.8,5.5,81.6,233.2,365.6,76.81,124.95,8.89,9.28,4.8,0.2,7.18
2005-03-12,5.7,7.18,25.4,31.0,19.9,68.5,11.0,12.7,215.7,371.3,65.72,112.91,7.65,8.89,0.5,4.8,6.1
2005-03-13,0.0,6.1,25.8,31.8,21.6,62.3,6.2,12.0,212.4,371.3,60.7,106.75,7.18,7.65,5.7,0.5,4.87
2005-03-14,0.0,4.87,25.2,30.2,21.5,68.8,5.7,12.0,211.3,370.5,51.6,96.07,6.1,7.18,0.0,5.7,4.31
2005-03-15,0.0,4.31,23.3,29.0,20.1,80.3,0.0,11.2,207.8,370.5,43.86,86.46,4.87,6.1,0.0,0.0,4.75
2005-03-16,19.8,4.75,23.2,29.8,19.5,77.5,19.8,30.8,201.5,390.3,37.28,77.82,4.31,4.87,0.0,0.0,4.35
2005-03-17,0.5,4.35,23.7,29.1,20.7,77.0,20.3,26.5,151.4,390.8,48.52,87.86,4.75,4.31,19.8,0.0,4.53
2005-03-18,0.0,4.53,22.8,29.4,19.3,80.8,20.3,26.0,107.6,390.8,41.67,79.52,4.35,4.75,0.5,19.8,4.66
2005-03-19,45.9,4.66,23.6,28.7,19.4,81.8,46.4,66.2,78.9,436.7,35.42,71.57,4.53,4.35,0.0,0.5,5.31
2005-03-20,37.8,5.31,22.1,25.9,19.4,82.3,83.7,104.0,116.0,445.6,69.12,105.72,4.66,4.53,45.9,0.0,6.31
2005-03-21,7.9,6.31,23.9,27.7,20.0,78.5,91.6,111.9,123.9,424.0,90.88,129.17,5.31,4.66,37.8,45.9,5.87
2005-03-22,0.0,5.87,24.6,29.8,21.2,72.8,45.7,111.9,123.1,350.9,83.96,123.36,6.31,5.31,7.9,37.8,4.75
2005-03-23,0.0,4.75,24.5,29.6,20.8,73.0,7.9,92.1,122.9,350.8,71.37,111.03,5.87,6.31,0.0,7.9,3.69
2005-03-24,0.0,3.69,25.1,31.0,19.7,75.3,0.0,91.6,118.1,350.8,60.66,99.92,4.75,5.87,0.0,0.0,2.97
2005-03-25,0.0,2.97,22.7,26.7,20.9,85.0,0.0,91.6,117.6,350.8,51.56,89.93,3.69,4.75,0.0,0.0,3.97
2005-03-26,15.9,3.97,21.9,25.9,18.9,80.5,15.9,61.6,127.8,366.7,43.83,80.94,2.97,3.69,0.0,0.0,7.24
2005-03-27,2.1,7.24,22.3,26.4,19.7,86.3,18.0,25.9,129.9,368.8,50.77,87.15,3.97,2.97,15.9,0.0,6.38
2005-03-28,0.0,6.38,22.4,27.4,19.5,74.0,18.0,18.0,129.9,345.6,44.94,80.33,7.24,3.97,2.1,15.9,5.34
2005-03-29,0.0,5.34,22.6,27.0,19.5,71.5,2.1,18.0,129.9,342.3,38.2,72.3,6.38,7.24,0.0,2.1,4.37
2005-03-30,0.0,4.37,23.3,29.2,19.5,72.3,0.0,18.0,110.1,341.2,32.47,65.07,5.34,6.38,0.0,0.0,3.5
2005-03-31,3.9,3.5,23.8,30.0,20.1,71.3,3.9,21.9,113.5,341.6,27.6,58.56,4.37,5.34,0.0,0.0,2.85
2005-04-01,0.0,2.85,23.6,28.3,20.2,72.5,3.9,21.9,113.5,315.5,26.77,56.21,3.5,4.37,3.9,0.0,2.34
2005-04-02,0.0,2.34,23.3,27.8,20.1,77.5,3.9,6.0,67.6,264.9,22.76,50.59,2.85,3.5,0.0,3.9,1.97
2005-04-03,0.0,1.97,24.2,30.2,19.9,69.0,0.0,3.9,29.8,221.1,19.34,45.53,2.34,2.85,0.0,0.0,1.69
2005-04-04,0.0,1.69,24.9,30.7,19.5,67.8,0.0,3.9,21.9,146.5,16.44,40.98,1.97,2.34,0.0,0.0,1.5
2005-04-05,0.0,1.5,25.6,30.6,21.1,69.0,0.0,3.9,21.9,145.8,13.98,36.88,1.69,1.97,0.0,0.0,1.44
2005-04-06,0.0,1.44,24.9,29.2,21.7,70.0,0.0,3.9,21.9,145.8,11.88,33.19,1.5,1.69,0.0,0.0,1.44
2005-04-07,0.0,1.44,24.1,28.7,21.5,74.3,0.0,0.0,21.9,145.0,10.1,29.87,1.44,1.5,0.0,0.0,1.4
2005-04-08,0.0,1.4,24.8,29.4,21.1,73.8,0.0,0.0,21.9,144.8,8.58,26.89,1.44,1.44,0.0,0.0,1.4
2005-04-09,0.0,1.4,24.7,30.0,20.3,67.8,0.0,0.0,6.0,140.0,7.3,24.2,1.4,1.44,0.0,0.0,1.4
2005-04-10,0.0,1.4,24.2,29.0,20.9,70.0,0.0,0.0,3.9,139.5,6.2,21.78,1.4,1.4,0.0,0.0,1.4
2005-04-11,0.0,1.4,23.8,28.4,20.5,70.8,0.0,0.0,3.9,133.8,5.27,19.6,1.4,1.4,0.0,0.0,1.38
2005-04-12,0.0,1.38,24.1,29.3,20.1,68.8,0.0,0.0,3.9,133.8,4.48,17.64,1.4,1.4,0.0,0.0,1.38
2005-04-13,0.0,1.38,24.0,29.3,20.0,67.0,0.0,0.0,3.9,133.8,3.81,15.88,1.38,1.4,0.0,0.0,1.38
2005-04-14,0.0,1.38,23.7,28.9,20.9,69.0,0.0,0.0,0.0,133.8,3.24,14.29,1.38,1.38,0.0,0.0,1.38
2005-04-15,0.0,1.38,23.8,28.4,20.1,71.0,0.0,0.0,0.0,114.0,2.75,12.86,1.38,1.38,0.0,0.0,1.38
2005-04-16,0.0,1.38,23.9,29.0,19.9,67.3,0.0,0.0,0.0,113.5,2.34,11.57,1.38,1.38,0.0,0.0,1.34
2005-04-17,0.0,1.34,23.3,28.8,19.5,97.8,0.0,0.0,0.0,113.5,1.99,10.42,1.38,1.38,0.0,0.0,1.34
2005-04-18,0.9,1.34,23.6,28.1,19.3,67.3,0.9,0.9,0.9,68.5,1.69,9.37,1.34,1.38,0.0,0.0,1.34
2005-04-19,0.0,1.34,23.0,26.8,19.7,70.3,0.9,0.9,0.9,30.7,2.2,9.25,1.34,1.34,0.9,0.0,1.34
2005-04-20,0.0,1.34,23.5,28.4,19.2,75.3,0.9,0.9,0.9,22.8,1.87,8.32,1.34,1.34,0.0,0.9,1.44
2005-04-21,0.0,1.44,24.3,30.3,19.5,72.8,0.0,0.9,0.9,22.8,1.59,7.49,1.34,1.34,0.0,0.0,1.88
2005-04-22,8.2,1.88,23.7,30.7,18.9,74.5,8.2,9.1,9.1,31.0,1.35,6.74,1.44,1.34,0.0,0.0,2.6
2005-04-23,0.0,2.6,23.5,28.0,19.9,76.5,8.2,9.1,9.1,31.0,8.12,13.45,1.88,1.44,8.2,0.0,2.25
2005-04-24,2.2,2.25,23.8,28.9,19.5,72.0,10.4,11.3,11.3,33.2,6.9,12.1,2.6,1.88,0.0,8.2,1.88
2005-04-25,0.0,1.88,23.3,27.8,20.0,75.8,2.2,10.4,11.3,17.3,7.74,12.87,2.25,2.6,2.2,0.0,1.72
2005-04-26,0.0,1.72,20.6,25.7,18.1,87.0,2.2,10.4,11.3,15.2,6.58,11.59,1.88,2.25,0.0,2.2,1.81
2005-04-27,1.3,1.81,18.3,21.5,16.5,78.8,1.3,11.7,12.6,16.5,5.59,10.43,1.72,1.88,0.0,0.0,1.62
2005-04-28,0.0,1.62,19.7,23.3,16.8,82.3,1.3,11.7,12.6,16.5,5.86,10.55,1.81,1.72,1.3,0.0,1.5
2005-04-29,14.2,1.5,21.6,27.0,17.9,81.0,15.5,17.7,26.8,30.7,4.98,9.5,1.62,1.81,0.0,1.3,1.56
2005-04-30,5.0,1.56,20.8,24.9,18.3,86.5,19.2,22.7,31.8,31.8,16.3,21.33,1.5,1.62,14.2,0.0,1.78
2005-05-01,0.0,1.78,18.9,25.1,16.3,70.5,19.2,20.5,31.8,31.8,18.11,23.7,1.56,1.5,5.0,14.2,1.5
2005-05-02,0.0,1.5,18.6,24.8,14.5,72.0,5.0,20.5,30.9,31.8,15.39,21.33,1.78,1.56,0.0,5.0,1.4
2005-05-03,0.0,1.4,18.6,24.0,14.9,58.8,0.0,20.5,30.9,31.8,13.08,19.19,1.5,1.78,0.0,0.0,1.38
2005-05-04,0.0,1.38,18.7,24.5,15.1,63.0,0.0,19.2,30.9,31.8,11.12,17.27,1.4,1.5,0.0,0.0,1.38
2005-05-05,0.0,1.38,19.4,24.7,14.5,62.0,0.0,19.2,30.9,31.8,9.45,15.55,1.38,1.4,0.0,0.0,1.34
2005-05-06,0.0,1.34,19.8,25.1,15.5,66.3,0.0,5.0,22.7,31.8,8.03,13.99,1.38,1.38,0.0,0.0,1.34
2005-05-07,0.0,1.34,20.9,26.9,15.7,63.8,0.0,0.0,22.7,31.8,6.83,12.59,1.34,1.38,0.0,0.0,1.34
2005-05-08,0.0,1.34,20.8,26.6,17.0,66.0,0.0,0.0,20.5,31.8,5.8,11.33,1.34,1.34,0.0,0.0,1.31
2005-05-09,0.0,1.31,21.1,25.5,18.3,69.5,0.0,0.0,20.5,31.8,4.93,10.2,1.34,1.34,0.0,0.0,1.31
2005-05-10,0.0,1.31,21.1,24.2,18.4,70.8,0.0,0.0,20.5,31.8,4.19,9.18,1.31,1.34,0.0,0.0,1.31
2005-05-11,0.0,1.31,21.9,27.2,19.1,66.3,0.0,0.0,19.2,31.8,3.56,8.26,1.31,1.31,0.0,0.0,1.31
2005-05-12,0.0,1.31,22.3,26.8,18.2,65.5,0.0,0.0,19.2,31.8,3.03,7.44,1.31,1.31,0.0,0.0,1.28
2005-05-13,0.0,1.28,21.8,26.2,18.9,62.5,0.0,0.0,5.0,31.8,2.58,6.69,1.31,1.31,0.0,0.0,1.28
2005-05-14,0.0,1.28,21.1,25.3,18.7,67.3,0.0,0.0,0.0,31.8,2.19,6.02,1.28,1.31,0.0,0.0,1.28
2005-05-15,0.0,1.28,20.9,25.6,17.0,66.3,0.0,0.0,0.0,31.8,1.86,5.42,1.28,1.28,0.0,0.0,1.28
2005-05-16,0.0,1.28,21.5,26.0,18.7,69.0,0.0,0.0,0.0,31.8,1.58,4.88,1.28,1.28,0.0,0.0,1.25
2005-05-17,0.0,1.25,22.4,28.0,17.7,66.3,0.0,0.0,0.0,31.8,1.34,4.39,1.28,1.28,0.0,0.0,1.25
2005-05-18,0.0,1.25,22.1,27.1,18.3,65.8,0.0,0.0,0.0,30.9,1.14,3.95,1.25,1.28,0.0,0.0,1.25
2005-05-19,0.0,1.25,22.9,28.8,18.3,63.3,0.0,0.0,0.0,30.9,0.97,3.56,1.25,1.25,0.0,0.0,1.25
2005-05-20,0.0,1.25,23.5,29.4,18.5,60.8,0.0,0.0,0.0,30.9,0.83,3.2,1.25,1.25,0.0,0.0,1.25
2005-05-21,0.0,1.25,23.5,28.5,18.4,57.3,0.0,0.0,0.0,30.9,0.7,2.88,1.25,1.25,0.0,0.0,1.22
2005-05-22,0.0,1.22,22.0,25.9,19.0,67.5,0.0,0.0,0.0,22.7,0.6,2.59,1.25,1.25,0.0,0.0,1.28
2005-05-23,8.2,1.28,19.7,22.9,17.7,85.0,8.2,8.2,8.2,30.9,0.51,2.33,1.22,1.25,0.0,0.0,1.44
2005-05-24,2.3,1.44,20.4,23.5,18.3,82.0,10.5,10.5,10.5,31.0,7.4,9.48,1.28,1.22,8.2,0.0,1.47
2005-05-25,0.5,1.47,19.6,25.9,16.6,86.3,11.0,11.0,11.0,31.5,8.25,10.6,1.44,1.28,2.3,8.2,1.72
2005-05-26,18.0,1.72,18.6,22.9,15.8,79.0,20.8,29.0,29.0,49.5,7.43,9.99,1.47,1.44,0.5,2.3,2.5
2005-05-27,0.0,2.5,18.8,23.7,15.7,69.8,18.5,29.0,29.0,48.2,21.62,25.19,1.72,1.47,18.0,0.5,1.81
2005-05-28,0.0,1.81,18.3,21.3,15.7,64.3,18.0,29.0,29.0,48.2,18.38,22.67,2.5,1.72,0.0,18.0,1.4
2005-05-29,0.0,1.4,19.5,24.5,14.1,71.8,0.0,29.0,29.0,34.0,15.62,20.41,1.81,2.5,0.0,0.0,1.31
2005-05-30,0.0,1.31,19.1,22.9,16.5,75.8,0.0,20.8,29.0,29.0,13.28,18.37,1.4,1.81,0.0,0.0,1.28
2005-05-31,6.2,1.28,19.9,23.5,17.7,75.5,6.2,24.7,35.2,35.2,11.29,16.53,1.31,1.4,0.0,0.0,1.25
2005-06-01,0.0,1.25,20.0,23.3,16.7,67.8,6.2,24.2,35.2,35.2,14.86,20.46,1.28,1.31,6.2,0.0,1.25
2005-06-02,0.0,1.25,18.7,21.9,16.7,76.5,6.2,6.2,35.2,35.2,12.63,18.41,1.25,1.28,0.0,6.2,1.25
2005-06-03,0.0,1.25,19.6,24.1,15.3,73.8,0.0,6.2,35.2,35.2,10.74,16.57,1.25,1.25,0.0,0.0,1.23
2005-06-04,0.0,1.23,19.3,23.1,16.5,66.8,0.0,6.2,35.2,35.2,9.13,14.91,1.25,1.25,0.0,0.0,1.22
2005-06-05,0.0,1.22,19.6,23.9,16.5,66.5,0.0,6.2,35.2,35.2,7.76,13.42,1.23,1.25,0.0,0.0,1.22
2005-06-06,0.0,1.22,19.0,23.0,16.7,73.0,0.0,6.2,27.0,35.2,6.59,12.08,1.22,1.23,0.0,0.0,1.2
2005-06-07,0.0,1.2,18.9,23.3,16.3,72.3,0.0,0.0,24.7,35.2,5.61,10.87,1.22,1.22,0.0,0.0,1.2
2005-06-08,0.0,1.2,19.7,23.9,16.3,61.5,0.0,0.0,24.2,35.2,4.76,9.78,1.2,1.22,0.0,0.0,1.19
2005-06-09,0.0,1.19,19.4,23.8,16.9,57.3,0.0,0.0,6.2,35.2,4.05,8.81,1.2,1.2,0.0,0.0,1.19
2005-06-10,0.0,1.19,19.2,24.4,16.0,67.0,0.0,0.0,6.2,35.2,3.44,7.93,1.19,1.2,0.0,0.0,1.17
2005-06-11,0.0,1.17,19.1,23.3,16.5,65.5,0.0,0.0,6.2,35.2,2.93,7.13,1.19,1.19,0.0,0.0,1.17
2005-06-12,0.0,1.17,19.5,24.1,16.5,63.5,0.0,0.0,6.2,35.2,2.49,6.42,1.17,1.19,0.0,0.0,1.17
2005-06-13,0.0,1.17,19.9,25.0,16.5,62.0,0.0,0.0,6.2,35.2,2.11,5.78,1.17,1.17,0.0,0.0,1.16
2005-06-14,0.0,1.16,20.1,25.3,15.4,60.3,0.0,0.0,0.0,35.2,1.8,5.2,1.17,1.17,0.0,0.0,1.16
2005-06-15,0.0,1.16,20.2,23.7,17.5,65.3,0.0,0.0,0.0,35.2,1.53,4.68,1.16,1.17,0.0,0.0,1.14
2005-06-16,0.0,1.14,19.9,24.6,16.7,66.3,0.0,0.0,0.0,35.2,1.3,4.21,1.16,1.16,0.0,0.0,1.14
2005-06-17,0.0,1.14,21.0,27.0,16.0,57.8,0.0,0.0,0.0,35.2,1.1,3.79,1.14,1.16,0.0,0.0,1.14
2005-06-18,0.0,1.14,21.5,27.6,16.3,53.8,0.0,0.0,0.0,35.2,0.94,3.41,1.14,1.14,0.0,0.0,1.12
2005-06-19,11.8,1.12,19.4,24.8,16.7,72.5,11.8,11.8,11.8,47.0,0.8,3.07,1.14,1.14,0.0,0.0,1.12
2005-06-20,0.0,1.12,21.7,27.4,16.7,62.5,11.8,11.8,11.8,47.0,10.71,13.38,1.12,1.14,11.8,0.0,1.34
2005-06-21,3.9,1.34,19.3,23.9,17.3,68.5,15.7,15.7,15.7,50.9,9.1,12.04,1.12,1.12,0.0,11.8,1.7
2005-06-22,0.0,1.7,16.8,20.7,15.2,73.5,3.9,15.7,15.7,42.7,11.05,14.35,1.34,1.12,3.9,0.0,1.28
2005-06-23,0.0,1.28,16.6,20.3,14.1,69.0,3.9,15.7,15.7,40.4,9.39,12.92,1.7,1.34,0.0,3.9,1.19
2005-06-24,0.0,1.19,18.2,23.9,13.6,58.8,0.0,15.7,15.7,39.9,7.98,11.62,1.28,1.7,0.0,0.0,1.16
2005-06-25,0.0,1.16,18.2,23.3,14.2,57.8,0.0,15.7,15.7,21.9,6.79,10.46,1.19,1.28,0.0,0.0,1.14
2005-06-26,0.0,1.14,18.3,23.8,15.0,61.8,0.0,3.9,15.7,21.9,5.77,9.42,1.16,1.19,0.0,0.0,1.12
2005-06-27,0.0,1.12,19.2,24.6,14.2,64.3,0.0,3.9,15.7,21.9,4.9,8.47,1.14,1.16,0.0,0.0,1.11
2005-06-28,0.0,1.11,20.1,23.7,16.7,73.0,0.0,0.0,15.7,21.9,4.17,7.63,1.12,1.14,0.0,0.0,1.11
2005-06-29,0.0,1.11,19.8,23.7,17.3,72.0,0.0,0.0,15.7,21.9,3.54,6.86,1.11,1.12,0.0,0.0,1.09
2005-06-30,0.0,1.09,20.6,26.6,17.0,65.5,0.0,0.0,15.7,15.7,3.01,6.18,1.11,1.11,0.0,0.0,1.09
2005-07-01,0.0,1.09,21.2,26.2,16.9,62.0,0.0,0.0,15.7,15.7,2.56,5.56,1.09,1.11,0.0,0.0,1.08
2005-07-02,0.0,1.08,20.3,25.5,16.7,58.3,0.0,0.0,15.7,15.7,2.18,5.0,1.09,1.09,0.0,0.0,1.08
2005-07-03,0.0,1.08,19.9,25.7,15.4,48.3,0.0,0.0,3.9,15.7,1.85,4.5,1.08,1.09,0.0,0.0,1.06
2005-07-04,0.0,1.06,19.5,25.4,14.6,57.5,0.0,0.0,3.9,15.7,1.57,4.05,1.08,1.08,0.0,0.0,1.06
2005-07-05,0.0,1.06,19.9,26.0,14.7,51.5,0.0,0.0,0.0,15.7,1.34,3.65,1.06,1.08,0.0,0.0,1.05
2005-07-06,0.0,1.05,20.9,26.4,15.8,52.5,0.0,0.0,0.0,15.7,1.14,3.28,1.06,1.06,0.0,0.0,1.05
2005-07-07,0.0,1.05,16.4,21.3,14.0,72.5,0.0,0.0,0.0,15.7,0.97,2.95,1.05,1.06,0.0,0.0,1.05
2005-07-08,0.0,1.05,14.9,19.5,13.0,62.5,0.0,0.0,0.0,15.7,0.82,2.66,1.05,1.05,0.0,0.0,1.05
2005-07-09,0.0,1.05,14.6,20.5,11.0,51.8,0.0,0.0,0.0,15.7,0.7,2.39,1.05,1.05,0.0,0.0,1.03
2005-07-10,0.0,1.03,15.4,18.8,11.2,73.8,0.0,0.0,0.0,15.7,0.59,2.15,1.05,1.05,0.0,0.0,1.03
2005-07-11,0.0,1.03,16.4,20.1,13.4,66.0,0.0,0.0,0.0,15.7,0.5,1.94,1.03,1.05,0.0,0.0,1.03
2005-07-12,0.0,1.03,17.3,22.3,14.8,61.5,0.0,0.0,0.0,15.7,0.43,1.74,1.03,1.03,0.0,0.0,1.01
2005-07-13,0.0,1.01,17.5,23.5,13.6,50.5,0.0,0.0,0.0,15.7,0.36,1.57,1.03,1.03,0.0,0.0,1.01
2005-07-14,0.0,1.01,17.7,21.9,14.8,55.5,0.0,0.0,0.0,15.7,0.31,1.41,1.01,1.03,0.0,0.0,1.0
2005-07-15,0.0,1.0,17.5,22.4,15.3,68.5,0.0,0.0,0.0,15.7,0.26,1.27,1.01,1.01,0.0,0.0,1.0
2005-07-16,0.0,1.0,18.5,24.4,14.8,63.8,0.0,0.0,0.0,15.7,0.22,1.14,1.0,1.01,0.0,0.0,1.0
2005-07-17,0.0,1.0,20.3,26.7,14.7,54.5,0.0,0.0,0.0,15.7,0.19,1.03,1.0,1.0,0.0,0.0,0.99
2005-07-18,0.0,0.99,22.5,28.5,16.3,47.8,0.0,0.0,0.0,15.7,0.16,0.93,1.0,1.0,0.0,0.0,0.99
2005-07-19,0.0,0.99,19.2,23.5,17.7,69.5,0.0,0.0,0.0,3.9,0.14,0.83,0.99,1.0,0.0,0.0,0.99
2005-07-20,2.3,0.99,18.2,22.9,16.7,73.3,2.3,2.3,2.3,6.2,0.12,0.75,0.99,0.99,0.0,0.0,0.99
2005-07-21,0.0,0.99,18.7,23.7,15.9,63.8,2.3,2.3,2.3,2.3,2.05,2.75,0.99,0.99,2.3,0.0,0.97
2005-07-22,0.0,0.97,19.3,24.4,15.6,59.3,2.3,2.3,2.3,2.3,1.75,2.47,0.99,0.99,0.0,2.3,0.97
2005-07-23,0.0,0.97,19.7,25.2,16.0,58.3,0.0,2.3,2.3,2.3,1.48,2.22,0.97,0.99,0.0,0.0,0.97
2005-07-24,0.0,0.97,20.2,25.6,15.6,59.8,0.0,2.3,2.3,2.3,1.26,2.0,0.97,0.97,0.0,0.0,0.95
2005-07-25,0.0,0.95,21.2,27.4,16.4,54.3,0.0,2.3,2.3,2.3,1.07,1.8,0.97,0.97,0.0,0.0,0.95
2005-07-26,0.0,0.95,22.1,27.8,17.3,56.0,0.0,2.3,2.3,2.3,0.91,1.62,0.95,0.97,0.0,0.0,0.95
2005-07-27,0.6,0.95,19.8,24.7,17.5,69.5,0.6,0.6,2.9,2.9,0.77,1.46,0.95,0.95,0.0,0.0,0.94
2005-07-28,0.4,0.94,20.2,25.5,16.0,62.0,1.0,1.0,3.3,3.3,1.17,1.85,0.95,0.95,0.6,0.0,0.94
2005-07-29,0.0,0.94,20.0,25.2,16.7,54.0,1.0,1.0,3.3,3.3,1.33,2.03,0.94,0.95,0.4,0.6,0.94
2005-07-30,0.0,0.94,19.9,25.2,15.8,53.8,0.4,1.0,3.3,3.3,1.13,1.83,0.94,0.94,0.0,0.4,0.92
2005-07-31,0.0,0.92,19.5,24.3,16.5,51.8,0.0,1.0,3.3,3.3,0.96,1.64,0.94,0.94,0.0,0.0,0.92
2005-08-01,0.0,0.92,18.3,24.0,14.6,54.3,0.0,1.0,3.3,3.3,0.82,1.48,0.92,0.94,0.0,0.0,0.91
2005-08-02,0.0,0.91,19.0,24.6,15.0,46.8,0.0,1.0,3.3,3.3,0.7,1.33,0.92,0.92,0.0,0.0,0.91
2005-08-03,0.0,0.91,19.0,23.1,15.2,51.8,0.0,0.4,1.0,3.3,0.59,1.2,0.91,0.92,0.0,0.0,0.91
2005-08-04,0.0,0.91,19.3,24.8,14.8,51.3,0.0,0.0,1.0,3.3,0.5,1.08,0.91,0.91,0.0,0.0,0.89
2005-08-05,0.0,0.89,19.1,23.9,15.4,54.5,0.0,0.0,1.0,3.3,0.43,0.97,0.91,0.91,0.0,0.0,0.89
2005-08-06,0.0,0.89,20.2,26.1,16.6,53.3,0.0,0.0,1.0,3.3,0.36,0.87,0.89,0.91,0.0,0.0,0.89
2005-08-07,0.0,0.89,19.1,24.1,15.7,53.5,0.0,0.0,1.0,3.3,0.31,0.79,0.89,0.89,0.0,0.0,0.87
2005-08-08,0.0,0.87,19.5,25.2,15.0,49.5,0.0,0.0,1.0,3.3,0.26,0.71,0.89,0.89,0.0,0.0,0.87
2005-08-09,0.0,0.87,20.3,25.4,17.3,52.0,0.0,0.0,1.0,3.3,0.22,0.64,0.87,0.89,0.0,0.0,0.87
2005-08-10,0.0,0.87,20.6,26.6,15.7,57.8,0.0,0.0,0.4,3.3,0.19,0.57,0.87,0.87,0.0,0.0,0.86
2005-08-11,5.8,0.86,21.3,27.3,16.7,60.8,5.8,5.8,5.8,9.1,0.16,0.52,0.87,0.87,0.0,0.0,0.86
2005-08-12,0.0,0.86,21.7,26.3,18.9,63.3,5.8,5.8,5.8,9.1,5.07,5.68,0.86,0.87,5.8,0.0,0.85
2005-08-13,0.0,0.85,22.2,28.3,18.7,63.5,5.8,5.8,5.8,9.1,4.31,5.12,0.86,0.86,0.0,5.8,0.85
2005-08-14,1.0,0.85,21.4,25.6,18.3,57.3,1.0,6.8,6.8,10.1,3.66,4.6,0.85,0.86,0.0,0.0,0.85
2005-08-15,0.0,0.85,21.0,25.9,18.1,55.8,1.0,6.8,6.8,10.1,3.96,5.04,0.85,0.85,1.0,0.0,0.85
2005-08-16,0.0,0.85,20.0,25.6,17.5,65.5,1.0,6.8,6.8,10.1,3.37,4.54,0.85,0.85,0.0,1.0,0.85
2005-08-17,0.6,0.85,20.4,25.8,17.3,65.3,0.6,7.4,7.4,10.7,2.86,4.09,0.85,0.85,0.0,0.0,0.84
2005-08-18,1.8,0.84,21.1,26.7,17.1,58.5,2.4,3.4,9.2,12.5,2.94,4.22,0.85,0.85,0.6,0.0,0.84
2005-08-19,0.1,0.84,21.1,26.0,17.3,54.3,2.5,3.5,9.3,10.3,4.03,5.42,0.84,0.85,1.8,0.6,0.83
2005-08-20,0.0,0.83,20.4,24.8,17.3,57.0,1.9,3.5,9.3,10.3,3.51,4.96,0.84,0.84,0.1,1.8,0.83
2005-08-21,0.0,0.83,20.3,25.4,16.8,48.8,0.1,2.5,9.3,10.3,2.99,4.47,0.83,0.84,0.0,0.1,0.82
2005-08-22,0.0,0.82,19.9,24.8,16.4,53.0,0.0,2.5,9.3,10.3,2.54,4.02,0.83,0.83,0.0,0.0,0.81
2005-08-23,0.0,0.81,20.7,26.8,16.3,44.3,0.0,2.5,9.3,10.3,2.16,3.62,0.82,0.83,0.0,0.0,0.8
2005-08-24,0.0,0.8,22.5,29.6,15.9,42.5,0.0,1.9,9.3,10.3,1.83,3.26,0.81,0.82,0.0,0.0,0.8
2005-08-25,0.0,0.8,24.3,31.3,18.2,47.5,0.0,0.1,3.5,10.3,1.56,2.93,0.8,0.81,0.0,0.0,0.8
2005-08-26,0.0,0.8,21.7,26.8,19.3,60.5,0.0,0.0,3.5,9.7,1.32,2.64,0.8,0.8,0.0,0.0,0.79
2005-08-27,0.0,0.79,22.2,27.2,18.1,49.3,0.0,0.0,3.5,9.3,1.13,2.37,0.8,0.8,0.0,0.0,0.79
2005-08-28,0.0,0.79,22.1,28.1,18.0,50.8,0.0,0.0,2.5,9.3,0.96,2.14,0.79,0.8,0.0,0.0,0.78
2005-08-29,0.0,0.78,22.7,25.1,17.5,45.5,0.0,0.0,2.5,9.3,0.81,1.92,0.79,0.79,0.0,0.0,0.77
2005-08-30,0.0,0.77,25.7,33.6,19.1,41.0,0.0,0.0,2.5,9.3,0.69,1.73,0.78,0.79,0.0,0.0,0.77
2005-08-31,0.0,0.77,25.8,33.4,20.9,50.3,0.0,0.0,1.9,9.3,0.59,1.56,0.77,0.78,0.0,0.0,0.77
2005-09-01,0.0,0.77,22.8,28.0,19.7,55.0,0.0,0.0,0.1,9.3,0.5,1.4,0.77,0.77,0.0,0.0,0.76
2005-09-02,0.0,0.76,22.9,29.2,19.3,65.0,0.0,0.0,0.0,9.3,0.42,1.26,0.77,0.77,0.0,0.0,0.76
2005-09-03,5.3,0.76,22.7,28.8,19.9,58.0,5.3,5.3,5.3,14.6,0.36,1.14,0.76,0.77,0.0,0.0,0.75
2005-09-04,0.0,0.75,21.7,26.4,18.3,53.3,5.3,5.3,5.3,14.6,4.81,5.79,0.76,0.76,5.3,0.0,0.75
2005-09-05,0.0,0.75,21.0,25.0,18.3,63.3,5.3,5.3,5.3,14.6,4.09,5.21,0.75,0.76,0.0,5.3,0.76
2005-09-06,0.0,0.76,23.6,29.4,17.9,56.8,0.0,5.3,5.3,14.6,3.48,4.69,0.75,0.75,0.0,0.0,0.86
2005-09-07,0.1,0.86,20.0,29.2,14.3,71.3,0.1,5.4,5.4,14.7,2.96,4.22,0.76,0.75,0.0,0.0,0.85
2005-09-08,9.1,0.85,21.1,26.8,14.0,62.8,9.2,14.5,14.5,23.8,2.6,3.89,0.86,0.76,0.1,0.0,0.81
2005-09-09,0.1,0.81,20.2,24.9,18.2,65.5,9.3,14.6,14.6,23.9,9.94,11.69,0.85,0.86,9.1,0.1,0.78
2005-09-10,0.0,0.78,20.9,26.2,17.5,62.3,9.2,9.3,14.6,18.1,8.54,10.61,0.81,0.85,0.1,9.1,0.77
2005-09-11,0.0,0.77,22.4,28.5,17.7,53.0,0.1,9.3,14.6,18.1,7.26,9.55,0.78,0.81,0.0,0.1,0.76
2005-09-12,0.0,0.76,23.5,29.5,17.9,45.0,0.0,9.3,14.6,18.1,6.17,8.6,0.77,0.78,0.0,0.0,0.74
2005-09-13,0.0,0.74,22.1,26.8,19.3,59.5,0.0,9.3,14.6,17.1,5.24,7.74,0.76,0.77,0.0,0.0,0.73
2005-09-14,0.0,0.73,20.6,24.5,17.8,66.5,0.0,9.2,14.6,17.1,4.46,6.96,0.74,0.76,0.0,0.0,0.73
2005-09-15,0.0,0.73,21.3,26.5,18.3,61.0,0.0,0.1,14.6,17.1,3.79,6.27,0.73,0.74,0.0,0.0,0.72
2005-09-16,0.0,0.72,24.5,31.1,18.9,99.8,0.0,0.0,14.6,16.5,3.22,5.64,0.73,0.73,0.0,0.0,0.72
2005-09-17,0.0,0.72,24.4,28.9,21.4,57.5,0.0,0.0,9.3,14.7,2.74,5.08,0.72,0.73,0.0,0.0,0.73
2005-09-18,60.9,0.73,20.0,24.6,17.7,79.8,60.9,60.9,70.2,75.5,2.33,4.57,0.72,0.72,0.0,0.0,0.73
2005-09-19,1.9,0.73,20.7,24.8,18.3,72.8,62.8,62.8,72.1,77.4,53.74,58.92,0.73,0.72,60.9,0.0,0.76
2005-09-20,0.0,0.76,24.0,30.4,17.9,53.0,62.8,62.8,72.1,77.4,47.3,54.74,0.73,0.73,1.9,60.9,0.74
2005-09-21,0.0,0.74,21.8,29.6,17.3,50.5,1.9,62.8,72.0,77.4,40.2,49.27,0.76,0.73,0.0,1.9,0.73
2005-09-22,0.0,0.73,21.6,27.3,16.3,51.0,0.0,62.8,62.9,77.4,34.17,44.34,0.74,0.76,0.0,0.0,0.77
2005-09-23,0.0,0.77,21.3,27.2,18.5,63.0,0.0,62.8,62.8,77.4,29.05,39.9,0.73,0.74,0.0,0.0,0.75
2005-09-24,0.0,0.75,22.8,29.1,18.0,61.0,0.0,62.8,62.8,77.4,24.69,35.91,0.77,0.73,0.0,0.0,0.92
2005-09-25,0.0,0.92,21.8,28.0,19.0,75.3,0.0,1.9,62.8,77.4,20.99,32.32,0.75,0.77,0.0,0.0,1.7
2005-09-26,54.1,1.7,21.2,23.6,18.7,81.5,54.1,54.1,116.9,131.5,17.84,29.09,0.92,0.75,0.0,0.0,2.25
2005-09-27,0.1,2.25,18.1,21.9,16.7,76.0,54.2,54.2,117.0,131.6,61.15,74.87,1.7,0.92,54.1,0.0,2.0
2005-09-28,0.0,2.0,17.8,21.5,15.4,71.5,54.2,54.2,117.0,131.6,52.06,67.47,2.25,1.7,0.1,54.1,1.57
2005-09-29,0.0,1.57,19.4,25.1,15.4,63.3,0.1,54.2,117.0,131.6,44.25,60.73,2.0,2.25,0.0,0.1,1.08
2005-09-30,0.4,1.08,20.9,27.2,16.0,55.8,0.4,54.6,117.4,132.0,37.61,54.65,1.57,2.0,0.0,0.0,0.85
2005-10-01,0.0,0.85,22.8,29.6,17.7,52.8,0.4,54.6,117.4,132.0,32.31,49.55,1.08,1.57,0.4,0.0,0.78
2005-10-02,0.0,0.78,22.1,27.4,20.1,62.0,0.4,54.6,56.5,132.0,27.46,44.59,0.85,1.08,0.0,0.4,0.76
2005-10-03,0.0,0.76,20.6,24.8,18.8,68.3,0.0,0.5,54.6,126.7,23.34,40.13,0.78,0.85,0.0,0.0,0.73
2005-10-04,0.0,0.73,22.6,29.2,17.9,58.5,0.0,0.4,54.6,126.7,19.84,36.12,0.76,0.78,0.0,0.0,0.73
2005-10-05,0.0,0.73,24.3,30.2,19.3,55.0,0.0,0.4,54.6,126.7,16.87,32.51,0.73,0.76,0.0,0.0,0.71
2005-10-06,0.0,0.71,24.7,29.7,21.7,62.3,0.0,0.4,54.6,126.7,14.34,29.26,0.73,0.73,0.0,0.0,0.7
2005-10-07,0.0,0.7,24.1,29.0,21.6,50.3,0.0,0.0,54.6,126.6,12.19,26.33,0.71,0.73,0.0,0.0,0.69
2005-10-08,0.0,0.69,23.3,29.0,19.9,41.5,0.0,0.0,54.6,117.5,10.36,23.7,0.7,0.71,0.0,0.0,0.69
2005-10-09,0.0,0.69,24.1,31.0,18.9,48.3,0.0,0.0,54.6,117.4,8.8,21.33,0.69,0.7,0.0,0.0,0.68
2005-10-10,0.0,0.68,23.9,30.2,20.1,43.3,0.0,0.0,0.5,117.4,7.48,19.2,0.69,0.69,0.0,0.0,0.68
2005-10-11,0.0,0.68,24.2,30.4,20.1,44.5,0.0,0.0,0.4,117.4,6.36,17.28,0.68,0.69,0.0,0.0,0.67
2005-10-12,0.0,0.67,25.1,31.9,20.0,41.5,0.0,0.0,0.4,117.4,5.41,15.55,0.68,0.68,0.0,0.0,0.66
2005-10-13,0.0,0.66,25.6,31.6,21.1,40.0,0.0,0.0,0.4,117.4,4.6,13.99,0.67,0.68,0.0,0.0,0.66
2005-10-14,0.0,0.66,27.2,33.6,21.5,38.3,0.0,0.0,0.0,117.4,3.91,12.59,0.66,0.67,0.0,0.0,0.66
2005-10-15,0.0,0.66,28.4,34.3,22.4,33.8,0.0,0.0,0.0,117.4,3.32,11.34,0.66,0.66,0.0,0.0,0.65
2005-10-16,0.0,0.65,26.0,31.5,21.6,45.5,0.0,0.0,0.0,117.4,2.82,10.2,0.66,0.66,0.0,0.0,0.64
2005-10-17,0.0,0.64,27.8,34.6,22.4,26.8,0.0,0.0,0.0,117.4,2.4,9.18,0.65,0.66,0.0,0.0,0.64
2005-10-18,0.0,0.64,28.3,34.9,22.3,27.0,0.0,0.0,0.0,56.5,2.04,8.26,0.64,0.65,0.0,0.0,0.63
2005-10-19,0.0,0.63,22.9,28.8,20.3,64.3,0.0,0.0,0.0,54.6,1.73,7.44,0.64,0.64,0.0,0.0,0.63
2005-10-20,0.0,0.63,22.6,26.9,19.5,50.3,0.0,0.0,0.0,54.6,1.47,6.69,0.63,0.64,0.0,0.0,0.63
2005-10-21,0.0,0.63,23.8,29.6,19.7,39.3,0.0,0.0,0.0,54.6,1.25,6.02,0.63,0.63,0.0,0.0,0.63
2005-10-22,0.0,0.63,24.2,28.9,19.7,48.8,0.0,0.0,0.0,54.6,1.06,5.42,0.63,0.63,0.0,0.0,0.62
2005-10-23,0.0,0.62,25.0,30.8,21.9,54.3,0.0,0.0,0.0,54.6,0.9,4.88,0.63,0.63,0.0,0.0,0.62
2005-10-24,0.0,0.62,25.1,29.5,22.3,56.5,0.0,0.0,0.0,54.6,0.77,4.39,0.62,0.63,0.0,0.0,0.62
2005-10-25,0.0,0.62,25.1,28.6,21.8,52.5,0.0,0.0,0.0,54.6,0.65,3.95,0.62,0.62,0.0,0.0,0.63
2005-10-26,0.0,0.63,26.2,34.3,21.6,56.3,0.0,0.0,0.0,0.5,0.56,3.56,0.62,0.62,0.0,0.0,0.64
2005-10-27,7.1,0.64,25.5,31.6,21.6,60.0,7.1,7.1,7.1,7.5,0.47,3.2,0.63,0.62,0.0,0.0,0.63
2005-10-28,0.1,0.63,26.2,31.0,23.1,59.8,7.2,7.2,7.2,7.6,6.44,9.27,0.64,0.63,7.1,0.0,0.69
2005-10-29,0.0,0.69,24.5,30.8,20.5,63.0,7.2,7.2,7.2,7.6,5.56,8.43,0.63,0.64,0.1,7.1,0.98
2005-10-30,12.8,0.98,22.2,24.1,20.7,76.8,12.9,20.0,20.0,20.0,4.72,7.59,0.69,0.63,0.0,0.1,1.16
2005-10-31,2.7,1.16,21.8,25.6,20.1,81.0,15.5,22.7,22.7,22.7,14.89,18.35,0.98,0.69,12.8,0.0,1.16
2005-11-01,27.8,1.16,22.0,26.4,19.2,73.0,43.3,50.5,50.5,50.5,14.96,18.95,1.16,0.98,2.7,12.8,1.32
2005-11-02,3.5,1.32,19.9,23.1,17.5,81.0,34.0,54.0,54.0,54.0,36.34,42.07,1.16,1.16,27.8,2.7,1.77
2005-11-03,3.8,1.77,20.8,27.0,18.3,78.3,35.1,50.7,57.8,57.8,33.87,41.01,1.32,1.16,3.5,27.8,1.82
2005-11-04,8.3,1.82,21.3,27.8,18.5,76.8,15.6,58.9,66.1,66.1,32.02,40.33,1.77,1.32,3.8,3.5,1.43
2005-11-05,8.8,1.43,23.1,28.5,18.9,68.8,20.9,67.7,74.9,74.9,34.27,43.77,1.82,1.77,8.3,3.8,1.31
2005-11-06,4.6,1.31,23.4,27.6,20.4,65.8,21.7,59.5,79.5,79.5,36.61,47.31,1.43,1.82,8.8,8.3,1.65
2005-11-07,1.5,1.65,24.0,29.4,21.6,67.3,14.9,58.3,81.0,81.0,35.03,46.72,1.31,1.43,4.6,8.8,2.01
2005-11-08,12.8,2.01,22.2,27.8,19.5,70.0,18.9,43.3,93.8,93.8,31.05,43.4,1.65,1.31,1.5,4.6,1.67
2005-11-09,28.9,1.67,20.7,24.3,18.8,72.3,43.2,68.7,122.7,122.7,37.27,50.58,2.01,1.65,12.8,1.5,1.42
2005-11-10,12.6,1.42,17.6,20.9,16.0,85.0,54.3,77.5,128.2,135.3,56.25,71.53,1.67,2.01,28.9,12.8,1.52
2005-11-11,14.4,1.52,16.9,19.2,14.0,78.3,55.9,83.6,142.5,149.7,58.52,75.72,1.42,1.67,12.6,28.9,1.44
2005-11-12,0.8,1.44,17.2,18.6,16.3,80.5,27.8,75.6,143.3,150.5,61.98,81.11,1.52,1.42,14.4,12.6,1.22
2005-11-13,3.8,1.22,19.8,24.4,16.7,67.8,19.0,74.8,134.3,154.3,53.36,73.72,1.44,1.52,0.8,14.4,0.99
2005-11-14,0.0,0.99,21.1,24.0,17.5,58.0,4.6,73.3,131.6,154.3,48.59,69.76,1.22,1.44,3.8,0.8,0.81
2005-11-15,0.0,0.81,23.3,29.0,18.6,58.0,3.8,60.5,103.8,154.3,41.3,62.79,0.99,1.22,0.0,3.8,0.78
2005-11-16,0.0,0.78,24.5,30.8,20.1,56.5,0.0,31.6,100.3,154.3,35.11,56.51,0.81,0.99,0.0,0.0,0.81
2005-11-17,0.1,0.81,22.7,30.1,19.7,77.0,0.1,19.1,96.6,154.4,29.84,50.86,0.78,0.81,0.0,0.0,1.06
2005-11-18,19.8,1.06,21.2,22.3,19.7,82.0,19.9,24.5,108.1,174.2,25.45,45.86,0.81,0.78,0.1,0.0,1.53
2005-11-19,21.3,1.53,22.2,27.2,19.3,84.0,41.2,45.0,120.6,195.5,38.46,59.1,1.06,0.81,19.8,0.1,2.17
2005-11-20,39.9,2.17,23.0,29.1,19.1,72.5,81.0,81.1,155.9,235.4,50.8,72.36,1.53,1.06,21.3,19.8,2.84
2005-11-21,1.2,2.84,21.6,24.3,19.7,73.8,62.4,82.3,155.6,236.6,77.09,101.03,2.17,1.53,39.9,21.3,2.82
2005-11-22,0.0,2.82,20.7,24.3,18.9,77.3,41.1,82.3,142.8,236.6,66.55,92.01,2.84,2.17,1.2,39.9,2.17
2005-11-23,0.0,2.17,21.7,26.5,19.3,84.3,1.2,82.3,113.9,236.6,56.57,82.81,2.82,2.84,0.0,1.2,1.91
2005-11-24,12.3,1.91,22.0,25.4,19.3,80.0,12.3,94.5,113.6,248.9,48.08,74.53,2.17,2.82,0.0,0.0,1.84
2005-11-25,3.9,1.84,21.3,24.5,20.2,91.0,16.2,78.6,103.1,252.8,51.32,78.14,1.91,2.17,12.3,0.0,2.7
2005-11-26,22.8,2.7,20.9,23.3,19.8,83.8,39.0,80.1,125.1,268.5,46.94,73.84,1.84,1.91,3.9,12.3,4.31
2005-11-27,19.3,4.31,19.7,23.5,17.1,73.5,46.0,59.5,140.6,287.7,59.28,86.98,2.7,1.84,22.8,3.9,4.04
2005-11-28,0.3,4.04,20.2,23.5,18.2,78.3,42.4,58.6,140.9,288.0,66.79,95.65,4.31,2.7,19.3,22.8,3.17
2005-11-29,0.0,3.17,21.1,23.4,19.5,74.3,19.6,58.6,140.9,275.2,57.03,86.35,4.04,4.31,0.3,19.3,2.32
2005-11-30,0.0,2.32,21.4,24.1,18.5,70.3,0.3,58.6,140.9,272.5,48.47,77.72,3.17,4.04,0.0,0.3,1.81
2005-12-01,0.8,1.81,22.9,28.6,19.9,75.8,0.8,47.1,141.6,245.5,41.2,69.95,2.32,3.17,0.0,0.0,2.27
2005-12-02,2.5,2.27,23.3,28.1,20.1,76.3,3.3,45.7,124.3,244.5,35.7,63.67,1.81,2.32,0.8,0.0,3.2
2005-12-03,4.3,3.2,20.7,23.5,19.1,69.3,7.6,27.2,107.3,245.0,32.47,59.55,2.27,1.81,2.5,0.8,2.6
2005-12-04,0.1,2.6,20.4,26.4,17.1,69.8,6.9,8.0,67.5,236.8,31.26,57.47,3.2,2.27,4.3,2.5,1.82
2005-12-05,0.0,1.82,22.5,28.2,17.4,62.3,4.4,7.7,66.3,228.0,26.65,51.81,2.6,3.2,0.1,4.3,1.86
2005-12-06,0.0,1.86,21.8,25.0,20.4,84.3,0.1,7.7,66.3,223.4,22.66,46.63,1.82,2.6,0.0,0.1,2.78
2005-12-07,37.9,2.78,21.1,26.3,19.1,72.5,37.9,45.6,104.2,259.8,19.26,41.97,1.86,1.82,0.0,0.0,3.3
2005-12-08,3.4,3.3,17.9,20.7,15.8,79.3,41.3,48.2,95.3,250.4,48.58,71.88,2.78,1.86,37.9,0.0,3.75
2005-12-09,2.0,3.75,20.0,24.6,17.1,85.5,43.3,47.7,93.4,223.5,44.19,67.75,3.3,2.78,3.4,37.9,3.55
2005-12-10,9.8,3.55,23.3,29.4,18.6,75.3,15.2,53.2,80.4,220.7,39.26,62.78,3.75,3.3,2.0,3.4,3.44
2005-12-11,19.0,3.44,20.1,22.5,18.7,90.3,30.8,72.1,80.1,225.3,41.7,65.32,3.55,3.75,9.8,2.0,6.0
2005-12-12,37.3,6.0,18.8,21.5,17.1,86.0,66.1,109.4,117.1,261.8,51.59,75.89,3.44,3.55,19.0,9.8,8.48
2005-12-13,10.9,8.48,19.5,23.0,17.2,83.5,67.2,120.3,128.0,268.9,75.56,101.87,6.0,3.44,37.3,19.0,8.42
2005-12-14,19.8,8.42,19.9,24.0,18.5,88.8,68.0,102.2,147.8,288.7,73.49,101.49,8.48,6.0,10.9,37.3,10.04
2005-12-15,62.9,10.04,22.4,27.4,18.3,72.3,93.6,161.7,209.9,351.6,79.3,109.16,8.42,8.48,19.8,10.9,10.78
2005-12-16,1.8,10.78,22.9,27.4,19.3,68.0,84.5,161.5,209.2,353.4,120.87,154.86,10.04,8.42,62.9,19.8,9.35
2005-12-17,0.0,9.35,21.7,26.7,18.9,67.8,64.7,151.7,204.9,353.3,104.27,140.99,10.78,10.04,1.8,62.9,7.79
2005-12-18,0.0,7.79,22.9,29.8,19.5,67.0,1.8,132.7,204.8,333.5,88.63,126.89,9.35,10.78,0.0,1.8,6.64
2005-12-19,9.7,6.64,23.0,30.4,19.7,63.3,9.7,105.1,214.5,321.9,75.33,114.2,7.79,9.35,0.0,0.0,6.01
2005-12-20,4.5,6.01,25.3,31.7,18.9,47.3,14.2,98.7,219.0,286.5,72.28,111.51,6.64,7.79,9.7,0.0,5.03
2005-12-21,0.1,5.03,24.0,31.8,20.3,51.5,14.3,79.0,181.2,285.4,65.26,104.41,6.01,6.64,4.5,9.7,3.84
2005-12-22,0.0,3.84,24.0,27.4,20.3,49.8,4.6,16.1,177.8,285.4,55.56,94.06,5.03,6.01,0.1,4.5,2.83
2005-12-23,0.0,2.83,23.6,27.8,20.7,51.3,0.1,14.3,175.8,285.4,47.22,84.65,3.84,5.03,0.0,0.1,2.0
2005-12-24,0.0,2.0,25.2,31.5,19.3,48.5,0.0,14.3,166.0,273.1,40.14,76.19,2.83,3.84,0.0,0.0,1.58
2005-12-25,0.0,1.58,23.7,30.4,20.5,80.8,0.0,14.3,147.0,269.2,34.12,68.57,2.0,2.83,0.0,0.0,3.19
2005-12-26,8.8,3.19,19.4,21.1,18.3,80.0,8.8,13.4,118.5,255.2,29.0,61.71,1.58,2.0,0.0,0.0,6.96
2005-12-27,3.1,6.96,21.4,25.8,17.3,67.3,11.9,12.0,110.7,239.0,32.13,63.46,3.19,1.58,8.8,0.0,7.05
2005-12-28,0.0,7.05,21.9,27.1,19.0,64.0,11.9,11.9,90.9,238.7,29.95,59.91,6.96,3.19,3.1,8.8,6.53
2005-12-29,0.0,6.53,21.7,26.0,18.8,66.0,3.1,11.9,28.0,238.7,25.45,53.91,7.05,6.96,0.0,3.1,6.55
2005-12-30,0.0,6.55,21.9,27.4,19.3,67.3,0.0,11.9,26.2,238.7,21.64,48.52,6.53,7.05,0.0,0.0,6.43
2005-12-31,0.0,6.43,23.0,27.4,18.7,59.5,0.0,11.9,26.2,237.9,18.39,43.67,6.55,6.53,0.0,0.0,5.76
2006-01-01,0.0,5.76,23.9,29.4,19.5,60.3,0.0,11.9,26.2,235.4,15.63,39.3,6.43,6.55,0.0,0.0,5.15
2006-01-02,0.0,5.15,24.1,28.6,21.6,65.8,0.0,3.1,16.5,231.1,13.29,35.37,5.76,6.43,0.0,0.0,4.35
2006-01-03,0.3,4.35,23.6,26.8,21.5,64.3,0.3,0.3,12.3,231.3,11.29,31.84,5.15,5.76,0.0,0.0,3.5
2006-01-04,0.0,3.5,23.7,29.8,21.4,67.0,0.3,0.3,12.2,231.3,9.86,28.92,4.35,5.15,0.3,0.0,2.83
2006-01-05,15.6,2.83,21.9,25.5,19.1,73.0,15.9,15.9,27.8,246.9,8.38,26.03,3.5,4.35,0.0,0.3,2.79
2006-01-06,3.5,2.79,21.9,24.8,18.5,77.0,19.1,19.4,31.3,212.5,20.38,37.47,2.83,3.5,15.6,0.0,3.06
2006-01-07,10.8,3.06,23.7,29.4,20.8,72.3,29.9,30.2,42.1,219.9,20.3,36.87,2.79,2.83,3.5,15.6,3.29
2006-01-08,0.0,3.29,22.6,25.6,20.5,67.3,14.3,30.2,42.1,217.9,26.43,42.9,3.06,2.79,10.8,3.5,2.55
2006-01-09,0.0,2.55,23.7,28.5,20.3,57.0,10.8,30.2,33.3,208.1,22.47,38.61,3.29,3.06,0.0,10.8,1.97
2006-01-10,0.0,1.97,23.2,27.8,19.6,57.0,0.0,29.9,30.2,189.1,19.1,34.75,2.55,3.29,0.0,0.0,1.59
2006-01-11,0.0,1.59,22.4,26.5,19.8,62.5,0.0,29.9,30.2,151.8,16.23,31.28,1.97,2.55,0.0,0.0,1.34
2006-01-12,0.0,1.34,22.6,27.8,19.5,60.8,0.0,14.3,30.2,140.9,13.8,28.15,1.59,1.97,0.0,0.0,1.19
2006-01-13,0.0,1.19,23.4,28.6,19.7,52.8,0.0,10.8,30.2,121.1,11.73,25.33,1.34,1.59,0.0,0.0,1.09
2006-01-14,0.0,1.09,24.2,28.8,20.1,53.3,0.0,0.0,30.2,58.2,9.97,22.8,1.19,1.34,0.0,0.0,1.06
2006-01-15,0.0,1.06,24.2,29.4,20.3,56.8,0.0,0.0,30.2,56.4,8.47,20.52,1.09,1.19,0.0,0.0,1.06
2006-01-16,0.0,1.06,24.6,30.2,21.1,52.8,0.0,0.0,30.2,56.4,7.2,18.47,1.06,1.09,0.0,0.0,1.05
2006-01-17,0.0,1.05,24.5,29.6,21.1,54.8,0.0,0.0,29.9,56.4,6.12,16.62,1.06,1.06,0.0,0.0,1.05
2006-01-18,0.0,1.05,24.2,29.1,20.0,51.3,0.0,0.0,29.9,46.7,5.2,14.96,1.05,1.06,0.0,0.0,1.03
2006-01-19,0.0,1.03,24.2,29.5,19.9,54.0,0.0,0.0,14.3,42.2,4.42,13.46,1.05,1.05,0.0,0.0,1.03
2006-01-20,0.0,1.03,24.3,29.1,20.9,52.0,0.0,0.0,10.8,42.1,3.76,12.12,1.03,1.05,0.0,0.0,1.03
2006-01-21,0.0,1.03,24.0,29.6,19.7,46.8,0.0,0.0,0.0,42.1,3.2,10.91,1.03,1.03,0.0,0.0,1.01
2006-01-22,0.0,1.01,25.4,31.0,20.7,48.0,0.0,0.0,0.0,42.1,2.72,9.81,1.03,1.03,0.0,0.0,1.0
2006-01-23,0.0,1.0,27.0,33.2,20.7,43.0,0.0,0.0,0.0,42.1,2.31,8.83,1.01,1.03,0.0,0.0,1.0
2006-01-24,0.0,1.0,28.0,33.8,22.4,39.8,0.0,0.0,0.0,42.1,1.96,7.95,1.0,1.01,0.0,0.0,1.0
2006-01-25,0.0,1.0,28.9,35.1,23.8,36.5,0.0,0.0,0.0,33.3,1.67,7.16,1.0,1.0,0.0,0.0,1.0
2006-01-26,0.0,1.0,29.2,35.4,23.8,39.5,0.0,0.0,0.0,30.2,1.42,6.44,1.0,1.0,0.0,0.0,1.12
2006-01-27,0.0,1.12,26.6,34.1,23.8,57.8,0.0,0.0,0.0,30.2,1.21,5.8,1.0,1.0,0.0,0.0,1.5
2006-01-28,53.8,1.5,24.5,30.1,19.9,66.5,53.8,53.8,53.8,84.0,1.02,5.22,1.12,1.0,0.0,0.0,1.28
2006-01-29,27.6,1.28,22.8,28.7,19.5,78.3,81.4,81.4,81.4,111.6,46.6,53.11,1.5,1.12,53.8,0.0,1.12
2006-01-30,12.6,1.12,23.1,27.9,19.8,72.3,94.0,94.0,94.0,124.2,63.07,72.64,1.28,1.5,27.6,53.8,1.09
2006-01-31,0.0,1.09,22.9,29.8,19.7,79.3,40.2,94.0,94.0,124.2,64.32,76.72,1.12,1.28,12.6,27.6,1.06
2006-02-01,35.4,1.06,23.8,27.4,19.9,67.8,48.0,129.4,129.4,159.6,54.67,69.05,1.09,1.12,0.0,12.6,1.03
2006-02-02,0.5,1.03,24.9,29.0,21.6,55.5,35.9,129.9,129.9,159.8,76.56,94.0,1.06,1.09,35.4,0.0,1.03
2006-02-03,0.0,1.03,24.2,29.2,21.4,53.8,35.9,129.9,129.9,159.8,65.5,85.05,1.03,1.06,0.5,35.4,1.0
2006-02-04,0.0,1.0,25.1,29.8,20.9,47.8,0.5,76.1,129.9,144.2,55.68,76.55,1.03,1.03,0.0,0.5,1.0
2006-02-05,0.0,1.0,25.2,30.4,21.0,50.0,0.0,48.5,129.9,140.7,47.33,68.89,1.0,1.03,0.0,0.0,0.97
2006-02-06,0.0,0.97,25.7,31.1,21.6,45.5,0.0,35.9,129.9,129.9,40.23,62.0,1.0,1.0,0.0,0.0,0.97
2006-02-07,0.0,0.97,27.2,32.4,22.0,45.5,0.0,35.9,129.9,129.9,34.19,55.8,0.97,1.0,0.0,0.0,0.97
2006-02-08,0.0,0.97,27.8,32.9,23.5,55.3,0.0,0.5,129.9,129.9,29.06,50.22,0.97,0.97,0.0,0.0,0.97
2006-02-09,4.2,0.97,26.2,32.3,22.0,61.8,4.2,4.2,134.1,134.1,24.7,45.2,0.97,0.97,0.0,0.0,1.16
2006-02-10,4.8,1.16,23.1,29.8,20.5,78.5,9.0,9.0,138.9,138.9,24.57,44.46,0.97,0.97,4.2,0.0,1.62
2006-02-11,10.6,1.62,23.7,27.9,20.5,84.8,19.6,19.6,95.7,149.5,24.96,44.33,1.16,0.97,4.8,4.2,2.44
2006-02-12,31.5,2.44,21.9,26.1,18.3,78.8,46.9,51.1,99.6,181.0,30.23,49.44,1.62,1.16,10.6,4.8,3.12
2006-02-13,12.8,3.12,24.3,28.8,19.5,66.8,54.9,63.9,99.8,193.8,52.47,72.85,2.44,1.62,31.5,10.6,2.94
2006-02-14,0.0,2.94,25.0,31.7,22.0,68.8,44.3,63.9,99.8,193.8,55.48,77.08,3.12,2.44,12.8,31.5,2.16
2006-02-15,0.0,2.16,26.0,31.4,22.6,64.0,12.8,63.9,64.4,193.8,47.16,69.37,2.94,3.12,0.0,12.8,1.75
2006-02-16,0.0,1.75,25.0,27.6,23.6,69.0,0.0,59.7,63.9,193.8,40.08,62.44,2.16,2.94,0.0,0.0,1.4
2006-02-17,0.0,1.4,24.9,29.4,22.4,58.3,0.0,54.9,63.9,193.8,34.07,56.19,1.75,2.16,0.0,0.0,1.16
2006-02-18,0.0,1.16,25.8,31.3,21.7,51.8,0.0,44.3,63.9,193.8,28.96,50.57,1.4,1.75,0.0,0.0,1.03
2006-02-19,0.0,1.03,26.3,31.4,22.8,50.5,0.0,12.8,63.9,193.8,24.62,45.52,1.16,1.4,0.0,0.0,1.0
2006-02-20,0.0,1.0,26.3,31.6,22.6,54.8,0.0,0.0,63.9,193.8,20.92,40.96,1.03,1.16,0.0,0.0,1.0
2006-02-21,0.0,1.0,26.6,31.6,22.0,51.5,0.0,0.0,63.9,193.8,17.79,36.87,1.0,1.03,0.0,0.0,1.09
2006-02-22,0.0,1.09,25.0,30.5,22.4,63.3,0.0,0.0,63.9,193.8,15.12,33.18,1.0,1.0,0.0,0.0,1.5
2006-02-23,0.0,1.5,23.3,27.3,21.3,75.5,0.0,0.0,59.7,193.8,12.85,29.86,1.09,1.0,0.0,0.0,1.94
2006-02-24,0.3,1.94,23.7,29.8,20.0,69.3,0.3,0.3,55.2,194.1,10.92,26.88,1.5,1.09,0.0,0.0,1.69
2006-02-25,5.5,1.69,25.3,30.0,21.6,66.3,5.8,5.8,50.1,199.6,9.54,24.46,1.94,1.5,0.3,0.0,1.69
2006-02-26,1.9,1.69,23.7,31.1,20.8,77.0,7.7,7.7,20.5,201.5,12.78,26.96,1.69,1.94,5.5,0.3,1.88
2006-02-27,5.8,1.88,24.6,28.8,21.8,71.8,13.2,13.5,13.5,153.5,12.48,25.98,1.69,1.69,1.9,5.5,2.4
2006-02-28,11.5,2.4,24.3,29.7,21.6,70.8,19.2,25.0,25.0,137.4,15.54,28.6,1.88,1.69,5.8,1.9,3.75
2006-03-01,0.0,3.75,23.8,29.2,21.7,80.8,17.3,25.0,25.0,124.8,22.98,36.09,2.4,1.88,11.5,5.8,4.28
2006-03-02,1.8,4.28,24.1,29.1,21.4,77.5,13.3,26.8,26.8,126.6,19.54,32.48,3.75,2.4,0.0,11.5,4.06
2006-03-03,0.0,4.06,24.3,31.2,20.8,77.0,1.8,26.5,26.8,91.2,18.14,30.85,4.28,3.75,1.8,0.0,3.88
2006-03-04,16.6,3.88,24.8,31.4,21.3,76.8,18.4,37.6,43.4,107.3,15.41,27.77,4.06,4.28,0.0,1.8,3.88
2006-03-05,1.5,3.88,23.4,30.8,20.9,79.0,18.1,37.2,44.9,108.8,27.21,39.93,3.88,4.06,16.6,0.0,4.35
2006-03-06,22.1,4.35,22.3,28.5,20.1,82.8,40.2,53.5,67.0,130.9,24.41,37.29,3.88,3.88,1.5,16.6,4.87
2006-03-07,16.3,4.87,22.2,27.7,18.8,80.0,39.9,58.3,83.3,147.2,39.53,53.45,4.35,3.88,22.1,1.5,4.69
2006-03-08,6.8,4.69,24.2,30.6,20.3,67.5,45.2,65.1,90.1,154.0,47.46,62.77,4.87,4.35,16.3,22.1,3.94
2006-03-09,15.7,3.94,23.8,28.5,20.1,69.3,38.8,79.0,105.8,169.7,46.12,62.62,4.69,4.87,6.8,16.3,3.59
2006-03-10,18.7,3.59,24.2,28.7,20.7,75.0,41.2,97.7,124.2,188.4,52.54,70.48,3.94,4.69,15.7,6.8,4.31
2006-03-11,26.8,4.31,21.7,26.4,19.7,89.8,61.2,107.9,145.5,211.0,60.56,80.27,3.59,3.94,18.7,15.7,4.31
2006-03-12,46.0,4.31,22.0,25.8,19.9,70.0,91.5,152.4,189.6,252.2,74.25,96.36,4.31,3.59,26.8,18.7,3.38
2006-03-13,0.0,3.38,22.3,25.3,19.3,70.0,72.8,130.3,183.8,241.6,102.22,128.12,4.31,4.31,46.0,26.8,2.91
2006-03-14,0.0,2.91,23.3,27.1,21.6,72.3,46.0,114.0,172.3,210.1,86.88,115.31,3.38,4.31,0.0,46.0,3.91
2006-03-15,0.1,3.91,21.7,24.6,20.3,83.3,0.1,107.3,172.4,197.4,73.85,103.78,2.91,3.38,0.0,0.0,5.71
2006-03-16,15.3,5.71,21.3,22.5,20.3,85.0,15.4,106.9,185.9,212.7,62.86,93.49,3.91,2.91,0.1,0.0,4.97
2006-03-17,15.6,4.97,22.2,25.8,19.5,72.5,31.0,103.8,201.5,228.3,66.43,97.91,5.71,3.91,15.3,0.1,4.15
2006-03-18,1.1,4.15,22.2,27.2,20.1,76.8,32.0,78.1,186.0,229.4,69.73,102.16,4.97,5.71,15.6,15.3,4.09
2006-03-19,61.0,4.09,21.4,24.4,18.6,81.3,77.7,93.1,245.5,290.4,60.21,92.94,4.15,4.97,1.1,15.6,3.84
2006-03-20,0.9,3.84,22.5,27.8,19.5,76.0,63.0,94.0,224.3,291.3,103.02,138.54,4.09,4.15,61.0,1.1,3.25
2006-03-21,1.5,3.25,23.8,29.5,19.5,68.5,63.4,95.5,209.5,292.8,88.34,125.5,3.84,4.09,0.9,61.0,2.56
2006-03-22,7.5,2.56,23.7,27.9,20.5,61.8,9.9,102.9,210.2,300.3,76.36,114.3,3.25,3.84,1.5,0.9,2.06
2006-03-23,0.0,2.06,23.9,30.3,20.5,65.0,9.0,87.6,194.5,300.3,71.28,109.62,2.56,3.25,7.5,1.5,1.69
2006-03-24,0.0,1.69,24.6,30.8,20.3,63.8,7.5,72.0,175.8,300.3,60.59,98.66,2.06,2.56,0.0,7.5,1.47
2006-03-25,0.0,1.47,25.4,30.5,20.9,63.0,0.0,70.9,149.0,300.3,51.5,88.79,1.69,2.06,0.0,0.0,1.59
2006-03-26,3.5,1.59,23.1,29.2,19.9,80.8,3.5,13.4,106.5,303.5,43.78,79.91,1.47,1.69,0.0,0.0,1.88
2006-03-27,28.1,1.88,23.3,27.8,20.1,61.0,31.6,40.6,134.6,326.1,40.18,75.07,1.59,1.47,3.5,0.0,1.56
2006-03-28,0.0,1.56,23.7,29.3,18.9,54.8,31.6,39.1,134.6,324.2,58.04,92.85,1.88,1.59,28.1,3.5,1.31
2006-03-29,0.0,1.31,24.9,29.6,20.3,61.5,28.1,31.6,134.5,318.4,49.34,83.57,1.56,1.88,0.0,28.1,1.31
2006-03-30,0.1,1.31,24.1,29.6,21.4,71.5,0.1,31.7,119.3,307.0,41.94,75.21,1.31,1.56,0.0,0.0,1.47
2006-03-31,1.6,1.47,22.8,27.5,20.3,68.0,1.7,33.3,105.3,308.6,35.73,67.78,1.31,1.31,0.1,0.0,1.47
2006-04-01,0.0,1.47,22.0,25.7,19.1,69.8,1.7,33.3,104.2,306.8,31.73,62.44,1.47,1.31,1.6,0.1,1.28
2006-04-02,0.0,1.28,23.0,28.0,19.1,67.0,1.6,29.8,43.2,306.8,26.97,56.2,1.47,1.47,0.0,1.6,1.22
2006-04-03,0.0,1.22,22.9,28.2,20.5,67.3,0.0,1.7,42.3,290.2,22.93,50.58,1.28,1.47,0.0,0.0,1.22
2006-04-04,0.0,1.22,22.0,26.6,19.1,61.5,0.0,1.7,40.8,288.7,19.49,45.52,1.22,1.28,0.0,0.0,1.19
2006-04-05,0.0,1.19,21.7,26.8,18.1,70.0,0.0,1.7,33.3,266.6,16.56,40.97,1.22,1.22,0.0,0.0,1.19
2006-04-06,0.0,1.19,22.4,27.3,18.2,63.8,0.0,1.6,33.3,250.3,14.08,36.87,1.19,1.22,0.0,0.0,1.19
2006-04-07,0.0,1.19,22.2,25.8,19.8,67.3,0.0,0.0,33.3,243.5,11.97,33.18,1.19,1.19,0.0,0.0,1.19
2006-04-08,0.0,1.19,22.6,27.2,19.3,75.0,0.0,0.0,33.3,227.8,10.17,29.87,1.19,1.19,0.0,0.0,1.34
2006-04-09,23.5,1.34,22.3,26.9,18.7,76.3,23.5,23.5,53.3,232.6,8.65,26.88,1.19,1.19,0.0,0.0,1.72
2006-04-10,0.1,1.72,23.1,27.5,20.9,78.8,23.6,23.6,25.3,205.9,27.32,45.34,1.34,1.19,23.5,0.0,1.84
2006-04-11,8.8,1.84,24.3,29.2,20.5,66.3,32.4,32.4,34.1,168.7,23.31,40.9,1.72,1.34,0.1,23.5,1.47
2006-04-12,1.6,1.47,23.6,30.5,20.1,68.8,10.5,34.0,35.7,170.3,27.29,44.73,1.84,1.72,8.8,0.1,1.25
2006-04-13,0.5,1.25,24.5,30.4,20.2,58.5,10.9,34.5,36.1,170.8,24.56,41.69,1.47,1.84,1.6,8.8,1.19
2006-04-14,0.0,1.19,24.1,30.2,19.9,58.3,2.1,34.5,34.5,170.7,21.3,37.98,1.25,1.47,0.5,1.6,1.16
2006-04-15,0.0,1.16,23.3,25.4,20.7,63.0,0.5,34.5,34.5,155.4,18.11,34.18,1.19,1.25,0.0,0.5,1.16
2006-04-16,0.0,1.16,24.7,29.2,20.3,59.8,0.0,11.0,34.5,139.8,15.39,30.76,1.16,1.19,0.0,0.0,1.47
2006-04-17,0.0,1.47,21.6,25.4,19.9,77.8,0.0,10.9,34.5,138.7,13.08,27.68,1.16,1.16,0.0,0.0,2.16
2006-04-18,7.5,2.16,17.8,20.4,16.9,77.0,7.5,9.6,42.0,85.2,11.12,24.92,1.47,1.16,0.0,0.0,2.34
2006-04-19,2.3,2.34,17.7,20.4,15.4,83.0,9.8,10.3,44.3,86.6,15.83,29.17,2.16,1.47,7.5,0.0,2.06
2006-04-20,5.7,2.06,19.3,24.4,15.4,70.8,15.5,15.5,50.0,90.8,15.41,28.33,2.34,2.16,2.3,7.5,1.56
2006-04-21,0.0,1.56,20.5,26.4,16.7,64.8,8.0,15.5,50.0,83.3,17.94,30.62,2.06,2.34,5.7,2.3,1.28
2006-04-22,0.0,1.28,21.9,28.4,15.6,60.8,5.7,15.5,50.0,83.3,15.25,27.56,1.56,2.06,0.0,5.7,1.19
2006-04-23,0.0,1.19,23.9,29.4,18.3,58.3,0.0,15.5,26.5,83.3,12.96,24.81,1.28,1.56,0.0,0.0,1.19
2006-04-24,0.0,1.19,23.9,29.1,19.5,57.3,0.0,15.5,26.4,83.3,11.02,22.32,1.19,1.28,0.0,0.0,1.16
2006-04-25,0.0,1.16,22.4,26.8,20.1,64.3,0.0,8.0,17.6,79.8,9.37,20.09,1.19,1.19,0.0,0.0,1.16
2006-04-26,0.0,1.16,23.1,28.8,18.9,57.5,0.0,5.7,16.0,51.7,7.96,18.08,1.16,1.19,0.0,0.0,1.12
2006-04-27,0.0,1.12,23.7,29.2,19.0,60.0,0.0,0.0,15.5,51.7,6.77,16.27,1.16,1.16,0.0,0.0,1.12
2006-04-28,2.1,1.12,22.6,28.8,19.5,68.0,2.1,2.1,17.6,53.8,5.75,14.65,1.12,1.16,0.0,0.0,1.12
2006-04-29,5.2,1.12,22.0,27.6,19.0,69.3,7.3,7.3,22.8,58.9,6.67,15.07,1.12,1.12,2.1,0.0,1.12
2006-04-30,3.8,1.12,21.3,27.2,18.9,77.5,11.1,11.1,26.6,61.1,10.09,18.25,1.12,1.12,5.2,2.1,1.12
2006-05-01,3.8,1.12,22.0,27.4,18.2,70.5,12.8,14.9,30.4,64.9,11.81,19.84,1.12,1.12,3.8,5.2,1.12
2006-05-02,5.6,1.12,22.6,27.7,18.9,67.0,13.2,20.5,28.5,70.5,13.27,21.28,1.12,1.12,3.8,3.8,1.09
2006-05-03,0.1,1.09,22.9,28.3,18.9,59.0,9.5,20.6,26.3,70.6,16.04,24.19,1.12,1.12,5.6,3.8,1.09
2006-05-04,0.0,1.09,22.3,28.2,17.7,52.3,5.7,20.6,20.6,70.6,13.72,21.86,1.09,1.12,0.1,5.6,1.09
2006-05-05,0.0,1.09,21.7,28.4,16.9,56.5,0.1,18.5,20.6,70.6,11.66,19.67,1.09,1.09,0.0,0.1,1.09
2006-05-06,0.0,1.09,20.1,26.4,15.4,54.0,0.0,13.3,20.6,70.6,9.91,17.71,1.09,1.09,0.0,0.0,1.06
2006-05-07,0.0,1.06,19.7,25.3,16.0,62.5,0.0,9.5,20.6,70.6,8.42,15.94,1.09,1.09,0.0,0.0,1.06
2006-05-08,0.0,1.06,19.4,23.5,16.3,62.8,0.0,5.7,20.6,70.6,7.16,14.34,1.06,1.09,0.0,0.0,1.06
2006-05-09,0.0,1.06,20.5,25.7,17.3,65.3,0.0,0.1,20.6,47.1,6.09,12.91,1.06,1.06,0.0,0.0,1.06
2006-05-10,0.0,1.06,19.4,26.1,16.8,73.5,0.0,0.0,20.6,47.0,5.17,11.62,1.06,1.06,0.0,0.0,1.19
2006-05-11,12.8,1.19,19.2,24.8,16.7,73.0,12.8,12.8,33.4,51.0,4.4,10.46,1.06,1.06,0.0,0.0,1.22
2006-05-12,0.0,1.22,19.2,25.4,14.8,52.5,12.8,12.8,31.3,49.4,14.62,20.93,1.19,1.06,12.8,0.0,1.12
2006-05-13,0.0,1.12,19.4,25.4,14.4,53.8,12.8,12.8,26.1,48.9,12.43,18.84,1.22,1.19,0.0,12.8,1.09
2006-05-14,0.0,1.09,19.3,25.5,15.2,61.5,0.0,12.8,22.3,48.9,10.56,16.95,1.12,1.22,0.0,0.0,1.06
2006-05-15,0.0,1.06,19.9,25.4,16.0,62.0,0.0,12.8,18.5,48.9,8.98,15.26,1.09,1.12,0.0,0.0,1.06
2006-05-16,0.0,1.06,18.6,23.7,15.4,64.0,0.0,12.8,12.9,48.9,7.63,13.73,1.06,1.09,0.0,0.0,1.03
2006-05-17,0.0,1.03,18.1,23.3,14.6,54.5,0.0,12.8,12.8,48.9,6.49,12.36,1.06,1.06,0.0,0.0,1.03
2006-05-18,0.0,1.03,17.4,22.8,13.7,51.8,0.0,0.0,12.8,41.4,5.51,11.12,1.03,1.06,0.0,0.0,1.03
2006-05-19,0.0,1.03,17.4,23.2,13.1,50.8,0.0,0.0,12.8,39.1,4.69,10.01,1.03,1.03,0.0,0.0,1.03
2006-05-20,0.0,1.03,17.9,23.9,13.0,53.0,0.0,0.0,12.8,33.4,3.98,9.01,1.03,1.03,0.0,0.0,1.0
2006-05-21,0.0,1.0,19.6,25.5,14.0,56.3,0.0,0.0,12.8,33.4,3.39,8.11,1.03,1.03,0.0,0.0,1.0
2006-05-22,0.0,1.0,21.5,26.8,16.7,56.0,0.0,0.0,12.8,33.4,2.88,7.3,1.0,1.03,0.0,0.0,1.03
2006-05-23,0.0,1.03,20.7,25.8,17.6,66.5,0.0,0.0,12.8,33.4,2.45,6.57,1.0,1.0,0.0,0.0,1.03
2006-05-24,0.0,1.03,18.9,22.4,17.6,71.8,0.0,0.0,12.8,33.4,2.08,5.91,1.03,1.0,0.0,0.0,1.0
2006-05-25,0.0,1.0,18.6,22.9,15.5,70.8,0.0,0.0,0.0,33.4,1.77,5.32,1.03,1.03,0.0,0.0,1.0
2006-05-26,0.0,1.0,20.0,25.8,15.8,63.0,0.0,0.0,0.0,33.4,1.5,4.79,1.0,1.03,0.0,0.0,1.0
2006-05-27,0.0,1.0,20.5,26.4,16.0,62.8,0.0,0.0,0.0,33.4,1.28,4.31,1.0,1.0,0.0,0.0,1.0
2006-05-28,0.0,1.0,21.2,28.6,15.4,57.0,0.0,0.0,0.0,31.3,1.09,3.88,1.0,1.0,0.0,0.0,0.97
2006-05-29,0.0,0.97,21.8,27.8,16.9,55.0,0.0,0.0,0.0,26.1,0.92,3.49,1.0,1.0,0.0,0.0,0.97
2006-05-30,0.0,0.97,21.1,27.5,17.1,60.5,0.0,0.0,0.0,22.3,0.78,3.14,0.97,1.0,0.0,0.0,0.97
2006-05-31,0.0,0.97,20.9,26.8,15.6,55.0,0.0,0.0,0.0,18.5,0.67,2.83,0.97,0.97,0.0,0.0,0.97
2006-06-01,0.0,0.97,21.7,27.6,16.5,54.5,0.0,0.0,0.0,12.9,0.57,2.54,0.97,0.97,0.0,0.0,0.94
2006-06-02,0.0,0.94,19.0,23.4,15.7,61.0,0.0,0.0,0.0,12.8,0.48,2.29,0.97,0.97,0.0,0.0,0.94
2006-06-03,0.0,0.94,17.6,22.1,14.0,59.3,0.0,0.0,0.0,12.8,0.41,2.06,0.94,0.97,0.0,0.0,0.94
2006-06-04,0.0,0.94,16.1,18.8,14.2,57.3,0.0,0.0,0.0,12.8,0.35,1.86,0.94,0.94,0.0,0.0,0.94
2006-06-05,0.0,0.94,17.2,22.7,12.2,55.0,0.0,0.0,0.0,12.8,0.3,1.67,0.94,0.94,0.0,0.0,0.94
2006-06-06,0.0,0.94,18.6,24.1,13.2,57.5,0.0,0.0,0.0,12.8,0.25,1.5,0.94,0.94,0.0,0.0,0.94
2006-06-07,0.0,0.94,18.7,23.7,14.2,57.3,0.0,0.0,0.0,12.8,0.21,1.35,0.94,0.94,0.0,0.0,0.91
2006-06-08,0.0,0.91,18.5,22.6,15.2,60.8,0.0,0.0,0.0,12.8,0.18,1.22,0.94,0.94,0.0,0.0,0.91
2006-06-09,0.0,0.91,18.3,21.3,15.4,67.5,0.0,0.0,0.0,12.8,0.15,1.1,0.91,0.94,0.0,0.0,0.91
2006-06-10,0.0,0.91,18.3,23.0,15.0,69.8,0.0,0.0,0.0,0.0,0.13,0.99,0.91,0.91,0.0,0.0,0.91
2006-06-11,0.0,0.91,19.7,26.2,14.6,55.3,0.0,0.0,0.0,0.0,0.11,0.89,0.91,0.91,0.0,0.0,0.91
2006-06-12,0.0,0.91,20.1,25.5,15.4,62.3,0.0,0.0,0.0,0.0,0.09,0.8,0.91,0.91,0.0,0.0,0.91
2006-06-13,0.0,0.91,18.1,21.7,16.3,71.0,0.0,0.0,0.0,0.0,0.08,0.72,0.91,0.91,0.0,0.0,0.87
2006-06-14,0.0,0.87,18.2,23.5,14.2,59.3,0.0,0.0,0.0,0.0,0.07,0.65,0.91,0.91,0.0,0.0,0.87
2006-06-15,0.0,0.87,17.6,24.8,12.0,54.0,0.0,0.0,0.0,0.0,0.06,0.58,0.87,0.91,0.0,0.0,0.87
2006-06-16,0.0,0.87,19.2,26.2,12.6,48.0,0.0,0.0,0.0,0.0,0.05,0.52,0.87,0.87,0.0,0.0,0.87
2006-06-17,0.0,0.87,19.6,25.2,15.6,54.5,0.0,0.0,0.0,0.0,0.04,0.47,0.87,0.87,0.0,0.0,0.87
2006-06-18,0.0,0.87,18.2,22.3,15.7,57.0,0.0,0.0,0.0,0.0,0.04,0.42,0.87,0.87,0.0,0.0,0.85
2006-06-19,0.0,0.85,17.8,22.5,13.8,62.8,0.0,0.0,0.0,0.0,0.03,0.38,0.87,0.87,0.0,0.0,0.85
2006-06-20,0.0,0.85,17.2,20.2,14.9,64.8,0.0,0.0,0.0,0.0,0.03,0.34,0.85,0.87,0.0,0.0,0.85
2006-06-21,0.0,0.85,18.1,22.5,14.4,63.5,0.0,0.0,0.0,0.0,0.02,0.31,0.85,0.85,0.0,0.0,0.85
2006-06-22,1.1,0.85,18.2,22.2,15.6,72.5,1.1,1.1,1.1,1.1,0.02,0.28,0.85,0.85,0.0,0.0,0.85
2006-06-23,0.0,0.85,19.0,23.9,15.2,60.8,1.1,1.1,1.1,1.1,0.95,1.24,0.85,0.85,1.1,0.0,0.85
2006-06-24,0.0,0.85,17.9,22.6,14.8,65.8,1.1,1.1,1.1,1.1,0.81,1.12,0.85,0.85,0.0,1.1,0.83
2006-06-25,0.0,0.83,18.2,22.0,15.5,65.8,0.0,1.1,1.1,1.1,0.69,1.0,0.85,0.85,0.0,0.0,0.83
2006-06-26,0.0,0.83,18.7,26.1,14.7,68.3,0.0,1.1,1.1,1.1,0.58,0.9,0.83,0.85,0.0,0.0,0.83
2006-06-27,2.3,0.83,19.8,24.6,15.8,62.3,2.3,3.4,3.4,3.4,0.5,0.81,0.83,0.83,0.0,0.0,0.81
2006-06-28,0.0,0.81,16.3,22.6,12.1,60.5,2.3,3.4,3.4,3.4,2.38,2.8,0.83,0.83,2.3,0.0,0.81
2006-06-29,0.0,0.81,15.6,18.8,13.6,76.8,2.3,2.3,3.4,3.4,2.02,2.52,0.81,0.83,0.0,2.3,0.81
2006-06-30,0.0,0.81,17.3,22.2,14.2,70.8,0.0,2.3,3.4,3.4,1.72,2.27,0.81,0.81,0.0,0.0,0.8
2006-07-01,0.0,0.8,17.7,22.3,13.5,54.0,0.0,2.3,3.4,3.4,1.46,2.04,0.81,0.81,0.0,0.0,0.8
2006-07-02,0.0,0.8,17.3,22.6,14.0,59.5,0.0,2.3,3.4,3.4,1.24,1.84,0.8,0.81,0.0,0.0,0.8
2006-07-03,0.0,0.8,16.9,21.1,13.8,65.0,0.0,2.3,3.4,3.4,1.05,1.65,0.8,0.8,0.0,0.0,0.8
2006-07-04,0.0,0.8,16.4,20.3,13.9,71.8,0.0,0.0,3.4,3.4,0.9,1.49,0.8,0.8,0.0,0.0,0.78
2006-07-05,0.0,0.78,18.0,23.9,11.8,56.5,0.0,0.0,3.4,3.4,0.76,1.34,0.8,0.8,0.0,0.0,0.78
2006-07-06,0.0,0.78,17.9,22.0,13.2,56.0,0.0,0.0,2.3,3.4,0.65,1.21,0.78,0.8,0.0,0.0,0.78
2006-07-07,0.0,0.78,17.8,24.4,13.6,60.8,0.0,0.0,2.3,3.4,0.55,1.09,0.78,0.78,0.0,0.0,0.77
2006-07-08,0.0,0.77,19.0,26.8,12.4,56.3,0.0,0.0,2.3,3.4,0.47,0.98,0.78,0.78,0.0,0.0,0.77
2006-07-09,0.0,0.77,20.5,28.3,14.2,47.3,0.0,0.0,2.3,3.4,0.4,0.88,0.77,0.78,0.0,0.0,0.75
2006-07-10,0.0,0.75,21.2,29.0,15.0,48.8,0.0,0.0,2.3,3.4,0.34,0.79,0.77,0.77,0.0,0.0,0.75
2006-07-11,0.0,0.75,20.0,25.0,16.7,60.3,0.0,0.0,0.0,3.4,0.29,0.71,0.75,0.77,0.0,0.0,0.75
2006-07-12,0.0,0.75,18.5,23.6,15.4,56.0,0.0,0.0,0.0,3.4,0.24,0.64,0.75,0.75,0.0,0.0,0.75
2006-07-13,0.0,0.75,18.5,23.5,15.0,57.5,0.0,0.0,0.0,3.4,0.21,0.58,0.75,0.75,0.0,0.0,0.73
2006-07-14,0.0,0.73,17.7,22.3,14.6,55.5,0.0,0.0,0.0,3.4,0.18,0.52,0.75,0.75,0.0,0.0,0.73
2006-07-15,0.0,0.73,17.9,22.8,13.8,56.5,0.0,0.0,0.0,3.4,0.15,0.47,0.73,0.75,0.0,0.0,0.73
2006-07-16,0.0,0.73,18.2,23.3,13.8,53.8,0.0,0.0,0.0,3.4,0.13,0.42,0.73,0.73,0.0,0.0,0.72
2006-07-17,0.0,0.72,18.9,25.1,14.9,57.3,0.0,0.0,0.0,3.4,0.11,0.38,0.73,0.73,0.0,0.0,0.72
2006-07-18,0.0,0.72,18.0,23.7,13.8,52.0,0.0,0.0,0.0,3.4,0.09,0.34,0.72,0.73,0.0,0.0,0.72
2006-07-19,0.0,0.72,18.7,25.4,12.6,45.3,0.0,0.0,0.0,3.4,0.08,0.31,0.72,0.72,0.0,0.0,0.7
2006-07-20,0.0,0.7,19.3,26.6,12.8,39.0,0.0,0.0,0.0,3.4,0.07,0.28,0.72,0.72,0.0,0.0,0.7
2006-07-21,0.0,0.7,20.2,26.8,14.0,40.3,0.0,0.0,0.0,3.4,0.06,0.25,0.7,0.72,0.0,0.0,0.7
2006-07-22,0.0,0.7,20.0,26.4,14.6,41.3,0.0,0.0,0.0,2.3,0.05,0.22,0.7,0.7,0.0,0.0,0.69
2006-07-23,0.0,0.69,19.8,27.2,13.8,41.3,0.0,0.0,0.0,2.3,0.04,0.2,0.7,0.7,0.0,0.0,0.69
2006-07-24,0.0,0.69,20.8,27.8,13.8,35.3,0.0,0.0,0.0,2.3,0.03,0.18,0.69,0.7,0.0,0.0,0.69
2006-07-25,0.0,0.69,20.7,27.6,14.4,45.3,0.0,0.0,0.0,2.3,0.03,0.16,0.69,0.69,0.0,0.0,0.69
2006-07-26,0.0,0.69,21.0,28.2,15.0,40.3,0.0,0.0,0.0,2.3,0.03,0.15,0.69,0.69,0.0,0.0,0.67
2006-07-27,0.0,0.67,21.1,28.6,13.8,38.0,0.0,0.0,0.0,0.0,0.02,0.13,0.69,0.69,0.0,0.0,0.67
2006-07-28,0.0,0.67,22.4,30.0,16.3,41.0,0.0,0.0,0.0,0.0,0.02,0.12,0.67,0.69,0.0,0.0,0.67
2006-07-29,0.0,0.67,23.5,29.4,17.5,41.3,0.0,0.0,0.0,0.0,0.02,0.11,0.67,0.67,0.0,0.0,0.66
2006-07-30,0.0,0.66,22.0,28.8,19.1,63.0,0.0,0.0,0.0,0.0,0.01,0.1,0.67,0.67,0.0,0.0,0.73
2006-07-31,7.1,0.73,19.3,22.9,17.9,76.5,7.1,7.1,7.1,7.1,0.01,0.09,0.66,0.67,0.0,0.0,0.73
2006-08-01,0.0,0.73,21.1,27.8,16.7,64.0,7.1,7.1,7.1,7.1,6.04,6.47,0.73,0.66,7.1,0.0,0.89
2006-08-02,0.0,0.89,21.7,29.0,16.9,58.8,7.1,7.1,7.1,7.1,5.14,5.82,0.73,0.73,0.0,7.1,0.95
2006-08-03,0.0,0.95,21.2,25.6,18.5,65.3,0.0,7.1,7.1,7.1,4.37,5.24,0.89,0.73,0.0,0.0,0.83
2006-08-04,0.0,0.83,21.9,27.3,18.3,59.0,0.0,7.1,7.1,7.1,3.71,4.72,0.95,0.89,0.0,0.0,0.75
2006-08-05,0.0,0.75,21.4,27.4,17.3,57.8,0.0,7.1,7.1,7.1,3.16,4.24,0.83,0.95,0.0,0.0,0.7
2006-08-06,0.0,0.7,21.1,26.6,17.5,56.5,0.0,7.1,7.1,7.1,2.68,3.82,0.75,0.83,0.0,0.0,0.69
2006-08-07,0.0,0.69,20.7,25.4,17.5,55.5,0.0,0.0,7.1,7.1,2.28,3.44,0.7,0.75,0.0,0.0,0.67
2006-08-08,0.0,0.67,20.9,27.6,17.0,44.0,0.0,0.0,7.1,7.1,1.94,3.09,0.69,0.7,0.0,0.0,0.66
2006-08-09,0.0,0.66,21.2,27.8,15.6,44.5,0.0,0.0,7.1,7.1,1.65,2.78,0.67,0.69,0.0,0.0,0.66
2006-08-10,0.0,0.66,21.9,28.7,16.5,52.5,0.0,0.0,7.1,7.1,1.4,2.51,0.66,0.67,0.0,0.0,0.64
2006-08-11,0.0,0.64,21.4,26.8,17.7,50.3,0.0,0.0,7.1,7.1,1.19,2.26,0.66,0.66,0.0,0.0,0.64
2006-08-12,0.0,0.64,20.5,25.4,16.8,51.3,0.0,0.0,7.1,7.1,1.01,2.03,0.64,0.66,0.0,0.0,0.63
2006-08-13,0.0,0.63,21.2,27.4,17.3,52.5,0.0,0.0,7.1,7.1,0.86,1.83,0.64,0.64,0.0,0.0,0.63
2006-08-14,0.0,0.63,21.1,27.6,16.3,53.0,0.0,0.0,0.0,7.1,0.73,1.64,0.63,0.64,0.0,0.0,0.63
2006-08-15,0.0,0.63,21.9,28.8,16.5,51.3,0.0,0.0,0.0,7.1,0.62,1.48,0.63,0.63,0.0,0.0,0.61
2006-08-16,0.0,0.61,23.1,30.0,17.0,45.8,0.0,0.0,0.0,7.1,0.53,1.33,0.63,0.63,0.0,0.0,0.58
2006-08-17,0.0,0.58,24.8,31.4,18.5,38.5,0.0,0.0,0.0,7.1,0.45,1.2,0.61,0.63,0.0,0.0,0.58
2006-08-18,0.0,0.58,22.5,28.3,18.8,52.5,0.0,0.0,0.0,7.1,0.38,1.08,0.58,0.61,0.0,0.0,0.57
2006-08-19,0.0,0.57,23.8,30.9,18.5,47.3,0.0,0.0,0.0,7.1,0.32,0.97,0.58,0.58,0.0,0.0,0.57
2006-08-20,0.0,0.57,21.8,26.8,18.8,56.0,0.0,0.0,0.0,7.1,0.28,0.87,0.57,0.58,0.0,0.0,0.56
2006-08-21,0.0,0.56,22.2,29.0,17.3,30.8,0.0,0.0,0.0,7.1,0.23,0.79,0.57,0.57,0.0,0.0,0.58
2006-08-22,0.0,0.58,18.0,23.0,14.9,67.0,0.0,0.0,0.0,7.1,0.2,0.71,0.56,0.57,0.0,0.0,0.58
2006-08-23,0.0,0.58,20.6,27.8,15.8,54.3,0.0,0.0,0.0,7.1,0.17,0.64,0.58,0.56,0.0,0.0,0.57
2006-08-24,0.0,0.57,22.0,28.5,16.6,47.3,0.0,0.0,0.0,7.1,0.14,0.57,0.58,0.58,0.0,0.0,0.56
2006-08-25,0.0,0.56,21.3,26.7,17.5,49.3,0.0,0.0,0.0,7.1,0.12,0.52,0.57,0.58,0.0,0.0,0.56
2006-08-26,0.0,0.56,20.0,25.8,17.1,57.5,0.0,0.0,0.0,7.1,0.1,0.46,0.56,0.57,0.0,0.0,0.55
2006-08-27,0.0,0.55,20.3,25.4,17.3,61.5,0.0,0.0,0.0,7.1,0.09,0.42,0.56,0.56,0.0,0.0,0.55
2006-08-28,0.0,0.55,19.9,22.7,18.3,79.0,0.0,0.0,0.0,7.1,0.08,0.38,0.55,0.56,0.0,0.0,0.56
2006-08-29,15.2,0.56,20.4,27.8,17.3,68.0,15.2,15.2,15.2,22.3,0.06,0.34,0.55,0.55,0.0,0.0,0.56
2006-08-30,0.0,0.56,16.0,20.4,12.8,62.5,15.2,15.2,15.2,15.2,12.97,13.98,0.56,0.55,15.2,0.0,0.55
2006-08-31,0.0,0.55,18.2,22.9,13.6,57.5,15.2,15.2,15.2,15.2,11.03,12.59,0.56,0.56,0.0,15.2,0.54
2006-09-01,0.0,0.54,22.0,29.5,15.4,49.5,0.0,15.2,15.2,15.2,9.37,11.33,0.55,0.56,0.0,0.0,0.55
2006-09-02,0.0,0.55,18.6,22.8,16.8,81.3,0.0,15.2,15.2,15.2,7.97,10.19,0.54,0.55,0.0,0.0,0.54
2006-09-03,3.5,0.54,21.6,28.4,16.3,57.0,3.5,18.7,18.7,18.7,6.77,9.18,0.55,0.54,0.0,0.0,0.61
2006-09-04,0.0,0.61,22.9,28.8,19.7,58.8,3.5,18.7,18.7,18.7,8.73,11.41,0.54,0.55,3.5,0.0,0.58
2006-09-05,1.3,0.58,17.8,26.8,14.2,63.0,4.8,4.8,20.0,20.0,7.42,10.27,0.61,0.54,0.0,3.5,0.57
2006-09-06,0.0,0.57,14.8,18.2,12.4,67.8,1.3,4.8,20.0,20.0,7.41,10.41,0.58,0.61,1.3,0.0,0.56
2006-09-07,0.0,0.56,15.9,20.7,12.8,66.0,1.3,4.8,20.0,20.0,6.3,9.37,0.57,0.58,0.0,1.3,0.54
2006-09-08,0.0,0.54,18.2,23.9,14.2,55.5,0.0,4.8,20.0,20.0,5.36,8.43,0.56,0.57,0.0,0.0,0.52
2006-09-09,0.0,0.52,18.1,25.0,13.3,51.3,0.0,4.8,20.0,20.0,4.55,7.59,0.54,0.56,0.0,0.0,0.52
2006-09-10,0.0,0.52,20.2,26.2,15.4,50.8,0.0,1.3,20.0,20.0,3.87,6.83,0.52,0.54,0.0,0.0,0.51
2006-09-11,0.0,0.51,21.6,27.1,17.5,56.3,0.0,1.3,20.0,20.0,3.29,6.15,0.52,0.52,0.0,0.0,0.5
2006-09-12,0.0,0.5,21.6,28.8,16.9,48.0,0.0,0.0,4.8,20.0,2.8,5.53,0.51,0.52,0.0,0.0,0.5
2006-09-13,0.0,0.5,22.3,29.9,16.9,39.5,0.0,0.0,4.8,20.0,2.38,4.98,0.5,0.51,0.0,0.0,0.49
2006-09-14,0.0,0.49,23.0,30.0,16.0,38.0,0.0,0.0,4.8,20.0,2.02,4.48,0.5,0.5,0.0,0.0,0.49
2006-09-15,0.0,0.49,23.6,31.4,16.0,40.8,0.0,0.0,4.8,20.0,1.72,4.03,0.49,0.5,0.0,0.0,0.49
2006-09-16,0.0,0.49,25.7,33.0,18.9,38.5,0.0,0.0,4.8,20.0,1.46,3.63,0.49,0.49,0.0,0.0,0.48
2006-09-17,0.0,0.48,24.3,30.7,19.7,45.8,0.0,0.0,1.3,20.0,1.24,3.27,0.49,0.49,0.0,0.0,0.55
2006-09-18,0.0,0.55,22.2,29.6,18.7,61.3,0.0,0.0,1.3,20.0,1.05,2.94,0.48,0.49,0.0,0.0,0.56
2006-09-19,7.8,0.56,20.2,24.4,17.3,70.0,7.8,7.8,7.8,27.8,0.9,2.65,0.55,0.48,0.0,0.0,0.54
2006-09-20,0.0,0.54,22.4,27.8,17.5,67.0,7.8,7.8,7.8,27.8,7.39,9.4,0.56,0.55,7.8,0.0,0.64
2006-09-21,0.0,0.64,21.8,26.1,17.6,69.3,7.8,7.8,7.8,27.8,6.28,8.46,0.54,0.56,0.0,7.8,0.91
2006-09-22,0.0,0.91,21.6,25.0,19.5,81.0,0.0,7.8,7.8,27.8,5.34,7.62,0.64,0.54,0.0,0.0,0.89
2006-09-23,45.5,0.89,23.8,30.2,18.3,61.5,45.5,53.3,53.3,73.3,4.54,6.85,0.91,0.64,0.0,0.0,0.7
2006-09-24,7.5,0.7,21.7,27.2,19.1,72.0,53.0,60.8,60.8,80.8,42.53,47.12,0.89,0.91,45.5,0.0,0.59
2006-09-25,1.3,0.59,21.3,27.5,18.4,73.3,54.3,62.1,62.1,82.1,42.53,49.16,0.7,0.89,7.5,45.5,0.55
2006-09-26,0.3,0.55,19.8,23.9,18.3,72.0,9.1,54.6,62.4,82.4,37.25,45.41,0.59,0.7,1.3,7.5,0.54
2006-09-27,0.0,0.54,18.8,23.0,16.3,60.0,1.6,54.6,62.4,82.4,31.92,41.14,0.55,0.59,0.3,1.3,0.52
2006-09-28,0.0,0.52,19.8,25.0,14.8,52.5,0.3,54.6,62.4,67.2,27.13,37.03,0.54,0.55,0.0,0.3,0.5
2006-09-29,0.0,0.5,22.9,30.4,16.0,47.5,0.0,54.6,62.4,67.2,23.06,33.32,0.52,0.54,0.0,0.0,0.49
2006-09-30,0.0,0.49,22.1,27.2,19.3,61.5,0.0,9.1,62.4,67.2,19.6,29.99,0.5,0.52,0.0,0.0,0.49
2006-10-01,0.2,0.49,21.0,23.8,19.3,66.3,0.2,1.8,62.6,67.4,16.66,26.99,0.49,0.5,0.0,0.0,0.58
2006-10-02,0.0,0.58,19.9,22.5,18.5,81.0,0.2,0.5,62.6,67.4,14.33,24.47,0.49,0.49,0.2,0.0,0.58
2006-10-03,3.0,0.58,21.5,25.7,18.1,70.0,3.2,3.2,57.8,66.9,12.18,22.03,0.58,0.49,0.0,0.2,0.65
2006-10-04,0.0,0.65,24.1,28.6,19.3,54.5,3.0,3.2,57.8,66.9,12.91,22.52,0.58,0.58,3.0,0.0,0.63
2006-10-05,0.0,0.63,23.7,27.9,20.5,62.3,3.0,3.2,57.8,65.6,10.97,20.27,0.65,0.58,0.0,3.0,0.56
2006-10-06,0.0,0.56,23.1,26.6,20.5,65.0,0.0,3.2,57.8,65.6,9.32,18.24,0.63,0.65,0.0,0.0,0.73
2006-10-07,0.0,0.73,20.8,23.0,19.9,83.5,0.0,3.2,12.3,65.6,7.93,16.42,0.56,0.63,0.0,0.0,0.7
2006-10-08,3.1,0.7,22.3,26.8,18.5,68.5,3.1,6.1,7.9,68.7,6.74,14.78,0.73,0.56,0.0,0.0,0.81
2006-10-09,0.0,0.81,20.9,24.0,19.6,81.5,3.1,6.1,6.6,68.7,8.36,16.09,0.7,0.73,3.1,0.0,0.7
2006-10-10,6.8,0.7,20.4,22.5,18.9,65.3,9.9,9.9,13.1,75.5,7.11,14.48,0.81,0.7,0.0,3.1,0.6
2006-10-11,0.1,0.6,21.7,26.8,18.3,60.8,6.9,10.0,13.2,75.6,11.82,19.15,0.7,0.81,6.8,0.0,0.54
2006-10-12,0.0,0.54,23.8,30.4,18.9,63.8,6.9,10.0,13.2,75.6,10.13,17.33,0.6,0.7,0.1,6.8,0.8
2006-10-13,0.0,0.8,23.0,27.7,20.3,72.5,0.1,10.0,13.2,75.6,8.61,15.59,0.54,0.6,0.0,0.1,1.24
2006-10-14,0.0,1.24,22.7,27.8,19.7,74.8,0.0,10.0,13.2,75.6,7.32,14.04,0.8,0.54,0.0,0.0,1.31
2006-10-15,7.8,1.31,23.3,28.3,18.7,65.0,7.8,14.7,20.8,83.4,6.22,12.63,1.24,0.8,0.0,0.0,0.96
2006-10-16,0.0,0.96,23.8,28.5,20.5,60.3,7.8,14.7,20.8,83.4,11.92,18.39,1.31,1.24,7.8,0.0,0.69
2006-10-17,0.0,0.69,24.2,30.6,21.1,67.8,7.8,7.9,17.8,83.4,10.13,16.55,0.96,1.31,0.0,7.8,0.66
2006-10-18,0.0,0.66,23.4,27.4,21.4,69.8,0.0,7.8,17.8,83.4,8.61,14.89,0.69,0.96,0.0,0.0,1.97
2006-10-19,4.9,1.97,21.7,23.6,20.5,90.5,4.9,12.7,22.7,80.5,7.32,13.41,0.66,0.69,0.0,0.0,3.44
2006-10-20,31.3,3.44,21.5,26.8,18.8,68.5,36.2,44.0,54.0,111.8,10.39,16.47,1.97,0.66,4.9,0.0,2.88
2006-10-21,0.1,2.88,19.2,23.3,16.3,67.3,36.3,44.1,54.1,111.9,35.43,43.0,3.44,1.97,31.3,4.9,1.9
2006-10-22,0.0,1.9,19.4,24.5,16.5,68.0,31.4,36.3,51.0,111.9,30.2,38.79,2.88,3.44,0.1,31.3,1.4
2006-10-23,11.1,1.4,17.9,21.4,16.5,78.0,11.2,47.4,62.1,77.5,25.67,34.91,1.9,2.88,0.0,0.1,1.11
2006-10-24,0.2,1.11,17.9,22.7,14.7,69.5,11.3,47.6,55.5,70.2,31.26,41.41,1.4,1.9,11.1,0.0,0.81
2006-10-25,0.0,0.81,20.4,25.0,16.5,62.5,11.3,47.6,55.4,68.9,26.74,37.45,1.11,1.4,0.2,11.1,0.63
2006-10-26,0.0,0.63,22.6,28.6,17.6,60.3,0.2,42.7,55.4,68.6,22.73,33.7,0.81,1.11,0.0,0.2,0.56
2006-10-27,0.0,0.56,25.7,31.4,20.0,51.3,0.0,11.4,55.4,68.6,19.32,30.33,0.63,0.81,0.0,0.0,0.63
2006-10-28,1.3,0.63,23.6,30.2,19.5,66.8,1.3,12.6,56.7,69.9,16.42,27.3,0.56,0.63,0.0,0.0,0.59
2006-10-29,0.0,0.59,23.0,29.4,18.7,60.0,1.3,12.6,48.9,69.9,15.06,25.74,0.63,0.56,1.3,0.0,0.56
2006-10-30,0.0,0.56,24.2,30.5,19.9,61.0,1.3,1.5,48.9,69.9,12.8,23.17,0.59,0.63,0.0,1.3,0.65
2006-10-31,0.0,0.65,25.3,31.0,20.7,57.5,0.0,1.3,48.9,69.7,10.88,20.85,0.56,0.59,0.0,0.0,0.95
2006-11-01,0.1,0.95,23.0,27.8,20.7,76.8,0.1,1.4,49.0,69.8,9.25,18.76,0.65,0.56,0.0,0.0,1.36
2006-11-02,40.5,1.36,22.7,28.0,20.3,83.8,40.6,41.9,84.6,107.3,7.95,16.98,0.95,0.65,0.1,0.0,1.58
2006-11-03,4.0,1.58,22.1,28.1,18.9,81.8,44.6,45.9,57.3,111.3,41.18,51.73,1.36,0.95,40.5,0.1,1.81
2006-11-04,36.8,1.81,22.9,26.6,20.5,80.3,81.3,81.4,94.0,148.1,38.4,50.16,1.58,1.36,4.0,40.5,1.76
2006-11-05,1.2,1.76,22.2,25.4,19.9,72.5,42.0,82.6,95.2,149.3,63.92,78.26,1.81,1.58,36.8,4.0,1.19
2006-11-06,0.0,1.19,23.5,27.6,20.1,74.5,38.0,82.6,84.1,149.3,55.35,71.51,1.76,1.81,1.2,36.8,1.43
2006-11-07,0.0,1.43,22.8,27.2,20.3,83.0,1.2,82.6,83.9,146.2,47.05,64.36,1.19,1.76,0.0,1.2,2.01
2006-11-08,16.2,2.01,22.2,28.5,18.9,72.8,16.2,98.7,100.1,162.4,39.99,57.93,1.43,1.19,0.0,0.0,1.62
2006-11-09,0.3,1.62,20.3,25.0,17.7,75.8,16.5,58.5,100.4,155.9,47.76,66.71,2.01,1.43,16.2,0.0,1.65
2006-11-10,2.8,1.65,16.5,19.4,14.6,86.0,19.3,57.3,103.2,158.6,40.85,60.31,1.62,2.01,0.3,16.2,2.37
2006-11-11,16.3,2.37,15.7,18.2,14.7,79.0,19.4,36.8,118.2,174.9,37.11,56.8,1.65,1.62,2.8,0.3,2.16
2006-11-12,3.8,2.16,15.9,19.9,13.2,75.5,22.9,39.4,122.0,178.7,45.4,65.79,2.37,1.65,16.3,2.8,1.74
2006-11-13,0.1,1.74,19.0,24.1,14.6,66.3,20.2,39.5,122.1,178.8,41.82,62.63,2.16,2.37,3.8,16.3,1.65
2006-11-14,0.0,1.65,19.4,23.3,15.8,82.3,3.9,39.5,122.1,171.0,35.63,56.46,1.74,2.16,0.1,3.8,1.55
2006-11-15,7.5,1.55,21.2,24.4,17.7,63.5,7.6,30.8,129.5,178.5,30.28,50.81,1.65,1.74,0.0,0.1,1.44
2006-11-16,0.4,1.44,23.6,29.0,19.3,55.5,7.9,30.9,89.4,178.9,32.12,52.48,1.55,1.65,7.5,0.0,1.06
2006-11-17,0.0,1.06,24.5,30.6,18.7,50.8,7.9,28.1,85.4,178.9,27.64,47.59,1.44,1.55,0.4,7.5,0.8
2006-11-18,0.0,0.8,24.9,30.8,20.1,57.5,0.4,11.8,48.6,174.0,23.49,42.83,1.06,1.44,0.0,0.4,0.83
2006-11-19,11.6,0.83,24.8,30.6,21.1,73.5,11.6,19.6,59.0,154.3,19.97,38.55,0.8,1.06,0.0,0.0,1.42
2006-11-20,26.5,1.42,23.5,27.8,19.1,69.3,38.1,46.0,85.5,180.7,26.83,45.14,0.83,0.8,11.6,0.0,2.78
2006-11-21,0.0,2.78,23.8,30.5,20.5,67.0,38.1,46.0,85.5,180.7,45.33,64.47,1.42,0.83,26.5,11.6,3.65
2006-11-22,29.3,3.65,23.8,29.4,20.3,67.5,55.8,67.8,98.6,198.9,38.53,58.02,2.78,1.42,0.0,26.5,3.39
2006-11-23,0.8,3.39,23.4,28.6,21.1,73.5,30.1,68.2,99.1,199.5,57.66,78.59,3.65,2.78,29.3,0.0,3.25
2006-11-24,15.7,3.25,23.4,28.6,19.9,66.5,45.8,83.9,112.0,215.2,49.69,71.45,3.39,3.65,0.8,29.3,2.69
2006-11-25,0.8,2.69,24.1,29.0,20.6,60.8,17.3,84.7,96.5,216.0,55.58,78.44,3.25,3.39,15.7,0.8,1.95
2006-11-26,0.3,1.95,23.6,28.8,20.7,72.8,16.8,73.4,93.0,216.3,47.92,71.31,2.69,3.25,0.8,15.7,1.39
2006-11-27,0.0,1.39,23.8,28.4,20.5,66.3,1.1,46.9,92.9,215.0,40.99,64.45,1.95,2.69,0.3,0.8,1.17
2006-11-28,16.8,1.17,21.9,26.3,19.9,86.8,17.1,63.7,109.7,231.8,34.84,58.01,1.39,1.95,0.0,0.3,1.42
2006-11-29,13.6,1.42,22.0,26.4,19.5,86.8,30.4,48.0,115.8,245.4,43.9,67.33,1.17,1.39,16.8,0.0,2.28
2006-11-30,78.3,2.28,21.4,24.8,20.0,90.0,108.7,125.5,193.7,323.7,48.87,72.83,1.42,1.17,13.6,16.8,3.97
2006-12-01,48.5,3.97,21.7,24.3,20.1,73.5,140.4,158.3,242.2,372.1,108.1,136.02,2.28,1.42,78.3,13.6,5.4
2006-12-02,3.6,5.4,21.5,25.5,18.6,69.5,130.4,161.1,245.8,335.2,133.11,166.07,3.97,2.28,48.5,78.3,4.11
2006-12-03,0.0,4.11,23.4,28.2,18.9,62.8,52.1,160.8,234.2,331.2,116.2,152.7,5.4,3.97,3.6,48.5,3.0
2006-12-04,0.0,3.0,24.2,29.4,20.3,60.3,3.6,160.8,207.7,294.4,98.77,137.43,4.11,5.4,0.0,3.6,2.28
2006-12-05,0.0,2.28,22.4,26.3,20.1,80.0,0.0,144.0,207.7,293.2,83.95,123.69,3.0,4.11,0.0,0.0,2.27
2006-12-06,0.0,2.27,24.3,29.4,19.3,65.3,0.0,130.4,178.4,293.2,71.36,111.32,2.28,3.0,0.0,0.0,2.52
2006-12-07,8.2,2.52,22.5,28.3,19.9,79.3,8.2,60.3,185.8,301.4,60.66,100.19,2.27,2.28,0.0,0.0,3.99
2006-12-08,35.1,3.99,21.7,27.2,18.3,75.3,43.3,46.9,205.2,320.3,58.53,97.55,2.52,2.27,8.2,0.0,6.83
2006-12-09,46.8,6.83,21.4,25.8,19.7,90.0,90.1,90.1,251.2,366.8,79.58,119.38,3.99,2.52,35.1,8.2,10.07
2006-12-10,2.8,10.07,22.6,26.8,20.1,81.8,84.7,92.9,253.7,366.8,107.43,149.57,6.83,3.99,46.8,35.1,9.16
2006-12-11,0.9,9.16,21.5,23.9,20.0,83.3,50.5,93.8,254.6,351.4,93.69,137.13,10.07,6.83,2.8,46.8,7.79
2006-12-12,21.3,7.79,21.2,24.7,18.9,80.3,25.0,115.1,259.1,368.9,80.4,124.23,9.16,10.07,0.9,2.8,6.85
2006-12-13,3.1,6.85,21.0,23.4,19.5,86.3,25.3,118.2,248.6,371.9,86.45,130.97,7.79,9.16,21.3,0.9,8.23
2006-12-14,4.8,8.23,21.7,24.6,19.5,80.8,29.2,114.8,175.1,376.7,76.12,120.67,6.85,7.79,3.1,21.3,9.26
2006-12-15,29.3,9.26,20.6,22.5,19.5,89.8,37.2,109.0,155.9,398.5,68.78,112.92,8.23,6.85,4.8,3.1,8.73
2006-12-16,17.8,8.73,20.6,23.5,18.8,87.3,51.9,80.0,170.1,415.9,83.37,128.0,9.26,8.23,29.3,4.8,8.35
2006-12-17,1.9,8.35,22.8,27.0,19.3,73.8,49.0,79.1,172.0,417.8,85.99,131.22,8.73,9.26,17.8,29.3,7.15
2006-12-18,0.3,7.15,24.3,29.4,20.3,61.8,20.0,78.5,172.3,418.1,74.71,119.81,8.35,8.73,1.9,17.8,5.98
2006-12-19,0.0,5.98,24.4,30.8,20.4,64.3,2.2,57.2,172.3,406.5,63.76,108.1,7.15,8.35,0.3,1.9,4.92
2006-12-20,0.0,4.92,23.0,27.8,19.5,74.5,0.3,54.1,172.3,380.0,54.19,97.29,5.98,7.15,0.0,0.3,3.89
2006-12-21,17.8,3.89,24.7,30.4,19.8,60.3,17.8,67.1,181.9,397.8,46.06,87.56,4.92,5.98,0.0,0.0,3.02
2006-12-22,0.0,3.02,26.5,32.4,20.9,58.5,17.8,37.8,146.8,368.5,54.28,94.82,3.89,4.92,17.8,0.0,2.28
2006-12-23,0.0,2.28,26.9,32.2,23.2,57.0,17.8,20.0,100.0,367.7,46.14,85.34,3.02,3.89,0.0,17.8,1.64
2006-12-24,0.0,1.64,27.2,32.1,22.4,46.0,0.0,18.1,97.2,352.0,39.22,76.81,2.28,3.02,0.0,0.0,1.45
2006-12-25,0.0,1.45,23.6,29.4,20.8,69.5,0.0,17.8,96.3,351.2,33.34,69.12,1.64,2.28,0.0,0.0,2.37
2006-12-26,1.6,2.37,23.9,29.8,20.9,75.0,1.6,19.4,76.6,352.5,28.34,62.21,1.45,1.64,0.0,0.0,3.46
2006-12-27,1.3,3.46,22.4,27.7,20.5,86.8,2.9,20.7,74.8,353.8,25.45,57.43,2.37,1.45,1.6,0.0,5.73
2006-12-28,13.9,5.73,23.8,29.6,20.5,70.8,16.8,16.8,83.9,350.9,22.73,52.86,3.46,2.37,1.3,1.6,11.59
2006-12-29,1.8,11.59,22.6,27.6,20.8,78.3,17.0,18.6,56.4,339.1,31.14,60.08,5.73,3.46,13.9,1.3,19.09
2006-12-30,15.5,19.09,22.8,26.6,20.6,74.3,31.2,34.1,54.1,276.3,28.0,55.69,11.59,5.73,1.8,13.9,17.54
2006-12-31,3.8,17.54,20.7,22.5,19.3,79.5,21.1,37.9,56.0,231.6,36.97,64.07,19.09,11.59,15.5,1.8,15.37
2007-01-01,0.1,15.37,20.7,22.3,19.5,76.5,19.4,38.0,55.8,228.1,34.66,61.09,17.54,19.09,3.8,15.5,14.67
2007-01-02,0.0,14.67,20.7,25.4,18.7,85.8,3.9,36.4,55.8,228.1,29.54,55.07,15.37,17.54,0.1,3.8,15.79
2007-01-03,45.8,15.79,20.6,22.6,18.9,90.3,45.9,80.9,101.6,273.9,25.11,49.56,14.67,15.37,0.0,0.1,18.82
2007-01-04,15.5,18.82,20.7,23.5,19.7,86.8,61.3,82.5,99.3,289.4,60.28,85.83,15.79,14.67,45.8,0.0,17.97
2007-01-05,9.8,17.97,20.7,23.3,19.6,92.0,71.1,90.5,109.1,299.2,64.41,91.19,18.82,15.79,15.5,45.8,15.41
2007-01-06,18.6,15.41,20.9,25.7,17.9,84.3,43.9,93.6,127.7,309.6,63.08,90.89,17.97,18.82,9.8,15.5,13.03
2007-01-07,0.8,13.03,24.2,30.0,20.0,67.5,29.2,90.6,128.5,275.3,69.43,98.54,15.41,17.97,18.6,9.8,11.11
2007-01-08,3.6,11.11,24.6,31.4,20.5,62.8,23.0,94.1,132.1,232.1,59.69,89.41,13.03,15.41,0.8,18.6,10.4
2007-01-09,7.5,10.4,24.3,31.2,21.1,70.8,11.9,101.6,138.0,236.8,53.8,83.71,11.11,13.03,3.6,0.8,12.15
2007-01-10,64.4,12.15,23.9,30.0,20.0,80.3,75.5,120.2,201.1,300.3,52.1,82.09,10.4,11.11,7.5,3.6,11.91
2007-01-11,1.3,11.91,24.7,29.7,20.5,73.0,73.2,106.0,188.5,280.3,99.03,131.84,12.15,10.4,64.4,7.5,11.33
2007-01-12,1.2,11.33,25.6,31.4,21.1,65.0,66.9,97.4,187.9,278.4,85.28,119.83,11.91,12.15,1.3,64.4,10.27
2007-01-13,3.9,10.27,23.5,26.8,22.2,83.5,6.4,82.7,176.3,277.5,73.51,108.92,11.33,11.91,1.2,1.3,10.43
2007-01-14,15.2,10.43,22.0,25.2,20.3,88.5,20.3,97.1,187.7,263.4,65.8,101.54,10.27,11.33,3.9,1.2,11.74
2007-01-15,4.0,11.74,22.8,28.0,21.1,90.8,23.1,97.5,191.6,249.6,68.85,105.07,10.43,10.27,15.2,3.9,12.15
2007-01-16,12.2,12.15,23.1,29.2,20.3,77.8,31.4,102.2,203.8,259.9,61.92,98.16,11.74,10.43,4.0,15.2,11.62
2007-01-17,0.2,11.62,25.4,30.8,21.6,60.5,16.4,38.0,158.2,259.8,63.0,99.32,12.15,11.74,12.2,4.0,10.04
2007-01-18,0.0,10.04,25.4,30.4,21.8,60.0,12.4,36.7,142.7,259.8,53.72,89.57,11.62,12.15,0.2,12.2,8.2
2007-01-19,0.0,8.2,26.1,31.2,20.5,60.3,0.2,35.5,132.9,259.8,45.66,80.61,10.04,11.62,0.0,0.2,7.04
2007-01-20,0.2,7.04,24.9,29.7,20.1,62.8,0.2,31.8,114.5,242.2,38.81,72.55,8.2,10.04,0.0,0.0,5.67
2007-01-21,8.2,5.67,25.1,30.5,22.4,68.3,8.4,24.8,121.9,250.4,33.16,65.48,7.04,8.2,0.2,0.0,5.41
2007-01-22,8.3,5.41,23.8,28.0,22.2,72.8,16.7,29.1,126.6,258.7,35.16,66.31,5.67,7.04,8.2,0.2,6.91
2007-01-23,0.1,6.91,21.4,27.0,19.3,86.5,16.6,17.0,119.2,258.8,36.94,67.15,5.41,5.67,8.3,8.2,8.35
2007-01-24,23.3,8.35,22.6,28.7,19.2,78.3,31.7,40.1,78.1,282.1,31.48,60.52,6.91,5.41,0.1,8.3,9.52
2007-01-25,15.8,9.52,22.6,27.4,20.3,78.0,39.2,55.9,92.6,296.3,46.57,75.44,8.35,6.91,23.3,0.1,8.77
2007-01-26,1.5,8.77,24.0,30.9,20.3,70.5,40.6,57.4,92.9,296.5,53.01,82.12,9.52,8.35,15.8,23.3,7.91
2007-01-27,30.8,7.91,22.0,28.8,19.9,89.5,48.1,88.0,119.8,313.4,46.33,75.26,8.77,9.52,1.5,15.8,7.41
2007-01-28,21.2,7.41,23.8,27.4,20.3,73.8,53.5,101.0,125.8,332.8,65.56,95.45,7.91,8.77,30.8,1.5,8.73
2007-01-29,28.3,8.73,21.8,25.9,20.1,84.5,80.3,121.0,150.1,345.6,73.75,104.99,7.41,7.91,21.2,30.8,10.14
2007-01-30,24.8,10.14,21.0,22.7,19.6,92.3,74.3,145.7,162.7,366.6,86.74,119.96,8.73,7.41,28.3,21.2,11.59
2007-01-31,14.3,11.59,22.2,26.4,20.3,84.3,67.4,136.7,176.8,380.8,94.81,130.28,10.14,8.73,24.8,28.3,11.47
2007-02-01,1.3,11.47,23.0,27.8,20.1,77.8,40.4,122.2,178.1,382.1,92.74,130.12,11.59,10.14,14.3,24.8,9.79
2007-02-02,0.0,9.79,23.3,29.6,20.5,69.5,15.6,120.7,178.1,336.3,79.94,118.28,11.47,11.59,1.3,14.3,9.09
2007-02-03,4.8,9.09,22.5,26.0,19.6,79.5,6.1,94.7,182.7,325.6,67.95,106.45,9.79,11.47,0.0,1.3,10.53
2007-02-04,12.1,10.53,23.3,28.7,20.5,76.5,16.9,85.6,186.6,327.9,61.83,100.13,9.09,9.79,4.8,0.0,12.09
2007-02-05,2.8,12.09,22.6,28.3,20.5,80.3,19.7,60.1,181.1,312.1,62.84,101.0,10.53,9.09,12.1,4.8,13.35
2007-02-06,21.4,13.35,21.4,24.1,19.3,85.3,36.3,56.7,202.4,332.7,55.8,93.42,12.09,10.53,2.8,12.1,12.09
2007-02-07,14.9,12.09,23.0,26.8,20.0,72.8,39.1,57.3,194.0,344.0,65.62,103.34,13.35,12.09,21.4,2.8,10.3
2007-02-08,0.1,10.3,23.7,28.6,20.7,58.0,36.4,56.1,178.3,336.6,68.44,106.42,12.09,13.35,14.9,21.4,8.38
2007-02-09,0.0,8.38,24.2,29.1,20.7,61.3,15.0,56.1,176.8,272.2,58.26,95.87,10.3,12.09,0.1,14.9,6.73
2007-02-10,0.0,6.73,25.0,29.7,20.7,54.0,0.1,51.3,146.0,270.9,49.52,86.28,8.38,10.3,0.0,0.1,5.32
2007-02-11,0.0,5.32,26.5,31.2,21.4,52.8,0.0,39.2,124.8,269.7,42.09,77.65,6.73,8.38,0.0,0.0,4.4
2007-02-12,32.5,4.4,20.8,26.9,18.9,85.8,32.5,68.9,129.0,298.3,35.78,69.89,5.32,6.73,0.0,0.0,4.68
2007-02-13,18.8,4.68,19.7,23.1,17.6,77.5,51.3,66.3,123.0,301.9,58.04,92.15,4.4,5.32,32.5,0.0,4.61
2007-02-14,2.8,4.61,20.4,24.4,18.7,77.8,54.1,54.2,111.5,300.7,65.31,99.85,4.68,4.4,18.8,32.5,5.82
2007-02-15,0.0,5.82,22.4,28.5,18.8,74.8,21.6,54.1,110.2,288.5,57.89,92.39,4.61,4.68,2.8,18.8,4.92
2007-02-16,10.3,4.92,24.0,29.3,20.3,62.3,13.1,64.4,120.5,298.6,49.21,83.15,5.82,4.61,0.0,2.8,4.0
2007-02-17,0.0,4.0,25.0,29.7,21.6,65.3,10.3,64.4,115.7,298.6,50.58,84.1,4.92,5.82,10.3,0.0,3.67
2007-02-18,0.3,3.67,23.6,30.6,21.1,73.5,10.6,64.7,103.9,298.9,43.0,75.69,4.0,4.92,0.0,10.3,3.79
2007-02-19,8.2,3.79,23.5,27.1,21.1,72.0,8.5,40.4,109.3,306.9,36.8,68.39,3.67,4.0,0.3,0.0,4.22
2007-02-20,0.0,4.22,23.5,27.8,21.3,65.5,8.5,21.6,87.9,298.7,38.25,68.93,3.79,3.67,8.2,0.3,3.38
2007-02-21,0.0,3.38,23.6,28.7,20.7,56.3,8.2,18.8,73.0,290.4,32.51,62.04,4.22,3.79,0.0,8.2,2.5
2007-02-22,0.0,2.5,23.6,28.7,20.0,55.5,0.0,18.8,72.9,290.3,27.64,55.84,3.38,4.22,0.0,0.0,1.82
2007-02-23,0.0,1.82,24.4,29.7,20.8,53.8,0.0,8.5,72.9,267.0,23.49,50.25,2.5,3.38,0.0,0.0,1.5
2007-02-24,0.0,1.5,23.0,28.5,19.9,58.0,0.0,8.5,72.9,251.2,19.97,45.23,1.82,2.5,0.0,0.0,1.44
2007-02-25,0.0,1.44,23.1,27.8,19.5,59.3,0.0,8.2,72.9,249.7,16.97,40.71,1.5,1.82,0.0,0.0,1.47
2007-02-26,0.0,1.47,23.6,28.8,20.9,66.8,0.0,0.0,40.4,218.9,14.43,36.63,1.44,1.5,0.0,0.0,1.72
2007-02-27,0.0,1.72,22.6,26.6,20.5,63.5,0.0,0.0,21.6,197.7,12.26,32.97,1.47,1.44,0.0,0.0,1.45
2007-02-28,0.0,1.45,23.2,27.8,19.5,56.3,0.0,0.0,18.8,169.4,10.42,29.67,1.72,1.47,0.0,0.0,1.36
2007-03-01,0.0,1.36,23.6,28.6,19.9,55.8,0.0,0.0,18.8,144.6,8.86,26.71,1.45,1.72,0.0,0.0,1.33
2007-03-02,0.0,1.33,24.2,29.7,20.3,56.5,0.0,0.0,8.5,130.3,7.53,24.04,1.36,1.45,0.0,0.0,1.31
2007-03-03,0.0,1.31,23.7,27.9,20.5,59.5,0.0,0.0,8.5,129.0,6.4,21.63,1.33,1.36,0.0,0.0,1.3
2007-03-04,0.0,1.3,23.6,28.6,19.7,56.8,0.0,0.0,8.2,129.0,5.44,19.47,1.31,1.33,0.0,0.0,1.3
2007-03-05,0.0,1.3,23.9,28.8,19.9,51.3,0.0,0.0,0.0,124.2,4.62,17.52,1.3,1.31,0.0,0.0,1.28
2007-03-06,0.0,1.28,24.2,29.5,20.3,60.0,0.0,0.0,0.0,112.1,3.93,15.77,1.3,1.3,0.0,0.0,1.28
2007-03-07,0.0,1.28,24.3,30.8,19.7,58.5,0.0,0.0,0.0,109.3,3.34,14.19,1.28,1.3,0.0,0.0,1.26
2007-03-08,0.0,1.26,23.9,28.8,21.0,56.5,0.0,0.0,0.0,87.9,2.84,12.77,1.28,1.28,0.0,0.0,1.26
2007-03-09,0.0,1.26,24.5,30.2,20.3,48.0,0.0,0.0,0.0,73.0,2.41,11.5,1.26,1.28,0.0,0.0,1.25
2007-03-10,0.0,1.25,24.3,29.2,20.1,45.8,0.0,0.0,0.0,72.9,2.05,10.35,1.26,1.26,0.0,0.0,1.25
2007-03-11,0.0,1.25,24.2,29.6,20.2,53.3,0.0,0.0,0.0,72.9,1.74,9.31,1.25,1.26,0.0,0.0,1.23
2007-03-12,0.0,1.23,24.4,29.9,20.4,54.3,0.0,0.0,0.0,72.9,1.48,8.38,1.25,1.25,0.0,0.0,1.23
2007-03-13,0.0,1.23,24.4,29.6,20.5,53.8,0.0,0.0,0.0,72.9,1.26,7.54,1.23,1.25,0.0,0.0,1.22
2007-03-14,0.0,1.22,24.1,29.1,20.9,55.5,0.0,0.0,0.0,40.4,1.07,6.79,1.23,1.23,0.0,0.0,1.22
2007-03-15,0.0,1.22,24.5,30.2,20.1,54.3,0.0,0.0,0.0,21.6,0.91,6.11,1.22,1.23,0.0,0.0,1.22
2007-03-16,0.0,1.22,26.3,32.3,20.5,50.0,0.0,0.0,0.0,18.8,0.77,5.5,1.22,1.22,0.0,0.0,1.2
2007-03-17,0.0,1.2,25.6,30.8,21.1,61.3,0.0,0.0,0.0,18.8,0.66,4.95,1.22,1.22,0.0,0.0,1.38
2007-03-18,0.0,1.38,22.6,25.6,20.7,81.8,0.0,0.0,0.0,8.5,0.56,4.45,1.2,1.22,0.0,0.0,1.78
2007-03-19,19.0,1.78,24.7,29.2,20.1,64.8,19.0,19.0,19.0,27.5,0.48,4.01,1.38,1.2,0.0,0.0,1.5
2007-03-20,0.1,1.5,23.6,31.5,20.5,73.8,19.1,19.1,19.1,27.3,16.55,20.71,1.78,1.38,19.0,0.0,1.47
2007-03-21,43.9,1.47,24.2,30.0,19.1,65.0,63.0,63.0,63.0,63.0,14.16,18.73,1.5,1.78,0.1,19.0,1.56
2007-03-22,0.0,1.56,25.8,31.5,21.6,53.5,44.0,63.0,63.0,63.0,49.35,56.36,1.47,1.5,43.9,0.1,1.34
2007-03-23,0.0,1.34,25.9,31.2,22.0,54.3,43.9,63.0,63.0,63.0,41.95,50.73,1.56,1.47,0.0,43.9,1.28
2007-03-24,0.0,1.28,25.0,31.0,20.4,54.5,0.0,63.0,63.0,63.0,35.65,45.66,1.34,1.56,0.0,0.0,1.25
2007-03-25,0.0,1.25,25.4,30.5,21.4,51.8,0.0,63.0,63.0,63.0,30.31,41.09,1.28,1.34,0.0,0.0,1.22
2007-03-26,0.0,1.22,25.6,30.5,21.9,48.5,0.0,44.0,63.0,63.0,25.76,36.98,1.25,1.28,0.0,0.0,1.22
2007-03-27,0.0,1.22,25.4,30.8,22.0,53.5,0.0,43.9,63.0,63.0,21.9,33.28,1.22,1.25,0.0,0.0,1.22
2007-03-28,0.0,1.22,25.5,30.8,21.9,53.0,0.0,0.0,63.0,63.0,18.61,29.95,1.22,1.22,0.0,0.0,1.19
2007-03-29,0.0,1.19,25.7,30.6,21.4,49.3,0.0,0.0,63.0,63.0,15.82,26.96,1.22,1.22,0.0,0.0,1.19
2007-03-30,0.0,1.19,24.3,29.3,20.5,59.3,0.0,0.0,63.0,63.0,13.45,24.26,1.19,1.22,0.0,0.0,1.19
2007-03-31,0.0,1.19,26.0,31.7,21.1,51.0,0.0,0.0,63.0,63.0,11.43,21.84,1.19,1.19,0.0,0.0,1.19
2007-04-01,0.0,1.19,26.1,31.7,21.6,45.5,0.0,0.0,63.0,63.0,9.72,19.65,1.19,1.19,0.0,0.0,1.16
2007-04-02,0.0,1.16,24.8,29.8,20.9,50.5,0.0,0.0,44.0,63.0,8.26,17.69,1.19,1.19,0.0,0.0,1.16
2007-04-03,0.0,1.16,24.9,30.3,20.9,52.8,0.0,0.0,43.9,63.0,7.02,15.92,1.16,1.19,0.0,0.0,1.16
2007-04-04,0.0,1.16,25.9,31.6,21.6,46.3,0.0,0.0,0.0,63.0,5.97,14.33,1.16,1.16,0.0,0.0,1.16
2007-04-05,0.0,1.16,25.7,31.4,21.6,56.5,0.0,0.0,0.0,63.0,5.07,12.89,1.16,1.16,0.0,0.0,1.25
2007-04-06,0.0,1.25,23.2,26.8,21.7,76.5,0.0,0.0,0.0,63.0,4.31,11.6,1.16,1.16,0.0,0.0,1.62
2007-04-07,0.0,1.62,22.9,29.4,20.5,76.0,0.0,0.0,0.0,63.0,3.66,10.44,1.25,1.16,0.0,0.0,1.78
2007-04-08,35.9,1.78,21.9,28.4,16.9,74.8,35.9,35.9,35.9,98.9,3.11,9.4,1.62,1.25,0.0,0.0,2.06
2007-04-09,25.1,2.06,22.1,26.5,19.6,77.5,61.0,61.0,61.0,124.0,33.16,40.77,1.78,1.62,35.9,0.0,3.0
2007-04-10,3.8,3.0,23.1,29.6,17.5,64.8,64.8,64.8,64.8,127.8,49.52,59.28,2.06,1.78,25.1,35.9,2.44
2007-04-11,0.1,2.44,23.0,27.8,19.7,63.8,29.0,64.9,64.9,127.9,45.32,56.77,3.0,2.06,3.8,25.1,1.78
2007-04-12,0.0,1.78,23.1,27.2,19.7,62.8,3.9,64.9,64.9,127.9,38.61,51.19,2.44,3.0,0.1,3.8,1.44
2007-04-13,0.0,1.44,24.0,29.2,19.9,53.0,0.1,64.9,64.9,127.9,32.82,46.07,1.78,2.44,0.0,0.1,1.25
2007-04-14,0.0,1.25,23.1,27.4,20.3,57.3,0.0,64.9,64.9,127.9,27.9,41.46,1.44,1.78,0.0,0.0,1.22
2007-04-15,0.0,1.22,22.6,26.6,19.9,62.0,0.0,29.0,64.9,127.9,23.71,37.32,1.25,1.44,0.0,0.0,1.22
2007-04-16,0.0,1.22,22.9,27.8,20.1,63.8,0.0,3.9,64.9,127.9,20.16,33.58,1.22,1.25,0.0,0.0,1.25
2007-04-17,0.0,1.25,22.3,27.1,18.8,63.0,0.0,0.1,64.9,127.9,17.13,30.23,1.22,1.22,0.0,0.0,1.22
2007-04-18,0.0,1.22,22.9,27.8,19.5,58.8,0.0,0.0,64.9,108.9,14.56,27.2,1.25,1.22,0.0,0.0,1.22
2007-04-19,0.0,1.22,22.7,26.8,19.9,63.0,0.0,0.0,64.9,108.8,12.38,24.48,1.22,1.25,0.0,0.0,1.22
2007-04-20,0.0,1.22,22.3,25.2,20.3,66.8,0.0,0.0,64.9,64.9,10.52,22.03,1.22,1.22,0.0,0.0,1.38
2007-04-21,0.0,1.38,22.0,24.8,19.5,74.3,0.0,0.0,64.9,64.9,8.94,19.83,1.22,1.22,0.0,0.0,1.94
2007-04-22,2.1,1.94,21.4,26.6,19.3,87.5,2.1,2.1,31.1,67.0,7.6,17.85,1.38,1.22,0.0,0.0,2.37
2007-04-23,17.0,2.37,22.4,27.7,18.2,78.3,19.1,19.1,23.0,84.0,8.25,17.95,1.94,1.38,2.1,0.0,2.4
2007-04-24,0.0,2.4,22.7,27.5,19.7,66.0,19.1,19.1,19.2,84.0,21.46,31.46,2.37,1.94,17.0,2.1,1.81
2007-04-25,0.0,1.81,23.1,28.3,19.4,60.8,17.0,19.1,19.1,84.0,18.24,28.31,2.4,2.37,0.0,17.0,1.44
2007-04-26,0.0,1.44,23.7,29.7,19.1,60.0,0.0,19.1,19.1,84.0,15.5,25.48,1.81,2.4,0.0,0.0,1.44
2007-04-27,0.0,1.44,23.5,29.6,20.0,65.0,0.0,19.1,19.1,84.0,13.18,22.93,1.44,1.81,0.0,0.0,1.88
2007-04-28,6.8,1.88,18.6,21.9,17.1,77.3,6.8,25.9,25.9,90.8,11.2,20.64,1.44,1.44,0.0,0.0,1.75
2007-04-29,2.9,1.75,19.9,23.2,17.0,73.5,9.7,26.7,28.8,93.7,15.3,24.7,1.88,1.44,6.8,0.0,1.38
2007-04-30,0.0,1.38,21.5,27.2,16.9,68.5,9.7,9.7,28.8,93.7,15.47,24.84,1.75,1.88,2.9,6.8,1.25
2007-05-01,6.8,1.25,21.7,27.8,17.5,53.3,9.7,16.5,35.6,100.5,13.15,22.35,1.38,1.75,0.0,2.9,1.22
2007-05-02,0.0,1.22,21.5,27.4,16.8,47.5,6.8,16.5,35.6,100.5,16.96,26.24,1.25,1.38,6.8,0.0,1.22
2007-05-03,0.0,1.22,22.1,27.8,16.5,47.0,6.8,16.5,35.6,100.5,14.41,23.61,1.22,1.25,0.0,6.8,1.19
2007-05-04,0.0,1.19,20.8,24.8,18.4,64.3,0.0,16.5,35.6,100.5,12.25,21.25,1.22,1.22,0.0,0.0,1.19
2007-05-05,0.0,1.19,19.8,25.2,15.0,58.5,0.0,9.7,35.6,100.5,10.41,19.13,1.19,1.22,0.0,0.0,1.16
2007-05-06,0.0,1.16,21.1,27.4,17.5,65.3,0.0,6.8,33.5,100.5,8.85,17.21,1.19,1.19,0.0,0.0,1.16
2007-05-07,0.0,1.16,21.8,28.1,17.3,61.3,0.0,6.8,16.5,100.5,7.52,15.49,1.16,1.19,0.0,0.0,1.16
2007-05-08,0.0,1.16,23.5,29.9,18.8,52.5,0.0,0.0,16.5,64.6,6.4,13.94,1.16,1.16,0.0,0.0,1.16
2007-05-09,0.0,1.16,22.9,29.1,19.7,63.3,0.0,0.0,16.5,39.5,5.44,12.55,1.16,1.16,0.0,0.0,1.16
2007-05-10,0.0,1.16,16.6,21.1,14.8,63.3,0.0,0.0,16.5,35.7,4.62,11.29,1.16,1.16,0.0,0.0,1.16
2007-05-11,0.0,1.16,17.0,21.2,13.4,59.3,0.0,0.0,16.5,35.6,3.93,10.16,1.16,1.16,0.0,0.0,1.12
2007-05-12,0.0,1.12,19.5,25.0,15.2,59.8,0.0,0.0,9.7,35.6,3.34,9.15,1.16,1.16,0.0,0.0,1.12
2007-05-13,0.0,1.12,20.9,27.3,15.5,53.0,0.0,0.0,6.8,35.6,2.84,8.23,1.12,1.16,0.0,0.0,1.12
2007-05-14,0.0,1.12,21.5,28.1,15.8,53.5,0.0,0.0,6.8,35.6,2.41,7.41,1.12,1.12,0.0,0.0,1.12
2007-05-15,0.0,1.12,23.1,29.4,17.9,53.0,0.0,0.0,0.0,35.6,2.05,6.67,1.12,1.12,0.0,0.0,1.09
2007-05-16,0.0,1.09,21.9,26.2,19.1,63.3,0.0,0.0,0.0,35.6,1.74,6.0,1.12,1.12,0.0,0.0,1.09
2007-05-17,0.0,1.09,22.7,28.6,17.6,56.8,0.0,0.0,0.0,35.6,1.48,5.4,1.09,1.12,0.0,0.0,1.09
2007-05-18,0.0,1.09,21.9,27.6,17.9,55.8,0.0,0.0,0.0,35.6,1.26,4.86,1.09,1.09,0.0,0.0,1.09
2007-05-19,0.0,1.09,21.9,27.8,18.0,56.3,0.0,0.0,0.0,35.6,1.07,4.38,1.09,1.09,0.0,0.0,1.06
2007-05-20,0.0,1.06,21.0,25.4,18.6,64.0,0.0,0.0,0.0,35.6,0.91,3.94,1.09,1.09,0.0,0.0,1.06
2007-05-21,0.0,1.06,20.8,26.9,17.9,61.3,0.0,0.0,0.0,35.6,0.77,3.54,1.06,1.09,0.0,0.0,1.06
2007-05-22,0.0,1.06,21.8,26.9,17.5,59.5,0.0,0.0,0.0,33.5,0.66,3.19,1.06,1.06,0.0,0.0,1.06
2007-05-23,0.0,1.06,21.9,27.7,18.3,62.8,0.0,0.0,0.0,16.5,0.56,2.87,1.06,1.06,0.0,0.0,1.09
2007-05-24,2.2,1.09,18.7,22.7,17.0,72.3,2.2,2.2,2.2,18.7,0.47,2.58,1.06,1.06,0.0,0.0,1.09
2007-05-25,0.0,1.09,16.3,22.3,13.0,53.5,2.2,2.2,2.2,18.7,2.27,4.31,1.09,1.06,2.2,0.0,1.06
2007-05-26,0.0,1.06,17.0,22.5,13.4,67.3,2.2,2.2,2.2,18.7,1.93,3.87,1.09,1.09,0.0,2.2,1.06
2007-05-27,0.0,1.06,18.4,24.5,14.4,72.5,0.0,2.2,2.2,18.7,1.64,3.49,1.06,1.09,0.0,0.0,1.09
2007-05-28,4.0,1.09,19.6,25.2,16.3,72.5,4.0,6.2,6.2,15.9,1.4,3.14,1.06,1.06,0.0,0.0,1.16
2007-05-29,0.0,1.16,20.8,26.1,17.2,62.5,4.0,6.2,6.2,13.0,4.59,6.42,1.09,1.06,4.0,0.0,1.12
2007-05-30,0.0,1.12,18.3,25.6,15.5,62.8,4.0,6.2,6.2,13.0,3.9,5.78,1.16,1.09,0.0,4.0,1.09
2007-05-31,0.0,1.09,16.0,21.3,12.2,64.3,0.0,4.0,6.2,6.2,3.31,5.2,1.12,1.16,0.0,0.0,1.06
2007-06-01,0.0,1.06,17.6,22.7,14.2,70.0,0.0,4.0,6.2,6.2,2.82,4.68,1.09,1.12,0.0,0.0,1.06
2007-06-02,0.0,1.06,20.3,27.2,14.5,63.0,0.0,4.0,6.2,6.2,2.39,4.22,1.06,1.09,0.0,0.0,1.06
2007-06-03,0.0,1.06,20.9,25.5,17.3,73.8,0.0,4.0,6.2,6.2,2.04,3.79,1.06,1.06,0.0,0.0,1.06
2007-06-04,0.0,1.06,18.0,24.8,14.2,49.5,0.0,0.0,6.2,6.2,1.73,3.41,1.06,1.06,0.0,0.0,1.03
2007-06-05,0.0,1.03,17.9,24.7,13.8,69.8,0.0,0.0,6.2,6.2,1.47,3.07,1.06,1.06,0.0,0.0,1.03
2007-06-06,0.0,1.03,19.2,26.1,13.2,58.0,0.0,0.0,6.2,6.2,1.25,2.77,1.03,1.06,0.0,0.0,1.0
2007-06-07,0.0,1.0,20.5,28.0,14.8,59.5,0.0,0.0,4.0,6.2,1.06,2.49,1.03,1.03,0.0,0.0,1.0
2007-06-08,0.0,1.0,21.0,27.2,16.2,61.5,0.0,0.0,4.0,6.2,0.9,2.24,1.0,1.03,0.0,0.0,1.0
2007-06-09,0.0,1.0,21.0,26.5,16.5,56.8,0.0,0.0,4.0,6.2,0.77,2.02,1.0,1.0,0.0,0.0,1.0
2007-06-10,0.0,1.0,20.9,26.4,17.5,57.0,0.0,0.0,4.0,6.2,0.65,1.81,1.0,1.0,0.0,0.0,0.97
2007-06-11,0.0,0.97,20.6,26.2,16.6,55.5,0.0,0.0,0.0,6.2,0.55,1.63,1.0,1.0,0.0,0.0,0.97
2007-06-12,0.0,0.97,20.0,27.4,15.0,50.0,0.0,0.0,0.0,6.2,0.47,1.47,0.97,1.0,0.0,0.0,0.97
2007-06-13,0.0,0.97,20.4,27.3,15.2,55.8,0.0,0.0,0.0,6.2,0.4,1.32,0.97,0.97,0.0,0.0,0.97
2007-06-14,0.0,0.97,21.5,28.8,16.3,59.5,0.0,0.0,0.0,6.2,0.34,1.19,0.97,0.97,0.0,0.0,0.95
2007-06-15,0.0,0.95,21.6,28.8,16.3,56.0,0.0,0.0,0.0,6.2,0.29,1.07,0.97,0.97,0.0,0.0,0.95
2007-06-16,0.0,0.95,21.4,28.2,16.7,59.0,0.0,0.0,0.0,6.2,0.25,0.96,0.95,0.97,0.0,0.0,0.95
2007-06-17,0.0,0.95,20.8,25.6,18.1,62.5,0.0,0.0,0.0,6.2,0.21,0.87,0.95,0.95,0.0,0.0,0.94
2007-06-18,0.0,0.94,20.3,26.8,17.1,61.8,0.0,0.0,0.0,6.2,0.18,0.78,0.95,0.95,0.0,0.0,0.94
2007-06-19,0.0,0.94,19.8,24.9,16.4,50.8,0.0,0.0,0.0,6.2,0.15,0.7,0.94,0.95,0.0,0.0,0.92
2007-06-20,0.0,0.92,18.1,22.7,14.9,65.5,0.0,0.0,0.0,6.2,0.13,0.63,0.94,0.94,0.0,0.0,0.92
2007-06-21,0.0,0.92,19.3,25.1,15.0,66.5,0.0,0.0,0.0,6.2,0.11,0.57,0.92,0.94,0.0,0.0,0.92
2007-06-22,0.0,0.92,19.8,25.8,16.5,58.3,0.0,0.0,0.0,6.2,0.09,0.51,0.92,0.92,0.0,0.0,0.91
2007-06-23,0.0,0.91,19.4,25.6,14.4,64.0,0.0,0.0,0.0,4.0,0.08,0.46,0.92,0.92,0.0,0.0,0.91
2007-06-24,0.0,0.91,20.9,27.2,15.2,56.8,0.0,0.0,0.0,4.0,0.07,0.42,0.91,0.92,0.0,0.0,0.91
2007-06-25,0.0,0.91,19.4,23.7,16.5,56.3,0.0,0.0,0.0,4.0,0.06,0.37,0.91,0.91,0.0,0.0,0.89
2007-06-26,0.0,0.89,20.4,25.0,16.3,59.0,0.0,0.0,0.0,4.0,0.05,0.34,0.91,0.91,0.0,0.0,0.89
2007-06-27,0.0,0.89,19.5,24.9,14.8,56.8,0.0,0.0,0.0,0.0,0.04,0.3,0.89,0.91,0.0,0.0,0.89
2007-06-28,0.0,0.89,20.4,26.9,15.0,51.3,0.0,0.0,0.0,0.0,0.04,0.27,0.89,0.89,0.0,0.0,0.87
2007-06-29,0.0,0.87,21.3,27.4,16.0,50.8,0.0,0.0,0.0,0.0,0.03,0.25,0.89,0.89,0.0,0.0,0.87
2007-06-30,0.0,0.87,20.5,26.2,17.2,59.5,0.0,0.0,0.0,0.0,0.03,0.22,0.87,0.89,0.0,0.0,0.87
2007-07-01,0.0,0.87,21.1,27.2,16.3,49.3,0.0,0.0,0.0,0.0,0.02,0.2,0.87,0.87,0.0,0.0,0.86
2007-07-02,0.0,0.86,20.4,26.1,16.2,50.5,0.0,0.0,0.0,0.0,0.02,0.18,0.87,0.87,0.0,0.0,0.86
2007-07-03,0.0,0.86,19.3,25.8,15.2,52.8,0.0,0.0,0.0,0.0,0.02,0.16,0.86,0.87,0.0,0.0,0.86
2007-07-04,0.0,0.86,19.1,25.4,14.6,58.0,0.0,0.0,0.0,0.0,0.01,0.14,0.86,0.86,0.0,0.0,0.85
2007-07-05,0.0,0.85,19.3,24.4,15.8,63.3,0.0,0.0,0.0,0.0,0.01,0.13,0.86,0.86,0.0,0.0,0.85
2007-07-06,0.0,0.85,19.2,23.5,15.4,55.8,0.0,0.0,0.0,0.0,0.01,0.12,0.85,0.86,0.0,0.0,0.85
2007-07-07,0.0,0.85,19.2,25.2,14.2,52.3,0.0,0.0,0.0,0.0,0.01,0.11,0.85,0.85,0.0,0.0,0.83
2007-07-08,0.0,0.83,20.1,27.0,14.4,53.8,0.0,0.0,0.0,0.0,0.01,0.09,0.85,0.85,0.0,0.0,0.83
2007-07-09,0.0,0.83,20.3,25.6,16.5,57.3,0.0,0.0,0.0,0.0,0.01,0.09,0.83,0.85,0.0,0.0,0.83
2007-07-10,0.0,0.83,19.9,26.6,14.9,56.3,0.0,0.0,0.0,0.0,0.0,0.08,0.83,0.83,0.0,0.0,0.81
2007-07-11,0.0,0.81,21.4,28.0,15.3,47.8,0.0,0.0,0.0,0.0,0.0,0.07,0.83,0.83,0.0,0.0,0.81
2007-07-12,0.0,0.81,19.6,23.9,16.9,54.5,0.0,0.0,0.0,0.0,0.0,0.06,0.81,0.83,0.0,0.0,0.81
2007-07-13,0.0,0.81,19.5,25.2,16.2,50.0,0.0,0.0,0.0,0.0,0.0,0.06,0.81,0.81,0.0,0.0,0.8
2007-07-14,0.0,0.8,19.5,25.7,14.8,51.8,0.0,0.0,0.0,0.0,0.0,0.05,0.81,0.81,0.0,0.0,0.8
2007-07-15,0.0,0.8,21.1,28.1,14.8,45.5,0.0,0.0,0.0,0.0,0.0,0.05,0.8,0.81,0.0,0.0,0.8
2007-07-16,0.0,0.8,22.4,29.0,16.9,43.5,0.0,0.0,0.0,0.0,0.0,0.04,0.8,0.8,0.0,0.0,0.78
2007-07-17,0.0,0.78,20.7,25.6,18.3,62.5,0.0,0.0,0.0,0.0,0.0,0.04,0.8,0.8,0.0,0.0,0.78
2007-07-18,0.0,0.78,21.7,26.6,17.3,52.5,0.0,0.0,0.0,0.0,0.0,0.03,0.78,0.8,0.0,0.0,0.78
2007-07-19,0.0,0.78,20.4,27.0,16.5,34.5,0.0,0.0,0.0,0.0,0.0,0.03,0.78,0.78,0.0,0.0,0.77
2007-07-20,0.0,0.77,20.6,27.4,15.0,56.8,0.0,0.0,0.0,0.0,0.0,0.03,0.78,0.78,0.0,0.0,0.77
2007-07-21,0.0,0.77,21.0,28.9,15.0,54.0,0.0,0.0,0.0,0.0,0.0,0.02,0.77,0.78,0.0,0.0,0.77
2007-07-22,0.0,0.77,21.5,28.6,15.0,46.0,0.0,0.0,0.0,0.0,0.0,0.02,0.77,0.77,0.0,0.0,0.75
2007-07-23,0.0,0.75,23.3,29.8,17.3,45.0,0.0,0.0,0.0,0.0,0.0,0.02,0.77,0.77,0.0,0.0,0.75
2007-07-24,0.0,0.75,24.5,30.2,20.7,49.0,0.0,0.0,0.0,0.0,0.0,0.02,0.75,0.77,0.0,0.0,0.75
2007-07-25,0.0,0.75,22.4,29.6,17.7,52.3,0.0,0.0,0.0,0.0,0.0,0.02,0.75,0.75,0.0,0.0,0.73
2007-07-26,0.0,0.73,20.8,25.0,17.5,59.8,0.0,0.0,0.0,0.0,0.0,0.01,0.75,0.75,0.0,0.0,0.78
2007-07-27,0.0,0.78,19.1,22.3,17.3,75.0,0.0,0.0,0.0,0.0,0.0,0.01,0.73,0.75,0.0,0.0,1.26
2007-07-28,6.8,1.26,17.6,22.4,15.8,79.8,6.8,6.8,6.8,6.8,0.0,0.01,0.78,0.73,0.0,0.0,1.45
2007-07-29,1.1,1.45,14.5,19.7,12.6,61.0,7.9,7.9,7.9,7.9,5.78,6.13,1.26,0.78,6.8,0.0,0.99
2007-07-30,0.0,0.99,14.2,19.9,11.2,51.5,7.9,7.9,7.9,7.9,5.85,6.51,1.45,1.26,1.1,6.8,0.85
2007-07-31,0.0,0.85,15.8,21.7,10.6,48.8,1.1,7.9,7.9,7.9,4.97,5.86,0.99,1.45,0.0,1.1,0.8
2007-08-01,0.0,0.8,17.4,23.6,13.0,52.3,0.0,7.9,7.9,7.9,4.23,5.27,0.85,0.99,0.0,0.0,0.78
2007-08-02,0.0,0.78,18.3,23.9,14.2,51.5,0.0,7.9,7.9,7.9,3.59,4.74,0.8,0.85,0.0,0.0,0.77
2007-08-03,0.0,0.77,18.4,23.7,14.1,51.8,0.0,7.9,7.9,7.9,3.05,4.27,0.78,0.8,0.0,0.0,0.75
2007-08-04,0.0,0.75,19.2,25.4,14.0,50.5,0.0,1.1,7.9,7.9,2.59,3.84,0.77,0.78,0.0,0.0,0.73
2007-08-05,0.0,0.73,20.5,27.4,14.4,47.5,0.0,0.0,7.9,7.9,2.21,3.46,0.75,0.77,0.0,0.0,0.73
2007-08-06,0.0,0.73,18.7,23.3,16.5,55.3,0.0,0.0,7.9,7.9,1.87,3.11,0.73,0.75,0.0,0.0,0.72
2007-08-07,0.0,0.72,20.8,27.6,15.6,49.3,0.0,0.0,7.9,7.9,1.59,2.8,0.73,0.73,0.0,0.0,0.72
2007-08-08,0.0,0.72,21.3,27.6,17.1,46.8,0.0,0.0,7.9,7.9,1.35,2.52,0.72,0.73,0.0,0.0,0.7
2007-08-09,0.0,0.7,19.7,24.8,15.7,51.3,0.0,0.0,7.9,7.9,1.15,2.27,0.72,0.72,0.0,0.0,0.7
2007-08-10,0.0,0.7,19.3,24.6,15.6,50.0,0.0,0.0,7.9,7.9,0.98,2.04,0.7,0.72,0.0,0.0,0.69
2007-08-11,0.0,0.69,20.1,25.0,15.4,57.0,0.0,0.0,1.1,7.9,0.83,1.84,0.7,0.7,0.0,0.0,0.69
2007-08-12,0.0,0.69,19.8,24.1,17.3,50.8,0.0,0.0,0.0,7.9,0.71,1.65,0.69,0.7,0.0,0.0,0.69
2007-08-13,0.0,0.69,19.3,25.0,15.8,56.5,0.0,0.0,0.0,7.9,0.6,1.49,0.69,0.69,0.0,0.0,0.67
2007-08-14,0.0,0.67,18.7,23.4,15.1,52.0,0.0,0.0,0.0,7.9,0.51,1.34,0.69,0.69,0.0,0.0,0.67
2007-08-15,0.3,0.67,18.7,24.3,16.0,56.8,0.3,0.3,0.3,8.2,0.43,1.21,0.67,0.69,0.0,0.0,0.67
2007-08-16,0.0,0.67,18.5,24.4,14.0,49.3,0.3,0.3,0.3,8.2,0.62,1.36,0.67,0.67,0.3,0.0,0.66
2007-08-17,0.0,0.66,19.8,26.4,13.6,42.3,0.3,0.3,0.3,8.2,0.53,1.22,0.67,0.67,0.0,0.3,0.66
2007-08-18,0.0,0.66,19.4,25.4,15.4,53.5,0.0,0.3,0.3,8.2,0.45,1.1,0.66,0.67,0.0,0.0,0.66
2007-08-19,0.0,0.66,18.2,22.9,15.4,50.3,0.0,0.3,0.3,8.2,0.38,0.99,0.66,0.66,0.0,0.0,0.65
2007-08-20,0.0,0.65,20.4,27.8,13.6,40.8,0.0,0.3,0.3,8.2,0.33,0.89,0.66,0.66,0.0,0.0,0.64
2007-08-21,0.0,0.64,22.5,29.6,16.0,36.0,0.0,0.3,0.3,8.2,0.28,0.8,0.65,0.66,0.0,0.0,0.64
2007-08-22,0.0,0.64,20.3,26.5,17.3,51.5,0.0,0.0,0.3,8.2,0.24,0.72,0.64,0.65,0.0,0.0,0.63
2007-08-23,0.0,0.63,20.1,26.6,15.6,46.5,0.0,0.0,0.3,8.2,0.2,0.65,0.64,0.64,0.0,0.0,0.63
2007-08-24,0.0,0.63,20.9,28.8,14.6,37.8,0.0,0.0,0.3,8.2,0.17,0.58,0.63,0.64,0.0,0.0,0.63
2007-08-25,0.0,0.63,22.4,29.8,15.6,36.0,0.0,0.0,0.3,8.2,0.14,0.53,0.63,0.63,0.0,0.0,0.62
2007-08-26,0.0,0.62,23.7,31.8,17.4,33.8,0.0,0.0,0.3,8.2,0.12,0.47,0.63,0.63,0.0,0.0,0.62
2007-08-27,0.0,0.62,25.6,33.4,18.7,27.3,0.0,0.0,0.3,1.4,0.1,0.43,0.62,0.63,0.0,0.0,0.61
2007-08-28,0.0,0.61,24.9,30.6,21.4,44.3,0.0,0.0,0.3,0.3,0.09,0.38,0.62,0.62,0.0,0.0,0.6
2007-08-29,0.0,0.6,22.2,27.2,19.1,53.0,0.0,0.0,0.0,0.3,0.08,0.34,0.61,0.62,0.0,0.0,0.61
2007-08-30,0.0,0.61,20.9,25.2,18.7,62.8,0.0,0.0,0.0,0.3,0.06,0.31,0.6,0.61,0.0,0.0,0.63
2007-08-31,0.0,0.63,19.9,22.9,17.9,63.0,0.0,0.0,0.0,0.3,0.05,0.28,0.61,0.6,0.0,0.0,0.62
2007-09-01,0.0,0.62,22.0,28.4,16.9,48.8,0.0,0.0,0.0,0.3,0.05,0.25,0.63,0.61,0.0,0.0,0.61
2007-09-02,0.0,0.61,22.1,29.4,17.7,56.0,0.0,0.0,0.0,0.3,0.04,0.23,0.62,0.63,0.0,0.0,0.6
2007-09-03,0.0,0.6,22.5,29.4,19.4,57.0,0.0,0.0,0.0,0.3,0.03,0.2,0.61,0.62,0.0,0.0,0.59
2007-09-04,0.0,0.59,20.9,25.4,17.9,54.0,0.0,0.0,0.0,0.3,0.03,0.18,0.6,0.61,0.0,0.0,0.59
2007-09-05,0.0,0.59,19.8,24.5,16.5,65.3,0.0,0.0,0.0,0.3,0.02,0.16,0.59,0.6,0.0,0.0,0.59
2007-09-06,0.0,0.59,20.0,25.2,16.5,53.5,0.0,0.0,0.0,0.3,0.02,0.15,0.59,0.59,0.0,0.0,0.58
2007-09-07,0.0,0.58,21.0,27.1,16.0,47.3,0.0,0.0,0.0,0.3,0.02,0.13,0.59,0.59,0.0,0.0,0.58
2007-09-08,0.0,0.58,20.1,26.2,16.3,49.3,0.0,0.0,0.0,0.3,0.01,0.12,0.58,0.59,0.0,0.0,0.58
2007-09-09,0.0,0.58,19.9,25.9,15.4,46.8,0.0,0.0,0.0,0.3,0.01,0.11,0.58,0.58,0.0,0.0,0.56
2007-09-10,0.0,0.56,20.0,25.7,16.0,47.8,0.0,0.0,0.0,0.3,0.01,0.1,0.58,0.58,0.0,0.0,0.56
2007-09-11,0.0,0.56,19.8,25.0,16.7,53.3,0.0,0.0,0.0,0.3,0.01,0.09,0.56,0.58,0.0,0.0,0.56
2007-09-12,0.0,0.56,20.0,25.9,15.4,42.8,0.0,0.0,0.0,0.3,0.01,0.08,0.56,0.56,0.0,0.0,0.55
2007-09-13,0.0,0.55,19.4,24.1,16.6,57.3,0.0,0.0,0.0,0.3,0.01,0.07,0.56,0.56,0.0,0.0,0.55
2007-09-14,0.0,0.55,20.3,27.2,15.6,46.8,0.0,0.0,0.0,0.0,0.01,0.06,0.55,0.56,0.0,0.0,0.54
2007-09-15,0.0,0.54,22.7,30.6,16.6,42.3,0.0,0.0,0.0,0.0,0.0,0.06,0.55,0.55,0.0,0.0,0.54
2007-09-16,0.0,0.54,24.7,32.0,17.5,36.0,0.0,0.0,0.0,0.0,0.0,0.05,0.54,0.55,0.0,0.0,0.53
2007-09-17,0.0,0.53,24.4,31.7,20.2,39.3,0.0,0.0,0.0,0.0,0.0,0.05,0.54,0.54,0.0,0.0,0.53
2007-09-18,0.0,0.53,22.0,28.0,17.3,51.8,0.0,0.0,0.0,0.0,0.0,0.04,0.53,0.54,0.0,0.0,0.52
2007-09-19,0.0,0.52,21.7,29.5,16.9,58.0,0.0,0.0,0.0,0.0,0.0,0.04,0.53,0.53,0.0,0.0,0.52
2007-09-20,0.0,0.52,24.4,32.0,18.1,42.0,0.0,0.0,0.0,0.0,0.0,0.03,0.52,0.53,0.0,0.0,0.49
2007-09-21,0.0,0.49,25.1,32.8,19.5,32.8,0.0,0.0,0.0,0.0,0.0,0.03,0.52,0.52,0.0,0.0,0.49
2007-09-22,0.0,0.49,23.9,30.6,18.7,34.8,0.0,0.0,0.0,0.0,0.0,0.03,0.49,0.52,0.0,0.0,0.49
2007-09-23,0.0,0.49,25.4,32.8,19.7,31.8,0.0,0.0,0.0,0.0,0.0,0.02,0.49,0.49,0.0,0.0,0.48
2007-09-24,0.0,0.48,27.8,36.1,20.1,27.8,0.0,0.0,0.0,0.0,0.0,0.02,0.49,0.49,0.0,0.0,0.48
2007-09-25,0.0,0.48,20.0,28.6,16.9,65.8,0.0,0.0,0.0,0.0,0.0,0.02,0.48,0.49,0.0,0.0,0.47
2007-09-26,0.0,0.47,18.5,22.7,15.0,60.3,0.0,0.0,0.0,0.0,0.0,0.02,0.48,0.48,0.0,0.0,0.47
2007-09-27,0.0,0.47,19.0,22.8,16.5,60.5,0.0,0.0,0.0,0.0,0.0,0.02,0.47,0.48,0.0,0.0,0.46
2007-09-28,0.0,0.46,23.2,30.6,17.1,51.5,0.0,0.0,0.0,0.0,0.0,0.01,0.47,0.47,0.0,0.0,0.46
2007-09-29,2.3,0.46,23.4,30.2,18.8,61.5,2.3,2.3,2.3,2.3,0.0,0.01,0.46,0.47,0.0,0.0,0.45
2007-09-30,0.0,0.45,21.2,27.6,18.9,63.0,2.3,2.3,2.3,2.3,1.96,2.08,0.46,0.46,2.3,0.0,0.45
2007-10-01,0.0,0.45,18.6,22.8,16.3,61.3,2.3,2.3,2.3,2.3,1.66,1.87,0.45,0.46,0.0,2.3,0.45
2007-10-02,0.0,0.45,20.5,27.8,15.8,55.5,0.0,2.3,2.3,2.3,1.41,1.69,0.45,0.45,0.0,0.0,0.45
2007-10-03,0.0,0.45,21.9,29.5,16.3,43.5,0.0,2.3,2.3,2.3,1.2,1.52,0.45,0.45,0.0,0.0,0.45
2007-10-04,0.0,0.45,22.2,29.2,17.0,45.3,0.0,2.3,2.3,2.3,1.02,1.37,0.45,0.45,0.0,0.0,0.44
2007-10-05,0.0,0.44,21.4,27.7,16.9,47.5,0.0,2.3,2.3,2.3,0.87,1.23,0.45,0.45,0.0,0.0,0.44
2007-10-06,0.0,0.44,24.0,31.0,17.2,38.0,0.0,0.0,2.3,2.3,0.74,1.11,0.44,0.45,0.0,0.0,0.43
2007-10-07,0.0,0.43,24.2,30.6,19.1,39.5,0.0,0.0,2.3,2.3,0.63,1.0,0.44,0.44,0.0,0.0,0.43
2007-10-08,0.0,0.43,22.8,29.8,18.5,45.3,0.0,0.0,2.3,2.3,0.53,0.9,0.43,0.44,0.0,0.0,0.42
2007-10-09,0.0,0.42,21.1,26.8,17.5,44.8,0.0,0.0,2.3,2.3,0.45,0.81,0.43,0.43,0.0,0.0,0.42
2007-10-10,0.0,0.42,22.2,28.0,16.7,37.3,0.0,0.0,2.3,2.3,0.38,0.73,0.42,0.43,0.0,0.0,0.41
2007-10-11,0.0,0.41,22.6,28.8,17.1,39.8,0.0,0.0,2.3,2.3,0.33,0.65,0.42,0.42,0.0,0.0,0.41
2007-10-12,0.0,0.41,23.7,31.0,18.7,40.5,0.0,0.0,2.3,2.3,0.28,0.59,0.41,0.42,0.0,0.0,0.41
2007-10-13,0.0,0.41,25.4,32.7,19.8,45.3,0.0,0.0,0.0,2.3,0.24,0.53,0.41,0.41,0.0,0.0,0.41
2007-10-14,0.0,0.41,25.8,32.0,22.2,44.5,0.0,0.0,0.0,2.3,0.2,0.48,0.41,0.41,0.0,0.0,0.4
2007-10-15,0.0,0.4,24.5,30.2,20.1,43.5,0.0,0.0,0.0,2.3,0.17,0.43,0.41,0.41,0.0,0.0,0.37
2007-10-16,0.0,0.37,25.1,32.1,19.9,42.5,0.0,0.0,0.0,2.3,0.15,0.39,0.4,0.41,0.0,0.0,0.37
2007-10-17,0.0,0.37,28.4,36.2,21.6,34.0,0.0,0.0,0.0,2.3,0.12,0.35,0.37,0.4,0.0,0.0,0.37
2007-10-18,0.0,0.37,26.1,34.8,22.6,61.3,0.0,0.0,0.0,2.3,0.1,0.31,0.37,0.37,0.0,0.0,0.5
2007-10-19,137.7,0.5,22.3,28.9,18.5,72.3,137.7,137.7,137.7,140.0,0.09,0.28,0.37,0.37,0.0,0.0,0.7
2007-10-20,12.8,0.7,24.9,30.8,18.9,57.0,150.5,150.5,150.5,152.8,117.12,124.18,0.5,0.37,137.7,0.0,0.57
2007-10-21,0.1,0.57,26.3,32.2,22.0,50.5,150.6,150.6,150.6,152.9,110.43,123.28,0.7,0.5,12.8,137.7,0.61
2007-10-22,0.0,0.61,23.4,32.7,18.7,61.0,12.9,150.6,150.6,152.9,93.95,111.05,0.57,0.7,0.1,12.8,0.54
2007-10-23,22.3,0.54,22.5,27.6,18.3,64.8,22.4,172.9,172.9,175.2,79.86,99.94,0.61,0.57,0.0,0.1,0.48
2007-10-24,3.8,0.48,22.1,25.2,20.5,62.3,26.1,176.7,176.7,179.0,86.84,110.02,0.54,0.61,22.3,0.0,0.43
2007-10-25,0.0,0.43,22.4,27.4,18.9,65.3,26.1,176.7,176.7,179.0,77.04,102.44,0.48,0.54,3.8,22.3,0.46
2007-10-26,9.1,0.46,21.9,27.1,17.9,80.0,12.9,48.1,185.8,188.1,65.48,92.19,0.43,0.48,0.0,3.8,0.44
2007-10-27,18.8,0.44,25.5,32.2,19.4,51.5,27.9,54.1,204.6,206.9,63.4,91.16,0.46,0.43,9.1,0.0,0.46
2007-10-28,0.1,0.46,24.8,33.2,21.5,65.8,28.0,54.1,204.7,207.0,69.87,98.97,0.44,0.46,18.8,9.1,0.45
2007-10-29,0.0,0.45,27.1,33.6,20.7,46.0,18.9,54.1,204.7,204.7,59.47,89.16,0.46,0.44,0.1,18.8,0.42
2007-10-30,0.0,0.42,28.5,34.4,24.8,41.0,0.1,31.8,204.7,204.7,50.55,80.24,0.45,0.46,0.0,0.1,0.39
2007-10-31,0.0,0.39,26.7,33.2,22.8,49.0,0.0,28.0,204.7,204.7,42.97,72.22,0.42,0.45,0.0,0.0,0.38
2007-11-01,0.0,0.38,27.3,33.8,22.0,42.8,0.0,28.0,204.7,204.7,36.52,65.0,0.39,0.42,0.0,0.0,0.37
2007-11-02,0.0,0.37,27.3,33.2,22.6,47.0,0.0,18.9,67.0,204.7,31.04,58.5,0.38,0.39,0.0,0.0,0.36
2007-11-03,0.0,0.36,28.0,33.4,24.0,47.8,0.0,0.1,54.2,204.7,26.39,52.65,0.37,0.38,0.0,0.0,0.71
2007-11-04,1.1,0.71,23.9,30.4,22.0,55.8,1.1,1.1,55.2,205.8,22.43,47.38,0.36,0.37,0.0,0.0,0.87
2007-11-05,13.6,0.87,21.5,26.2,18.1,66.5,14.7,14.7,68.8,219.4,20.0,43.63,0.71,0.36,1.1,0.0,0.64
2007-11-06,0.0,0.64,22.1,25.6,19.1,62.5,14.7,14.7,46.5,219.4,28.56,51.51,0.87,0.71,13.6,1.1,0.51
2007-11-07,0.1,0.51,22.8,27.0,20.5,63.5,13.7,14.8,42.8,219.5,24.28,46.36,0.64,0.87,0.0,13.6,0.51
2007-11-08,0.0,0.51,22.1,23.8,21.4,74.8,0.1,14.8,42.8,219.5,20.72,41.81,0.51,0.64,0.1,0.0,0.58
2007-11-09,0.0,0.58,21.4,28.0,18.3,75.0,0.1,14.8,33.7,219.5,17.61,37.63,0.51,0.51,0.0,0.1,0.5
2007-11-10,14.6,0.5,23.3,27.2,18.7,60.5,14.6,29.4,29.5,234.1,14.97,33.87,0.58,0.51,0.0,0.0,0.44
2007-11-11,0.0,0.44,25.7,30.4,21.6,52.5,14.6,28.3,29.4,234.1,25.13,43.62,0.5,0.58,14.6,0.0,0.58
2007-11-12,0.0,0.58,24.9,31.8,22.0,66.8,14.6,14.7,29.4,234.1,21.36,39.26,0.44,0.5,0.0,14.6,0.52
2007-11-13,4.7,0.52,21.8,25.8,19.1,63.8,4.7,19.4,34.1,238.8,18.16,35.33,0.58,0.44,0.0,0.0,0.45
2007-11-14,0.0,0.45,24.6,30.9,18.7,45.3,4.7,19.3,34.1,238.8,19.43,36.03,0.52,0.58,4.7,0.0,0.41
2007-11-15,0.0,0.41,25.3,30.3,21.8,51.0,4.7,19.3,34.1,238.8,16.52,32.43,0.45,0.52,0.0,4.7,0.38
2007-11-16,0.0,0.38,22.9,28.0,20.2,63.0,0.0,19.3,34.1,238.8,14.04,29.19,0.41,0.45,0.0,0.0,0.37
2007-11-17,0.0,0.37,22.2,27.2,19.3,61.0,0.0,4.7,34.1,238.8,11.93,26.27,0.38,0.41,0.0,0.0,0.36
2007-11-18,0.0,0.36,22.8,27.0,18.4,51.3,0.0,4.7,33.0,101.1,10.14,23.64,0.37,0.38,0.0,0.0,0.35
2007-11-19,0.0,0.35,21.4,28.8,18.4,70.3,0.0,4.7,19.4,88.3,8.62,21.28,0.36,0.37,0.0,0.0,0.56
2007-11-20,24.3,0.56,24.4,29.4,18.1,58.3,24.3,24.3,43.7,112.5,7.33,19.15,0.35,0.36,0.0,0.0,2.21
2007-11-21,2.8,2.21,22.1,26.4,18.3,63.8,27.1,27.1,46.4,115.3,26.88,39.1,0.56,0.35,24.3,0.0,2.64
2007-11-22,0.0,2.64,22.5,28.6,18.6,58.3,27.1,27.1,46.4,93.0,25.23,37.71,2.21,0.56,2.8,24.3,1.74
2007-11-23,0.0,1.74,22.2,27.2,18.1,56.8,2.8,27.1,46.4,89.2,21.45,33.94,2.64,2.21,0.0,2.8,1.06
2007-11-24,0.0,1.06,23.8,28.7,19.5,59.5,0.0,27.1,31.8,89.2,18.23,30.55,1.74,2.64,0.0,0.0,0.85
2007-11-25,0.0,0.85,22.8,27.6,20.5,74.0,0.0,27.1,31.8,80.1,15.5,27.49,1.06,1.74,0.0,0.0,1.42
2007-11-26,56.2,1.42,21.1,27.2,18.1,79.5,56.2,83.3,88.0,117.5,13.17,24.74,0.85,1.06,0.0,0.0,2.42
2007-11-27,17.4,2.42,24.3,31.0,18.3,58.8,73.6,76.4,100.7,134.8,58.97,72.85,1.42,0.85,56.2,0.0,2.36
2007-11-28,0.0,2.36,24.0,29.9,19.3,56.8,73.6,73.6,100.7,134.8,64.91,81.22,2.42,1.42,17.4,56.2,1.53
2007-11-29,0.0,1.53,22.1,30.2,18.1,62.5,17.4,73.6,100.7,134.8,55.17,73.1,2.36,2.42,0.0,17.4,1.03
2007-11-30,14.1,1.03,22.2,27.7,18.2,68.0,14.1,87.7,114.8,148.9,46.9,65.79,1.53,2.36,0.0,0.0,0.78
2007-12-01,0.0,0.78,24.0,29.6,19.5,58.5,14.1,87.7,114.8,148.9,51.85,71.9,1.03,1.53,14.1,0.0,0.63
2007-12-02,0.0,0.63,24.7,30.2,19.9,56.0,14.1,87.7,114.8,148.9,44.07,64.71,0.78,1.03,0.0,14.1,0.67
2007-12-03,0.0,0.67,25.3,32.9,20.9,56.5,0.0,31.5,114.8,148.9,37.46,58.24,0.63,0.78,0.0,0.0,1.11
2007-12-04,0.0,1.11,24.3,31.6,21.1,70.5,0.0,14.1,90.5,147.8,31.84,52.42,0.67,0.63,0.0,0.0,1.26
2007-12-05,11.6,1.26,24.4,31.4,20.7,63.3,11.6,25.7,99.3,145.8,27.07,47.18,1.11,0.67,0.0,0.0,0.91
2007-12-06,3.4,0.91,25.1,29.2,21.1,65.0,15.0,29.1,102.7,149.2,32.87,52.9,1.26,1.11,11.6,0.0,0.87
2007-12-07,14.8,0.87,24.0,32.8,20.1,73.8,29.8,29.8,117.5,163.9,30.83,50.67,0.91,1.26,3.4,11.6,1.4
2007-12-08,3.7,1.4,23.1,29.2,20.1,77.5,21.9,33.5,121.2,167.6,38.78,58.92,0.87,0.91,14.8,3.4,2.53
2007-12-09,17.4,2.53,24.0,29.3,20.5,72.5,35.9,50.9,138.6,185.0,36.11,56.36,1.4,0.87,3.7,14.8,2.83
2007-12-10,0.0,2.83,23.7,29.3,21.1,62.3,21.1,50.9,82.4,170.4,45.48,66.38,2.53,1.4,17.4,3.7,2.16
2007-12-11,0.0,2.16,23.9,29.2,19.1,58.5,17.4,50.9,65.0,170.4,38.66,59.74,2.83,2.53,0.0,17.4,1.4
2007-12-12,0.0,1.4,26.3,31.7,21.1,50.8,0.0,39.3,65.0,170.4,32.86,53.77,2.16,2.83,0.0,0.0,1.08
2007-12-13,0.0,1.08,23.2,28.0,20.9,72.8,0.0,35.9,65.0,165.7,27.93,48.39,1.4,2.16,0.0,0.0,1.25
2007-12-14,3.1,1.25,21.3,23.1,19.1,80.8,3.1,24.2,54.0,168.8,23.74,43.55,1.08,1.4,0.0,0.0,1.52
2007-12-15,7.8,1.52,23.5,28.6,18.8,62.5,10.9,28.3,61.8,176.6,22.82,41.99,1.25,1.08,3.1,0.0,1.33
2007-12-16,17.3,1.33,25.2,31.6,19.9,45.0,28.2,28.2,79.1,193.9,26.02,44.81,1.52,1.25,7.8,3.1,0.89
2007-12-17,0.0,0.89,24.2,30.6,19.6,47.8,25.1,28.2,79.1,193.9,36.83,55.9,1.33,1.52,17.3,7.8,0.64
2007-12-18,0.0,0.64,23.5,29.0,19.1,59.0,17.3,28.2,79.1,193.9,31.3,50.31,0.89,1.33,0.0,17.3,1.01
2007-12-19,0.0,1.01,23.5,27.2,21.1,79.5,0.0,28.2,67.5,193.9,26.61,45.28,0.64,0.89,0.0,0.0,2.24
2007-12-20,32.1,2.24,21.9,28.1,20.1,80.8,32.1,60.3,96.2,201.7,22.62,40.75,1.01,0.64,0.0,0.0,3.67
2007-12-21,50.8,3.67,20.5,23.8,18.7,91.3,82.9,108.0,132.2,249.7,46.51,65.57,2.24,1.01,32.1,0.0,4.01
2007-12-22,17.6,4.01,22.2,27.2,18.7,79.0,100.5,117.8,146.1,267.3,82.71,104.73,3.67,2.24,50.8,32.1,3.88
2007-12-23,16.2,3.88,22.4,28.5,19.9,75.5,84.6,116.7,144.9,283.5,85.26,110.1,4.01,3.67,17.6,50.8,3.79
2007-12-24,15.3,3.79,22.6,26.6,18.5,61.5,49.1,132.0,160.2,298.8,86.25,113.67,3.88,4.01,16.2,17.6,2.69
2007-12-25,0.0,2.69,23.1,27.1,20.0,56.0,31.5,132.0,160.2,298.8,86.31,116.07,3.79,3.88,15.3,16.2,1.78
2007-12-26,0.0,1.78,23.4,29.2,18.1,50.0,15.3,132.0,160.2,242.6,73.37,104.46,2.69,3.79,0.0,15.3,1.17
2007-12-27,0.0,1.17,24.8,30.3,20.4,49.5,0.0,99.9,160.2,225.2,62.36,94.02,1.78,2.69,0.0,0.0,0.85
2007-12-28,0.0,0.85,25.0,30.2,20.7,50.8,0.0,49.1,157.1,225.2,53.01,84.61,1.17,1.78,0.0,0.0,0.66
2007-12-29,0.0,0.66,25.2,30.7,20.5,48.8,0.0,31.5,149.3,225.2,45.06,76.15,0.85,1.17,0.0,0.0,0.61
2007-12-30,0.0,0.61,25.4,30.8,20.9,48.5,0.0,15.3,132.0,211.1,38.3,68.54,0.66,0.85,0.0,0.0,0.59
2008-01-02,0.0,0.55,24.5,29.4,22.0,48.5,0.0,0.0,132.0,211.1,23.52,49.96,0.56,0.59,0.0,0.0,0.55
2008-01-03,0.0,0.55,23.9,29.4,18.2,48.8,0.0,0.0,99.9,211.1,19.99,44.97,0.55,0.56,0.0,0.0,0.53
2008-01-04,0.0,0.53,25.1,30.0,21.0,50.0,0.0,0.0,49.1,199.5,16.99,40.47,0.55,0.55,0.0,0.0,0.53
2008-01-05,0.0,0.53,27.1,32.6,20.9,38.5,0.0,0.0,31.5,196.1,14.44,36.42,0.53,0.55,0.0,0.0,0.69
2008-01-06,0.0,0.69,21.1,27.9,19.1,86.8,0.0,0.0,15.3,181.3,12.28,32.78,0.53,0.53,0.0,0.0,1.19
2008-01-07,9.8,1.19,22.3,26.8,19.1,74.8,9.8,9.8,9.8,187.4,10.44,29.5,0.69,0.53,0.0,0.0,1.64
2008-01-08,4.6,1.64,23.6,28.2,20.1,73.5,14.4,14.4,14.4,174.6,17.2,35.37,1.19,0.69,9.8,0.0,1.5
2008-01-09,14.3,1.5,21.2,23.9,19.7,85.8,28.7,28.7,28.7,188.9,18.53,35.98,1.64,1.19,4.6,9.8,2.06
2008-01-10,1.8,2.06,22.2,27.0,19.0,74.8,20.7,30.5,30.5,190.7,27.91,45.25,1.5,1.64,14.3,4.6,2.72
2008-01-11,0.0,2.72,24.0,30.6,19.6,63.3,16.1,30.5,30.5,190.7,25.25,42.34,2.06,1.5,1.8,14.3,2.5
2008-01-12,0.0,2.5,24.0,28.6,20.1,70.0,1.8,30.5,30.5,190.7,21.46,38.11,2.72,2.06,0.0,1.8,2.06
2008-01-13,0.0,2.06,23.2,26.8,20.1,63.5,0.0,30.5,30.5,187.6,18.24,34.3,2.5,2.72,0.0,0.0,1.47
2008-01-14,0.0,1.47,22.4,27.0,19.6,59.3,0.0,20.7,30.5,179.8,15.51,30.87,2.06,2.5,0.0,0.0,1.06
2008-01-15,0.0,1.06,22.4,27.0,19.3,59.8,0.0,16.1,30.5,162.5,13.18,27.78,1.47,2.06,0.0,0.0,0.85
2008-01-16,0.0,0.85,23.0,28.0,19.7,59.8,0.0,1.8,30.5,162.5,11.2,25.0,1.06,1.47,0.0,0.0,0.72
2008-01-17,0.0,0.72,23.9,30.8,19.9,57.3,0.0,0.0,30.5,162.5,9.52,22.5,0.85,1.06,0.0,0.0,0.66
2008-01-18,0.0,0.66,24.5,28.5,20.9,63.5,0.0,0.0,30.5,162.5,8.09,20.25,0.72,0.85,0.0,0.0,0.69
2008-01-19,0.0,0.69,24.1,29.8,21.4,68.3,0.0,0.0,30.5,130.4,6.88,18.23,0.66,0.72,0.0,0.0,0.78
2008-01-20,0.0,0.78,23.0,30.4,19.5,75.8,0.0,0.0,30.5,79.6,5.85,16.4,0.69,0.66,0.0,0.0,1.16
2008-01-21,38.7,1.16,21.4,23.3,20.1,80.3,38.7,38.7,59.4,100.7,4.97,14.76,0.78,0.69,0.0,0.0,1.56
2008-01-22,2.3,1.56,21.8,26.5,19.7,81.3,41.0,41.0,57.1,86.8,37.12,48.12,1.16,0.78,38.7,0.0,1.47
2008-01-23,21.1,1.47,21.7,25.4,18.9,75.3,62.1,62.1,63.9,92.6,33.51,45.38,1.56,1.16,2.3,38.7,1.34
2008-01-24,0.0,1.34,22.3,26.5,19.9,72.3,23.4,62.1,62.1,92.6,46.42,59.83,1.47,1.56,21.1,2.3,1.38
2008-01-25,0.8,1.38,22.2,26.9,20.0,76.3,21.9,62.9,62.9,93.4,39.45,53.85,1.34,1.47,0.0,21.1,2.18
2008-01-26,2.1,2.18,21.0,25.8,19.5,90.0,2.9,65.0,65.0,95.5,34.22,49.18,1.38,1.34,0.8,0.0,2.47
2008-01-27,38.3,2.47,19.8,22.6,18.1,83.0,41.2,103.3,103.3,133.8,30.87,46.15,2.18,1.38,2.1,0.8,2.62
2008-01-28,8.8,2.62,18.9,20.9,17.3,86.5,49.2,73.4,112.1,142.6,58.79,76.01,2.47,2.18,38.3,2.1,3.38
2008-01-29,13.7,3.38,20.3,22.9,18.3,82.8,60.8,84.8,125.8,156.3,57.45,76.33,2.62,2.47,8.8,38.3,5.15
2008-01-30,56.8,5.15,21.8,25.6,18.9,84.5,79.3,120.5,182.6,213.1,60.48,81.02,3.38,2.62,13.7,8.8,8.23
2008-01-31,41.6,8.23,22.1,27.4,16.7,79.3,112.1,162.1,224.2,254.7,99.69,124.04,5.15,3.38,56.8,13.7,7.65
2008-02-01,0.0,7.65,23.9,31.8,20.1,71.5,98.4,161.3,224.2,254.7,120.1,149.08,8.23,5.15,41.6,56.8,6.91
2008-02-02,0.0,6.91,24.7,29.6,22.4,72.8,41.6,159.2,224.2,254.7,102.08,134.17,7.65,8.23,0.0,41.6,6.43
2008-02-03,8.5,6.43,22.3,27.1,20.5,86.0,8.5,129.4,232.7,263.2,86.77,120.75,6.91,7.65,0.0,0.0,6.78
2008-02-04,18.1,6.78,19.8,22.1,19.1,92.5,26.6,138.7,212.1,281.3,80.98,116.33,6.43,6.91,8.5,0.0,8.38
2008-02-05,43.2,8.38,20.9,24.1,18.9,79.8,69.8,168.2,253.0,324.5,84.22,120.98,6.78,6.43,18.1,8.5,8.18
2008-02-06,8.5,8.18,22.4,27.8,20.1,76.3,69.8,119.9,240.4,323.2,108.3,147.77,8.38,6.78,43.2,18.1,7.63
2008-02-07,6.2,7.63,23.6,28.6,19.3,66.5,57.9,84.5,246.6,324.8,99.28,140.64,8.18,8.38,8.5,43.2,6.21
2008-02-08,1.3,6.21,23.5,30.8,20.2,74.0,16.0,85.8,247.1,311.8,89.66,132.16,7.63,8.18,6.2,8.5,5.0
2008-02-09,0.0,5.0,25.3,31.9,20.5,52.5,7.5,85.8,245.0,310.0,77.32,120.11,6.21,7.63,1.3,6.2,3.81
2008-02-10,3.8,3.81,26.2,32.4,21.6,52.8,5.1,81.1,210.5,313.8,65.72,108.1,5.0,6.21,0.0,1.3,2.78
2008-02-11,0.0,2.78,26.2,31.4,21.8,60.5,3.8,63.0,201.7,313.8,59.09,100.71,3.81,5.0,3.8,0.0,1.97
2008-02-12,0.0,1.97,26.1,32.0,22.1,55.0,3.8,19.8,188.0,313.8,50.23,90.64,2.78,3.81,0.0,3.8,1.4
2008-02-13,0.0,1.4,24.8,29.8,20.3,59.3,0.0,11.3,131.2,313.8,42.69,81.57,1.97,2.78,0.0,0.0,1.09
2008-02-14,0.0,1.09,25.2,30.4,22.0,53.3,0.0,5.1,89.6,313.8,36.29,73.42,1.4,1.97,0.0,0.0,0.87
2008-02-15,0.0,0.87,24.7,30.0,21.6,51.8,0.0,3.8,89.6,313.8,30.85,66.08,1.09,1.4,0.0,0.0,0.81
2008-02-16,0.0,0.81,23.9,28.0,20.7,53.0,0.0,3.8,89.6,313.8,26.22,59.47,0.87,1.09,0.0,0.0,0.78
2008-02-17,0.0,0.78,24.4,29.2,20.1,50.8,0.0,0.0,81.1,313.8,22.29,53.52,0.81,0.87,0.0,0.0,0.78
2008-02-18,0.0,0.78,24.9,30.8,21.6,56.3,0.0,0.0,63.0,313.8,18.94,48.17,0.78,0.81,0.0,0.0,0.91
2008-02-19,2.8,0.91,21.2,24.6,19.3,79.3,2.8,2.8,22.6,316.6,16.1,43.35,0.78,0.78,0.0,0.0,1.0
2008-02-20,0.0,1.0,24.1,30.0,19.1,61.3,2.8,2.8,14.1,277.9,16.07,41.54,0.91,0.78,2.8,0.0,0.87
2008-02-21,0.0,0.87,23.8,28.7,20.9,68.8,2.8,2.8,7.9,275.6,13.66,37.38,1.0,0.91,0.0,2.8,1.09
2008-02-22,2.8,1.09,23.1,28.8,20.7,75.8,2.8,5.6,9.4,257.3,11.61,33.64,0.87,1.0,0.0,0.0,1.84
2008-02-23,19.5,1.84,24.5,28.8,20.9,67.5,22.3,25.1,28.9,276.8,12.25,32.8,1.09,0.87,2.8,0.0,2.28
2008-02-24,0.1,2.28,23.7,26.8,21.6,77.3,22.4,25.2,25.2,276.1,26.98,47.07,1.84,1.09,19.5,2.8,3.0
2008-02-25,50.8,3.0,21.3,25.6,19.0,85.8,70.4,76.0,76.0,324.8,23.02,42.45,2.28,1.84,0.1,19.5,4.04
2008-02-26,18.6,4.04,24.0,30.0,18.9,59.5,69.5,91.8,94.6,305.1,62.75,83.93,3.0,2.28,50.8,0.1,3.75
2008-02-27,0.0,3.75,23.1,28.5,19.3,65.0,69.4,91.8,94.6,296.3,69.15,92.28,4.04,3.0,18.6,50.8,3.0
2008-02-28,0.0,3.0,22.4,27.4,18.3,61.3,18.6,91.8,94.6,282.6,58.77,83.05,3.75,4.04,0.0,18.6,2.22
2008-02-29,0.0,2.22,23.1,27.4,19.5,67.0,0.0,89.0,94.6,225.8,49.96,74.74,3.0,3.75,0.0,0.0,2.44
2008-03-01,0.0,2.44,20.8,23.6,19.7,94.3,0.0,69.5,94.6,184.2,42.46,67.27,2.22,3.0,0.0,0.0,4.22
2008-03-02,58.3,4.22,22.5,27.6,19.9,82.5,58.3,127.7,152.9,242.5,36.09,60.54,2.44,2.22,0.0,0.0,4.15
2008-03-03,6.9,4.15,24.6,30.3,21.4,64.8,65.2,83.8,159.8,249.4,80.24,106.96,4.22,2.44,58.3,0.0,3.25
2008-03-04,7.8,3.25,24.1,30.2,19.3,61.8,73.0,73.0,164.8,248.7,74.07,102.47,4.15,4.22,6.9,58.3,2.44
2008-03-05,0.0,2.44,25.1,31.3,20.3,53.0,14.7,73.0,164.8,230.6,69.59,99.24,3.25,4.15,7.8,6.9,1.9
2008-03-06,0.0,1.9,25.4,31.6,21.1,55.5,7.8,73.0,164.8,187.4,59.15,89.32,2.44,3.25,0.0,7.8,2.56
2008-03-07,0.0,2.56,24.5,29.4,19.8,61.3,0.0,73.0,162.0,178.9,50.28,80.39,1.9,2.44,0.0,0.0,3.32
2008-03-08,0.0,3.32,23.8,29.8,19.1,63.0,0.0,73.0,142.5,172.7,42.73,72.35,2.56,1.9,0.0,0.0,3.35
2008-03-09,0.8,3.35,23.5,28.6,20.9,81.5,0.8,15.5,143.2,172.2,36.32,65.11,3.32,2.56,0.0,0.0,4.09
2008-03-10,0.3,4.09,24.1,29.4,20.5,66.3,1.1,8.9,92.7,172.5,31.56,59.32,3.35,3.32,0.8,0.0,4.25
2008-03-11,5.2,4.25,23.1,29.6,18.1,70.8,6.3,6.3,79.3,173.9,27.08,53.66,4.09,3.35,0.3,0.8,3.66
2008-03-12,20.3,3.66,21.9,29.0,19.6,82.3,25.8,26.6,99.6,194.2,27.44,52.97,4.25,4.09,5.2,0.3,3.32
2008-03-13,2.8,3.32,23.0,27.2,19.9,82.3,28.3,29.4,102.4,197.0,40.58,65.95,3.66,4.25,20.3,5.2,3.44
2008-03-14,3.1,3.44,20.5,23.9,19.3,89.5,26.2,32.5,105.5,200.1,36.87,61.87,3.32,3.66,2.8,20.3,3.97
2008-03-15,14.8,3.97,22.0,28.6,18.7,80.3,20.7,47.3,120.3,214.9,33.97,58.48,3.44,3.32,3.1,2.8,4.35
2008-03-16,61.1,4.35,21.8,26.8,18.1,78.8,79.0,107.6,123.1,276.0,41.46,65.95,3.97,3.44,14.8,3.1,4.94
2008-03-17,2.8,4.94,23.2,27.8,19.5,65.5,78.7,110.1,119.0,278.8,87.17,114.34,4.35,3.97,61.1,14.8,3.94
2008-03-18,0.3,3.94,23.1,28.1,19.9,59.8,64.2,105.2,111.5,279.1,76.48,105.43,4.94,4.35,2.8,61.1,3.03
2008-03-19,0.0,3.03,22.8,27.8,19.5,61.0,3.1,84.9,111.5,279.1,65.26,95.16,3.94,4.94,0.3,2.8,2.34
2008-03-20,0.0,2.34,23.0,28.1,19.5,57.5,0.3,82.1,111.5,276.3,55.47,85.64,3.03,3.94,0.0,0.3,1.81
2008-03-21,0.0,1.81,23.1,27.2,20.3,54.3,0.0,79.0,111.5,276.3,47.15,77.08,2.34,3.03,0.0,0.0,1.47
2008-03-22,0.0,1.47,24.2,29.2,19.9,55.8,0.0,64.2,111.5,276.3,40.08,69.37,1.81,2.34,0.0,0.0,1.22
2008-03-23,0.0,1.22,24.0,29.0,20.9,56.8,0.0,3.1,110.7,273.5,34.07,62.43,1.47,1.81,0.0,0.0,1.22
2008-03-24,14.3,1.22,23.1,29.3,20.7,82.5,14.3,14.6,124.7,268.3,28.96,56.19,1.22,1.47,0.0,0.0,1.81
2008-03-25,22.2,1.81,23.5,28.4,19.1,67.0,36.5,36.5,141.7,290.4,36.77,63.44,1.22,1.22,14.3,0.0,3.35
2008-03-26,0.1,3.35,21.8,24.6,19.9,71.3,36.6,36.6,121.5,239.7,50.12,77.08,1.81,1.22,22.2,14.3,4.41
2008-03-27,0.0,4.41,20.0,28.4,16.9,77.5,22.3,36.6,118.7,221.1,42.69,69.46,3.35,1.81,0.1,22.2,4.04
2008-03-28,34.1,4.04,22.5,28.3,17.1,68.0,34.2,70.7,149.7,255.2,36.29,62.51,4.41,3.35,0.0,0.1,3.25
2008-03-29,1.2,3.25,23.9,29.2,19.7,61.0,35.3,71.9,136.1,256.4,59.83,86.95,4.04,4.41,34.1,0.0,2.44
2008-03-30,3.5,2.44,22.4,28.2,19.3,60.0,38.8,75.4,78.5,259.9,51.87,79.34,3.25,4.04,1.2,34.1,1.9
2008-03-31,0.0,1.9,20.5,25.2,17.5,66.5,4.7,61.1,75.7,259.9,47.07,74.55,2.44,3.25,3.5,1.2,1.5
2008-04-01,0.0,1.5,21.4,26.7,17.5,59.8,3.5,38.9,75.4,201.6,40.01,67.1,1.9,2.44,0.0,3.5,1.25
2008-04-02,0.0,1.25,22.5,27.4,18.3,51.8,0.0,38.8,75.4,194.7,34.01,60.39,1.5,1.9,0.0,0.0,1.06
2008-04-03,0.0,1.06,23.0,28.0,19.1,60.3,0.0,38.8,75.4,186.9,28.91,54.35,1.25,1.5,0.0,0.0,1.06
2008-04-04,0.0,1.06,23.0,26.2,21.6,67.3,0.0,4.7,75.4,186.9,24.57,48.91,1.06,1.25,0.0,0.0,2.56
2008-04-05,18.1,2.56,20.7,23.8,19.1,84.8,18.1,21.6,93.5,205.0,20.88,44.02,1.06,1.06,0.0,0.0,8.18
2008-04-06,52.3,8.18,20.8,23.7,19.3,85.0,70.4,70.4,145.8,257.3,33.14,55.91,2.56,1.06,18.1,0.0,12.34
2008-04-07,27.8,12.34,22.8,29.0,19.8,76.0,98.2,98.2,159.3,285.1,72.62,97.39,8.18,2.56,52.3,18.1,11.5
2008-04-08,14.3,11.5,23.0,29.8,20.2,76.8,94.4,112.5,151.4,298.6,85.36,112.67,12.34,8.18,27.8,52.3,9.99
2008-04-09,0.0,9.99,24.3,29.2,20.2,69.0,42.1,112.5,151.3,298.3,84.71,114.27,11.5,12.34,14.3,27.8,8.31
2008-04-10,0.0,8.31,25.1,30.0,21.4,63.3,14.3,112.5,151.3,293.1,72.0,102.85,9.99,11.5,0.0,14.3,7.22
2008-04-11,4.3,7.22,24.7,30.2,19.9,65.3,4.3,116.8,121.5,277.1,61.2,92.56,8.31,9.99,0.0,0.0,6.41
2008-04-12,0.0,6.41,24.4,30.8,20.1,60.5,4.3,98.7,120.3,274.3,55.68,87.18,7.22,8.31,4.3,0.0,5.15
2008-04-13,63.2,5.15,23.4,30.4,19.9,70.8,67.5,109.6,180.0,334.4,47.33,78.46,6.41,7.22,0.0,4.3,4.28
2008-04-14,0.0,4.28,23.9,28.9,20.1,65.5,63.2,81.8,180.0,319.6,93.95,127.49,5.15,6.41,63.2,0.0,4.13
2008-04-15,3.6,4.13,23.5,28.1,20.3,68.3,66.8,71.1,183.6,262.1,79.85,114.74,4.28,5.15,0.0,63.2,5.19
2008-04-16,31.8,5.19,22.7,27.3,19.9,67.5,35.4,102.9,215.4,291.1,70.94,106.51,4.13,4.28,3.6,0.0,4.43
2008-04-17,0.0,4.43,23.6,28.4,19.9,65.8,35.4,102.9,215.4,290.8,87.33,124.48,5.19,4.13,31.8,3.6,3.84
2008-04-18,0.0,3.84,23.6,28.4,20.5,66.5,31.8,98.6,215.4,290.8,74.23,112.03,4.43,5.19,0.0,31.8,3.75
2008-04-19,0.0,3.75,22.5,27.4,19.0,63.5,0.0,98.6,197.3,290.8,63.09,100.83,3.84,4.43,0.0,0.0,3.25
2008-04-20,0.0,3.25,22.7,26.6,19.9,69.5,0.0,35.4,145.0,290.8,53.63,90.74,3.75,3.84,0.0,0.0,3.19
2008-04-21,0.0,3.19,24.1,29.4,20.7,59.5,0.0,35.4,117.2,290.8,45.58,81.67,3.25,3.75,0.0,0.0,2.66
2008-04-22,0.0,2.66,23.6,27.5,20.1,63.3,0.0,31.8,102.9,290.8,38.75,73.5,3.19,3.25,0.0,0.0,2.25
2008-04-23,0.1,2.25,23.6,28.7,20.5,68.3,0.1,0.1,103.0,276.6,32.93,66.15,2.66,3.19,0.0,0.0,2.4
2008-04-24,3.8,2.4,23.1,29.0,18.5,57.5,3.9,3.9,106.8,258.2,28.08,59.63,2.25,2.66,0.1,0.0,1.88
2008-04-25,0.0,1.88,23.6,29.2,19.3,54.3,3.9,3.9,102.5,258.1,27.1,57.08,2.4,2.25,3.8,0.1,1.5
2008-04-26,0.0,1.5,23.3,28.8,18.7,51.5,3.8,3.9,102.5,258.1,23.03,51.38,1.88,2.4,0.0,3.8,1.28
2008-04-27,0.0,1.28,23.8,29.4,18.7,48.3,0.0,3.9,39.3,224.0,19.58,46.24,1.5,1.88,0.0,0.0,1.19
2008-04-28,0.0,1.19,23.9,29.4,18.8,50.8,0.0,3.9,39.3,222.8,16.64,41.61,1.28,1.5,0.0,0.0,1.16
2008-04-29,0.0,1.16,24.6,30.1,19.8,55.0,0.0,3.9,35.7,219.3,14.15,37.45,1.19,1.28,0.0,0.0,1.19
2008-04-30,0.0,1.19,23.7,28.6,21.4,63.8,0.0,3.8,3.9,219.3,12.02,33.71,1.16,1.19,0.0,0.0,2.0
2008-05-01,0.0,2.0,19.7,23.7,18.1,74.3,0.0,0.0,3.9,219.3,10.22,30.34,1.19,1.16,0.0,0.0,4.53
2008-05-02,0.0,4.53,20.1,24.4,17.3,69.5,0.0,0.0,3.9,219.3,8.69,27.3,2.0,1.19,0.0,0.0,3.66
2008-05-03,0.0,3.66,22.4,28.0,18.1,64.0,0.0,0.0,3.9,219.3,7.38,24.57,4.53,2.0,0.0,0.0,2.66
2008-05-04,0.0,2.66,23.2,29.0,19.1,62.5,0.0,0.0,3.9,219.3,6.28,22.12,3.66,4.53,0.0,0.0,1.88
2008-05-05,0.0,1.88,23.1,28.2,19.3,59.8,0.0,0.0,3.9,201.2,5.33,19.9,2.66,3.66,0.0,0.0,1.47
2008-05-06,0.0,1.47,20.8,26.2,17.5,55.5,0.0,0.0,3.9,148.9,4.53,17.91,1.88,2.66,0.0,0.0,1.22
2008-05-07,0.0,1.22,19.8,26.2,15.1,42.3,0.0,0.0,3.8,121.1,3.85,16.12,1.47,1.88,0.0,0.0,1.19
2008-05-08,0.0,1.19,19.8,25.8,14.2,47.8,0.0,0.0,0.0,106.8,3.28,14.51,1.22,1.47,0.0,0.0,1.16
2008-05-09,0.0,1.16,20.5,27.4,15.4,53.8,0.0,0.0,0.0,106.8,2.78,13.06,1.19,1.22,0.0,0.0,1.16
2008-05-10,0.0,1.16,19.5,24.4,16.0,63.8,0.0,0.0,0.0,106.8,2.37,11.75,1.16,1.19,0.0,0.0,1.16
2008-05-11,0.0,1.16,18.4,22.3,15.6,67.0,0.0,0.0,0.0,102.5,2.01,10.58,1.16,1.16,0.0,0.0,1.12
2008-05-12,0.0,1.12,17.7,22.0,15.0,63.8,0.0,0.0,0.0,102.5,1.71,9.52,1.16,1.16,0.0,0.0,1.12
2008-05-13,0.0,1.12,17.4,21.7,14.4,61.8,0.0,0.0,0.0,39.3,1.45,8.57,1.12,1.16,0.0,0.0,1.12
2008-05-14,0.0,1.12,18.7,23.2,15.0,58.3,0.0,0.0,0.0,39.3,1.24,7.71,1.12,1.12,0.0,0.0,1.12
2008-05-15,0.0,1.12,19.6,25.4,15.4,62.8,0.0,0.0,0.0,35.7,1.05,6.94,1.12,1.12,0.0,0.0,1.09
2008-05-16,0.0,1.09,20.9,26.8,15.2,54.5,0.0,0.0,0.0,3.9,0.89,6.25,1.12,1.12,0.0,0.0,1.09
2008-05-17,0.0,1.09,20.1,22.5,18.3,66.8,0.0,0.0,0.0,3.9,0.76,5.62,1.09,1.12,0.0,0.0,1.09
2008-05-18,0.0,1.09,19.9,24.3,17.5,64.8,0.0,0.0,0.0,3.9,0.65,5.06,1.09,1.09,0.0,0.0,1.09
2008-05-19,0.0,1.09,21.3,27.9,15.4,56.5,0.0,0.0,0.0,3.9,0.55,4.55,1.09,1.09,0.0,0.0,1.09
2008-05-20,0.0,1.09,22.2,26.3,18.1,55.5,0.0,0.0,0.0,3.9,0.47,4.1,1.09,1.09,0.0,0.0,1.09
2008-05-21,0.0,1.09,21.6,27.1,17.5,55.0,0.0,0.0,0.0,3.9,0.4,3.69,1.09,1.09,0.0,0.0,1.06
2008-05-22,0.0,1.06,21.6,27.4,16.7,52.5,0.0,0.0,0.0,3.9,0.34,3.32,1.09,1.09,0.0,0.0,1.06
2008-05-23,0.0,1.06,21.2,26.6,16.9,53.0,0.0,0.0,0.0,3.8,0.29,2.99,1.06,1.09,0.0,0.0,1.06
2008-05-24,0.0,1.06,20.9,27.0,16.0,49.5,0.0,0.0,0.0,0.0,0.24,2.69,1.06,1.06,0.0,0.0,1.06
2008-05-25,0.0,1.06,20.9,26.8,15.6,49.0,0.0,0.0,0.0,0.0,0.21,2.42,1.06,1.06,0.0,0.0,1.06
2008-05-26,0.0,1.06,21.6,27.9,16.2,48.5,0.0,0.0,0.0,0.0,0.18,2.18,1.06,1.06,0.0,0.0,1.03
2008-05-27,0.0,1.03,21.8,27.3,17.9,55.5,0.0,0.0,0.0,0.0,0.15,1.96,1.06,1.06,0.0,0.0,1.03
2008-05-28,0.0,1.03,21.4,26.0,18.6,58.3,0.0,0.0,0.0,0.0,0.13,1.76,1.03,1.06,0.0,0.0,1.03
2008-05-29,0.0,1.03,21.0,27.6,16.0,55.3,0.0,0.0,0.0,0.0,0.11,1.59,1.03,1.03,0.0,0.0,1.03
2008-05-30,0.0,1.03,22.4,27.6,17.3,56.0,0.0,0.0,0.0,0.0,0.09,1.43,1.03,1.03,0.0,0.0,1.03
2008-05-31,1.4,1.03,19.8,23.7,17.5,67.3,1.4,1.4,1.4,1.4,0.08,1.29,1.03,1.03,0.0,0.0,1.03
2008-06-01,0.0,1.03,19.4,24.8,16.3,66.8,1.4,1.4,1.4,1.4,1.26,2.42,1.03,1.03,1.4,0.0,1.03
2008-06-02,0.0,1.03,19.0,24.0,15.6,66.0,1.4,1.4,1.4,1.4,1.07,2.18,1.03,1.03,0.0,1.4,1.0
2008-06-03,0.0,1.0,19.2,24.4,15.9,63.5,0.0,1.4,1.4,1.4,0.91,1.96,1.03,1.03,0.0,0.0,1.0
2008-06-04,0.0,1.0,20.6,26.6,15.9,60.3,0.0,1.4,1.4,1.4,0.77,1.76,1.0,1.03,0.0,0.0,1.0
2008-06-05,0.0,1.0,21.2,27.4,17.1,61.3,0.0,1.4,1.4,1.4,0.66,1.59,1.0,1.0,0.0,0.0,1.0
2008-06-06,0.0,1.0,21.5,27.2,17.7,50.3,0.0,1.4,1.4,1.4,0.56,1.43,1.0,1.0,0.0,0.0,1.0
2008-06-07,0.0,1.0,21.3,27.5,16.0,49.8,0.0,0.0,1.4,1.4,0.47,1.28,1.0,1.0,0.0,0.0,0.97
2008-06-08,0.0,0.97,21.1,26.8,17.7,50.5,0.0,0.0,1.4,1.4,0.4,1.16,1.0,1.0,0.0,0.0,0.97
2008-06-09,0.0,0.97,21.0,27.4,16.9,61.3,0.0,0.0,1.4,1.4,0.34,1.04,0.97,1.0,0.0,0.0,0.97
2008-06-10,0.0,0.97,22.0,28.3,18.0,52.0,0.0,0.0,1.4,1.4,0.29,0.94,0.97,0.97,0.0,0.0,0.97
2008-06-11,0.0,0.97,22.5,28.0,17.7,52.0,0.0,0.0,1.4,1.4,0.25,0.84,0.97,0.97,0.0,0.0,0.97
2008-06-12,0.0,0.97,21.1,25.8,19.1,51.3,0.0,0.0,1.4,1.4,0.21,0.76,0.97,0.97,0.0,0.0,0.94
2008-06-13,0.0,0.94,21.6,27.4,17.3,48.5,0.0,0.0,1.4,1.4,0.18,0.68,0.97,0.97,0.0,0.0,0.94
2008-06-14,0.0,0.94,21.2,27.2,16.9,52.5,0.0,0.0,0.0,1.4,0.15,0.61,0.94,0.97,0.0,0.0,0.94
2008-06-15,0.0,0.94,20.6,26.6,15.8,46.8,0.0,0.0,0.0,1.4,0.13,0.55,0.94,0.94,0.0,0.0,0.94
2008-06-16,0.0,0.94,20.3,26.6,15.9,61.8,0.0,0.0,0.0,1.4,0.11,0.5,0.94,0.94,0.0,0.0,0.94
2008-06-17,0.0,0.94,17.6,20.9,15.5,73.3,0.0,0.0,0.0,1.4,0.09,0.45,0.94,0.94,0.0,0.0,0.94
2008-06-18,0.0,0.94,19.4,26.4,14.8,67.0,0.0,0.0,0.0,1.4,0.08,0.4,0.94,0.94,0.0,0.0,0.91
2008-06-19,4.3,0.91,19.3,25.2,15.2,65.3,4.3,4.3,4.3,5.7,0.07,0.36,0.94,0.94,0.0,0.0,0.91
2008-06-20,0.0,0.91,20.3,26.2,15.2,56.5,4.3,4.3,4.3,5.7,3.71,4.2,0.91,0.94,4.3,0.0,0.91
2008-06-21,0.0,0.91,21.2,28.0,15.8,54.3,4.3,4.3,4.3,5.7,3.16,3.78,0.91,0.91,0.0,4.3,0.91
2008-06-22,0.0,0.91,22.3,29.2,16.5,52.0,0.0,4.3,4.3,5.7,2.68,3.4,0.91,0.91,0.0,0.0,0.91
2008-06-23,0.0,0.91,20.4,24.6,18.6,67.5,0.0,4.3,4.3,5.7,2.28,3.06,0.91,0.91,0.0,0.0,0.91
2008-06-24,0.0,0.91,18.3,21.7,17.3,76.5,0.0,4.3,4.3,5.7,1.94,2.75,0.91,0.91,0.0,0.0,0.91
2008-06-25,0.0,0.91,18.6,23.4,15.0,68.0,0.0,4.3,4.3,5.7,1.65,2.48,0.91,0.91,0.0,0.0,0.94
2008-06-26,0.0,0.94,16.7,20.5,14.0,65.3,0.0,0.0,4.3,5.7,1.4,2.23,0.91,0.91,0.0,0.0,0.91
2008-06-27,0.0,0.91,17.1,22.4,14.0,70.5,0.0,0.0,4.3,5.7,1.19,2.01,0.94,0.91,0.0,0.0,0.91
2008-06-28,0.0,0.91,17.6,22.5,14.2,64.0,0.0,0.0,4.3,5.7,1.01,1.81,0.91,0.94,0.0,0.0,0.87
2008-06-29,0.0,0.87,19.2,24.8,15.4,58.8,0.0,0.0,4.3,5.7,0.86,1.63,0.91,0.91,0.0,0.0,0.87
2008-06-30,0.0,0.87,19.6,26.1,14.2,52.3,0.0,0.0,4.3,4.3,0.73,1.46,0.87,0.91,0.0,0.0,0.87
2008-07-01,0.0,0.87,20.4,26.9,15.2,50.3,0.0,0.0,4.3,4.3,0.62,1.32,0.87,0.87,0.0,0.0,0.87
2008-07-02,0.0,0.87,20.0,24.9,16.3,56.8,0.0,0.0,4.3,4.3,0.53,1.19,0.87,0.87,0.0,0.0,0.87
2008-07-03,0.0,0.87,20.1,25.1,17.9,65.3,0.0,0.0,0.0,4.3,0.45,1.07,0.87,0.87,0.0,0.0,0.86
2008-07-04,0.0,0.86,20.0,26.1,16.2,54.5,0.0,0.0,0.0,4.3,0.38,0.96,0.87,0.87,0.0,0.0,0.86
2008-07-05,0.0,0.86,19.0,25.1,15.0,54.0,0.0,0.0,0.0,4.3,0.32,0.86,0.86,0.87,0.0,0.0,0.86
2008-07-06,0.0,0.86,18.0,22.1,16.0,60.5,0.0,0.0,0.0,4.3,0.28,0.78,0.86,0.86,0.0,0.0,0.85
2008-07-07,0.0,0.85,17.4,22.8,13.2,57.3,0.0,0.0,0.0,4.3,0.23,0.7,0.86,0.86,0.0,0.0,0.85
2008-07-08,0.0,0.85,17.6,23.3,13.2,53.0,0.0,0.0,0.0,4.3,0.2,0.63,0.85,0.86,0.0,0.0,0.83
2008-07-09,0.0,0.83,17.6,22.0,12.4,52.0,0.0,0.0,0.0,4.3,0.17,0.57,0.85,0.85,0.0,0.0,0.83
2008-07-10,0.0,0.83,18.0,21.7,16.0,58.3,0.0,0.0,0.0,4.3,0.14,0.51,0.83,0.85,0.0,0.0,0.83
2008-07-11,0.0,0.83,18.0,23.1,14.6,59.5,0.0,0.0,0.0,4.3,0.12,0.46,0.83,0.83,0.0,0.0,0.81
2008-07-12,0.0,0.81,17.6,23.3,13.6,54.5,0.0,0.0,0.0,4.3,0.1,0.41,0.83,0.83,0.0,0.0,0.81
2008-07-13,0.0,0.81,16.2,22.7,12.2,51.8,0.0,0.0,0.0,4.3,0.09,0.37,0.81,0.83,0.0,0.0,0.81
2008-07-14,0.0,0.81,17.4,22.9,11.8,48.3,0.0,0.0,0.0,4.3,0.08,0.33,0.81,0.81,0.0,0.0,0.8
2008-07-15,0.0,0.8,16.7,23.0,12.5,55.5,0.0,0.0,0.0,4.3,0.06,0.3,0.81,0.81,0.0,0.0,0.8
2008-07-16,0.0,0.8,16.0,21.9,11.3,54.8,0.0,0.0,0.0,4.3,0.05,0.27,0.8,0.81,0.0,0.0,0.8
2008-07-17,0.0,0.8,17.4,24.8,12.0,53.5,0.0,0.0,0.0,4.3,0.05,0.24,0.8,0.8,0.0,0.0,0.78
2008-07-18,0.0,0.78,18.6,26.3,12.4,48.3,0.0,0.0,0.0,4.3,0.04,0.22,0.8,0.8,0.0,0.0,0.78
2008-07-19,0.0,0.78,20.7,28.4,13.6,42.0,0.0,0.0,0.0,0.0,0.03,0.2,0.78,0.8,0.0,0.0,0.78
2008-07-20,0.0,0.78,21.7,28.2,16.7,42.0,0.0,0.0,0.0,0.0,0.03,0.18,0.78,0.78,0.0,0.0,0.77
2008-07-21,0.0,0.77,20.1,26.2,17.1,49.3,0.0,0.0,0.0,0.0,0.02,0.16,0.78,0.78,0.0,0.0,0.77
2008-07-22,0.0,0.77,19.6,25.6,15.4,52.0,0.0,0.0,0.0,0.0,0.02,0.14,0.77,0.78,0.0,0.0,0.77
2008-07-23,0.0,0.77,20.4,28.2,14.2,45.5,0.0,0.0,0.0,0.0,0.02,0.13,0.77,0.77,0.0,0.0,0.75
2008-07-24,0.0,0.75,22.0,29.4,15.2,37.5,0.0,0.0,0.0,0.0,0.01,0.12,0.77,0.77,0.0,0.0,0.75
2008-07-25,0.0,0.75,21.9,29.8,16.0,41.8,0.0,0.0,0.0,0.0,0.01,0.11,0.75,0.77,0.0,0.0,0.75
2008-07-26,0.0,0.75,21.0,27.0,17.1,57.3,0.0,0.0,0.0,0.0,0.01,0.09,0.75,0.75,0.0,0.0,0.73
2008-07-27,0.0,0.73,19.5,25.6,15.6,54.3,0.0,0.0,0.0,0.0,0.01,0.09,0.75,0.75,0.0,0.0,0.73
2008-07-28,0.0,0.73,20.1,27.0,15.0,40.3,0.0,0.0,0.0,0.0,0.01,0.08,0.73,0.75,0.0,0.0,0.73
2008-07-29,0.0,0.73,19.2,25.8,14.0,36.3,0.0,0.0,0.0,0.0,0.01,0.07,0.73,0.73,0.0,0.0,0.72
2008-07-30,0.0,0.72,19.4,26.7,13.6,42.0,0.0,0.0,0.0,0.0,0.01,0.06,0.73,0.73,0.0,0.0,0.72
2008-07-31,0.0,0.72,20.6,27.0,15.2,43.8,0.0,0.0,0.0,0.0,0.0,0.06,0.72,0.73,0.0,0.0,0.72
2008-08-01,0.0,0.72,20.5,26.4,15.9,47.0,0.0,0.0,0.0,0.0,0.0,0.05,0.72,0.72,0.0,0.0,0.7
2008-08-02,0.0,0.7,21.4,28.5,15.5,45.3,0.0,0.0,0.0,0.0,0.0,0.05,0.72,0.72,0.0,0.0,0.7
2008-08-03,0.0,0.7,22.9,28.6,17.8,42.3,0.0,0.0,0.0,0.0,0.0,0.04,0.7,0.72,0.0,0.0,0.7
2008-08-04,0.0,0.7,22.0,27.0,18.5,57.3,0.0,0.0,0.0,0.0,0.0,0.04,0.7,0.7,0.0,0.0,0.7
2008-08-05,0.0,0.7,19.8,25.6,17.3,81.5,0.0,0.0,0.0,0.0,0.0,0.03,0.7,0.7,0.0,0.0,0.69
2008-08-06,9.7,0.69,21.9,27.0,17.3,66.5,9.7,9.7,9.7,9.7,0.0,0.03,0.7,0.7,0.0,0.0,0.69
2008-08-07,0.0,0.69,22.3,28.2,18.1,56.0,9.7,9.7,9.7,9.7,8.25,8.76,0.69,0.7,9.7,0.0,0.69
2008-08-08,0.0,0.69,23.3,29.2,17.3,52.0,9.7,9.7,9.7,9.7,7.01,7.88,0.69,0.69,0.0,9.7,0.67
2008-08-09,0.0,0.67,21.9,26.8,19.1,57.0,0.0,9.7,9.7,9.7,5.96,7.09,0.69,0.69,0.0,0.0,0.67
2008-08-10,0.0,0.67,22.3,28.3,17.7,56.5,0.0,9.7,9.7,9.7,5.06,6.38,0.67,0.69,0.0,0.0,0.67
2008-08-11,0.0,0.67,20.5,25.8,17.3,60.8,0.0,9.7,9.7,9.7,4.3,5.75,0.67,0.67,0.0,0.0,0.67
2008-08-12,0.0,0.67,21.3,27.3,17.5,53.0,0.0,9.7,9.7,9.7,3.66,5.17,0.67,0.67,0.0,0.0,0.66
2008-08-13,0.0,0.66,21.8,28.0,17.6,46.8,0.0,0.0,9.7,9.7,3.11,4.65,0.67,0.67,0.0,0.0,0.66
2008-08-14,0.0,0.66,20.4,25.2,17.5,49.8,0.0,0.0,9.7,9.7,2.64,4.19,0.66,0.67,0.0,0.0,0.66
2008-08-15,0.0,0.66,20.4,25.8,16.5,47.3,0.0,0.0,9.7,9.7,2.25,3.77,0.66,0.66,0.0,0.0,0.64
2008-08-16,0.0,0.64,21.3,28.2,16.5,54.3,0.0,0.0,9.7,9.7,1.91,3.39,0.66,0.66,0.0,0.0,0.64
2008-08-17,0.0,0.64,20.8,26.6,16.7,48.0,0.0,0.0,9.7,9.7,1.62,3.05,0.64,0.66,0.0,0.0,0.64
2008-08-18,0.0,0.64,20.7,26.6,16.8,48.5,0.0,0.0,9.7,9.7,1.38,2.75,0.64,0.64,0.0,0.0,0.63
2008-08-19,0.0,0.63,20.1,25.7,16.5,46.3,0.0,0.0,9.7,9.7,1.17,2.47,0.64,0.64,0.0,0.0,0.63
2008-08-20,0.0,0.63,20.3,25.6,16.5,48.8,0.0,0.0,0.0,9.7,1.0,2.23,0.63,0.64,0.0,0.0,0.63
2008-08-21,0.0,0.63,21.1,26.6,16.5,48.8,0.0,0.0,0.0,9.7,0.85,2.0,0.63,0.63,0.0,0.0,0.63
2008-08-22,0.0,0.63,21.6,27.6,16.0,39.0,0.0,0.0,0.0,9.7,0.72,1.8,0.63,0.63,0.0,0.0,0.61
2008-08-23,0.0,0.61,20.4,25.0,16.5,49.3,0.0,0.0,0.0,9.7,0.61,1.62,0.63,0.63,0.0,0.0,0.61
2008-08-24,0.0,0.61,20.5,26.8,16.7,54.0,0.0,0.0,0.0,9.7,0.52,1.46,0.61,0.63,0.0,0.0,0.61
2008-08-25,0.0,0.61,21.3,27.8,16.5,52.0,0.0,0.0,0.0,9.7,0.44,1.31,0.61,0.61,0.0,0.0,0.61
2008-08-26,0.0,0.61,22.1,27.8,16.5,39.3,0.0,0.0,0.0,9.7,0.38,1.18,0.61,0.61,0.0,0.0,0.59
2008-08-27,0.0,0.59,23.6,30.6,16.7,36.0,0.0,0.0,0.0,9.7,0.32,1.06,0.61,0.61,0.0,0.0,0.59
2008-08-28,0.0,0.59,22.6,29.8,16.9,44.0,0.0,0.0,0.0,9.7,0.27,0.96,0.59,0.61,0.0,0.0,0.58
2008-08-29,0.0,0.58,24.3,31.6,17.9,38.3,0.0,0.0,0.0,9.7,0.23,0.86,0.59,0.59,0.0,0.0,0.64
2008-08-30,7.8,0.64,18.8,27.2,14.8,66.3,7.8,7.8,7.8,17.5,0.2,0.78,0.58,0.59,0.0,0.0,0.67
2008-08-31,0.0,0.67,17.6,23.1,14.4,66.8,7.8,7.8,7.8,17.5,6.8,7.72,0.64,0.58,7.8,0.0,0.64
2008-09-01,0.0,0.64,19.4,26.7,13.6,53.3,7.8,7.8,7.8,17.5,5.78,6.95,0.67,0.64,0.0,7.8,0.62
2008-09-02,0.0,0.62,21.1,28.3,15.2,40.3,0.0,7.8,7.8,17.5,4.91,6.25,0.64,0.67,0.0,0.0,0.6
2008-09-03,0.0,0.6,21.9,29.6,14.2,30.5,0.0,7.8,7.8,17.5,4.17,5.63,0.62,0.64,0.0,0.0,0.57
2008-09-04,0.0,0.57,23.9,31.8,16.5,32.3,0.0,7.8,7.8,17.5,3.55,5.06,0.6,0.62,0.0,0.0,0.56
2008-09-05,0.0,0.56,24.8,31.2,18.8,31.5,0.0,7.8,7.8,7.8,3.02,4.56,0.57,0.6,0.0,0.0,0.55
2008-09-06,0.0,0.55,25.7,33.8,19.1,32.8,0.0,0.0,7.8,7.8,2.56,4.1,0.56,0.57,0.0,0.0,0.54
2008-09-07,0.0,0.54,27.0,34.0,20.9,35.3,0.0,0.0,7.8,7.8,2.18,3.69,0.55,0.56,0.0,0.0,0.54
2008-09-08,0.0,0.54,24.8,30.2,22.2,51.8,0.0,0.0,7.8,7.8,1.85,3.32,0.54,0.55,0.0,0.0,0.53
2008-09-09,0.0,0.53,22.8,28.1,19.4,48.5,0.0,0.0,7.8,7.8,1.57,2.99,0.54,0.54,0.0,0.0,0.53
2008-09-10,0.0,0.53,22.6,29.5,17.6,54.0,0.0,0.0,7.8,7.8,1.34,2.69,0.53,0.54,0.0,0.0,0.52
2008-09-11,0.0,0.52,24.0,30.4,19.5,44.8,0.0,0.0,7.8,7.8,1.14,2.42,0.53,0.53,0.0,0.0,0.52
2008-09-12,0.0,0.52,25.2,32.8,18.5,32.5,0.0,0.0,7.8,7.8,0.97,2.18,0.52,0.53,0.0,0.0,0.52
2008-09-13,0.0,0.52,25.8,32.9,19.7,32.3,0.0,0.0,0.0,7.8,0.82,1.96,0.52,0.52,0.0,0.0,0.51
2008-09-14,0.0,0.51,25.3,32.6,21.6,45.8,0.0,0.0,0.0,7.8,0.7,1.77,0.52,0.52,0.0,0.0,0.52
2008-09-15,0.0,0.52,23.3,29.6,20.1,61.5,0.0,0.0,0.0,7.8,0.59,1.59,0.51,0.52,0.0,0.0,0.56
2008-09-16,23.8,0.56,19.7,22.8,17.3,79.0,23.8,23.8,23.8,31.6,0.5,1.43,0.52,0.51,0.0,0.0,1.03
2008-09-17,2.9,1.03,19.3,24.3,17.5,81.0,26.7,26.7,26.7,34.5,20.66,22.71,0.56,0.52,23.8,0.0,1.71
2008-09-18,6.9,1.71,16.5,20.1,15.0,73.8,33.6,33.6,33.6,41.4,20.03,23.05,1.03,0.56,2.9,23.8,1.74
2008-09-19,0.0,1.74,16.4,20.7,13.8,71.5,9.8,33.6,33.6,41.4,22.89,26.95,1.71,1.03,6.9,2.9,1.08
2008-09-20,0.0,1.08,17.9,22.5,14.6,67.8,6.9,33.6,33.6,41.4,19.45,24.26,1.74,1.71,0.0,6.9,1.01
2008-09-21,2.8,1.01,17.8,20.9,15.8,85.8,2.8,36.4,36.4,44.2,16.54,21.83,1.08,1.74,0.0,0.0,0.91
2008-09-22,19.1,0.91,18.9,24.1,16.7,58.0,21.9,55.5,55.5,63.3,16.44,22.17,1.01,1.08,2.8,0.0,0.69
2008-09-23,0.0,0.69,20.3,27.8,14.2,34.3,21.9,31.7,55.5,63.3,30.2,37.14,0.91,1.01,19.1,2.8,0.62
2008-09-24,0.0,0.62,20.2,26.6,14.4,48.8,19.1,28.8,55.5,63.3,25.67,33.43,0.69,0.91,0.0,19.1,0.58
2008-09-25,0.0,0.58,19.9,25.2,15.2,59.3,0.0,21.9,55.5,63.3,21.82,30.08,0.62,0.69,0.0,0.0,1.06
2008-09-26,0.2,1.06,16.8,22.9,14.0,81.8,0.2,22.1,55.7,63.5,18.55,27.08,0.58,0.62,0.0,0.0,2.06
2008-09-27,30.3,2.06,18.5,23.9,14.1,75.8,30.5,52.4,86.0,93.8,15.94,24.55,1.06,0.58,0.2,0.0,2.33
2008-09-28,3.8,2.33,21.3,27.4,16.3,49.0,34.3,53.4,89.8,97.6,39.3,49.36,2.06,1.06,30.3,0.2,1.5
2008-09-29,0.0,1.5,20.9,27.1,15.8,53.3,34.1,34.3,89.8,89.8,36.64,47.85,2.33,2.06,3.8,30.3,0.89
2008-09-30,0.0,0.89,23.1,29.4,17.6,56.5,3.8,34.3,66.0,89.8,31.14,43.06,1.5,2.33,0.0,3.8,0.68
2008-10-01,0.0,0.68,25.8,32.3,20.4,50.0,0.0,34.3,63.1,89.8,26.47,38.76,0.89,1.5,0.0,0.0,0.77
2008-10-02,0.0,0.77,22.6,26.4,21.1,66.8,0.0,34.3,56.2,89.8,22.5,34.88,0.68,0.89,0.0,0.0,0.72
2008-10-03,0.0,0.72,24.4,29.2,20.3,57.3,0.0,34.1,56.2,89.8,19.12,31.39,0.77,0.68,0.0,0.0,0.64
2008-10-04,0.0,0.64,26.0,32.5,20.9,50.5,0.0,3.8,56.2,89.8,16.26,28.25,0.72,0.77,0.0,0.0,0.6
2008-10-05,0.0,0.6,27.4,35.2,21.1,34.5,0.0,0.0,53.4,89.8,13.82,25.43,0.64,0.72,0.0,0.0,0.58
2008-10-06,0.0,0.58,26.1,33.6,22.3,50.0,0.0,0.0,34.3,89.8,11.74,22.89,0.6,0.64,0.0,0.0,0.56
2008-10-07,0.0,0.56,23.9,29.1,20.5,55.8,0.0,0.0,34.3,89.8,9.98,20.6,0.58,0.6,0.0,0.0,0.58
2008-10-08,0.0,0.58,20.6,25.4,18.6,69.0,0.0,0.0,34.3,89.8,8.49,18.54,0.56,0.58,0.0,0.0,0.57
2008-10-09,0.0,0.57,17.4,19.5,15.8,71.8,0.0,0.0,34.3,89.8,7.21,16.68,0.58,0.56,0.0,0.0,0.56
2008-10-10,0.0,0.56,18.9,23.8,14.8,62.5,0.0,0.0,34.1,89.8,6.13,15.01,0.57,0.58,0.0,0.0,0.55
2008-10-11,0.0,0.55,19.8,24.4,16.5,56.3,0.0,0.0,3.8,89.8,5.21,13.51,0.56,0.57,0.0,0.0,0.54
2008-10-12,0.0,0.54,21.8,26.6,17.5,54.0,0.0,0.0,0.0,89.8,4.43,12.16,0.55,0.56,0.0,0.0,0.53
2008-10-13,0.0,0.53,23.0,28.7,19.0,55.5,0.0,0.0,0.0,89.8,3.77,10.95,0.54,0.55,0.0,0.0,0.52
2008-10-14,0.0,0.52,24.2,30.4,19.5,53.0,0.0,0.0,0.0,89.8,3.2,9.85,0.53,0.54,0.0,0.0,0.52
2008-10-15,0.0,0.52,26.6,33.6,21.4,44.3,0.0,0.0,0.0,89.8,2.72,8.87,0.52,0.53,0.0,0.0,0.52
2008-10-16,0.0,0.52,28.5,34.4,22.0,38.0,0.0,0.0,0.0,66.0,2.31,7.98,0.52,0.52,0.0,0.0,0.52
2008-10-17,0.0,0.52,24.4,32.8,19.3,55.3,0.0,0.0,0.0,63.1,1.97,7.18,0.52,0.52,0.0,0.0,0.56
2008-10-18,14.7,0.56,21.6,29.8,18.3,69.0,14.7,14.7,14.7,70.9,1.67,6.46,0.52,0.52,0.0,0.0,0.65
2008-10-19,10.3,0.65,21.0,24.4,18.1,75.0,25.0,25.0,25.0,81.2,13.92,19.05,0.56,0.52,14.7,0.0,0.76
2008-10-20,39.8,0.76,20.4,23.6,18.8,73.0,64.8,64.8,64.8,121.0,20.58,26.41,0.65,0.56,10.3,14.7,0.67
2008-10-21,0.3,0.67,21.8,26.3,18.9,66.8,50.4,65.1,65.1,118.5,51.33,59.59,0.76,0.65,39.8,10.3,0.6
2008-10-22,0.0,0.6,22.3,27.8,18.9,59.5,40.1,65.1,65.1,99.4,43.88,53.9,0.67,0.76,0.3,39.8,0.56
2008-10-23,0.0,0.56,23.7,30.4,19.7,54.3,0.3,65.1,65.1,99.4,37.3,48.51,0.6,0.67,0.0,0.3,0.54
2008-10-24,0.0,0.54,24.8,30.8,20.1,46.8,0.0,65.1,65.1,99.4,31.7,43.66,0.56,0.6,0.0,0.0,0.52
2008-10-25,0.0,0.52,26.2,32.2,21.1,34.3,0.0,50.4,65.1,99.4,26.95,39.29,0.54,0.56,0.0,0.0,0.52
2008-10-26,0.0,0.52,27.7,34.2,22.6,36.3,0.0,40.1,65.1,99.2,22.91,35.37,0.52,0.54,0.0,0.0,0.5
2008-10-27,0.0,0.5,28.3,35.1,22.3,35.0,0.0,0.3,65.1,68.9,19.47,31.83,0.52,0.52,0.0,0.0,0.5
2008-10-28,0.0,0.5,27.6,32.9,24.6,52.8,0.0,0.0,65.1,65.1,16.55,28.65,0.5,0.52,0.0,0.0,0.49
2008-10-29,0.0,0.49,24.3,29.6,21.8,62.3,0.0,0.0,65.1,65.1,14.07,25.78,0.5,0.5,0.0,0.0,0.49
2008-10-30,0.0,0.49,25.8,30.8,21.4,55.0,0.0,0.0,65.1,65.1,11.96,23.2,0.49,0.5,0.0,0.0,0.63
2008-10-31,0.0,0.63,25.5,30.6,21.8,68.3,0.0,0.0,65.1,65.1,10.16,20.88,0.49,0.49,0.0,0.0,0.87
2008-11-01,54.3,0.87,22.3,25.5,19.7,75.3,54.3,54.3,104.7,119.4,8.64,18.79,0.63,0.49,0.0,0.0,0.78
2008-11-02,0.1,0.78,23.5,28.2,19.5,63.5,54.4,54.4,94.5,119.5,53.5,65.79,0.87,0.63,54.3,0.0,0.62
2008-11-03,0.0,0.62,25.4,31.0,21.6,54.8,54.4,54.4,54.7,119.5,45.56,59.3,0.78,0.87,0.1,54.3,0.58
2008-11-04,24.0,0.58,24.2,32.6,20.9,61.3,24.1,78.4,78.4,143.5,38.72,53.37,0.62,0.78,0.0,0.1,0.69
2008-11-05,0.3,0.69,24.5,29.6,19.6,64.5,24.3,78.7,78.7,143.8,53.32,69.63,0.58,0.62,24.0,0.0,0.81
2008-11-06,0.0,0.81,26.2,33.2,22.8,52.5,24.3,78.7,78.7,143.8,45.57,62.94,0.69,0.58,0.3,24.0,0.96
2008-11-07,22.1,0.96,22.4,26.0,19.5,73.8,22.4,100.8,100.8,165.9,38.74,56.64,0.81,0.69,0.0,0.3,1.08
2008-11-08,0.3,1.08,23.2,28.6,19.3,69.5,22.4,46.8,101.1,166.2,51.71,70.87,0.96,0.81,22.1,0.0,1.06
2008-11-09,0.0,1.06,25.9,31.8,20.1,56.8,22.4,46.7,101.1,166.2,44.21,64.05,1.08,0.96,0.3,22.1,1.3
2008-11-10,0.0,1.3,21.7,27.2,19.5,83.3,0.3,46.7,101.1,166.2,37.58,57.65,1.06,1.08,0.0,0.3,1.7
2008-11-11,21.3,1.7,22.3,27.1,18.8,72.0,21.3,44.0,122.4,187.5,31.94,51.88,1.3,1.06,0.0,0.0,1.59
2008-11-12,0.1,1.59,22.3,26.4,19.3,69.0,21.4,43.8,122.5,187.6,45.26,65.86,1.7,1.3,21.3,0.0,1.28
2008-11-13,0.0,1.28,21.5,23.3,20.3,81.0,21.4,43.8,122.5,187.6,38.55,59.37,1.59,1.7,0.1,21.3,2.31
2008-11-14,26.2,2.31,19.8,22.3,18.7,91.8,26.3,47.9,148.7,213.8,32.77,53.43,1.28,1.59,0.0,0.1,3.61
2008-11-15,35.1,3.61,24.1,30.7,17.7,57.3,61.3,82.7,129.5,248.9,50.12,71.67,2.31,1.28,26.2,0.0,3.48
2008-11-16,0.5,3.48,25.6,31.2,19.9,51.3,61.8,83.2,129.9,249.4,72.44,96.09,3.61,2.31,35.1,26.2,2.98
2008-11-17,0.0,2.98,24.0,29.2,21.8,63.0,35.6,83.2,129.9,234.7,62.0,86.93,3.48,3.61,0.5,35.1,2.48
2008-11-18,23.2,2.48,21.0,24.0,18.5,74.8,23.7,85.1,129.1,247.6,52.7,78.24,2.98,3.48,0.0,0.5,2.33
2008-11-19,0.1,2.33,21.1,25.3,19.3,73.0,23.3,85.1,128.9,207.9,64.51,91.29,2.48,2.98,23.2,0.0,1.98
2008-11-20,0.0,1.98,19.5,23.7,16.7,69.0,23.3,85.1,128.9,207.6,54.92,82.26,2.33,2.48,0.1,23.2,1.44
2008-11-22,0.0,1.21,19.1,22.7,16.3,73.3,0.0,23.8,106.5,207.6,39.68,66.63,1.44,1.98,0.0,0.0,1.06
2008-11-23,0.0,1.06,20.9,24.8,17.3,65.0,0.0,23.3,106.5,207.6,33.73,59.96,1.21,1.44,0.0,0.0,1.08
2008-11-24,0.0,1.08,21.6,26.8,18.1,62.5,0.0,23.3,106.5,207.6,28.67,53.97,1.06,1.21,0.0,0.0,1.15
2008-11-25,0.0,1.15,22.6,28.5,18.3,58.3,0.0,0.1,85.2,207.6,24.37,48.57,1.08,1.06,0.0,0.0,1.06
2008-11-26,0.0,1.06,22.1,26.3,18.9,61.8,0.0,0.0,85.1,207.6,20.71,43.71,1.15,1.08,0.0,0.0,1.53
2008-11-27,0.0,1.53,21.3,23.9,19.7,80.3,0.0,0.0,85.1,207.6,17.61,39.34,1.06,1.15,0.0,0.0,2.66
2008-11-28,9.3,2.66,22.3,27.4,17.5,67.5,9.3,9.3,68.2,216.9,14.97,35.41,1.53,1.06,0.0,0.0,3.24
2008-11-29,0.2,3.24,21.5,27.4,18.8,75.8,9.5,9.5,33.3,217.1,20.63,40.24,2.66,1.53,9.3,0.0,3.27
2008-11-30,7.1,3.27,22.9,28.6,18.6,65.3,16.6,16.6,39.9,224.2,17.7,36.39,3.24,2.66,0.2,9.3,2.87
2008-12-01,0.0,2.87,24.6,30.8,19.1,53.5,7.3,16.6,39.9,169.9,21.08,39.14,3.27,3.24,7.1,0.2,2.17
2008-12-02,0.0,2.17,26.2,32.2,21.1,55.0,7.1,16.6,16.7,169.8,17.92,35.23,2.87,3.27,0.0,7.1,1.82
2008-12-03,3.6,1.82,23.2,27.0,20.5,71.0,3.6,20.2,20.2,173.4,15.23,31.71,2.17,2.87,0.0,0.0,1.92
2008-12-04,0.0,1.92,23.3,30.0,18.3,56.0,3.6,20.2,20.2,149.4,16.01,31.78,1.82,2.17,3.6,0.0,1.5
2008-12-05,0.0,1.5,22.4,28.0,19.1,63.3,3.6,10.9,20.2,149.1,13.61,28.6,1.92,1.82,0.0,3.6,1.19
2008-12-06,0.0,1.19,21.4,24.8,18.8,69.0,0.0,10.7,20.2,149.1,11.56,25.74,1.5,1.92,0.0,0.0,0.99
2008-12-07,0.0,0.99,21.9,26.9,19.3,65.5,0.0,3.6,20.2,127.0,9.83,23.16,1.19,1.5,0.0,0.0,0.87
2008-12-08,0.0,0.87,22.6,28.8,18.9,66.5,0.0,3.6,20.2,126.7,8.36,20.85,0.99,1.19,0.0,0.0,0.8
2008-12-09,5.8,0.8,24.0,31.2,18.9,57.0,5.8,9.4,26.0,132.5,7.1,18.76,0.87,0.99,0.0,0.0,0.75
2008-12-10,0.0,0.75,25.3,31.4,19.5,47.0,5.8,5.8,26.0,132.5,10.97,22.11,0.8,0.87,5.8,0.0,0.72
2008-12-11,0.0,0.72,24.8,28.6,22.4,63.8,5.8,5.8,26.0,111.2,9.32,19.9,0.75,0.8,0.0,5.8,0.92
2008-12-12,0.0,0.92,23.2,30.2,20.1,73.8,0.0,5.8,16.7,111.1,7.92,17.91,0.72,0.75,0.0,0.0,1.47
2008-12-13,19.5,1.47,22.3,26.4,19.5,78.0,19.5,25.3,36.0,130.6,6.74,16.12,0.92,0.72,0.0,0.0,1.95
2008-12-14,9.5,1.95,21.3,23.4,18.9,82.3,29.0,34.8,38.4,113.9,22.3,32.05,1.47,0.92,19.5,0.0,2.87
2008-12-15,38.2,2.87,20.5,22.9,18.9,92.8,67.2,73.0,76.6,117.0,27.03,37.4,1.95,1.47,9.5,19.5,6.43
2008-12-16,88.1,6.43,19.6,21.4,18.5,95.3,135.8,155.3,164.7,204.6,55.45,68.04,2.87,1.95,38.2,9.5,11.27
2008-12-17,70.2,11.27,19.8,23.7,18.5,92.5,196.5,225.5,231.3,274.8,122.01,140.53,6.43,2.87,88.1,38.2,13.76
2008-12-18,38.5,13.76,20.2,24.6,18.1,90.5,196.8,264.0,269.8,290.1,163.38,189.65,11.27,6.43,70.2,88.1,13.62
2008-12-19,11.6,13.62,22.2,27.8,18.7,79.3,120.3,275.6,281.4,301.6,171.6,205.34,13.76,11.27,38.5,70.2,11.5
2008-12-20,0.1,11.5,22.6,26.4,18.5,58.3,50.2,256.2,281.5,301.7,155.72,195.24,13.62,13.76,11.6,38.5,9.5
2008-12-21,0.0,9.5,21.8,25.3,19.4,67.3,11.7,246.7,281.5,301.7,132.45,175.81,11.5,13.62,0.1,11.6,8.44
2008-12-22,0.0,8.44,21.7,25.7,19.7,76.5,0.1,208.5,281.5,301.7,112.58,158.23,9.5,11.5,0.0,0.1,7.53
2008-12-23,12.8,7.53,21.8,27.6,18.9,77.5,12.8,133.2,288.5,314.5,95.69,142.41,8.44,9.5,0.0,0.0,7.43
2008-12-24,58.6,7.43,22.1,28.6,18.9,79.8,71.4,121.6,347.1,373.1,92.22,139.69,7.53,8.44,12.8,0.0,7.41
2008-12-25,14.7,7.41,20.7,24.6,19.3,87.3,86.1,97.8,361.8,387.8,128.2,178.46,7.43,7.53,58.6,12.8,7.04
2008-12-26,17.2,7.04,21.7,25.0,19.1,84.0,90.5,103.4,379.0,405.0,121.46,173.84,7.41,7.43,14.7,58.6,8.16
2008-12-27,45.6,8.16,20.2,22.4,18.9,93.0,77.5,148.9,405.1,450.6,117.86,171.94,7.04,7.41,17.2,14.7,10.12
2008-12-28,48.4,10.12,20.8,24.8,18.7,91.3,111.2,197.3,444.0,489.7,138.94,195.78,8.16,7.04,45.6,17.2,10.75
2008-12-29,34.6,10.75,21.8,26.5,19.4,91.0,128.6,231.9,440.4,524.1,159.24,219.76,10.12,8.16,48.4,45.6,9.91
2008-12-30,15.8,9.91,24.3,30.2,19.8,74.3,98.8,234.9,368.1,532.8,164.77,228.93,10.75,10.12,34.6,48.4,8.4
2008-12-31,3.9,8.4,22.6,29.3,19.7,77.5,54.3,180.2,301.8,536.7,153.48,220.26,9.91,10.75,15.8,34.6,7.24
2009-01-01,23.8,7.24,23.6,29.4,19.1,72.3,43.5,189.3,287.1,560.5,133.77,201.74,8.4,9.91,3.9,15.8,7.79
2009-01-02,18.3,7.79,24.4,30.6,20.3,64.5,46.0,190.4,293.8,575.2,133.94,202.99,7.24,8.4,23.8,3.9,7.77
2009-01-03,25.2,7.77,22.7,29.3,19.9,80.8,67.3,170.0,318.9,600.4,129.4,199.16,7.79,7.24,18.3,23.8,9.99
2009-01-04,16.3,9.99,23.3,29.4,19.5,75.5,59.8,137.9,335.2,616.7,131.41,201.92,7.77,7.79,25.2,18.3,13.55
2009-01-05,44.9,13.55,20.2,24.4,17.7,87.8,86.4,148.2,380.1,661.6,125.55,196.4,9.99,7.77,16.3,25.2,18.91
2009-01-06,28.1,18.91,22.1,28.8,18.3,74.3,89.3,160.5,395.4,689.7,144.89,217.17,13.55,9.99,44.9,16.3,19.61
2009-01-07,3.2,19.61,23.0,28.8,18.5,67.3,76.2,159.8,340.0,692.9,147.04,220.74,18.91,13.55,28.1,44.9,17.54
2009-01-08,5.6,17.54,24.3,29.8,20.1,64.5,36.9,141.6,330.9,692.7,127.7,201.55,19.61,18.91,3.2,28.1,15.44
2009-01-09,0.3,15.44,24.6,30.0,21.4,64.3,9.1,123.6,314.0,693.0,113.31,186.43,17.54,19.61,5.6,3.2,13.79
2009-01-10,0.0,13.79,23.6,27.8,21.1,57.3,5.9,98.4,268.4,693.0,96.57,168.06,15.44,17.54,0.3,5.6,11.39
2009-01-11,0.0,11.39,23.3,29.3,19.5,58.0,0.3,82.1,220.0,693.0,82.08,151.25,13.79,15.44,0.0,0.3,9.3
2009-01-12,0.0,9.3,24.9,30.4,20.1,58.5,0.0,37.2,185.4,673.5,69.77,136.13,11.39,13.79,0.0,0.0,7.79
2009-01-13,0.0,7.79,25.8,31.1,21.4,52.0,0.0,9.1,169.6,664.0,59.3,122.52,9.3,11.39,0.0,0.0,6.31
2009-01-14,0.0,6.31,24.3,30.6,21.1,66.3,0.0,5.9,165.7,625.8,50.41,110.26,7.79,9.3,0.0,0.0,5.03
2009-01-15,0.0,5.03,25.2,30.3,21.5,60.5,0.0,0.3,141.9,537.7,42.85,99.24,6.31,7.79,0.0,0.0,4.09
2009-01-16,0.0,4.09,22.6,28.4,20.1,76.3,0.0,0.0,123.6,467.5,36.42,89.31,5.03,6.31,0.0,0.0,3.53
2009-01-17,3.8,3.53,23.8,27.8,19.1,68.5,3.8,3.8,102.2,432.8,30.96,80.38,4.09,5.03,0.0,0.0,4.28
2009-01-18,27.5,4.28,22.6,30.0,19.8,79.8,31.3,31.3,113.4,448.7,29.54,75.76,3.53,4.09,3.8,0.0,4.53
2009-01-19,11.1,4.53,23.5,29.2,20.0,75.8,42.4,42.4,79.6,459.7,48.49,92.94,4.28,3.53,27.5,3.8,7.04
2009-01-20,14.8,7.04,23.3,27.4,21.1,80.8,53.4,57.2,66.3,474.5,50.65,93.63,4.53,4.28,11.1,27.5,9.62
2009-01-21,10.5,9.62,21.9,23.9,20.5,86.8,36.4,67.7,73.6,485.0,55.63,97.59,7.04,4.53,14.8,11.1,11.56
2009-01-22,16.8,11.56,22.4,28.6,19.1,80.3,42.1,84.5,84.8,489.0,56.21,97.28,9.62,7.04,10.5,14.8,12.87
2009-01-23,19.6,12.87,21.1,24.8,18.5,76.8,46.9,104.1,104.1,450.0,62.06,102.67,11.56,9.62,16.8,10.5,16.74
2009-01-24,0.1,16.74,22.3,26.0,19.4,70.8,36.5,100.4,104.2,435.4,69.41,110.05,12.87,11.56,19.6,16.8,14.17
2009-01-25,0.0,14.17,22.8,26.0,20.3,69.0,19.7,72.9,104.2,418.2,59.08,99.13,16.74,12.87,0.1,19.6,12.96
2009-01-26,5.3,12.96,22.4,25.8,19.5,73.5,5.4,67.1,109.5,377.9,50.22,89.22,14.17,16.74,0.0,0.1,13.83
2009-01-27,7.8,13.83,21.8,26.0,19.9,86.3,13.1,60.1,117.3,337.3,47.19,85.07,12.96,14.17,5.3,0.0,14.6
2009-01-28,5.7,14.6,23.8,29.1,20.2,76.5,18.8,55.3,123.0,308.4,46.74,83.58,13.83,12.96,7.8,5.3,14.42
2009-01-29,0.0,14.42,25.1,30.8,20.3,62.0,13.5,38.5,123.0,292.6,44.58,80.35,14.6,13.83,5.7,7.8,11.97
2009-01-30,0.3,11.97,26.8,32.6,21.1,57.5,6.0,19.2,123.3,289.0,37.89,72.32,14.42,14.6,0.0,5.7,9.79
2009-01-31,0.8,9.79,25.6,30.8,21.6,63.0,1.1,19.9,120.3,266.0,32.46,65.36,11.97,14.42,0.3,0.0,8.29
2009-02-01,0.0,8.29,25.6,31.0,21.9,64.5,1.1,19.9,92.8,247.7,28.27,59.54,9.79,11.97,0.8,0.3,7.99
2009-02-02,0.0,7.99,22.9,29.1,18.8,73.5,0.8,14.6,81.7,222.5,24.03,53.59,8.29,9.79,0.0,0.8,7.91
2009-02-03,0.0,7.91,23.9,29.4,18.7,60.3,0.0,6.8,66.9,206.2,20.43,48.23,7.99,8.29,0.0,0.0,6.41
2009-02-04,1.3,6.41,25.8,31.3,21.3,56.3,1.3,2.4,57.7,162.6,17.36,43.4,7.91,7.99,0.0,0.0,5.22
2009-02-05,0.0,5.22,25.0,31.2,21.1,65.5,1.3,2.4,40.9,134.5,15.86,40.23,6.41,7.91,1.3,0.0,4.22
2009-02-06,0.0,4.22,24.4,29.5,21.4,74.5,1.3,2.1,21.3,131.3,13.48,36.21,5.22,6.41,0.0,1.3,4.06
2009-02-07,12.8,4.06,23.9,29.8,19.5,83.3,12.8,14.1,34.0,138.5,11.46,32.59,4.22,5.22,0.0,0.0,5.5
2009-02-08,0.6,5.5,23.2,28.0,19.5,83.5,13.4,14.7,34.6,138.8,20.62,40.85,4.06,4.22,12.8,0.0,6.0
2009-02-09,5.3,6.0,24.6,30.4,20.3,68.8,18.7,20.0,34.6,144.1,18.04,37.31,5.5,4.06,0.6,12.8,6.78
2009-02-10,0.1,6.78,23.6,26.7,21.1,78.5,6.0,20.1,26.9,144.2,19.84,38.34,6.0,5.5,5.3,0.6,6.94
2009-02-11,0.0,6.94,24.1,30.3,21.6,80.3,5.4,18.8,21.2,144.2,16.95,34.6,6.78,6.0,0.1,5.3,5.97
2009-02-12,23.6,5.97,24.9,29.0,21.4,69.8,23.7,42.4,44.8,167.8,14.41,31.14,6.94,6.78,0.0,0.1,5.84
2009-02-13,19.8,5.84,21.4,26.2,19.3,81.8,43.4,62.2,64.3,187.6,32.3,49.27,5.97,6.94,23.6,0.0,8.82
2009-02-14,31.1,8.82,20.7,22.8,18.5,83.0,74.5,80.5,94.6,218.7,44.29,62.16,5.84,5.97,19.8,23.6,11.25
2009-02-15,2.8,11.25,22.8,26.8,19.9,65.3,53.7,82.7,97.4,221.5,64.08,83.93,8.82,5.84,31.1,19.8,9.3
2009-02-16,0.0,9.3,23.4,28.6,19.5,56.0,33.9,77.4,97.4,217.7,56.85,78.06,11.25,8.82,2.8,31.1,7.53
2009-02-17,0.0,7.53,24.1,28.8,19.9,53.8,2.8,77.3,97.4,190.2,48.32,70.25,9.3,11.25,0.0,2.8,6.13
2009-02-18,0.0,6.13,24.0,28.6,20.6,57.5,0.0,77.3,96.1,179.1,41.07,63.23,7.53,9.3,0.0,0.0,4.97
2009-02-19,0.0,4.97,24.2,30.0,20.1,56.5,0.0,53.7,96.1,164.3,34.91,56.91,6.13,7.53,0.0,0.0,3.91
2009-02-20,0.0,3.91,24.1,29.4,20.2,61.3,0.0,33.9,96.1,153.8,29.68,51.22,4.97,6.13,0.0,0.0,3.06
2009-02-21,0.5,3.06,25.2,30.2,20.1,58.5,0.5,3.3,83.8,137.5,25.22,46.09,3.91,4.97,0.0,0.0,2.47
2009-02-22,0.0,2.47,21.9,30.2,18.9,76.5,0.5,0.5,83.2,117.9,21.87,41.93,3.06,3.91,0.5,0.0,2.87
2009-02-23,10.8,2.87,23.6,29.0,18.5,70.8,11.3,11.3,88.7,128.6,18.59,37.74,2.47,3.06,0.0,0.5,2.6
2009-02-24,3.6,2.6,24.6,29.2,20.5,72.5,14.4,14.9,92.2,132.2,24.98,43.69,2.87,2.47,10.8,0.0,2.81
2009-02-25,0.0,2.81,24.2,30.0,18.9,65.3,14.4,14.9,92.2,126.9,24.29,42.56,2.6,2.87,3.6,10.8,3.79
2009-02-26,0.0,3.79,24.9,29.8,21.8,62.0,3.6,14.9,68.6,119.1,20.65,38.3,2.81,2.6,0.0,3.6,3.06
2009-02-27,0.0,3.06,25.2,30.5,21.3,58.8,0.0,14.9,48.8,113.4,17.55,34.47,3.79,2.81,0.0,0.0,2.28
2009-02-28,0.0,2.28,25.1,30.4,20.1,55.3,0.0,14.4,17.7,113.4,14.92,31.02,3.06,3.79,0.0,0.0,1.78
2009-03-01,0.0,1.78,25.4,30.4,21.3,52.5,0.0,14.4,14.9,113.1,12.68,27.92,2.28,3.06,0.0,0.0,1.47
2009-03-02,0.0,1.47,26.5,32.4,21.1,44.0,0.0,3.6,14.9,112.3,10.78,25.13,1.78,2.28,0.0,0.0,1.28
2009-03-03,0.0,1.28,26.8,33.1,21.4,48.3,0.0,0.0,14.9,112.3,9.16,22.62,1.47,1.78,0.0,0.0,1.25
2009-03-04,0.0,1.25,26.2,31.9,23.0,60.0,0.0,0.0,14.9,112.3,7.79,20.36,1.28,1.47,0.0,0.0,1.25
2009-03-05,21.8,1.25,26.6,33.4,20.9,58.0,21.8,21.8,36.7,134.1,6.62,18.32,1.25,1.28,0.0,0.0,1.4
2009-03-06,0.0,1.4,26.0,32.8,22.4,66.5,21.8,21.8,36.7,132.8,24.16,36.11,1.25,1.25,21.8,0.0,2.4
2009-03-07,0.0,2.4,23.5,28.2,21.9,75.8,21.8,21.8,36.2,132.8,20.53,32.5,1.4,1.25,0.0,21.8,3.72
2009-03-08,0.0,3.72,24.0,29.4,20.0,66.8,0.0,21.8,36.2,132.8,17.45,29.25,2.4,1.4,0.0,0.0,4.22
2009-03-09,0.0,4.22,25.2,29.9,22.2,62.3,0.0,21.8,25.4,120.0,14.83,26.32,3.72,2.4,0.0,0.0,3.35
2009-03-10,0.0,3.35,25.3,30.4,22.0,58.3,0.0,21.8,21.8,119.4,12.61,23.69,4.22,3.72,0.0,0.0,2.5
2009-03-11,0.0,2.5,25.3,30.6,22.2,57.8,0.0,21.8,21.8,114.1,10.72,21.32,3.35,4.22,0.0,0.0,1.88
2009-03-12,0.0,1.88,25.3,31.5,20.9,56.5,0.0,0.0,21.8,114.0,9.11,19.19,2.5,3.35,0.0,0.0,1.47
2009-03-13,0.0,1.47,25.7,31.9,21.4,57.0,0.0,0.0,21.8,114.0,7.74,17.27,1.88,2.5,0.0,0.0,1.38
2009-03-14,0.0,1.38,26.2,31.4,22.2,57.0,0.0,0.0,21.8,90.4,6.58,15.54,1.47,1.88,0.0,0.0,1.34
2009-03-15,0.0,1.34,25.4,30.8,21.4,64.3,0.0,0.0,21.8,70.6,5.59,13.99,1.38,1.47,0.0,0.0,1.5
2009-03-16,5.8,1.5,23.2,29.2,21.1,77.0,5.8,5.8,27.6,45.3,4.76,12.59,1.34,1.38,0.0,0.0,1.97
2009-03-17,0.0,1.97,22.4,26.7,19.3,77.5,5.8,5.8,27.6,42.5,8.97,16.55,1.5,1.34,5.8,0.0,1.75
2009-03-18,56.8,1.75,24.2,29.7,19.3,63.0,62.6,62.6,84.4,99.3,7.63,14.9,1.97,1.5,0.0,5.8,1.59
2009-03-19,0.0,1.59,23.2,27.8,20.3,60.8,56.8,62.6,62.6,99.3,54.76,64.53,1.75,1.97,56.8,0.0,1.38
2009-03-20,0.0,1.38,23.4,28.1,18.7,57.0,56.8,62.6,62.6,99.3,46.55,58.07,1.59,1.75,0.0,56.8,1.53
2009-03-21,0.0,1.53,23.4,29.2,19.3,69.8,0.0,62.6,62.6,99.3,39.57,52.27,1.38,1.59,0.0,0.0,2.69
2009-03-22,1.2,2.69,23.0,29.2,20.3,69.0,1.2,63.8,63.8,100.5,33.63,47.04,1.53,1.38,0.0,0.0,4.78
2009-03-23,10.3,4.78,22.8,27.6,20.3,78.0,11.5,68.3,74.1,110.3,29.61,43.42,2.69,1.53,1.2,0.0,6.78
2009-03-24,1.5,6.78,21.9,25.2,20.2,87.8,13.0,69.8,75.6,111.8,33.92,48.34,4.78,2.69,10.3,1.2,9.99
2009-03-25,1.8,9.99,22.2,26.8,19.5,82.5,13.6,14.8,77.4,102.8,30.11,44.86,6.78,4.78,1.5,10.3,11.76
2009-03-26,2.6,11.76,22.6,27.0,18.9,68.8,5.9,17.4,80.0,101.8,27.12,41.99,9.99,6.78,1.8,1.5,11.19
2009-03-27,0.5,11.19,22.2,25.6,20.3,83.8,4.9,17.9,80.5,102.3,25.26,40.13,11.76,9.99,2.6,1.8,10.94
2009-03-28,8.3,10.94,21.4,24.3,19.9,92.5,11.4,26.2,88.8,110.6,21.9,36.57,11.19,11.76,0.5,2.6,11.91
2009-03-29,64.3,11.91,22.7,27.8,20.0,80.8,73.1,89.3,153.1,174.9,25.67,40.38,10.94,11.19,8.3,0.5,12.27
2009-03-30,41.8,12.27,22.0,27.8,20.2,86.0,114.4,120.8,189.1,216.7,76.47,94.22,11.91,10.94,64.3,8.3,13.66
2009-03-31,35.6,13.66,22.8,27.1,19.7,88.3,141.7,154.9,224.7,252.3,100.53,122.41,12.27,11.91,41.8,64.3,14.21
2009-04-01,0.8,14.21,23.7,30.1,20.2,77.8,78.2,153.9,168.7,253.1,115.71,142.21,13.66,12.27,35.6,41.8,13.96
2009-04-02,32.8,13.96,22.4,26.0,20.3,71.3,69.2,184.1,201.5,285.9,99.04,128.71,14.21,13.66,0.8,35.6,13.32
2009-04-03,1.9,13.32,22.4,25.8,19.5,66.3,35.5,185.5,203.4,287.8,112.06,145.36,13.96,14.21,32.8,0.8,11.11
2009-04-04,0.0,11.11,22.9,26.4,19.1,66.0,34.7,177.2,203.4,266.0,96.87,132.53,13.32,13.96,1.9,32.8,9.19
2009-04-05,0.0,9.19,23.9,29.4,20.4,68.5,1.9,112.9,202.2,266.0,82.34,119.28,11.11,13.32,0.0,1.9,7.91
2009-04-06,0.0,7.91,24.0,29.5,20.9,72.0,0.0,71.1,191.9,266.0,69.99,107.35,9.19,11.11,0.0,0.0,7.38
2009-04-07,2.8,7.38,23.4,27.4,19.5,72.3,2.8,38.3,193.2,268.8,59.49,96.62,7.91,9.19,0.0,0.0,8.73
2009-04-08,12.3,8.73,23.4,29.4,20.3,74.0,15.1,49.8,203.7,281.1,52.94,89.48,7.38,7.91,2.8,0.0,8.98
2009-04-09,0.1,8.98,22.7,28.1,19.3,67.0,15.2,17.1,201.2,281.2,55.46,91.6,8.73,7.38,12.3,2.8,7.53
2009-04-10,0.0,7.53,23.7,28.8,19.1,68.5,12.4,15.2,200.7,281.2,47.22,82.53,8.98,8.73,0.1,12.3,6.13
2009-04-11,0.0,6.13,22.8,25.6,20.3,70.0,0.1,15.2,192.4,281.2,40.14,74.28,7.53,8.98,0.0,0.1,5.19
2009-04-12,0.0,5.19,21.9,24.1,20.3,76.5,0.0,15.2,128.1,281.2,34.12,66.85,6.13,7.53,0.0,0.0,4.41
2009-04-13,0.0,4.41,21.8,24.1,19.7,72.8,0.0,15.2,86.3,281.2,29.0,60.16,5.19,6.13,0.0,0.0,4.06
2009-04-14,1.3,4.06,22.8,28.4,19.7,68.3,1.3,13.7,52.0,282.5,24.65,54.15,4.41,5.19,0.0,0.0,5.1
2009-04-15,0.0,5.1,21.9,25.2,20.1,73.3,1.3,1.4,51.2,276.7,22.06,49.9,4.06,4.41,1.3,0.0,7.04
2009-04-16,0.0,7.04,20.5,25.2,17.5,68.8,1.3,1.3,18.4,276.7,18.75,44.91,5.1,4.06,0.0,1.3,5.84
2009-04-17,0.0,5.84,21.1,26.3,17.3,61.0,0.0,1.3,16.5,219.9,15.94,40.42,7.04,5.1,0.0,0.0,4.62
2009-04-18,0.0,4.62,21.1,26.4,16.3,57.8,0.0,1.3,16.5,219.9,13.55,36.38,5.84,7.04,0.0,0.0,3.56
2009-04-19,0.0,3.56,21.5,27.4,16.9,53.8,0.0,1.3,16.5,219.9,11.51,32.74,4.62,5.84,0.0,0.0,2.72
2009-04-20,0.0,2.72,22.2,27.9,17.7,49.5,0.0,1.3,16.5,219.9,9.79,29.47,3.56,4.62,0.0,0.0,2.13
2009-04-21,0.0,2.13,22.1,27.6,18.5,53.0,0.0,0.0,13.7,218.7,8.32,26.52,2.72,3.56,0.0,0.0,1.75
2009-04-22,0.0,1.75,20.8,25.5,17.3,60.8,0.0,0.0,1.4,208.4,7.07,23.87,2.13,2.72,0.0,0.0,1.56
2009-04-23,0.0,1.56,21.4,27.2,16.7,58.8,0.0,0.0,1.3,206.9,6.01,21.48,1.75,2.13,0.0,0.0,1.47
2009-04-24,0.0,1.47,22.9,28.2,18.5,60.3,0.0,0.0,1.3,205.1,5.11,19.33,1.56,1.75,0.0,0.0,1.47
2009-04-25,0.0,1.47,22.9,28.9,17.9,53.3,0.0,0.0,1.3,202.5,4.34,17.4,1.47,1.56,0.0,0.0,1.47
2009-04-26,0.0,1.47,23.4,28.9,19.5,56.5,0.0,0.0,1.3,202.0,3.69,15.66,1.47,1.47,0.0,0.0,1.44
2009-04-27,0.0,1.44,21.8,26.4,19.0,66.5,0.0,0.0,1.3,193.7,3.14,14.09,1.47,1.47,0.0,0.0,1.44
2009-04-28,0.0,1.44,21.6,27.2,17.7,56.3,0.0,0.0,0.0,129.4,2.67,12.68,1.44,1.47,0.0,0.0,1.44
2009-04-29,0.0,1.44,21.9,28.1,17.5,56.0,0.0,0.0,0.0,87.6,2.27,11.42,1.44,1.44,0.0,0.0,1.4
2009-04-30,0.0,1.4,22.1,27.2,17.9,61.5,0.0,0.0,0.0,52.0,1.93,10.27,1.44,1.44,0.0,0.0,1.53
2009-05-01,0.0,1.53,19.4,23.2,17.4,73.0,0.0,0.0,0.0,51.2,1.64,9.25,1.4,1.44,0.0,0.0,1.75
2009-05-02,21.3,1.75,19.6,24.7,17.3,73.5,21.3,21.3,21.3,39.7,1.39,8.32,1.53,1.4,0.0,0.0,1.53
2009-05-03,3.5,1.53,18.9,23.7,15.4,67.8,24.8,24.8,24.8,41.3,19.29,26.66,1.75,1.53,21.3,0.0,1.47
2009-05-04,0.0,1.47,19.7,24.7,16.7,66.5,24.8,24.8,24.8,41.3,19.37,27.14,1.53,1.75,3.5,21.3,1.44
2009-05-05,0.0,1.44,20.2,24.8,15.8,67.5,3.5,24.8,24.8,41.3,16.46,24.43,1.47,1.53,0.0,3.5,1.44
2009-05-06,0.0,1.44,21.4,27.6,16.5,59.5,0.0,24.8,24.8,41.3,13.99,21.99,1.44,1.47,0.0,0.0,1.4
2009-05-07,0.0,1.4,22.8,28.8,17.7,49.8,0.0,24.8,24.8,38.5,11.9,19.79,1.44,1.44,0.0,0.0,1.4
2009-05-08,0.0,1.4,21.5,26.3,17.5,66.0,0.0,24.8,24.8,26.2,10.11,17.81,1.4,1.44,0.0,0.0,1.4
2009-05-09,0.0,1.4,21.2,25.3,17.9,66.5,0.0,3.5,24.8,26.1,8.59,16.03,1.4,1.4,0.0,0.0,1.47
2009-05-10,0.0,1.47,21.9,28.9,17.3,63.5,0.0,0.0,24.8,26.1,7.31,14.43,1.4,1.4,0.0,0.0,1.62
2009-05-11,11.1,1.62,21.3,28.4,17.9,69.0,11.1,11.1,35.9,37.2,6.21,12.98,1.47,1.4,0.0,0.0,1.53
2009-05-12,9.6,1.53,21.7,27.6,16.5,58.5,20.7,20.7,45.5,46.8,14.71,21.67,1.62,1.47,11.1,0.0,1.44
2009-05-13,0.0,1.44,22.2,28.0,18.2,58.0,20.7,20.7,45.5,46.8,20.67,28.15,1.53,1.62,9.6,11.1,1.4
2009-05-14,0.0,1.4,21.7,26.9,17.5,61.8,9.6,20.7,45.5,45.5,17.57,25.33,1.44,1.53,0.0,9.6,1.4
2009-05-15,0.0,1.4,22.3,28.1,18.5,62.8,0.0,20.7,45.5,45.5,14.93,22.8,1.4,1.44,0.0,0.0,1.38
2009-05-16,9.8,1.38,20.8,24.8,18.4,68.8,9.8,30.5,34.0,55.3,12.69,20.52,1.4,1.4,0.0,0.0,1.38
2009-05-17,0.0,1.38,19.4,23.8,16.8,74.8,9.8,30.5,30.5,55.3,19.12,27.29,1.38,1.4,9.8,0.0,1.38
2009-05-18,0.0,1.38,19.8,24.6,17.2,66.0,9.8,19.4,30.5,55.3,16.25,24.56,1.38,1.38,0.0,9.8,1.38
2009-05-19,0.0,1.38,19.6,25.6,15.1,63.0,0.0,9.8,30.5,55.3,13.81,22.1,1.38,1.38,0.0,0.0,1.34
2009-05-20,0.0,1.34,18.9,23.3,15.1,57.5,0.0,9.8,30.5,55.3,11.74,19.89,1.38,1.38,0.0,0.0,1.34
2009-05-21,0.0,1.34,19.2,24.0,14.9,63.3,0.0,9.8,30.5,55.3,9.98,17.9,1.34,1.38,0.0,0.0,1.34
2009-05-22,0.0,1.34,18.7,23.0,15.8,55.5,0.0,9.8,30.5,55.3,8.48,16.11,1.34,1.34,0.0,0.0,1.31
2009-05-23,0.0,1.31,19.1,23.6,16.2,67.3,0.0,0.0,30.5,55.3,7.21,14.5,1.34,1.34,0.0,0.0,1.31
2009-05-24,0.0,1.31,20.0,26.6,15.5,61.5,0.0,0.0,30.5,55.3,6.13,13.05,1.31,1.34,0.0,0.0,1.31
2009-05-25,0.0,1.31,20.7,27.4,15.7,59.0,0.0,0.0,19.4,55.3,5.21,11.75,1.31,1.31,0.0,0.0,1.31
2009-05-26,0.0,1.31,21.7,27.8,16.2,60.0,0.0,0.0,9.8,55.3,4.43,10.57,1.31,1.31,0.0,0.0,1.31
2009-05-27,0.0,1.31,23.1,29.0,17.7,54.8,0.0,0.0,9.8,55.3,3.76,9.51,1.31,1.31,0.0,0.0,1.28
2009-05-28,0.0,1.28,22.5,28.6,18.2,54.3,0.0,0.0,9.8,55.3,3.2,8.56,1.31,1.31,0.0,0.0,1.28
2009-05-29,0.0,1.28,22.2,27.6,18.3,63.5,0.0,0.0,9.8,55.3,2.72,7.71,1.28,1.31,0.0,0.0,1.28
2009-05-30,0.0,1.28,20.8,25.1,17.7,67.3,0.0,0.0,0.0,55.3,2.31,6.94,1.28,1.28,0.0,0.0,1.28
2009-05-31,0.0,1.28,21.1,26.6,16.9,68.3,0.0,0.0,0.0,55.3,1.96,6.24,1.28,1.28,0.0,0.0,1.28
2009-06-01,0.0,1.28,21.8,27.2,19.2,64.8,0.0,0.0,0.0,34.0,1.67,5.62,1.28,1.28,0.0,0.0,1.28
2009-06-02,0.0,1.28,17.8,23.8,14.5,49.3,0.0,0.0,0.0,30.5,1.42,5.06,1.28,1.28,0.0,0.0,1.25
2009-06-03,0.0,1.25,16.9,23.5,11.9,49.3,0.0,0.0,0.0,30.5,1.21,4.55,1.28,1.28,0.0,0.0,1.25
2009-06-04,0.0,1.25,17.5,22.3,13.1,70.0,0.0,0.0,0.0,30.5,1.03,4.1,1.25,1.28,0.0,0.0,1.25
2009-06-05,0.0,1.25,20.5,27.0,15.7,67.0,0.0,0.0,0.0,30.5,0.87,3.69,1.25,1.25,0.0,0.0,1.25
2009-06-06,0.0,1.25,21.2,27.5,16.9,60.8,0.0,0.0,0.0,30.5,0.74,3.32,1.25,1.25,0.0,0.0,1.25
2009-06-07,1.1,1.25,18.6,23.3,16.3,70.5,1.1,1.1,1.1,31.6,0.63,2.99,1.25,1.25,0.0,0.0,1.22
2009-06-08,0.0,1.22,17.2,20.3,14.5,68.0,1.1,1.1,1.1,31.6,1.47,3.68,1.25,1.25,1.1,0.0,1.22
2009-06-09,0.0,1.22,18.6,24.3,14.9,60.5,1.1,1.1,1.1,31.6,1.25,3.31,1.22,1.25,0.0,1.1,1.22
2009-06-10,0.0,1.22,20.2,26.1,14.8,53.3,0.0,1.1,1.1,20.5,1.06,2.98,1.22,1.22,0.0,0.0,1.22
2009-06-11,0.0,1.22,21.3,27.2,16.0,57.3,0.0,1.1,1.1,10.9,0.9,2.68,1.22,1.22,0.0,0.0,1.28
2009-06-12,0.0,1.28,21.5,27.1,17.4,59.3,0.0,1.1,1.1,10.9,0.77,2.41,1.22,1.22,0.0,0.0,1.72
2009-06-13,0.3,1.72,17.7,22.3,15.8,68.0,0.3,1.4,1.4,11.2,0.65,2.17,1.28,1.22,0.0,0.0,2.53
2009-06-14,0.0,2.53,17.1,23.2,13.0,64.8,0.3,0.3,1.4,11.2,0.81,2.22,1.72,1.28,0.3,0.0,1.88
2009-06-15,0.0,1.88,19.1,25.2,14.9,59.0,0.3,0.3,1.4,1.4,0.69,2.0,2.53,1.72,0.0,0.3,1.44
2009-06-16,0.0,1.44,19.8,25.8,14.0,59.5,0.0,0.3,1.4,1.4,0.58,1.8,1.88,2.53,0.0,0.0,1.28
2009-06-17,0.0,1.28,20.1,25.5,16.5,67.0,0.0,0.3,1.4,1.4,0.5,1.62,1.44,1.88,0.0,0.0,1.25
2009-06-18,0.0,1.25,20.7,26.3,15.9,49.5,0.0,0.3,1.4,1.4,0.42,1.46,1.28,1.44,0.0,0.0,1.25
2009-06-19,0.0,1.25,19.8,25.7,14.9,62.8,0.0,0.3,1.4,1.4,0.36,1.31,1.25,1.28,0.0,0.0,1.22
2009-06-20,0.0,1.22,20.6,26.6,17.1,59.8,0.0,0.0,1.4,1.4,0.31,1.18,1.25,1.25,0.0,0.0,1.22
2009-06-21,0.0,1.22,19.4,24.8,16.3,58.0,0.0,0.0,0.3,1.4,0.26,1.06,1.22,1.25,0.0,0.0,1.22
2009-06-22,0.0,1.22,18.1,24.6,12.9,48.3,0.0,0.0,0.3,1.4,0.22,0.96,1.22,1.22,0.0,0.0,1.19
2009-06-23,0.0,1.19,19.3,24.5,13.3,52.3,0.0,0.0,0.3,1.4,0.19,0.86,1.22,1.22,0.0,0.0,1.19
2009-06-24,0.0,1.19,20.5,27.0,15.3,52.0,0.0,0.0,0.3,1.4,0.16,0.78,1.19,1.22,0.0,0.0,1.19
2009-06-25,0.0,1.19,21.3,26.6,17.6,60.8,0.0,0.0,0.3,1.4,0.14,0.7,1.19,1.19,0.0,0.0,1.25
2009-06-26,0.0,1.25,20.6,26.4,18.4,75.3,0.0,0.0,0.3,1.4,0.12,0.63,1.19,1.19,0.0,0.0,1.47
2009-06-27,13.6,1.47,19.2,22.8,17.1,76.0,13.6,13.6,13.6,15.0,0.1,0.57,1.25,1.19,0.0,0.0,1.44
2009-06-28,19.8,1.44,17.6,22.7,14.8,78.5,33.4,33.4,33.4,34.8,11.64,12.75,1.47,1.25,13.6,0.0,1.31
2009-06-29,0.0,1.31,18.8,24.1,13.8,70.8,33.4,33.4,33.4,34.8,26.73,29.29,1.44,1.47,19.8,13.6,1.22
2009-06-30,0.0,1.22,19.8,26.1,13.9,53.3,19.8,33.4,33.4,34.8,22.72,26.36,1.31,1.44,0.0,19.8,1.19
2009-07-01,0.0,1.19,21.1,28.2,15.2,51.8,0.0,33.4,33.4,34.8,19.31,23.73,1.22,1.31,0.0,0.0,1.19
2009-07-02,0.0,1.19,21.9,28.3,16.6,55.0,0.0,33.4,33.4,34.8,16.41,21.36,1.19,1.22,0.0,0.0,1.19
2009-07-03,0.0,1.19,21.9,27.7,16.9,47.8,0.0,33.4,33.4,34.8,13.95,19.22,1.19,1.19,0.0,0.0,1.16
2009-07-04,0.0,1.16,21.2,27.4,17.3,58.3,0.0,19.8,33.4,34.8,11.86,17.3,1.19,1.19,0.0,0.0,1.16
2009-07-05,0.0,1.16,19.1,23.9,16.4,69.3,0.0,0.0,33.4,34.8,10.08,15.57,1.16,1.19,0.0,0.0,1.17
2009-07-06,0.0,1.17,18.6,23.0,16.7,67.0,0.0,0.0,33.4,34.8,8.57,14.01,1.16,1.16,0.0,0.0,1.16
2009-07-07,0.0,1.16,17.9,23.8,15.3,68.8,0.0,0.0,33.4,33.7,7.28,12.61,1.17,1.16,0.0,0.0,1.16
2009-07-08,0.0,1.16,18.3,24.5,14.3,64.0,0.0,0.0,33.4,33.7,6.19,11.35,1.16,1.17,0.0,0.0,1.14
2009-07-09,0.0,1.14,18.2,22.2,14.8,68.5,0.0,0.0,33.4,33.7,5.26,10.21,1.16,1.16,0.0,0.0,1.12
2009-07-10,0.0,1.12,21.0,27.4,15.2,57.3,0.0,0.0,33.4,33.7,4.47,9.19,1.14,1.16,0.0,0.0,1.12
2009-07-11,0.0,1.12,21.7,26.4,17.0,57.8,0.0,0.0,19.8,33.7,3.8,8.27,1.12,1.14,0.0,0.0,1.12
2009-07-12,0.0,1.12,18.9,24.0,17.1,56.5,0.0,0.0,0.0,33.7,3.23,7.45,1.12,1.12,0.0,0.0,1.11
2009-07-13,0.0,1.11,20.5,28.3,14.0,54.0,0.0,0.0,0.0,33.4,2.75,6.7,1.12,1.12,0.0,0.0,1.11
2009-07-14,0.0,1.11,20.9,28.0,15.5,59.8,0.0,0.0,0.0,33.4,2.33,6.03,1.11,1.12,0.0,0.0,1.09
2009-07-15,0.0,1.09,18.7,22.9,15.7,56.8,0.0,0.0,0.0,33.4,1.98,5.43,1.11,1.11,0.0,0.0,1.09
2009-07-16,0.0,1.09,18.0,22.9,15.0,61.8,0.0,0.0,0.0,33.4,1.69,4.89,1.09,1.11,0.0,0.0,1.08
2009-07-17,0.0,1.08,19.5,25.2,15.0,60.8,0.0,0.0,0.0,33.4,1.43,4.4,1.09,1.09,0.0,0.0,1.08
2009-07-18,0.0,1.08,19.9,26.6,15.0,98.3,0.0,0.0,0.0,33.4,1.22,3.96,1.08,1.09,0.0,0.0,1.08
2009-07-19,0.0,1.08,21.7,27.0,15.8,49.5,0.0,0.0,0.0,33.4,1.04,3.56,1.08,1.08,0.0,0.0,1.06
2009-07-20,0.0,1.06,20.0,25.6,16.3,64.0,0.0,0.0,0.0,33.4,0.88,3.21,1.08,1.08,0.0,0.0,1.06
2009-07-21,0.0,1.06,20.1,25.7,16.3,67.0,0.0,0.0,0.0,33.4,0.75,2.88,1.06,1.08,0.0,0.0,1.06
2009-07-22,0.0,1.06,21.7,28.6,16.0,60.3,0.0,0.0,0.0,33.4,0.64,2.6,1.06,1.06,0.0,0.0,1.06
2009-07-23,0.0,1.06,22.1,27.8,17.3,53.8,0.0,0.0,0.0,33.4,0.54,2.34,1.06,1.06,0.0,0.0,1.05
2009-07-24,0.0,1.05,23.1,29.4,17.3,54.3,0.0,0.0,0.0,33.4,0.46,2.1,1.06,1.06,0.0,0.0,1.05
2009-07-25,0.0,1.05,21.4,26.1,18.9,67.0,0.0,0.0,0.0,33.4,0.39,1.89,1.05,1.06,0.0,0.0,1.03
2009-07-26,0.0,1.03,22.0,27.5,17.9,61.3,0.0,0.0,0.0,33.4,0.33,1.7,1.05,1.05,0.0,0.0,1.03
2009-07-27,0.0,1.03,23.6,30.4,17.6,58.3,0.0,0.0,0.0,19.8,0.28,1.53,1.03,1.05,0.0,0.0,1.03
2009-07-28,0.0,1.03,22.7,29.4,17.9,45.5,0.0,0.0,0.0,0.0,0.24,1.38,1.03,1.03,0.0,0.0,1.01
2009-07-29,0.0,1.01,23.1,30.8,16.5,36.0,0.0,0.0,0.0,0.0,0.2,1.24,1.03,1.03,0.0,0.0,1.01
2009-07-30,0.0,1.01,23.9,30.8,17.9,42.3,0.0,0.0,0.0,0.0,0.17,1.12,1.01,1.03,0.0,0.0,1.0
2009-07-31,0.0,1.0,20.5,25.4,18.3,54.3,0.0,0.0,0.0,0.0,0.15,1.01,1.01,1.01,0.0,0.0,1.0
2009-08-01,0.0,1.0,21.4,27.4,16.5,51.3,0.0,0.0,0.0,0.0,0.13,0.91,1.0,1.01,0.0,0.0,1.0
2009-08-02,0.0,1.0,21.5,27.7,17.3,56.5,0.0,0.0,0.0,0.0,0.11,0.81,1.0,1.0,0.0,0.0,0.99
2009-08-03,0.0,0.99,22.5,29.2,17.5,51.3,0.0,0.0,0.0,0.0,0.09,0.73,1.0,1.0,0.0,0.0,0.99
2009-08-04,0.0,0.99,23.5,29.5,18.3,54.3,0.0,0.0,0.0,0.0,0.08,0.66,0.99,1.0,0.0,0.0,0.99
2009-08-05,0.0,0.99,20.3,24.5,18.1,62.8,0.0,0.0,0.0,0.0,0.07,0.59,0.99,0.99,0.0,0.0,0.97
2009-08-06,0.0,0.97,21.9,28.1,16.2,43.5,0.0,0.0,0.0,0.0,0.06,0.53,0.99,0.99,0.0,0.0,0.97
2009-08-07,0.0,0.97,23.0,29.0,17.1,36.5,0.0,0.0,0.0,0.0,0.05,0.48,0.97,0.99,0.0,0.0,0.95
2009-08-08,0.0,0.95,20.8,25.7,17.9,44.3,0.0,0.0,0.0,0.0,0.04,0.43,0.97,0.97,0.0,0.0,0.95
2009-08-09,0.0,0.95,20.6,27.1,15.0,46.0,0.0,0.0,0.0,0.0,0.03,0.39,0.95,0.97,0.0,0.0,0.95
2009-08-10,0.0,0.95,22.3,29.3,16.0,38.3,0.0,0.0,0.0,0.0,0.03,0.35,0.95,0.95,0.0,0.0,0.94
2009-08-11,0.0,0.94,20.6,26.7,17.7,60.0,0.0,0.0,0.0,0.0,0.02,0.32,0.95,0.95,0.0,0.0,0.94
2009-08-12,0.0,0.94,19.2,23.5,15.7,62.5,0.0,0.0,0.0,0.0,0.02,0.28,0.94,0.95,0.0,0.0,0.94
2009-08-13,0.0,0.94,19.3,25.3,15.4,55.5,0.0,0.0,0.0,0.0,0.02,0.26,0.94,0.94,0.0,0.0,0.92
2009-08-14,0.0,0.92,19.5,24.8,15.2,56.5,0.0,0.0,0.0,0.0,0.02,0.23,0.94,0.94,0.0,0.0,0.92
2009-08-15,0.0,0.92,19.3,24.1,15.8,53.3,0.0,0.0,0.0,0.0,0.01,0.21,0.92,0.94,0.0,0.0,0.92
2009-08-16,0.0,0.92,19.4,25.1,16.0,61.0,0.0,0.0,0.0,0.0,0.01,0.19,0.92,0.92,0.0,0.0,0.91
2009-08-17,0.0,0.91,20.0,25.5,16.4,53.5,0.0,0.0,0.0,0.0,0.01,0.17,0.92,0.92,0.0,0.0,0.91
2009-08-18,0.0,0.91,21.4,27.9,16.2,47.3,0.0,0.0,0.0,0.0,0.01,0.15,0.91,0.92,0.0,0.0,0.91
2009-08-19,0.0,0.91,21.8,27.6,16.5,51.3,0.0,0.0,0.0,0.0,0.01,0.14,0.91,0.91,0.0,0.0,0.89
2009-08-20,0.0,0.89,23.3,28.6,18.2,52.0,0.0,0.0,0.0,0.0,0.01,0.12,0.91,0.91,0.0,0.0,0.89
2009-08-21,0.0,0.89,21.8,28.2,18.7,60.8,0.0,0.0,0.0,0.0,0.0,0.11,0.89,0.91,0.0,0.0,0.89
2009-08-22,0.0,0.89,17.3,21.9,14.3,69.5,0.0,0.0,0.0,0.0,0.0,0.1,0.89,0.89,0.0,0.0,0.89
2009-08-23,0.0,0.89,17.9,21.7,14.8,68.3,0.0,0.0,0.0,0.0,0.0,0.09,0.89,0.89,0.0,0.0,0.97
2009-08-24,12.8,0.97,20.0,24.8,15.4,69.3,12.8,12.8,12.8,12.8,0.0,0.08,0.89,0.89,0.0,0.0,1.33
2009-08-25,1.5,1.33,18.8,22.1,17.2,83.0,14.3,14.3,14.3,14.3,10.88,11.59,0.97,0.89,12.8,0.0,1.9
2009-08-26,5.3,1.9,17.5,19.9,15.6,75.5,19.6,19.6,19.6,19.6,10.53,11.78,1.33,0.97,1.5,12.8,1.59
2009-08-27,0.1,1.59,17.8,22.1,14.5,67.8,6.9,19.7,19.7,19.7,13.45,15.37,1.9,1.33,5.3,1.5,1.19
2009-08-28,0.0,1.19,20.3,26.6,15.6,60.3,5.4,19.7,19.7,19.7,11.52,13.93,1.59,1.9,0.1,5.3,1.05
2009-08-29,0.0,1.05,20.8,26.9,15.4,54.3,0.1,19.7,19.7,19.7,9.79,12.53,1.19,1.59,0.0,0.1,0.97
2009-08-30,0.0,0.97,20.2,26.0,16.0,49.0,0.0,19.7,19.7,19.7,8.32,11.28,1.05,1.19,0.0,0.0,0.94
2009-08-31,0.0,0.94,20.2,26.5,14.9,51.8,0.0,6.9,19.7,19.7,7.07,10.15,0.97,1.05,0.0,0.0,0.92
2009-09-01,0.0,0.92,22.7,28.6,16.4,52.8,0.0,5.4,19.7,19.7,6.01,9.14,0.94,0.97,0.0,0.0,0.91
2009-09-02,0.0,0.91,25.2,31.2,19.4,46.3,0.0,0.1,19.7,19.7,5.11,8.22,0.92,0.94,0.0,0.0,0.9
2009-09-03,0.0,0.9,25.4,31.0,20.5,47.3,0.0,0.0,19.7,19.7,4.34,7.4,0.91,0.92,0.0,0.0,0.89
2009-09-04,0.0,0.89,24.0,30.6,20.5,60.0,0.0,0.0,19.7,19.7,3.69,6.66,0.9,0.91,0.0,0.0,0.93
2009-09-05,0.0,0.93,24.8,31.0,19.3,51.5,0.0,0.0,19.7,19.7,3.14,6.0,0.89,0.9,0.0,0.0,1.26
2009-09-06,0.8,1.26,22.6,26.6,20.9,72.8,0.8,0.8,20.5,20.5,2.67,5.4,0.93,0.89,0.0,0.0,1.82
2009-09-07,10.8,1.82,22.7,29.0,18.7,68.8,11.6,11.6,18.5,31.3,2.95,5.58,1.26,0.93,0.8,0.0,1.64
2009-09-08,0.0,1.64,24.3,30.4,19.0,53.8,11.6,11.6,17.0,31.3,11.69,14.74,1.82,1.26,10.8,0.8,1.18
2009-09-09,0.0,1.18,22.8,27.0,20.6,54.8,10.8,11.6,11.7,31.3,9.93,13.26,1.64,1.82,0.0,10.8,0.99
2009-09-10,0.0,0.99,21.5,26.1,18.2,52.0,0.0,11.6,11.6,31.3,8.44,11.94,1.18,1.64,0.0,0.0,0.94
2009-09-11,0.0,0.94,21.9,27.0,17.9,49.8,0.0,11.6,11.6,31.3,7.18,10.74,0.99,1.18,0.0,0.0,0.91
2009-09-12,0.0,0.91,22.3,28.2,17.7,49.5,0.0,11.6,11.6,31.3,6.1,9.67,0.94,0.99,0.0,0.0,0.9
2009-09-13,0.0,0.9,23.0,29.4,17.7,51.8,0.0,10.8,11.6,31.3,5.18,8.7,0.91,0.94,0.0,0.0,0.89
2009-09-14,0.0,0.89,24.6,31.0,19.3,46.8,0.0,0.0,11.6,31.3,4.41,7.83,0.9,0.91,0.0,0.0,0.87
2009-09-15,0.0,0.87,23.4,30.0,19.4,57.8,0.0,0.0,11.6,31.3,3.75,7.05,0.89,0.9,0.0,0.0,0.87
2009-09-16,0.0,0.87,23.1,28.5,19.6,57.3,0.0,0.0,11.6,31.3,3.18,6.34,0.87,0.89,0.0,0.0,0.87
2009-09-17,0.0,0.87,23.7,29.4,19.4,52.8,0.0,0.0,11.6,31.3,2.71,5.71,0.87,0.87,0.0,0.0,0.86
2009-09-18,0.0,0.86,25.0,31.7,20.3,48.5,0.0,0.0,11.6,31.3,2.3,5.14,0.87,0.87,0.0,0.0,0.85
2009-09-19,0.0,0.85,26.2,32.2,20.7,45.5,0.0,0.0,11.6,31.3,1.96,4.63,0.86,0.87,0.0,0.0,0.92
2009-09-20,4.0,0.92,25.6,32.4,20.6,54.5,4.0,4.0,14.8,35.3,1.66,4.16,0.85,0.86,0.0,0.0,1.69
2009-09-21,9.8,1.69,23.4,30.6,18.8,69.8,13.8,13.8,13.8,45.1,4.81,7.35,0.92,0.85,4.0,0.0,3.81
2009-09-22,50.5,3.81,21.4,25.1,17.8,73.0,64.3,64.3,64.3,95.6,12.42,15.43,1.69,0.92,9.8,4.0,5.7
2009-09-23,1.3,5.7,21.3,24.9,18.9,80.0,61.6,65.6,65.6,84.1,53.48,59.34,3.81,1.69,50.5,9.8,6.0
2009-09-24,19.7,6.0,21.0,26.7,16.8,76.5,71.5,85.3,85.3,102.3,46.57,54.57,5.7,3.81,1.3,50.5,5.56
2009-09-25,2.8,5.56,21.0,27.4,16.5,67.5,23.8,88.1,88.1,99.8,56.33,66.85,6.0,5.7,19.7,1.3,4.25
2009-09-26,0.0,4.25,20.8,26.2,18.4,64.8,22.5,88.1,88.1,99.7,50.26,62.68,5.56,6.0,2.8,19.7,3.16
2009-09-27,0.0,3.16,23.1,29.6,17.1,50.8,2.8,84.1,88.1,99.7,42.72,56.41,4.25,5.56,0.0,2.8,2.24
2009-09-28,0.0,2.24,25.3,32.4,18.5,46.3,0.0,74.3,88.1,99.7,36.31,50.77,3.16,4.25,0.0,0.0,1.57
2009-09-29,0.0,1.57,27.3,33.6,21.5,50.3,0.0,23.8,88.1,99.7,30.86,45.7,2.24,3.16,0.0,0.0,1.35
2009-09-30,0.1,1.35,20.9,26.3,19.0,67.8,0.1,22.6,88.2,99.8,26.23,41.13,1.57,2.24,0.0,0.0,1.34
2009-10-01,0.0,1.34,20.4,25.4,17.2,70.3,0.1,2.9,88.2,99.8,22.38,37.1,1.35,1.57,0.1,0.0,1.07
2009-10-02,0.0,1.07,22.7,31.4,17.3,66.5,0.1,0.1,88.2,99.8,19.03,33.39,1.34,1.35,0.0,0.1,1.15
2009-10-03,0.0,1.15,23.2,29.8,19.1,66.3,0.0,0.1,88.2,99.8,16.17,30.05,1.07,1.34,0.0,0.0,1.39
2009-10-04,27.8,1.39,23.6,29.2,19.3,59.5,27.8,27.9,112.0,127.6,13.75,27.05,1.15,1.07,0.0,0.0,1.23
2009-10-05,0.0,1.23,23.3,29.2,20.0,62.0,27.8,27.9,102.2,127.6,35.31,49.36,1.39,1.15,27.8,0.0,1.04
2009-10-06,0.0,1.04,22.8,30.5,19.2,66.5,27.8,27.9,51.7,126.8,30.02,44.43,1.23,1.39,0.0,27.8,1.0
2009-10-07,8.1,1.0,22.2,30.8,18.3,70.5,8.1,35.9,58.5,124.1,25.51,39.98,1.04,1.23,0.0,0.0,1.26
2009-10-08,27.8,1.26,20.5,22.4,18.5,83.0,35.9,63.7,66.6,151.9,28.57,43.28,1.0,1.04,8.1,0.0,1.6
2009-10-09,7.8,1.6,19.8,24.8,17.4,73.0,43.7,71.5,71.6,159.7,47.92,63.97,1.26,1.0,27.8,8.1,1.36
2009-10-10,0.0,1.36,20.8,27.4,16.0,61.0,35.6,71.5,71.6,159.7,47.36,64.59,1.6,1.26,7.8,27.8,1.07
2009-10-11,0.0,1.07,22.1,27.9,17.0,59.3,7.8,43.7,71.6,159.7,40.26,58.13,1.36,1.6,0.0,7.8,1.0
2009-10-12,0.0,1.0,23.9,29.6,18.5,54.3,0.0,43.7,71.6,159.7,34.22,52.32,1.07,1.36,0.0,0.0,0.98
2009-10-13,0.0,0.98,23.4,31.0,19.9,67.8,0.0,43.7,71.6,159.7,29.08,47.09,1.0,1.07,0.0,0.0,0.97
2009-10-14,2.7,0.97,23.8,28.5,20.2,59.3,2.7,38.3,74.2,162.4,24.72,42.38,0.98,1.0,0.0,0.0,1.03
2009-10-15,0.0,1.03,24.1,30.4,19.6,59.3,2.7,10.5,74.2,162.4,23.31,40.57,0.97,0.98,2.7,0.0,1.21
2009-10-16,34.5,1.21,23.8,30.9,19.9,62.5,37.2,37.2,108.7,196.9,19.81,36.51,1.03,0.97,0.0,2.7,1.52
2009-10-17,12.8,1.52,23.0,28.3,20.2,79.0,47.3,50.0,121.5,209.7,46.17,63.91,1.21,1.03,34.5,0.0,1.57
2009-10-18,6.8,1.57,23.8,28.2,19.3,66.0,54.1,56.8,100.5,216.5,50.12,69.04,1.52,1.21,12.8,34.5,1.77
2009-10-19,0.0,1.77,22.8,28.6,19.4,74.5,19.6,56.8,100.5,216.5,48.38,68.26,1.57,1.52,6.8,12.8,2.84
2009-10-20,32.6,2.84,23.5,28.7,18.0,68.3,39.4,89.4,133.1,245.1,41.13,61.43,1.77,1.57,0.0,6.8,4.18
2009-10-21,7.8,4.18,23.8,28.3,20.7,75.8,40.4,94.5,132.8,243.1,62.67,84.63,2.84,1.77,32.6,0.0,5.55
2009-10-22,29.9,5.55,19.6,22.6,17.9,90.0,70.3,124.4,134.9,222.5,59.9,83.19,4.18,2.84,7.8,32.6,5.28
2009-10-23,27.0,5.28,24.0,30.5,18.0,66.0,64.7,116.9,154.1,248.2,76.33,101.78,5.55,4.18,29.9,7.8,4.66
2009-10-24,0.0,4.66,25.1,30.6,20.7,59.8,56.9,104.1,154.1,228.5,87.83,115.9,5.28,5.55,27.0,29.9,3.59
2009-10-25,0.0,3.59,23.7,30.4,20.5,70.3,27.0,97.3,154.1,225.7,74.65,104.31,4.66,5.28,0.0,27.0,2.7
2009-10-26,35.8,2.7,23.6,27.8,18.9,69.0,35.8,133.1,189.9,261.5,63.46,93.88,3.59,4.66,0.0,0.0,2.23
2009-10-27,1.2,2.23,22.3,25.6,19.1,76.3,37.0,101.7,191.1,262.7,84.37,116.71,2.7,3.59,35.8,0.0,2.64
2009-10-28,12.5,2.64,21.8,26.1,19.1,80.8,49.5,106.4,200.9,275.2,72.73,106.12,2.23,2.7,1.2,35.8,3.11
2009-10-29,0.5,3.11,21.1,23.8,19.0,85.5,14.2,77.0,201.4,275.7,72.45,106.76,2.64,2.23,12.5,1.2,2.45
2009-10-30,4.9,2.45,21.7,26.1,18.3,69.0,17.9,54.9,171.8,280.5,62.01,96.53,3.11,2.64,0.5,12.5,1.94
2009-10-31,5.6,1.94,22.0,26.7,17.9,68.3,11.0,60.5,164.6,286.1,56.87,91.29,2.45,3.11,4.9,0.5,1.67
2009-11-01,5.7,1.67,22.9,29.3,17.4,62.3,16.2,66.2,163.5,291.8,53.1,87.2,1.94,2.45,5.6,4.9,1.61
2009-11-02,12.8,1.61,23.5,29.2,18.7,68.3,24.1,43.2,176.3,304.6,49.98,83.61,1.67,1.94,5.7,5.6,1.82
2009-11-03,36.4,1.82,22.2,28.1,18.0,72.3,54.9,78.4,180.1,313.2,53.36,86.77,1.61,1.67,12.8,5.7,2.4
2009-11-04,2.2,2.4,23.0,27.7,19.4,75.5,51.4,68.1,174.5,315.4,76.3,110.85,1.82,1.61,36.4,12.8,2.44
2009-11-05,0.5,2.44,25.1,30.7,20.1,51.3,39.1,68.1,145.1,315.9,66.72,101.75,2.4,1.82,2.2,36.4,1.77
2009-11-06,0.0,1.77,25.1,30.7,20.9,54.8,2.7,63.2,118.1,307.8,57.14,92.02,2.44,2.4,0.5,2.2,1.42
2009-11-07,0.0,1.42,25.5,30.8,20.5,56.3,0.5,57.6,118.1,280.0,48.57,82.82,1.77,2.44,0.0,0.5,1.23
2009-11-08,7.5,1.23,24.8,30.0,21.6,61.0,7.5,59.4,125.6,279.7,41.28,74.54,1.42,1.77,0.0,0.0,1.44
2009-11-09,8.9,1.44,24.0,29.9,21.1,67.8,16.4,55.5,98.7,288.6,41.47,73.83,1.23,1.42,7.5,0.0,2.85
2009-11-10,6.5,2.85,24.0,28.3,19.9,76.0,22.9,25.6,104.0,295.1,42.81,74.46,1.44,1.23,8.9,7.5,5.21
2009-11-11,3.0,5.21,22.6,27.1,20.7,84.0,18.4,26.4,94.5,298.1,41.91,72.86,2.85,1.44,6.5,8.9,6.69
2009-11-12,8.9,6.69,24.3,29.2,19.7,67.0,18.4,34.8,102.9,307.0,38.18,68.28,5.21,2.85,3.0,6.5,6.6
2009-11-13,0.0,6.6,24.8,29.6,21.9,62.0,11.9,34.8,98.0,304.3,40.02,69.46,6.69,5.21,8.9,3.0,5.27
2009-11-14,0.0,5.27,24.7,30.0,20.6,55.3,8.9,34.8,92.4,304.3,34.01,62.51,6.6,6.69,0.0,8.9,4.01
2009-11-15,0.0,4.01,26.7,31.7,20.5,51.0,0.0,27.3,86.7,269.8,28.91,56.26,5.27,6.6,0.0,0.0,3.52
2009-11-16,0.1,3.52,24.3,32.4,19.9,64.5,0.1,18.5,74.0,257.1,24.57,50.64,4.01,5.27,0.0,0.0,4.56
2009-11-17,20.3,4.56,22.6,27.4,20.1,69.8,20.4,32.3,57.9,270.6,20.97,45.66,3.52,4.01,0.1,0.0,3.89
2009-11-18,0.1,3.89,23.0,28.9,19.1,59.3,20.5,29.4,55.8,270.7,35.08,59.37,4.56,3.52,20.3,0.1,2.98
2009-11-19,0.0,2.98,24.1,29.5,19.7,64.3,20.4,20.5,55.3,238.1,29.91,53.52,3.89,4.56,0.1,20.3,2.38
2009-11-20,0.0,2.38,25.5,31.0,21.1,58.3,0.1,20.5,55.3,230.3,25.42,48.17,2.98,3.89,0.0,0.1,1.91
2009-11-21,0.0,1.91,25.3,30.2,21.1,50.8,0.0,20.5,55.3,200.4,21.61,43.35,2.38,2.98,0.0,0.0,1.55
2009-11-22,0.0,1.55,26.2,32.3,20.7,44.8,0.0,20.5,47.8,173.4,18.37,39.02,1.91,2.38,0.0,0.0,1.31
2009-11-23,0.0,1.31,26.1,31.6,20.5,45.5,0.0,20.4,38.9,173.4,15.61,35.11,1.55,1.91,0.0,0.0,1.16
2009-11-24,0.0,1.16,25.4,31.1,20.8,66.0,0.0,0.1,32.4,173.4,13.27,31.6,1.31,1.55,0.0,0.0,1.13
2009-11-25,12.8,1.13,26.1,31.9,20.9,56.0,12.8,12.8,42.2,150.4,11.28,28.44,1.16,1.31,0.0,0.0,1.12
2009-11-26,0.0,1.12,26.1,32.2,22.2,49.3,12.8,12.8,33.3,149.2,20.47,37.12,1.13,1.16,12.8,0.0,1.15
2009-11-27,0.0,1.15,26.0,32.6,21.6,54.0,12.8,12.8,33.3,136.7,17.4,33.41,1.12,1.13,0.0,12.8,1.16
2009-11-28,0.0,1.16,23.8,29.0,18.9,72.5,0.0,12.8,33.3,136.2,14.79,30.07,1.15,1.12,0.0,0.0,1.48
2009-11-29,20.5,1.48,22.0,27.4,18.9,79.3,20.5,33.3,53.8,151.8,12.57,27.06,1.16,1.15,0.0,0.0,2.62
2009-11-30,18.6,2.62,21.4,23.9,19.1,89.0,39.1,51.9,72.3,164.8,28.11,42.8,1.48,1.16,20.5,0.0,3.97
2009-12-01,12.8,3.97,21.9,26.8,19.0,84.0,51.9,64.7,64.8,171.9,39.7,55.26,2.62,1.48,18.6,20.5,4.86
2009-12-02,12.3,4.86,22.2,26.7,20.0,82.3,43.7,64.2,77.0,171.4,44.63,61.26,3.97,2.62,12.8,18.6,5.7
2009-12-03,10.4,5.7,22.0,27.2,19.3,87.0,35.5,74.6,87.4,145.4,48.39,66.2,4.86,3.97,12.3,12.8,5.92
2009-12-04,11.8,5.92,21.2,23.8,19.9,88.0,34.5,86.4,99.2,155.0,49.97,68.94,5.7,4.86,10.4,12.3,8.02
2009-12-05,30.1,8.02,19.4,22.3,17.5,92.8,52.3,116.5,129.3,184.6,52.5,72.67,5.92,5.7,11.8,10.4,12.58
2009-12-06,39.1,12.58,19.5,20.3,18.0,96.0,81.0,135.1,168.4,223.7,70.21,92.49,8.02,5.92,30.1,11.8,15.03
2009-12-07,10.8,15.03,22.2,25.8,18.8,79.3,80.0,127.3,179.2,234.5,92.92,118.43,12.58,8.02,39.1,30.1,12.52
2009-12-08,20.7,12.52,22.5,26.3,19.3,83.5,70.6,135.2,199.9,247.7,88.16,116.31,15.03,12.58,10.8,39.1,10.75
2009-12-09,9.6,10.75,21.7,26.2,18.0,85.0,41.1,132.5,196.7,248.4,92.53,123.31,12.52,15.03,20.7,10.8,9.91
2009-12-10,3.9,9.91,22.7,25.7,18.2,74.5,34.2,126.0,200.6,245.8,86.81,119.62,10.75,12.52,9.6,20.7,8.44
2009-12-11,0.0,8.44,24.2,30.1,19.9,52.5,13.5,114.2,200.6,242.8,77.1,111.16,9.91,10.75,3.9,9.6,6.78
2009-12-13,0.0,5.37,25.7,30.6,20.8,57.8,0.0,45.0,180.1,233.9,55.71,90.04,6.78,8.44,0.0,0.0,4.5
2009-12-14,0.0,4.5,22.1,26.0,19.1,79.0,0.0,34.2,161.5,233.9,47.35,81.04,5.37,6.78,0.0,0.0,4.79
2009-12-15,33.2,4.79,22.0,25.6,18.9,72.8,33.2,46.7,181.9,267.1,40.25,72.94,4.5,5.37,0.0,0.0,4.06
2009-12-16,0.0,4.06,23.8,28.3,20.4,63.3,33.2,37.1,169.6,267.0,62.43,95.52,4.79,4.5,33.2,0.0,3.12
2009-12-17,0.0,3.12,25.3,30.7,20.7,53.8,33.2,33.2,159.2,246.7,53.07,85.97,4.06,4.79,0.0,33.2,2.64
2009-12-18,2.3,2.64,22.2,29.6,18.3,74.3,2.3,35.5,149.7,248.9,45.11,77.37,3.12,4.06,0.0,0.0,3.49
2009-12-19,25.5,3.49,22.0,28.9,17.8,71.3,27.8,61.0,145.1,274.4,40.3,71.71,2.64,3.12,2.3,0.0,5.73
2009-12-20,19.0,5.73,22.5,27.8,17.7,66.3,46.8,80.0,125.0,293.4,55.93,87.48,3.49,2.64,25.5,2.3,6.05
2009-12-21,0.0,6.05,23.0,28.6,19.7,68.0,44.5,80.0,114.2,293.4,63.69,95.84,5.73,3.49,19.0,25.5,5.61
2009-12-22,1.0,5.61,22.6,28.8,17.2,59.5,20.0,47.8,94.5,294.4,54.13,86.25,6.05,5.73,0.0,19.0,4.97
2009-12-23,0.0,4.97,24.4,30.4,18.5,54.3,1.0,47.8,84.9,294.4,46.86,78.53,5.61,6.05,1.0,0.0,4.55
2009-12-24,0.0,4.55,24.4,29.8,20.6,65.0,1.0,47.8,81.0,294.4,39.83,70.67,4.97,5.61,0.0,1.0,5.73
2009-12-25,11.8,5.73,21.8,26.3,18.7,85.0,11.8,57.3,92.8,293.4,33.86,63.61,4.55,4.97,0.0,0.0,7.2
2009-12-26,8.9,7.2,22.6,27.3,19.4,81.3,20.7,40.7,101.7,302.3,38.81,67.87,5.73,4.55,11.8,0.0,7.24
2009-12-27,1.8,7.24,22.4,26.5,20.2,87.0,22.5,23.5,103.5,304.1,40.55,69.09,7.2,5.73,8.9,11.8,8.84
2009-12-28,49.1,8.84,21.5,25.3,19.9,94.3,59.8,72.6,152.6,353.2,36.0,63.8,7.24,7.2,1.8,8.9,11.16
2009-12-29,61.2,11.16,21.8,26.6,19.7,88.5,112.1,132.8,180.6,393.9,72.34,101.61,8.84,7.24,49.1,1.8,11.82
2009-12-30,50.9,11.82,22.3,26.6,19.2,84.3,161.2,183.7,231.5,426.2,113.51,146.53,11.16,8.84,61.2,49.1,13.35
2009-12-31,52.3,13.35,21.1,23.5,19.6,92.3,164.4,236.0,283.8,465.7,139.74,177.69,11.82,11.16,50.9,61.2,14.6
2010-01-01,49.8,14.6,22.4,28.3,18.4,79.3,153.0,274.0,331.3,503.2,163.24,206.99,13.35,11.82,52.3,50.9,13.29
2010-01-02,0.1,13.29,24.1,29.2,20.1,55.5,102.2,265.2,305.9,492.9,181.08,231.11,14.6,13.35,49.8,52.3,10.91
2010-01-03,0.0,10.91,25.2,31.2,19.7,55.5,49.9,263.4,286.9,481.1,154.0,208.09,13.29,14.6,0.1,49.8,8.89
2010-01-04,0.0,8.89,24.6,30.0,18.7,61.3,0.1,214.3,286.9,451.0,130.9,187.28,10.91,13.29,0.0,0.1,7.41
2010-01-05,0.0,7.41,25.1,30.2,21.6,65.5,0.0,153.1,285.9,411.9,111.27,168.55,8.89,10.91,0.0,0.0,6.26
2010-01-06,25.9,6.26,22.2,26.9,18.9,82.3,25.9,128.1,311.8,427.0,94.58,151.7,7.41,8.89,0.0,0.0,6.29
2010-01-07,18.5,6.29,22.9,28.8,18.2,71.8,44.4,94.3,330.3,424.8,102.41,159.84,6.26,7.41,25.9,0.0,7.3
2010-01-08,0.0,7.3,25.0,30.5,19.5,61.0,44.4,44.5,318.5,415.2,102.77,160.5,6.29,6.26,18.5,25.9,6.06
2010-01-09,0.0,6.06,25.7,31.6,21.5,58.0,18.5,44.4,309.6,411.3,87.35,144.45,7.3,6.29,0.0,18.5,4.86
2010-01-10,0.0,4.86,25.3,30.6,21.4,55.8,0.0,44.4,307.8,411.3,74.25,130.01,6.06,7.3,0.0,0.0,3.75
2010-01-11,0.0,3.75,26.6,32.5,22.4,53.8,0.0,44.4,258.7,411.3,63.11,117.01,4.86,6.06,0.0,0.0,2.86
2010-01-12,0.0,2.86,26.6,31.2,22.4,57.0,0.0,44.4,197.5,411.3,53.65,105.31,3.75,4.86,0.0,0.0,2.17
2010-01-13,0.0,2.17,26.3,32.0,22.0,58.3,0.0,18.5,146.6,411.3,45.6,94.78,2.86,3.75,0.0,0.0,1.77
2010-01-14,0.0,1.77,26.5,31.6,22.4,59.8,0.0,0.0,94.3,378.1,38.76,85.3,2.17,2.86,0.0,0.0,2.0
2010-01-15,0.2,2.0,23.1,28.5,17.9,78.8,0.2,0.2,44.7,378.3,32.95,76.77,1.77,2.17,0.0,0.0,3.67
2010-01-16,3.8,3.67,23.6,28.9,17.9,62.0,4.0,4.0,48.4,382.1,28.17,69.27,2.0,1.77,0.2,0.0,2.98
2010-01-17,0.0,2.98,24.4,29.4,20.5,52.5,4.0,4.0,48.4,379.8,27.18,65.76,3.67,2.0,3.8,0.2,2.21
2010-01-18,0.0,2.21,25.8,31.9,20.7,51.3,3.8,4.0,48.4,354.3,23.1,59.19,2.98,3.67,0.0,3.8,1.75
2010-01-19,0.0,1.75,25.8,30.9,21.4,55.0,0.0,4.0,48.4,335.3,19.64,53.27,2.21,2.98,0.0,0.0,1.61
2010-01-20,0.0,1.61,25.9,30.2,22.0,59.3,0.0,4.0,22.5,335.3,16.69,47.94,1.75,2.21,0.0,0.0,1.5
2010-01-21,0.0,1.5,24.2,31.5,18.8,64.5,0.0,4.0,4.0,334.3,14.19,43.15,1.61,1.75,0.0,0.0,1.52
2010-01-22,3.1,1.52,22.5,28.8,19.3,71.0,3.1,6.9,7.1,337.4,12.06,38.83,1.5,1.61,0.0,0.0,1.72
2010-01-23,16.8,1.72,22.5,28.9,19.1,73.5,19.9,19.9,23.9,354.2,12.89,37.74,1.52,1.5,3.1,0.0,2.05
2010-01-24,19.6,2.05,23.1,27.7,18.6,67.8,39.5,39.5,43.5,362.0,25.23,49.09,1.72,1.52,16.8,3.1,1.72
2010-01-25,0.0,1.72,23.4,28.1,19.9,77.3,36.4,39.5,43.5,353.1,38.11,61.82,2.05,1.72,19.6,16.8,1.53
2010-01-26,0.8,1.53,23.4,27.2,20.0,64.5,20.4,40.3,44.3,352.1,32.39,55.64,1.72,2.05,0.0,19.6,1.45
2010-01-27,0.0,1.45,24.3,28.3,20.3,58.8,0.8,40.3,44.3,303.0,28.21,50.79,1.53,1.72,0.8,0.0,1.44
2010-01-28,0.0,1.44,24.2,28.8,20.5,58.0,0.8,40.3,44.3,241.8,23.98,45.71,1.45,1.53,0.0,0.8,1.42
2010-01-29,0.0,1.42,25.0,29.8,20.9,54.8,0.0,37.2,44.1,190.9,20.38,41.14,1.44,1.45,0.0,0.0,1.4
2010-01-30,0.0,1.4,25.6,31.1,21.6,52.3,0.0,20.4,40.3,138.6,17.33,37.03,1.42,1.44,0.0,0.0,1.39
2010-01-31,0.0,1.39,25.0,28.7,21.8,56.0,0.0,0.8,40.3,88.8,14.73,33.32,1.4,1.42,0.0,0.0,1.39
2010-02-01,0.0,1.39,25.1,29.8,21.1,55.8,0.0,0.8,40.3,88.7,12.52,29.99,1.39,1.4,0.0,0.0,1.38
2010-02-02,0.0,1.38,25.8,30.8,21.8,53.5,0.0,0.0,40.3,88.7,10.64,26.99,1.39,1.39,0.0,0.0,1.38
2010-02-03,0.0,1.38,26.5,31.6,22.1,51.0,0.0,0.0,40.3,88.7,9.04,24.29,1.38,1.39,0.0,0.0,1.36
2010-02-04,0.0,1.36,25.7,30.4,21.7,52.0,0.0,0.0,40.3,88.7,7.69,21.86,1.38,1.38,0.0,0.0,1.36
2010-02-05,0.0,1.36,25.3,30.6,20.5,47.8,0.0,0.0,37.2,62.8,6.53,19.68,1.36,1.38,0.0,0.0,1.42
2010-02-06,0.0,1.42,23.7,28.8,19.4,64.5,0.0,0.0,20.4,44.3,5.55,17.71,1.36,1.36,0.0,0.0,1.4
2010-02-07,0.0,1.4,25.0,29.6,20.2,53.5,0.0,0.0,0.8,44.3,4.72,15.94,1.42,1.36,0.0,0.0,1.4
2010-02-08,0.0,1.4,25.3,30.9,20.8,53.8,0.0,0.0,0.8,44.3,4.01,14.35,1.4,1.42,0.0,0.0,1.4
2010-02-09,0.0,1.4,24.0,30.0,20.5,66.3,0.0,0.0,0.0,44.3,3.41,12.91,1.4,1.4,0.0,0.0,1.69
2010-02-10,0.0,1.69,24.8,30.3,20.2,59.3,0.0,0.0,0.0,44.3,2.9,11.62,1.4,1.4,0.0,0.0,2.31
2010-02-11,0.0,2.31,24.4,28.8,20.4,60.0,0.0,0.0,0.0,44.3,2.46,10.46,1.69,1.4,0.0,0.0,1.94
2010-02-12,0.0,1.94,24.3,29.4,19.6,53.0,0.0,0.0,0.0,44.3,2.09,9.41,2.31,1.69,0.0,0.0,1.59
2010-02-13,0.0,1.59,25.1,30.0,20.0,48.3,0.0,0.0,0.0,44.3,1.78,8.47,1.94,2.31,0.0,0.0,1.44
2010-02-14,0.0,1.44,25.8,31.2,20.7,52.8,0.0,0.0,0.0,44.1,1.51,7.62,1.59,1.94,0.0,0.0,1.38
2010-02-15,0.0,1.38,25.9,30.8,20.9,53.3,0.0,0.0,0.0,40.3,1.29,6.86,1.44,1.59,0.0,0.0,1.38
2010-02-16,0.0,1.38,26.5,33.4,21.8,52.3,0.0,0.0,0.0,40.3,1.09,6.18,1.38,1.44,0.0,0.0,1.34
2010-02-17,0.0,1.34,28.2,34.3,22.8,46.3,0.0,0.0,0.0,40.3,0.93,5.56,1.38,1.38,0.0,0.0,1.34
2010-02-18,0.0,1.34,22.3,30.4,17.9,75.8,0.0,0.0,0.0,40.3,0.79,5.0,1.34,1.38,0.0,0.0,1.34
2010-02-19,7.9,1.34,23.7,27.5,19.2,65.0,7.9,7.9,7.9,48.2,0.67,4.5,1.34,1.34,0.0,0.0,1.34
2010-02-20,0.0,1.34,25.2,30.5,21.8,61.0,7.9,7.9,7.9,48.2,7.29,11.16,1.34,1.34,7.9,0.0,1.31
2010-02-21,0.0,1.31,25.6,30.6,20.9,53.0,7.9,7.9,7.9,45.1,6.19,10.05,1.34,1.34,0.0,7.9,1.31
2010-02-22,0.0,1.31,26.0,31.9,21.8,52.0,0.0,7.9,7.9,28.3,5.26,9.04,1.31,1.34,0.0,0.0,1.31
2010-02-23,0.0,1.31,27.4,33.1,22.6,43.8,0.0,7.9,7.9,8.7,4.47,8.14,1.31,1.31,0.0,0.0,1.31
2010-02-24,0.0,1.31,27.7,32.2,23.3,50.8,0.0,7.9,7.9,8.7,3.8,7.32,1.31,1.31,0.0,0.0,1.31
2010-02-25,0.1,1.31,26.2,31.8,22.7,53.5,0.1,8.0,8.0,8.0,3.23,6.59,1.31,1.31,0.0,0.0,1.53
2010-02-26,0.0,1.53,22.2,27.1,19.8,77.5,0.1,0.1,8.0,8.0,2.83,6.02,1.31,1.31,0.1,0.0,1.72
2010-02-27,62.3,1.72,23.1,27.4,19.9,71.8,62.4,62.4,70.3,70.3,2.41,5.42,1.53,1.31,0.0,0.1,1.47
2010-02-28,0.0,1.47,23.0,26.7,21.2,84.3,62.3,62.4,70.3,70.3,55.0,60.95,1.72,1.53,62.3,0.0,1.81
2010-03-01,12.8,1.81,22.7,25.5,19.6,77.0,75.1,75.2,83.1,83.1,46.75,54.85,1.47,1.72,0.0,62.3,2.75
2010-03-02,2.8,2.75,21.8,24.8,19.8,83.8,15.6,78.0,85.9,85.9,50.62,60.89,1.81,1.47,12.8,0.0,3.38
2010-03-03,68.3,3.38,20.9,22.4,19.7,93.0,83.9,146.3,154.2,154.2,45.41,57.32,2.75,1.81,2.8,12.8,5.1
2010-03-04,12.3,5.1,23.1,27.1,20.3,78.8,83.4,158.5,166.5,166.5,96.65,113.06,3.38,2.75,68.3,2.8,6.91
2010-03-05,2.8,6.91,23.2,28.1,20.2,70.0,83.4,161.3,161.4,169.3,92.61,112.82,5.1,3.38,12.3,68.3,6.43
2010-03-06,0.0,6.43,23.2,27.6,20.0,70.8,15.1,99.0,161.4,169.3,81.1,104.06,6.91,5.1,2.8,12.3,6.31
2010-03-07,2.3,6.31,24.4,29.4,20.5,68.3,5.1,101.3,163.7,171.6,68.93,93.65,6.43,6.91,0.0,2.8,5.5
2010-03-08,0.0,5.5,24.9,30.6,21.0,64.3,2.3,88.5,163.7,171.6,60.55,86.36,6.31,6.43,2.3,0.0,4.5
2010-03-09,12.6,4.5,24.5,30.5,19.4,65.8,14.9,98.3,176.3,184.2,51.47,77.72,5.5,6.31,0.0,2.3,3.84
2010-03-10,1.3,3.84,26.2,31.9,22.4,54.5,13.9,31.3,177.6,185.5,54.46,81.29,4.5,5.5,12.6,0.0,2.94
2010-03-11,0.0,2.94,26.0,31.5,21.7,57.8,13.9,19.0,177.5,185.5,47.39,74.33,3.84,4.5,1.3,12.6,2.25
2010-03-12,0.0,2.25,26.7,32.5,21.8,51.0,1.3,16.2,177.5,185.5,40.28,66.9,2.94,3.84,0.0,1.3,1.78
2010-03-13,3.1,1.78,25.6,32.2,20.7,62.8,3.1,19.3,118.3,188.6,34.24,60.21,2.25,2.94,0.0,0.0,1.75
2010-03-14,0.0,1.75,24.3,30.2,20.9,68.8,3.1,17.0,118.3,188.6,31.74,56.98,1.78,2.25,3.1,0.0,1.84
2010-03-15,23.8,1.84,24.2,29.4,20.9,74.0,26.9,40.8,129.3,212.4,26.98,51.28,1.75,1.78,0.0,3.1,2.16
2010-03-16,0.5,2.16,23.4,27.4,20.7,79.3,24.3,28.7,127.0,212.9,43.16,67.57,1.84,1.75,23.8,0.0,3.03
2010-03-17,1.4,3.03,22.0,25.8,19.7,71.5,25.7,28.8,60.1,214.3,37.11,61.26,2.16,1.84,0.5,23.8,2.53
2010-03-18,0.0,2.53,23.4,27.7,19.3,66.3,1.9,28.8,47.8,214.3,32.74,56.4,3.03,2.16,1.4,0.5,2.25
2010-03-19,0.0,2.25,23.6,28.3,19.8,64.0,1.4,28.8,45.0,214.3,27.83,50.76,2.53,3.03,0.0,1.4,2.31
2010-03-20,0.0,2.31,24.5,30.4,20.1,61.8,0.0,25.7,45.0,214.3,23.65,45.68,2.25,2.53,0.0,0.0,1.97
2010-03-21,12.7,1.97,23.4,27.6,20.5,75.0,12.7,38.4,55.4,219.1,20.1,41.11,2.31,2.25,0.0,0.0,1.81
2010-03-22,19.6,1.81,22.1,27.3,19.2,79.5,32.3,34.2,75.0,238.7,27.88,48.43,1.97,2.31,12.7,0.0,1.69
2010-03-23,14.8,1.69,23.4,29.1,19.4,69.8,47.1,48.5,77.2,253.5,40.36,61.23,1.81,1.97,19.6,12.7,1.59
2010-03-24,0.1,1.59,24.3,28.5,20.6,62.8,34.5,47.2,76.0,253.6,46.89,68.43,1.69,1.81,14.8,19.6,1.47
2010-03-25,0.0,1.47,24.2,29.0,20.7,61.8,14.9,47.2,76.0,253.6,39.94,61.67,1.59,1.69,0.1,14.8,1.44
2010-03-26,0.0,1.44,23.6,28.1,19.0,62.8,0.1,47.2,76.0,253.6,33.95,55.51,1.47,1.59,0.0,0.1,1.44
2010-03-27,0.0,1.44,24.4,29.0,20.3,59.3,0.0,47.2,72.9,253.5,28.86,49.96,1.44,1.47,0.0,0.0,1.4
2010-03-28,0.0,1.4,24.7,29.2,20.9,58.5,0.0,34.5,72.9,253.5,24.53,44.96,1.44,1.44,0.0,0.0,1.4
2010-03-29,0.0,1.4,25.4,30.9,20.6,56.8,0.0,14.9,49.1,191.2,20.85,40.46,1.4,1.44,0.0,0.0,1.44
2010-03-30,3.4,1.44,26.1,31.3,22.2,60.0,3.4,3.5,52.0,194.6,17.72,36.42,1.4,1.4,0.0,0.0,1.97
2010-03-31,3.8,1.97,23.4,29.3,20.7,79.3,7.2,7.2,54.4,185.6,17.95,35.84,1.44,1.4,3.4,0.0,3.5
2010-04-01,8.5,3.5,22.6,26.5,20.7,75.0,15.7,15.7,62.9,191.3,18.49,35.67,1.97,1.44,3.8,3.4,3.91
2010-04-02,0.0,3.91,23.3,27.2,20.1,68.0,12.3,15.7,62.9,123.0,22.94,39.76,3.5,1.97,8.5,3.8,3.53
2010-04-03,0.0,3.53,22.6,25.3,20.9,74.0,8.5,15.7,62.9,110.7,19.5,35.78,3.91,3.5,0.0,8.5,3.44
2010-04-04,0.0,3.44,22.5,27.7,20.4,84.5,0.0,15.7,50.2,107.9,16.58,32.2,3.53,3.91,0.0,0.0,3.75
2010-04-05,69.2,3.75,23.8,28.5,20.3,74.3,69.2,84.9,99.8,177.1,14.09,28.98,3.44,3.53,0.0,0.0,5.1
2010-04-06,0.0,5.1,22.7,28.3,19.8,71.0,69.2,81.5,85.0,174.8,70.8,88.36,3.75,3.44,69.2,0.0,7.04
2010-04-07,1.9,7.04,20.2,25.7,16.0,56.8,71.1,79.6,86.8,176.7,60.18,79.53,5.1,3.75,0.0,69.2,5.81
2010-04-08,0.0,5.81,19.1,24.9,13.4,51.8,1.9,71.1,86.8,164.1,52.76,73.28,7.04,5.1,1.9,0.0,4.5
2010-04-09,0.0,4.5,19.1,23.8,14.9,58.0,1.9,71.1,86.8,162.8,44.85,65.96,5.81,7.04,0.0,1.9,3.5
2010-04-10,0.0,3.5,19.8,24.7,15.3,51.8,0.0,71.1,86.8,162.8,38.12,59.36,4.5,5.81,0.0,0.0,2.72
2010-04-11,0.0,2.72,19.4,24.7,15.4,57.5,0.0,71.1,86.8,162.8,32.4,53.42,3.5,4.5,0.0,0.0,2.16
2010-04-12,0.0,2.16,20.1,24.7,15.7,54.0,0.0,1.9,86.8,159.7,27.54,48.08,2.72,3.5,0.0,0.0,1.84
2010-04-13,0.0,1.84,19.9,24.7,16.4,61.0,0.0,1.9,83.4,159.7,23.41,43.27,2.16,2.72,0.0,0.0,1.62
2010-04-14,0.0,1.62,20.4,25.5,16.0,62.5,0.0,0.0,79.6,135.9,19.9,38.95,1.84,2.16,0.0,0.0,1.47
2010-04-15,0.0,1.47,21.4,26.5,17.5,57.3,0.0,0.0,71.1,135.4,16.92,35.05,1.62,1.84,0.0,0.0,1.44
2010-04-16,0.0,1.44,22.9,28.9,18.0,55.8,0.0,0.0,71.1,134.0,14.38,31.55,1.47,1.62,0.0,0.0,1.44
2010-04-17,0.0,1.44,23.7,29.2,19.5,60.8,0.0,0.0,71.1,134.0,12.22,28.39,1.44,1.47,0.0,0.0,1.4
2010-04-18,0.0,1.4,23.3,28.4,19.5,60.5,0.0,0.0,71.1,134.0,10.39,25.55,1.44,1.44,0.0,0.0,1.4
2010-04-19,0.0,1.4,22.8,27.2,19.3,65.8,0.0,0.0,1.9,134.0,8.83,23.0,1.4,1.44,0.0,0.0,1.4
2010-04-20,0.0,1.4,23.5,29.0,18.9,60.5,0.0,0.0,1.9,121.3,7.51,20.7,1.4,1.4,0.0,0.0,1.4
2010-04-21,0.0,1.4,23.7,28.7,19.6,51.0,0.0,0.0,0.0,101.7,6.38,18.63,1.4,1.4,0.0,0.0,1.38
2010-04-22,0.0,1.38,24.4,30.0,19.2,54.0,0.0,0.0,0.0,86.9,5.42,16.77,1.4,1.4,0.0,0.0,1.38
2010-04-23,0.0,1.38,25.3,30.4,20.2,53.0,0.0,0.0,0.0,86.8,4.61,15.09,1.38,1.4,0.0,0.0,1.38
2010-04-24,0.0,1.38,25.1,29.7,21.6,60.8,0.0,0.0,0.0,86.8,3.92,13.58,1.38,1.38,0.0,0.0,1.38
2010-04-25,0.0,1.38,23.7,29.2,20.7,59.0,0.0,0.0,0.0,86.8,3.33,12.22,1.38,1.38,0.0,0.0,1.34
2010-04-26,0.0,1.34,24.1,29.5,19.6,58.0,0.0,0.0,0.0,86.8,2.83,11.0,1.38,1.38,0.0,0.0,1.34
2010-04-27,0.0,1.34,25.1,31.3,20.0,50.5,0.0,0.0,0.0,86.8,2.41,9.9,1.34,1.38,0.0,0.0,1.34
2010-04-28,0.0,1.34,23.8,28.5,20.6,67.8,0.0,0.0,0.0,86.8,2.05,8.91,1.34,1.34,0.0,0.0,1.34
2010-04-29,0.2,1.34,22.8,27.1,19.5,65.3,0.2,0.2,0.2,83.6,1.74,8.02,1.34,1.34,0.0,0.0,1.53
2010-04-30,2.5,1.53,20.9,26.6,18.6,76.0,2.7,2.7,2.7,82.3,1.65,7.4,1.34,1.34,0.2,0.0,1.97
2010-05-01,6.5,1.97,21.7,26.9,17.9,62.3,9.2,9.2,9.2,80.3,3.53,8.91,1.53,1.34,2.5,0.2,1.84
2010-05-02,0.0,1.84,20.0,22.8,17.0,68.5,9.0,9.2,9.2,80.3,8.52,13.87,1.97,1.53,6.5,2.5,1.56
2010-05-03,0.0,1.56,20.2,24.2,17.6,65.0,6.5,9.2,9.2,80.3,7.24,12.48,1.84,1.97,0.0,6.5,1.4
2010-05-04,0.0,1.4,20.9,26.9,16.5,59.0,0.0,9.2,9.2,80.3,6.16,11.23,1.56,1.84,0.0,0.0,1.38
2010-05-05,0.0,1.38,21.4,27.5,16.1,55.8,0.0,9.2,9.2,11.1,5.23,10.11,1.4,1.56,0.0,0.0,1.34
2010-05-06,0.0,1.34,23.5,29.1,17.6,46.0,0.0,9.0,9.2,11.1,4.45,9.1,1.38,1.4,0.0,0.0,1.34
2010-05-07,0.0,1.34,23.1,28.6,17.8,51.8,0.0,6.5,9.2,9.2,3.78,8.19,1.34,1.38,0.0,0.0,1.31
2010-05-08,0.0,1.31,23.5,29.2,19.0,53.8,0.0,0.0,9.2,9.2,3.21,7.37,1.34,1.34,0.0,0.0,1.34
2010-05-09,0.0,1.34,22.3,28.2,19.2,71.0,0.0,0.0,9.2,9.2,2.73,6.63,1.31,1.34,0.0,0.0,2.31
2010-05-10,1.3,2.31,17.1,20.2,15.5,75.5,1.3,1.3,10.5,10.5,2.32,5.97,1.34,1.31,0.0,0.0,4.35
2010-05-11,16.9,4.35,18.2,21.9,14.6,77.3,18.2,18.2,27.4,27.4,3.08,6.54,2.31,1.34,1.3,0.0,4.31
2010-05-12,1.8,4.31,20.2,25.2,17.0,71.3,20.0,20.0,29.2,29.2,16.98,21.1,4.35,2.31,16.9,1.3,3.97
2010-05-13,0.9,3.97,18.4,25.1,13.4,38.3,19.6,20.9,29.9,30.1,15.96,20.61,4.31,4.35,1.8,16.9,2.97
2010-05-14,0.0,2.97,19.7,27.1,12.3,43.3,2.7,20.9,27.4,30.1,14.33,19.36,3.97,4.31,0.9,1.8,2.18
2010-05-15,0.0,2.18,20.6,27.8,14.7,50.8,0.9,20.9,20.9,30.1,12.18,17.42,2.97,3.97,0.0,0.9,1.72
2010-05-16,0.0,1.72,21.2,28.2,15.4,58.0,0.0,20.9,20.9,30.1,10.36,15.68,2.18,2.97,0.0,0.0,1.47
2010-05-17,0.0,1.47,21.9,27.6,17.5,53.5,0.0,19.6,20.9,30.1,8.8,14.11,1.72,2.18,0.0,0.0,1.38
2010-05-18,0.0,1.38,20.6,24.7,17.6,66.5,0.0,2.7,20.9,30.1,7.48,12.7,1.47,1.72,0.0,0.0,1.34
2010-05-19,0.0,1.34,20.8,24.8,17.1,68.3,0.0,0.9,20.9,30.1,6.36,11.43,1.38,1.47,0.0,0.0,1.4
2010-05-20,9.5,1.4,20.5,24.7,17.3,71.8,9.5,9.5,30.4,39.6,5.41,10.29,1.34,1.38,0.0,0.0,1.4
2010-05-21,0.0,1.4,20.5,26.4,16.3,63.5,9.5,9.5,30.4,39.6,12.67,17.81,1.4,1.34,9.5,0.0,1.38
2010-05-22,0.0,1.38,20.9,26.8,15.5,64.0,9.5,9.5,30.4,39.6,10.77,16.03,1.4,1.4,0.0,9.5,1.34
2010-05-23,0.0,1.34,21.9,27.6,16.8,65.0,0.0,9.5,30.4,39.6,9.15,14.42,1.38,1.4,0.0,0.0,1.31
2010-05-24,0.0,1.31,21.9,26.9,18.2,67.0,0.0,9.5,29.1,39.6,7.78,12.98,1.34,1.38,0.0,0.0,1.31
2010-05-25,0.0,1.31,22.7,27.2,19.0,67.0,0.0,9.5,12.2,39.6,6.61,11.68,1.31,1.34,0.0,0.0,1.31
2010-05-26,0.0,1.31,22.8,28.2,18.5,58.8,0.0,9.5,10.4,39.6,5.62,10.52,1.31,1.31,0.0,0.0,1.28
2010-05-27,0.0,1.28,19.6,24.2,17.4,67.3,0.0,0.0,9.5,39.6,4.78,9.46,1.31,1.31,0.0,0.0,1.28
2010-05-28,0.0,1.28,18.7,21.5,16.0,67.0,0.0,0.0,9.5,39.6,4.06,8.52,1.28,1.31,0.0,0.0,1.28
2010-05-29,0.0,1.28,19.3,23.9,15.0,60.5,0.0,0.0,9.5,39.4,3.45,7.67,1.28,1.28,0.0,0.0,1.28
2010-05-30,0.0,1.28,20.1,25.6,15.3,59.8,0.0,0.0,9.5,36.9,2.93,6.9,1.28,1.28,0.0,0.0,1.25
2010-05-31,0.0,1.25,20.0,24.1,16.2,71.0,0.0,0.0,9.5,30.4,2.49,6.21,1.28,1.28,0.0,0.0,1.25
2010-06-01,0.0,1.25,17.9,23.2,15.6,63.0,0.0,0.0,9.5,30.4,2.12,5.59,1.25,1.28,0.0,0.0,1.38
2010-06-02,0.0,1.38,17.1,20.0,15.2,75.3,0.0,0.0,9.5,30.4,1.8,5.03,1.25,1.25,0.0,0.0,1.44
2010-06-03,0.0,1.44,17.5,20.7,15.1,70.5,0.0,0.0,0.0,30.4,1.53,4.53,1.38,1.25,0.0,0.0,1.31
2010-06-04,0.0,1.31,17.1,21.1,15.0,70.8,0.0,0.0,0.0,30.4,1.3,4.07,1.44,1.38,0.0,0.0,1.28
2010-06-05,0.0,1.28,17.3,20.0,13.5,82.3,0.0,0.0,0.0,30.4,1.11,3.67,1.31,1.44,0.0,0.0,1.25
2010-06-06,0.0,1.25,17.0,22.9,12.6,52.0,0.0,0.0,0.0,30.4,0.94,3.3,1.28,1.31,0.0,0.0,1.25
2010-06-07,0.0,1.25,16.9,23.6,11.5,59.0,0.0,0.0,0.0,30.4,0.8,2.97,1.25,1.28,0.0,0.0,1.25
2010-06-08,0.0,1.25,18.8,25.2,13.6,65.8,0.0,0.0,0.0,30.4,0.68,2.67,1.25,1.25,0.0,0.0,1.22
2010-06-09,0.0,1.22,18.4,23.7,15.3,62.3,0.0,0.0,0.0,29.1,0.58,2.41,1.25,1.25,0.0,0.0,1.22
2010-06-10,0.0,1.22,18.7,24.3,15.1,59.8,0.0,0.0,0.0,12.2,0.49,2.17,1.22,1.25,0.0,0.0,1.22
2010-06-11,0.0,1.22,19.7,25.5,15.0,61.0,0.0,0.0,0.0,10.4,0.42,1.95,1.22,1.22,0.0,0.0,1.22
2010-06-12,0.0,1.22,15.8,21.1,13.0,61.0,0.0,0.0,0.0,9.5,0.35,1.75,1.22,1.22,0.0,0.0,1.19
2010-06-13,0.0,1.19,15.1,21.0,8.8,49.0,0.0,0.0,0.0,9.5,0.3,1.58,1.22,1.22,0.0,0.0,1.19
2010-06-14,0.0,1.19,16.2,21.7,11.1,55.3,0.0,0.0,0.0,9.5,0.26,1.42,1.19,1.22,0.0,0.0,1.19
2010-06-15,0.0,1.19,17.4,24.0,11.9,57.5,0.0,0.0,0.0,9.5,0.22,1.28,1.19,1.19,0.0,0.0,1.19
2010-06-16,0.0,1.19,18.1,25.5,12.1,54.0,0.0,0.0,0.0,9.5,0.19,1.15,1.19,1.19,0.0,0.0,1.17
2010-06-17,0.0,1.17,19.7,28.6,12.4,50.0,0.0,0.0,0.0,9.5,0.16,1.04,1.19,1.19,0.0,0.0,1.16
2010-06-18,0.0,1.16,20.7,26.9,14.3,42.8,0.0,0.0,0.0,9.5,0.13,0.93,1.17,1.19,0.0,0.0,1.16
2010-06-19,0.0,1.16,19.9,27.2,15.2,45.0,0.0,0.0,0.0,0.0,0.11,0.84,1.16,1.17,0.0,0.0,1.16
2010-06-20,0.0,1.16,19.9,27.1,13.8,51.0,0.0,0.0,0.0,0.0,0.1,0.75,1.16,1.16,0.0,0.0,1.14
2010-06-21,0.0,1.14,20.3,28.5,13.9,50.5,0.0,0.0,0.0,0.0,0.08,0.68,1.16,1.16,0.0,0.0,1.14
2010-06-22,0.0,1.14,21.6,29.3,14.4,44.3,0.0,0.0,0.0,0.0,0.07,0.61,1.14,1.16,0.0,0.0,1.12
2010-06-23,0.0,1.12,20.3,24.5,17.1,68.5,0.0,0.0,0.0,0.0,0.06,0.55,1.14,1.14,0.0,0.0,1.12
2010-06-24,0.0,1.12,19.2,22.2,17.2,71.8,0.0,0.0,0.0,0.0,0.05,0.5,1.12,1.14,0.0,0.0,1.12
2010-06-25,0.0,1.12,19.6,25.7,14.8,62.3,0.0,0.0,0.0,0.0,0.04,0.45,1.12,1.12,0.0,0.0,1.11
2010-06-26,0.0,1.11,17.6,23.2,13.3,57.0,0.0,0.0,0.0,0.0,0.04,0.4,1.12,1.12,0.0,0.0,1.11
2010-06-27,0.0,1.11,18.1,22.9,14.9,62.3,0.0,0.0,0.0,0.0,0.03,0.36,1.11,1.12,0.0,0.0,1.11
2010-06-28,0.0,1.11,18.8,25.5,13.3,58.3,0.0,0.0,0.0,0.0,0.03,0.32,1.11,1.11,0.0,0.0,1.09
2010-06-29,0.0,1.09,18.7,25.1,13.3,54.3,0.0,0.0,0.0,0.0,0.02,0.29,1.11,1.11,0.0,0.0,1.09
2010-06-30,0.0,1.09,18.0,23.2,13.9,58.0,0.0,0.0,0.0,0.0,0.02,0.26,1.09,1.11,0.0,0.0,1.08
2010-07-01,0.0,1.08,18.1,24.2,13.7,55.8,0.0,0.0,0.0,0.0,0.02,0.24,1.09,1.09,0.0,0.0,1.08
2010-07-02,0.0,1.08,18.4,24.3,14.1,52.0,0.0,0.0,0.0,0.0,0.01,0.21,1.08,1.09,0.0,0.0,1.08
2010-07-03,0.0,1.08,19.3,24.5,15.7,57.3,0.0,0.0,0.0,0.0,0.01,0.19,1.08,1.08,0.0,0.0,1.06
2010-07-04,0.0,1.06,18.8,23.6,15.3,54.3,0.0,0.0,0.0,0.0,0.01,0.17,1.08,1.08,0.0,0.0,1.06
2010-07-05,0.0,1.06,18.7,22.5,14.6,67.5,0.0,0.0,0.0,0.0,0.01,0.16,1.06,1.08,0.0,0.0,1.06
2010-07-06,0.0,1.06,19.2,24.4,16.4,49.3,0.0,0.0,0.0,0.0,0.01,0.14,1.06,1.06,0.0,0.0,1.05
2010-07-07,0.0,1.05,18.8,25.1,14.7,47.8,0.0,0.0,0.0,0.0,0.01,0.13,1.06,1.06,0.0,0.0,1.05
2010-07-08,0.0,1.05,20.1,26.1,14.0,50.8,0.0,0.0,0.0,0.0,0.01,0.11,1.05,1.06,0.0,0.0,1.03
2010-07-09,0.0,1.03,21.1,25.4,17.5,56.5,0.0,0.0,0.0,0.0,0.0,0.1,1.05,1.05,0.0,0.0,1.03
2010-07-10,0.0,1.03,19.9,24.6,17.2,65.0,0.0,0.0,0.0,0.0,0.0,0.09,1.03,1.05,0.0,0.0,1.08
2010-07-11,0.0,1.08,20.4,24.6,17.1,66.5,0.0,0.0,0.0,0.0,0.0,0.08,1.03,1.03,0.0,0.0,1.06
2010-07-12,0.0,1.06,20.5,25.3,17.1,66.0,0.0,0.0,0.0,0.0,0.0,0.07,1.08,1.03,0.0,0.0,1.05
2010-07-13,0.0,1.05,21.7,28.5,16.0,54.0,0.0,0.0,0.0,0.0,0.0,0.07,1.06,1.08,0.0,0.0,1.03
2010-07-14,0.0,1.03,23.7,29.4,19.0,52.0,0.0,0.0,0.0,0.0,0.0,0.06,1.05,1.06,0.0,0.0,1.03
2010-07-15,0.0,1.03,21.6,25.9,19.0,60.5,0.0,0.0,0.0,0.0,0.0,0.05,1.03,1.05,0.0,0.0,1.01
2010-07-16,0.0,1.01,21.9,23.9,18.2,63.3,0.0,0.0,0.0,0.0,0.0,0.05,1.03,1.03,0.0,0.0,1.01
2010-07-17,0.0,1.01,20.2,25.4,17.4,64.3,0.0,0.0,0.0,0.0,0.0,0.04,1.01,1.03,0.0,0.0,1.0
2010-07-18,0.0,1.0,19.3,23.9,15.6,65.5,0.0,0.0,0.0,0.0,0.0,0.04,1.01,1.01,0.0,0.0,1.0
2010-07-19,0.0,1.0,17.7,20.5,16.4,71.5,0.0,0.0,0.0,0.0,0.0,0.04,1.0,1.01,0.0,0.0,1.0
2010-07-20,0.0,1.0,20.1,26.9,14.5,55.0,0.0,0.0,0.0,0.0,0.0,0.03,1.0,1.0,0.0,0.0,0.99
2010-07-21,0.0,0.99,18.9,23.7,15.6,61.0,0.0,0.0,0.0,0.0,0.0,0.03,1.0,1.0,0.0,0.0,0.99
2010-07-22,0.0,0.99,19.9,27.5,14.5,55.8,0.0,0.0,0.0,0.0,0.0,0.03,0.99,1.0,0.0,0.0,0.97
2010-07-23,0.0,0.97,21.3,28.9,14.9,54.5,0.0,0.0,0.0,0.0,0.0,0.02,0.99,0.99,0.0,0.0,0.97
2010-07-24,0.0,0.97,19.1,23.5,15.6,55.0,0.0,0.0,0.0,0.0,0.0,0.02,0.97,0.99,0.0,0.0,0.97
2010-07-25,0.0,0.97,18.4,22.6,14.3,57.3,0.0,0.0,0.0,0.0,0.0,0.02,0.97,0.97,0.0,0.0,0.95
2010-07-26,0.0,0.95,19.8,25.5,15.5,53.0,0.0,0.0,0.0,0.0,0.0,0.02,0.97,0.97,0.0,0.0,0.95
2010-07-27,0.0,0.95,19.3,23.9,14.3,49.3,0.0,0.0,0.0,0.0,0.0,0.02,0.95,0.97,0.0,0.0,0.95
2010-07-28,0.0,0.95,18.9,23.5,16.1,55.5,0.0,0.0,0.0,0.0,0.0,0.01,0.95,0.95,0.0,0.0,0.94
2010-07-29,0.0,0.94,19.6,24.5,15.2,58.8,0.0,0.0,0.0,0.0,0.0,0.01,0.95,0.95,0.0,0.0,0.94
2010-07-30,0.0,0.94,18.1,22.3,16.1,61.5,0.0,0.0,0.0,0.0,0.0,0.01,0.94,0.95,0.0,0.0,0.94
2010-07-31,0.0,0.94,19.5,26.8,13.4,51.5,0.0,0.0,0.0,0.0,0.0,0.01,0.94,0.94,0.0,0.0,0.92
2010-08-01,0.0,0.92,21.3,28.2,14.2,46.5,0.0,0.0,0.0,0.0,0.0,0.01,0.94,0.94,0.0,0.0,0.92
2010-08-02,0.0,0.92,21.0,26.4,15.9,43.0,0.0,0.0,0.0,0.0,0.0,0.01,0.92,0.94,0.0,0.0,0.91
2010-08-03,0.0,0.91,20.2,26.7,15.2,47.5,0.0,0.0,0.0,0.0,0.0,0.01,0.92,0.92,0.0,0.0,0.91
2010-08-04,0.0,0.91,19.7,24.9,15.3,53.3,0.0,0.0,0.0,0.0,0.0,0.01,0.91,0.92,0.0,0.0,0.91
2010-08-05,0.0,0.91,20.8,27.7,14.4,44.3,0.0,0.0,0.0,0.0,0.0,0.01,0.91,0.91,0.0,0.0,0.89
2010-08-06,0.0,0.89,21.4,27.9,15.6,43.3,0.0,0.0,0.0,0.0,0.0,0.01,0.91,0.91,0.0,0.0,0.89
2010-08-07,0.0,0.89,20.0,26.0,14.9,53.5,0.0,0.0,0.0,0.0,0.0,0.0,0.89,0.91,0.0,0.0,0.89
2010-08-08,0.0,0.89,21.7,29.2,14.9,43.3,0.0,0.0,0.0,0.0,0.0,0.0,0.89,0.89,0.0,0.0,0.87
2010-08-09,0.0,0.87,23.0,30.6,16.3,40.8,0.0,0.0,0.0,0.0,0.0,0.0,0.89,0.89,0.0,0.0,0.87
2010-08-10,0.0,0.87,20.5,27.2,15.9,58.3,0.0,0.0,0.0,0.0,0.0,0.0,0.87,0.89,0.0,0.0,0.87
2010-08-11,0.0,0.87,19.2,23.7,16.1,60.5,0.0,0.0,0.0,0.0,0.0,0.0,0.87,0.87,0.0,0.0,0.86
2010-08-12,0.0,0.86,18.2,23.3,14.8,55.3,0.0,0.0,0.0,0.0,0.0,0.0,0.87,0.87,0.0,0.0,0.86
2010-08-13,0.0,0.86,19.9,27.0,13.0,46.8,0.0,0.0,0.0,0.0,0.0,0.0,0.86,0.87,0.0,0.0,0.86
2010-08-14,0.0,0.86,21.9,28.6,15.2,44.3,0.0,0.0,0.0,0.0,0.0,0.0,0.86,0.86,0.0,0.0,0.86
2010-08-15,0.0,0.86,19.1,25.5,16.6,64.8,0.0,0.0,0.0,0.0,0.0,0.0,0.86,0.86,0.0,0.0,0.86
2010-08-16,0.0,0.86,15.0,22.7,10.4,46.0,0.0,0.0,0.0,0.0,0.0,0.0,0.86,0.86,0.0,0.0,0.85
2010-08-17,0.0,0.85,14.7,21.4,9.7,49.3,0.0,0.0,0.0,0.0,0.0,0.0,0.86,0.86,0.0,0.0,0.85
2010-08-18,0.0,0.85,14.7,20.8,8.5,47.0,0.0,0.0,0.0,0.0,0.0,0.0,0.85,0.86,0.0,0.0,0.83
2010-08-19,0.0,0.83,15.7,22.7,10.1,49.0,0.0,0.0,0.0,0.0,0.0,0.0,0.85,0.85,0.0,0.0,0.83
2010-08-20,0.0,0.83,17.8,25.2,10.5,43.3,0.0,0.0,0.0,0.0,0.0,0.0,0.83,0.85,0.0,0.0,0.83
2010-08-21,0.0,0.83,19.8,26.9,13.6,36.3,0.0,0.0,0.0,0.0,0.0,0.0,0.83,0.83,0.0,0.0,0.81
2010-08-22,0.0,0.81,19.9,26.6,14.8,39.3,0.0,0.0,0.0,0.0,0.0,0.0,0.83,0.83,0.0,0.0,0.81
2010-08-23,0.0,0.81,20.4,27.3,15.5,43.5,0.0,0.0,0.0,0.0,0.0,0.0,0.81,0.83,0.0,0.0,0.8
2010-08-24,0.0,0.8,20.9,28.4,15.0,39.5,0.0,0.0,0.0,0.0,0.0,0.0,0.81,0.81,0.0,0.0,0.8
2010-08-25,0.0,0.8,22.3,30.2,14.8,34.5,0.0,0.0,0.0,0.0,0.0,0.0,0.8,0.81,0.0,0.0,0.8
2010-08-26,0.0,0.8,22.3,29.9,16.1,33.3,0.0,0.0,0.0,0.0,0.0,0.0,0.8,0.8,0.0,0.0,0.79
2010-08-27,0.0,0.79,23.2,30.9,16.0,36.8,0.0,0.0,0.0,0.0,0.0,0.0,0.8,0.8,0.0,0.0,0.79
2010-08-28,0.0,0.79,23.5,30.2,18.6,35.3,0.0,0.0,0.0,0.0,0.0,0.0,0.79,0.8,0.0,0.0,0.78
2010-08-29,0.0,0.78,22.0,29.2,17.5,48.8,0.0,0.0,0.0,0.0,0.0,0.0,0.79,0.79,0.0,0.0,0.77
2010-08-30,0.0,0.77,21.6,27.5,17.8,45.3,0.0,0.0,0.0,0.0,0.0,0.0,0.78,0.79,0.0,0.0,0.77
2010-08-31,0.0,0.77,20.4,25.5,16.1,49.0,0.0,0.0,0.0,0.0,0.0,0.0,0.77,0.78,0.0,0.0,0.77
2010-09-01,0.0,0.77,19.4,24.6,15.3,49.3,0.0,0.0,0.0,0.0,0.0,0.0,0.77,0.77,0.0,0.0,0.76
2010-09-02,0.0,0.76,21.8,28.6,15.7,44.3,0.0,0.0,0.0,0.0,0.0,0.0,0.77,0.77,0.0,0.0,0.76
2010-09-03,0.0,0.76,22.6,30.3,15.8,31.8,0.0,0.0,0.0,0.0,0.0,0.0,0.76,0.77,0.0,0.0,0.75
2010-09-04,0.0,0.75,23.6,30.8,17.6,33.3,0.0,0.0,0.0,0.0,0.0,0.0,0.76,0.76,0.0,0.0,0.74
2010-09-05,0.0,0.74,25.1,32.6,17.5,30.3,0.0,0.0,0.0,0.0,0.0,0.0,0.75,0.76,0.0,0.0,0.74
2010-09-06,0.0,0.74,21.0,26.1,17.2,55.8,0.0,0.0,0.0,0.0,0.0,0.0,0.74,0.75,0.0,0.0,0.73
2010-09-07,0.0,0.73,21.7,28.6,16.8,50.8,0.0,0.0,0.0,0.0,0.0,0.0,0.74,0.74,0.0,0.0,0.76
2010-09-08,2.1,0.76,20.2,26.9,14.7,60.3,2.1,2.1,2.1,2.1,0.0,0.0,0.73,0.74,0.0,0.0,0.75
2010-09-09,0.0,0.75,18.4,23.9,14.9,64.8,2.1,2.1,2.1,2.1,1.79,1.89,0.76,0.73,2.1,0.0,0.74
2010-09-10,0.0,0.74,19.2,25.6,14.1,49.3,2.1,2.1,2.1,2.1,1.52,1.7,0.75,0.76,0.0,2.1,0.73
2010-09-11,0.0,0.73,18.7,25.0,14.6,47.3,0.0,2.1,2.1,2.1,1.29,1.53,0.74,0.75,0.0,0.0,0.72
2010-09-12,0.0,0.72,20.0,26.7,14.0,41.3,0.0,2.1,2.1,2.1,1.1,1.38,0.73,0.74,0.0,0.0,0.72
2010-09-13,0.0,0.72,20.0,27.3,14.7,46.0,0.0,2.1,2.1,2.1,0.93,1.24,0.72,0.73,0.0,0.0,0.71
2010-09-14,0.0,0.71,21.2,28.2,15.6,48.3,0.0,2.1,2.1,2.1,0.79,1.12,0.72,0.72,0.0,0.0,0.7
2010-09-15,0.0,0.7,23.9,32.0,17.0,42.8,0.0,0.0,2.1,2.1,0.67,1.0,0.71,0.72,0.0,0.0,0.69
2010-09-16,0.0,0.69,21.6,27.8,16.3,52.8,0.0,0.0,2.1,2.1,0.57,0.9,0.7,0.71,0.0,0.0,0.69
2010-09-17,0.0,0.69,22.8,29.4,18.3,54.8,0.0,0.0,2.1,2.1,0.49,0.81,0.69,0.7,0.0,0.0,0.69
2010-09-18,0.0,0.69,25.2,32.1,19.4,38.3,0.0,0.0,2.1,2.1,0.41,0.73,0.69,0.69,0.0,0.0,0.68
2010-09-19,0.0,0.68,20.5,25.3,18.5,65.3,0.0,0.0,2.1,2.1,0.35,0.66,0.69,0.69,0.0,0.0,0.68
2010-09-20,0.0,0.68,20.4,26.8,15.2,58.3,0.0,0.0,2.1,2.1,0.3,0.59,0.68,0.69,0.0,0.0,0.67
2010-09-21,0.0,0.67,21.2,26.9,16.3,59.5,0.0,0.0,2.1,2.1,0.25,0.53,0.68,0.68,0.0,0.0,0.66
2010-09-22,0.0,0.66,21.9,27.9,17.0,53.8,0.0,0.0,0.0,2.1,0.22,0.48,0.67,0.68,0.0,0.0,0.66
2010-09-23,0.0,0.66,22.5,27.9,17.8,48.5,0.0,0.0,0.0,2.1,0.18,0.43,0.66,0.67,0.0,0.0,0.66
2010-09-24,0.0,0.66,23.7,30.6,17.8,43.8,0.0,0.0,0.0,2.1,0.16,0.39,0.66,0.66,0.0,0.0,0.65
2010-09-25,0.0,0.65,22.4,28.9,18.6,57.8,0.0,0.0,0.0,2.1,0.13,0.35,0.66,0.66,0.0,0.0,0.65
2010-09-26,0.0,0.65,22.9,29.2,18.9,53.8,0.0,0.0,0.0,2.1,0.11,0.32,0.65,0.66,0.0,0.0,0.65
2010-09-27,0.0,0.65,20.6,25.8,18.7,68.5,0.0,0.0,0.0,2.1,0.1,0.28,0.65,0.65,0.0,0.0,0.88
2010-09-28,0.0,0.88,18.8,20.9,17.6,90.3,0.0,0.0,0.0,2.1,0.08,0.26,0.65,0.65,0.0,0.0,0.8
2010-09-29,23.0,0.8,22.6,28.0,16.5,66.0,23.0,23.0,23.0,25.1,0.07,0.23,0.88,0.65,0.0,0.0,0.76
2010-09-30,18.2,0.76,22.7,28.4,18.1,72.0,41.2,41.2,41.2,43.3,19.61,20.91,0.8,0.88,23.0,0.0,0.89
2010-10-01,0.0,0.89,26.0,31.9,20.2,53.5,41.2,41.2,41.2,43.3,32.14,35.2,0.76,0.8,18.2,23.0,0.81
2010-10-02,8.3,0.81,22.6,26.6,18.1,71.5,26.5,49.5,49.5,51.6,27.32,31.68,0.89,0.76,0.0,18.2,0.77
2010-10-03,0.0,0.77,23.1,30.6,20.1,65.8,8.3,49.5,49.5,51.6,30.27,35.98,0.81,0.89,8.3,0.0,0.72
2010-10-04,0.0,0.72,20.9,26.5,17.5,70.3,8.3,49.5,49.5,51.6,25.73,32.38,0.77,0.81,0.0,8.3,0.69
2010-10-05,28.0,0.69,23.1,30.4,16.6,67.5,28.0,77.5,77.5,79.6,21.87,29.14,0.72,0.77,0.0,0.0,0.7
2010-10-06,0.0,0.7,25.4,33.3,19.0,54.8,28.0,54.5,77.5,79.6,42.39,51.43,0.69,0.72,28.0,0.0,0.69
2010-10-07,2.8,0.69,22.7,25.2,20.6,76.3,30.8,39.1,80.3,82.4,36.03,46.29,0.7,0.69,0.0,28.0,0.69
2010-10-08,25.5,0.69,23.1,30.0,17.7,68.8,28.3,64.6,105.8,105.8,33.01,44.18,0.69,0.7,2.8,0.0,0.66
2010-10-09,0.0,0.66,22.1,30.8,17.0,43.3,28.3,56.3,105.8,105.8,49.73,62.71,0.69,0.69,25.5,2.8,0.65
2010-10-10,0.0,0.65,19.4,26.0,14.1,63.5,25.5,56.3,105.8,105.8,42.27,56.44,0.66,0.69,0.0,25.5,0.65
2010-10-11,0.0,0.65,19.7,23.0,16.6,73.8,0.0,56.3,105.8,105.8,35.93,50.79,0.65,0.66,0.0,0.0,0.69
2010-10-12,0.0,0.69,18.6,23.1,15.8,71.5,0.0,28.3,105.8,105.8,30.54,45.72,0.65,0.65,0.0,0.0,0.67
2010-10-13,0.0,0.67,18.0,22.8,15.6,71.3,0.0,28.3,82.8,105.8,25.96,41.14,0.69,0.65,0.0,0.0,0.64
2010-10-14,0.0,0.64,19.9,26.2,14.6,69.0,0.0,25.5,64.6,105.8,22.07,37.03,0.67,0.69,0.0,0.0,0.63
2010-10-15,0.0,0.63,22.4,28.3,17.2,64.0,0.0,0.0,64.6,105.8,18.76,33.33,0.64,0.67,0.0,0.0,0.62
2010-10-16,0.0,0.62,22.5,29.4,18.8,73.3,0.0,0.0,56.3,105.8,15.94,29.99,0.63,0.64,0.0,0.0,0.73
2010-10-17,4.2,0.73,23.2,28.1,18.8,65.5,4.2,4.2,60.5,110.0,13.55,26.99,0.62,0.63,0.0,0.0,0.93
2010-10-18,19.3,0.93,21.7,27.7,19.0,79.8,23.5,23.5,79.8,129.3,15.09,28.07,0.73,0.62,4.2,0.0,1.34
2010-10-19,19.5,1.34,21.4,27.1,18.0,74.0,43.0,43.0,71.3,148.8,29.23,42.64,0.93,0.73,19.3,4.2,1.12
2010-10-20,9.8,1.12,21.1,27.9,17.0,68.5,48.6,52.8,81.1,158.6,41.42,55.92,1.34,0.93,19.5,19.3,0.84
2010-10-21,0.0,0.84,22.8,29.9,16.1,55.0,29.3,52.8,78.3,158.6,43.54,59.15,1.12,1.34,9.8,19.5,0.72
2010-10-22,0.0,0.72,23.1,29.7,18.2,57.5,9.8,52.8,52.8,158.6,37.01,53.24,0.84,1.12,0.0,9.8,0.65
2010-10-23,0.0,0.65,24.3,30.4,19.0,52.0,0.0,52.8,52.8,158.6,31.46,47.91,0.72,0.84,0.0,0.0,0.63
2010-10-24,0.0,0.63,22.8,27.5,19.2,77.8,0.0,48.6,52.8,158.6,26.74,43.12,0.65,0.72,0.0,0.0,0.71
2010-10-25,17.8,0.71,23.0,28.5,18.4,61.3,17.8,47.1,70.6,176.4,22.73,38.81,0.63,0.65,0.0,0.0,1.0
2010-10-26,0.1,1.0,21.6,27.6,17.5,71.5,17.9,27.7,70.7,176.5,34.45,50.95,0.71,0.63,17.8,0.0,2.03
2010-10-27,42.8,2.03,22.6,28.9,17.4,53.3,60.7,60.7,113.5,219.3,29.37,45.94,1.0,0.71,0.1,17.8,2.12
2010-10-28,0.2,2.12,24.4,31.7,19.0,53.8,43.1,60.9,113.7,219.5,61.34,79.87,2.03,1.0,42.8,0.1,1.28
2010-10-29,0.0,1.28,24.5,31.8,18.6,57.3,43.0,60.9,113.7,196.5,52.31,72.06,2.12,2.03,0.2,42.8,0.91
2010-10-30,0.0,0.91,26.2,31.8,20.2,54.5,0.2,60.9,113.7,178.3,44.46,64.86,1.28,2.12,0.0,0.2,0.95
2010-10-31,29.8,0.95,23.6,29.2,18.1,66.5,29.8,90.7,139.3,208.1,37.79,58.37,0.91,1.28,0.0,0.0,0.98
2010-11-01,18.1,0.98,22.6,26.5,19.4,75.3,47.9,91.0,138.1,217.9,57.45,79.35,0.95,0.91,29.8,0.0,1.69
2010-11-02,32.8,1.69,20.4,23.0,18.6,78.5,80.7,123.7,151.4,250.7,64.22,87.71,0.98,0.95,18.1,29.8,2.01
2010-11-03,0.5,2.01,20.7,25.0,17.4,69.8,51.4,81.4,142.1,251.2,82.47,108.46,1.69,0.98,32.8,18.1,1.32
2010-11-04,0.0,1.32,22.9,28.5,17.3,58.0,33.3,81.2,142.1,223.2,70.52,98.06,2.01,1.69,0.5,32.8,0.99
2010-11-05,0.0,0.99,21.8,25.7,18.2,77.5,0.5,81.2,142.1,223.2,59.94,88.26,1.32,2.01,0.0,0.5,0.98
2010-11-06,54.9,0.98,20.0,21.9,18.3,92.8,54.9,136.1,197.0,275.3,50.95,79.43,0.99,1.32,0.0,0.0,1.93
2010-11-07,35.8,1.93,21.3,25.4,18.1,84.5,90.7,142.1,232.8,285.6,89.97,120.9,0.98,0.99,54.9,0.0,3.26
2010-11-08,0.2,3.26,23.1,27.5,19.0,68.3,90.9,124.2,215.2,285.8,106.91,141.03,1.93,0.98,35.8,54.9,3.57
2010-11-09,0.0,3.57,23.0,26.4,19.7,72.0,36.0,91.4,215.1,285.8,91.04,127.1,3.26,1.93,0.2,35.8,3.53
2010-11-10,10.9,3.53,21.5,26.7,18.2,80.8,11.1,101.8,183.2,296.7,77.39,114.39,3.57,3.26,0.0,0.2,3.27
2010-11-11,27.8,3.27,20.5,24.7,18.1,81.5,38.7,129.6,210.8,324.5,75.04,112.76,3.53,3.57,10.9,0.0,2.66
2010-11-12,17.5,2.66,20.7,25.2,17.5,69.8,56.2,147.1,228.3,342.0,87.42,126.51,3.27,3.53,27.8,10.9,1.94
2010-11-13,0.0,1.94,20.1,24.1,17.4,76.8,45.3,92.2,228.3,342.0,89.18,129.61,2.66,3.27,17.5,27.8,1.54
2010-11-14,5.2,1.54,18.5,21.5,16.1,77.8,22.7,61.6,203.7,347.2,75.8,116.65,1.94,2.66,0.0,17.5,1.33
2010-11-15,3.8,1.33,19.8,24.3,16.2,77.0,9.0,65.2,189.4,351.0,68.85,109.66,1.54,1.94,5.2,0.0,1.24
2010-11-16,2.3,1.24,19.9,24.6,16.7,83.5,11.3,67.5,158.9,349.1,61.75,102.12,1.33,1.54,3.8,5.2,1.21
2010-11-17,22.8,1.21,20.8,24.9,17.8,74.8,28.9,79.4,181.2,352.6,54.45,93.97,1.24,1.33,2.3,3.8,1.11
2010-11-18,3.7,1.11,21.9,28.3,16.1,61.0,28.8,55.3,184.9,336.8,65.66,105.1,1.21,1.24,22.8,2.3,0.92
2010-11-19,0.0,0.92,24.9,31.4,17.0,43.8,26.5,37.8,184.9,327.0,58.96,97.92,1.11,1.21,3.7,22.8,0.81
2010-11-20,0.0,0.81,25.6,32.9,19.9,49.5,3.7,37.8,130.0,327.0,50.11,88.13,0.92,1.11,0.0,3.7,0.93
2010-11-21,0.0,0.93,23.8,26.8,21.7,73.5,0.0,32.6,94.2,327.0,42.6,79.31,0.81,0.92,0.0,0.0,1.25
2010-11-22,6.8,1.25,20.8,24.3,18.1,85.0,6.8,35.6,100.8,333.8,36.21,71.38,0.93,0.81,0.0,0.0,2.23
2010-11-23,128.5,2.23,21.8,27.5,17.5,81.8,135.3,161.8,229.3,462.3,36.56,70.36,1.25,0.93,6.8,0.0,4.13
2010-11-24,7.3,4.13,23.7,28.8,19.6,72.3,142.6,146.3,225.7,451.8,140.3,178.98,2.23,1.25,128.5,6.8,5.08
2010-11-25,1.3,5.08,22.1,26.3,20.1,84.5,137.1,143.9,199.2,453.0,125.46,167.65,4.13,2.23,7.3,128.5,4.68
2010-11-26,8.1,4.68,20.3,26.3,17.7,85.0,16.7,152.0,189.8,418.3,107.74,152.05,5.08,4.13,1.3,7.3,4.07
2010-11-27,59.8,4.07,23.5,30.4,17.7,69.8,69.2,211.8,249.6,477.9,98.47,144.14,4.68,5.08,8.1,1.3,3.21
2010-11-28,0.1,3.21,24.8,30.6,19.4,57.5,68.0,211.9,244.5,478.0,134.53,183.55,4.07,4.68,59.8,8.1,2.48
2010-11-29,0.0,2.48,24.4,29.8,20.1,57.8,59.9,205.1,240.7,478.0,114.43,165.28,3.21,4.07,0.1,59.8,1.92
2010-11-30,0.0,1.92,25.2,29.7,20.0,58.5,0.1,76.6,238.4,448.2,97.27,148.75,2.48,3.21,0.0,0.1,2.14
2010-12-01,0.0,2.14,23.5,27.6,20.6,75.5,0.0,69.3,215.6,430.1,82.68,133.88,1.92,2.48,0.0,0.0,3.67
2010-12-02,1.3,3.67,22.9,26.5,20.1,77.5,1.3,69.3,213.2,398.6,70.28,120.49,2.14,1.92,0.0,0.0,4.16
2010-12-03,10.0,4.16,26.3,31.9,20.0,56.3,11.3,71.2,223.2,408.1,60.84,109.61,3.67,2.14,1.3,0.0,4.32
2010-12-04,12.3,4.32,25.7,31.3,21.1,69.8,23.6,23.7,235.5,420.4,60.21,107.65,4.16,3.67,10.0,1.3,5.58
2010-12-05,0.1,5.58,25.5,32.8,20.3,63.8,22.4,23.7,235.6,420.5,61.64,107.95,4.32,4.16,12.3,10.0,4.69
2010-12-06,41.8,4.69,23.3,29.2,19.2,77.3,54.2,65.5,270.6,407.4,52.48,97.25,5.58,4.32,0.1,12.3,4.97
2010-12-07,13.8,4.97,23.3,26.9,20.6,82.0,55.7,79.3,155.9,385.4,80.13,125.14,4.69,5.58,41.8,0.1,6.08
2010-12-08,6.5,6.08,24.0,31.1,19.4,72.5,62.1,85.8,155.1,391.7,79.84,125.05,4.97,4.69,13.8,41.8,6.11
2010-12-09,3.8,6.11,24.9,30.9,19.8,71.3,24.1,88.3,157.6,395.5,73.39,118.39,6.08,4.97,6.5,13.8,5.56
2010-12-10,0.0,5.56,24.7,30.2,20.8,66.3,10.3,78.3,149.5,384.6,65.61,109.98,6.11,6.08,3.8,6.5,4.3
2010-12-11,0.0,4.3,25.4,31.2,20.0,57.3,3.8,66.0,89.7,356.8,55.77,98.98,5.56,6.11,0.0,3.8,3.17
2010-12-12,0.0,3.17,25.7,31.6,20.3,62.5,0.0,65.9,89.6,339.3,47.41,89.08,4.3,5.56,0.0,0.0,2.3
2010-12-13,0.0,2.3,25.7,31.8,19.9,60.0,0.0,24.1,89.6,339.3,40.3,80.17,3.17,4.3,0.0,0.0,1.75
2010-12-14,3.8,1.75,25.2,29.5,22.4,73.5,3.8,14.1,93.4,337.9,34.25,72.15,2.3,3.17,0.0,0.0,2.25
2010-12-15,23.1,2.25,23.2,27.8,19.7,85.3,26.9,30.7,116.5,357.2,32.34,68.36,1.75,2.3,3.8,0.0,4.14
2010-12-16,9.5,4.14,24.0,30.3,18.7,62.8,36.4,36.4,124.7,364.4,47.13,82.31,2.25,1.75,23.1,3.8,4.35
2010-12-17,0.1,4.35,24.7,29.8,20.4,54.3,32.7,36.5,114.8,341.7,48.13,82.63,4.14,2.25,9.5,23.1,3.22
2010-12-18,0.0,3.22,24.4,30.0,19.6,58.3,9.6,36.5,102.5,338.0,41.0,74.46,4.35,4.14,0.1,9.5,2.31
2010-12-19,0.0,2.31,24.8,30.2,19.6,52.8,0.1,36.5,102.4,338.0,34.85,67.01,3.22,4.35,0.0,0.1,1.55
2010-12-20,0.0,1.55,25.4,31.2,20.4,49.5,0.0,36.5,60.6,338.0,29.62,60.31,2.31,3.22,0.0,0.0,1.16
2010-12-21,0.0,1.16,26.5,32.5,20.6,47.3,0.0,32.7,46.8,338.0,25.18,54.28,1.55,2.31,0.0,0.0,0.99
2010-12-22,0.0,0.99,27.8,32.8,22.9,48.3,0.0,9.6,40.3,331.2,21.4,48.85,1.16,1.55,0.0,0.0,1.11
2010-12-23,0.0,1.11,26.0,32.7,22.6,55.3,0.0,0.1,36.5,202.7,18.19,43.97,0.99,1.16,0.0,0.0,1.81
2010-12-24,5.3,1.81,22.3,25.7,18.4,81.5,5.3,5.3,41.8,200.7,15.46,39.57,1.11,0.99,0.0,0.0,3.61
2010-12-25,22.5,3.61,22.6,27.5,18.4,85.0,27.8,27.8,64.3,221.9,17.65,40.38,1.81,1.11,5.3,0.0,5.35
2010-12-26,12.3,5.35,22.4,27.1,19.9,89.8,40.1,40.1,76.6,226.1,34.13,56.6,3.61,1.81,22.5,5.3,6.62
2010-12-27,38.9,6.62,21.4,26.2,19.2,87.0,73.7,79.0,115.5,205.2,39.46,62.01,5.35,3.61,12.3,22.5,8.16
2010-12-28,33.8,8.16,21.3,24.1,19.2,90.5,85.0,112.8,145.5,238.9,66.61,90.82,6.62,5.35,38.9,12.3,11.25
2010-12-29,40.5,11.25,21.7,24.9,18.9,84.8,113.2,153.3,162.9,279.4,85.35,112.15,8.16,6.62,33.8,38.9,15.48
2010-12-30,2.3,15.48,21.8,25.1,19.2,80.5,76.6,155.6,155.7,281.7,106.97,137.39,11.25,8.16,40.5,33.8,21.39
2010-12-31,13.5,21.39,20.8,25.1,18.6,91.8,56.3,163.8,169.1,295.2,92.88,125.72,15.48,11.25,2.3,40.5,25.73
2011-01-01,51.3,25.73,19.3,20.9,17.4,90.5,67.1,192.6,220.4,345.2,90.42,125.3,21.39,15.48,13.5,2.3,23.32
2011-01-02,23.9,23.32,20.5,24.0,17.5,90.8,88.7,204.2,244.3,359.1,120.46,158.94,25.73,21.39,51.3,13.5,21.13
2011-01-03,14.8,21.13,20.4,24.3,17.9,91.8,90.0,180.1,259.1,361.6,122.71,164.55,23.32,25.73,23.9,51.3,18.91
2011-01-04,29.3,18.91,21.7,27.3,19.0,82.5,68.0,175.6,288.4,390.8,116.88,161.42,21.13,23.32,14.8,23.9,17.84
2011-01-05,9.9,17.84,20.9,23.9,18.9,88.8,54.0,145.0,298.3,358.9,124.26,171.65,18.91,21.13,29.3,14.8,17.71
2011-01-06,3.9,17.71,22.4,26.5,19.0,69.0,43.1,146.6,302.2,349.0,114.03,163.39,17.84,18.91,9.9,29.3,14.89
2011-01-07,0.0,14.89,22.7,27.2,19.2,65.8,13.8,133.1,296.9,342.5,100.24,150.56,17.71,17.84,3.9,9.9,12.27
2011-01-08,0.0,12.27,23.4,28.6,18.8,51.5,3.9,81.8,274.4,338.7,85.21,135.51,14.89,17.71,0.0,3.9,10.07
2011-01-09,0.0,10.07,24.2,30.0,19.2,54.5,0.0,57.9,262.1,338.7,72.43,121.96,12.27,14.89,0.0,0.0,8.29
2011-01-10,0.0,8.29,25.4,31.0,18.9,51.5,0.0,43.1,223.2,338.7,61.56,109.76,10.07,12.27,0.0,0.0,6.94
2011-01-11,0.0,6.94,23.1,27.3,21.2,77.5,0.0,13.8,189.4,338.7,52.33,98.78,8.29,10.07,0.0,0.0,6.98
2011-01-12,0.0,6.98,23.0,28.2,19.7,75.3,0.0,3.9,148.9,338.7,44.48,88.91,6.94,8.29,0.0,0.0,7.11
2011-01-13,11.3,7.11,21.8,24.8,19.2,88.8,11.3,11.3,157.9,346.2,37.81,80.02,6.98,6.94,0.0,0.0,9.35
2011-01-14,52.8,9.35,21.9,25.3,19.4,89.3,64.1,64.1,197.2,375.9,41.74,82.18,7.11,6.98,11.3,0.0,11.91
2011-01-15,15.6,11.91,21.8,26.9,19.5,94.0,79.7,79.7,161.5,382.0,80.36,121.49,9.35,7.11,52.8,11.3,13.35
2011-01-16,16.3,13.35,22.2,27.3,19.0,81.5,84.7,96.0,153.9,398.2,81.57,123.38,11.91,9.35,15.6,52.8,12.61
2011-01-17,43.7,12.61,25.6,31.4,19.7,62.8,75.6,139.7,182.8,441.9,83.19,125.71,13.35,11.91,16.3,15.6,10.4
2011-01-18,0.0,10.4,24.2,30.3,19.8,69.3,60.0,139.7,153.5,441.9,107.85,152.47,12.61,13.35,43.7,16.3,8.89
2011-01-19,0.0,8.89,24.6,30.5,19.5,58.0,43.7,139.7,143.6,441.9,91.67,137.22,10.4,12.61,0.0,43.7,7.18
2011-01-20,0.0,7.18,24.9,32.4,19.2,60.3,0.0,128.4,139.7,441.9,77.92,123.5,8.89,10.4,0.0,0.0,5.7
2011-01-21,0.0,5.7,25.3,30.3,21.0,54.3,0.0,75.6,139.7,441.9,66.24,111.15,7.18,8.89,0.0,0.0,4.46
2011-01-22,0.0,4.46,25.0,30.3,21.0,57.3,0.0,60.0,139.7,441.9,56.3,100.03,5.7,7.18,0.0,0.0,3.47
2011-01-23,0.0,3.47,24.6,29.3,20.1,60.5,0.0,43.7,139.7,436.6,47.85,90.03,4.46,5.7,0.0,0.0,2.56
2011-01-24,0.0,2.56,23.8,28.1,19.7,56.5,0.0,0.0,139.7,414.1,40.68,81.03,3.47,4.46,0.0,0.0,1.84
2011-01-25,0.0,1.84,24.2,29.5,19.2,53.8,0.0,0.0,139.7,401.8,34.58,72.93,2.56,3.47,0.0,0.0,1.42
2011-01-26,0.0,1.42,24.7,30.2,19.4,54.3,0.0,0.0,139.7,362.9,29.39,65.63,1.84,2.56,0.0,0.0,1.22
2011-01-27,0.0,1.22,25.2,31.0,20.3,56.5,0.0,0.0,128.4,329.1,24.98,59.07,1.42,1.84,0.0,0.0,1.17
2011-01-28,0.0,1.17,25.4,30.8,20.2,55.5,0.0,0.0,75.6,288.6,21.23,53.16,1.22,1.42,0.0,0.0,1.16
2011-01-29,0.0,1.16,26.0,30.8,21.1,53.8,0.0,0.0,60.0,286.3,18.05,47.85,1.17,1.22,0.0,0.0,1.16
2011-01-30,0.0,1.16,27.1,32.5,21.5,50.5,0.0,0.0,43.7,272.8,15.34,43.06,1.16,1.17,0.0,0.0,1.14
2011-01-31,0.0,1.14,27.1,32.7,22.2,49.8,0.0,0.0,0.0,221.5,13.04,38.76,1.16,1.16,0.0,0.0,1.14
2011-02-01,0.0,1.14,25.9,31.3,22.3,56.3,0.0,0.0,0.0,197.6,11.08,34.88,1.14,1.16,0.0,0.0,1.12
2011-02-02,0.0,1.12,25.3,30.2,21.1,52.3,0.0,0.0,0.0,182.8,9.42,31.39,1.14,1.14,0.0,0.0,1.12
2011-02-03,0.0,1.12,24.9,30.3,21.1,51.3,0.0,0.0,0.0,153.5,8.01,28.25,1.12,1.14,0.0,0.0,1.11
2011-02-04,0.0,1.11,24.1,29.5,20.2,51.0,0.0,0.0,0.0,143.6,6.81,25.43,1.12,1.12,0.0,0.0,1.09
2011-02-05,0.0,1.09,24.9,30.4,20.3,52.3,0.0,0.0,0.0,139.7,5.79,22.88,1.11,1.12,0.0,0.0,1.09
2011-02-06,0.0,1.09,24.9,30.4,20.4,53.5,0.0,0.0,0.0,139.7,4.92,20.6,1.09,1.11,0.0,0.0,1.09
2011-02-07,0.0,1.09,25.3,31.1,21.2,51.8,0.0,0.0,0.0,139.7,4.18,18.54,1.09,1.09,0.0,0.0,1.09
2011-02-08,0.0,1.09,24.5,30.0,20.0,49.0,0.0,0.0,0.0,139.7,3.55,16.68,1.09,1.09,0.0,0.0,1.09
2011-02-09,0.0,1.09,25.1,30.8,19.7,52.0,0.0,0.0,0.0,139.7,3.02,15.01,1.09,1.09,0.0,0.0,1.09
2011-02-10,0.0,1.09,26.5,32.2,21.4,50.8,0.0,0.0,0.0,139.7,2.57,13.51,1.09,1.09,0.0,0.0,1.12
2011-02-11,0.0,1.12,26.1,31.6,20.1,56.3,0.0,0.0,0.0,139.7,2.18,12.16,1.09,1.09,0.0,0.0,1.16
2011-02-12,11.8,1.16,25.5,31.2,21.7,54.8,11.8,11.8,11.8,140.2,1.85,10.95,1.12,1.09,0.0,0.0,1.09
2011-02-13,0.0,1.09,24.3,29.7,21.1,57.8,11.8,11.8,11.8,87.4,11.61,20.47,1.16,1.12,11.8,0.0,1.09
2011-02-14,0.0,1.09,25.4,30.4,20.3,49.5,11.8,11.8,11.8,71.8,9.87,18.42,1.09,1.16,0.0,11.8,1.09
2011-02-15,0.0,1.09,25.8,30.2,21.7,51.8,0.0,11.8,11.8,55.5,8.39,16.58,1.09,1.09,0.0,0.0,1.06
2011-02-16,0.0,1.06,25.1,30.2,20.7,51.8,0.0,11.8,11.8,11.8,7.13,14.92,1.09,1.09,0.0,0.0,1.06
2011-02-17,0.0,1.06,23.8,28.1,20.4,59.3,0.0,11.8,11.8,11.8,6.06,13.43,1.06,1.09,0.0,0.0,1.06
2011-02-18,0.0,1.06,24.8,30.2,20.0,49.0,0.0,11.8,11.8,11.8,5.15,12.09,1.06,1.06,0.0,0.0,1.06
2011-02-19,0.0,1.06,25.2,30.6,19.4,47.0,0.0,0.0,11.8,11.8,4.38,10.88,1.06,1.06,0.0,0.0,1.03
2011-02-20,0.0,1.03,25.9,32.4,20.8,52.5,0.0,0.0,11.8,11.8,3.72,9.79,1.06,1.06,0.0,0.0,1.03
2011-02-21,0.0,1.03,25.7,31.5,20.5,50.0,0.0,0.0,11.8,11.8,3.16,8.81,1.03,1.06,0.0,0.0,1.03
2011-02-22,0.0,1.03,26.2,32.8,21.2,51.5,0.0,0.0,11.8,11.8,2.69,7.93,1.03,1.03,0.0,0.0,1.22
2011-02-23,0.8,1.22,26.4,32.4,21.4,56.3,0.8,0.8,12.6,12.6,2.29,7.14,1.03,1.03,0.0,0.0,2.13
2011-02-24,5.6,2.13,24.4,30.0,19.7,73.8,6.4,6.4,18.2,18.2,2.62,7.14,1.22,1.03,0.8,0.0,3.66
2011-02-25,9.8,3.66,25.0,30.3,20.9,65.3,16.2,16.2,28.0,28.0,6.99,11.47,2.13,1.22,5.6,0.8,4.09
2011-02-26,29.3,4.09,24.2,29.8,19.1,66.3,44.7,45.5,45.5,57.3,14.27,19.14,3.66,2.13,9.8,5.6,4.22
2011-02-27,0.0,4.22,23.8,31.6,20.1,71.5,39.1,45.5,45.5,57.3,37.04,43.6,4.09,3.66,29.3,9.8,4.04
2011-02-28,26.8,4.04,22.2,29.3,17.7,77.3,56.1,72.3,72.3,84.1,31.48,39.24,4.22,4.09,0.0,29.3,4.87
2011-03-01,28.8,4.87,22.5,27.5,17.6,72.8,55.6,101.1,101.1,112.9,49.54,59.43,4.04,4.22,26.8,0.0,6.43
2011-03-02,0.5,6.43,21.7,25.5,17.8,79.3,56.1,100.8,101.6,113.4,66.59,79.41,4.87,4.04,28.8,26.8,6.91
2011-03-03,8.6,6.91,21.3,25.3,17.8,79.0,37.9,103.8,110.2,122.0,57.02,71.92,6.43,4.87,0.5,28.8,6.85
2011-03-04,9.7,6.85,20.4,24.4,18.7,81.3,18.8,103.7,119.9,131.7,55.78,72.47,6.91,6.43,8.6,0.5,7.49
2011-03-05,13.8,7.49,20.3,24.3,18.1,80.3,32.1,88.2,133.7,145.5,55.66,73.95,6.85,6.91,9.7,8.6,9.69
2011-03-06,42.6,9.69,20.8,23.7,17.9,87.8,66.1,130.8,176.3,188.1,59.04,78.98,7.49,6.85,13.8,9.7,11.39
2011-03-07,29.3,11.39,21.6,26.5,18.2,84.8,85.7,133.3,205.6,217.4,86.39,109.42,9.69,7.49,42.6,13.8,12.34
2011-03-08,26.9,12.34,21.7,25.6,18.6,86.0,98.8,131.4,232.5,244.3,98.34,124.85,11.39,9.69,29.3,42.6,12.65
2011-03-09,13.7,12.65,22.0,27.0,18.9,82.0,69.9,144.6,245.4,258.0,106.45,136.57,12.34,11.39,26.9,29.3,13.06
2011-03-10,14.1,13.06,23.2,28.2,18.3,73.5,54.7,150.1,253.9,272.1,102.13,135.24,12.65,12.34,13.7,26.9,11.68
2011-03-11,3.8,11.68,24.1,29.2,19.2,68.3,31.6,144.2,247.9,275.9,98.8,134.41,13.06,12.65,14.1,13.7,10.32
2011-03-12,2.7,10.32,24.1,28.2,20.1,72.8,20.6,133.1,221.3,278.6,87.21,124.39,11.68,13.06,3.8,14.1,9.69
2011-03-13,21.2,9.69,22.2,26.0,19.1,82.5,27.7,111.7,242.5,299.8,76.42,114.38,10.32,11.68,2.7,3.8,10.32
2011-03-14,23.3,10.32,22.5,26.3,19.7,85.5,47.2,105.7,239.0,311.3,82.98,122.02,9.69,10.32,21.2,2.7,9.84
2011-03-15,2.5,9.84,22.2,25.5,20.0,84.0,47.0,81.3,212.7,313.8,90.34,130.79,10.32,9.69,23.3,21.2,9.72
2011-03-16,0.8,9.72,23.4,28.7,20.3,83.3,26.6,68.4,213.0,314.6,78.91,119.96,9.84,10.32,2.5,23.3,11.65
2011-03-17,4.5,11.65,23.3,27.5,19.3,70.5,7.8,58.8,208.9,319.1,67.75,108.68,9.72,9.84,0.8,2.5,10.38
2011-03-18,0.0,10.38,23.1,26.2,21.8,76.3,5.3,55.0,199.2,319.1,61.42,101.87,11.65,9.72,4.5,0.8,9.4
2011-03-19,9.8,9.4,23.7,28.4,20.4,59.8,14.3,62.1,195.2,328.9,52.2,91.68,10.38,11.65,0.0,4.5,7.69
2011-03-20,0.0,7.69,22.6,27.1,19.8,59.3,9.8,40.9,152.6,328.9,52.7,91.33,9.4,10.38,9.8,0.0,6.19
2011-03-21,0.0,6.19,22.1,27.1,19.3,64.8,9.8,17.6,123.3,328.9,44.8,82.2,7.69,9.4,0.0,9.8,4.94
2011-03-22,0.0,4.94,22.3,25.8,19.5,61.5,0.0,15.1,96.4,328.9,38.08,73.98,6.19,7.69,0.0,0.0,4.19
2011-03-23,0.0,4.19,22.4,27.2,19.1,63.5,0.0,14.3,82.7,328.9,32.37,66.58,4.94,6.19,0.0,0.0,3.44
2011-03-24,0.0,3.44,23.2,27.4,20.3,64.5,0.0,9.8,68.6,328.9,27.51,59.92,4.19,4.94,0.0,0.0,2.6
2011-03-25,0.0,2.6,24.2,28.8,20.7,59.5,0.0,9.8,64.8,328.1,23.38,53.93,3.44,4.19,0.0,0.0,1.97
2011-03-26,0.0,1.97,24.9,30.4,20.4,63.3,0.0,0.0,62.1,322.5,19.88,48.54,2.6,3.44,0.0,0.0,1.56
2011-03-27,0.0,1.56,26.0,30.8,20.1,50.8,0.0,0.0,40.9,312.7,16.9,43.68,1.97,2.6,0.0,0.0,1.34
2011-03-28,0.0,1.34,25.8,31.6,20.3,52.8,0.0,0.0,17.6,283.4,14.36,39.32,1.56,1.97,0.0,0.0,1.25
2011-03-29,0.0,1.25,25.6,30.6,20.3,56.0,0.0,0.0,15.1,283.4,12.21,35.38,1.34,1.56,0.0,0.0,1.22
2011-03-30,2.8,1.22,24.5,31.0,21.9,68.8,2.8,2.8,17.1,259.4,10.38,31.85,1.25,1.34,0.0,0.0,1.65
2011-03-31,28.9,1.65,23.4,30.4,20.3,72.3,31.7,31.7,41.5,259.5,11.2,31.18,1.22,1.25,2.8,0.0,3.72
2011-04-01,28.7,3.72,24.3,30.2,20.5,66.0,60.4,60.4,70.2,287.7,34.08,54.07,1.65,1.22,28.9,2.8,4.09
2011-04-02,2.3,4.09,22.6,30.5,19.1,73.3,59.9,62.7,62.7,281.4,53.37,74.5,3.72,1.65,28.7,28.9,3.62
2011-04-03,24.9,3.62,22.9,30.0,19.4,75.3,55.9,87.6,87.6,296.6,47.32,69.12,4.09,3.72,2.3,28.7,3.97
2011-04-04,16.3,3.97,22.6,25.5,20.7,79.8,43.5,103.9,103.9,299.1,61.38,84.61,3.62,4.09,24.9,2.3,4.6
2011-04-05,20.9,4.6,22.1,27.4,18.7,74.0,62.1,124.8,124.8,277.4,66.03,90.82,3.97,3.62,16.3,24.9,6.06
2011-04-06,0.3,6.06,22.8,27.3,18.8,75.5,37.5,122.3,125.1,248.4,73.89,100.55,4.6,3.97,20.9,16.3,5.41
2011-04-07,6.2,5.41,22.5,27.4,19.0,65.5,27.4,99.6,131.3,227.7,63.06,90.77,6.06,4.6,0.3,20.9,4.35
2011-04-08,0.0,4.35,21.9,26.1,18.9,65.0,6.5,70.9,131.3,214.0,58.87,87.27,5.41,6.06,6.2,0.3,3.5
2011-04-10,0.0,3.29,21.7,25.4,19.2,71.8,0.0,43.7,131.3,196.1,42.54,70.69,3.5,4.35,0.0,0.0,4.13
2011-04-11,0.0,4.13,23.0,27.5,19.3,63.3,0.0,27.4,131.3,193.4,36.16,63.62,3.29,3.5,0.0,0.0,3.41
2011-04-12,0.0,3.41,23.0,27.8,19.9,61.8,0.0,6.5,131.3,172.2,30.73,57.26,4.13,3.29,0.0,0.0,2.53
2011-04-13,0.0,2.53,23.5,28.2,19.6,67.3,0.0,6.2,128.5,148.9,26.12,51.53,3.41,4.13,0.0,0.0,2.0
2011-04-14,0.0,2.0,23.2,27.8,20.1,61.8,0.0,0.0,99.6,146.4,22.2,46.38,2.53,3.41,0.0,0.0,1.59
2011-04-15,0.0,1.59,23.7,28.4,20.0,57.3,0.0,0.0,70.9,145.6,18.87,41.74,2.0,2.53,0.0,0.0,1.38
2011-04-16,0.0,1.38,23.1,27.4,19.7,57.3,0.0,0.0,68.6,141.1,16.04,37.57,1.59,2.0,0.0,0.0,1.31
2011-04-17,0.0,1.31,22.9,27.6,19.5,62.8,0.0,0.0,43.7,141.1,13.64,33.81,1.38,1.59,0.0,0.0,1.31
2011-04-18,0.0,1.31,22.5,27.3,18.0,61.0,0.0,0.0,27.4,131.3,11.59,30.43,1.31,1.38,0.0,0.0,1.31
2011-04-19,0.0,1.31,22.8,28.0,19.2,62.5,0.0,0.0,6.5,131.3,9.85,27.39,1.31,1.31,0.0,0.0,1.28
2011-04-20,0.0,1.28,22.6,27.1,20.1,57.0,0.0,0.0,6.2,131.3,8.37,24.65,1.31,1.31,0.0,0.0,1.31
2011-04-21,0.0,1.31,22.8,27.6,19.1,62.8,0.0,0.0,0.0,131.3,7.12,22.18,1.28,1.31,0.0,0.0,1.31
2011-04-22,0.0,1.31,22.7,27.8,18.7,63.8,0.0,0.0,0.0,131.3,6.05,19.96,1.31,1.28,0.0,0.0,1.28
2011-04-23,0.0,1.28,22.9,28.8,18.1,59.0,0.0,0.0,0.0,131.3,5.14,17.97,1.31,1.31,0.0,0.0,1.28
2011-04-24,0.0,1.28,23.3,29.2,18.1,56.8,0.0,0.0,0.0,131.3,4.37,16.17,1.28,1.31,0.0,0.0,1.28
2011-04-25,0.0,1.28,22.6,27.6,17.9,64.5,0.0,0.0,0.0,131.3,3.72,14.55,1.28,1.28,0.0,0.0,1.28
2011-04-26,0.0,1.28,21.3,25.9,19.7,68.3,0.0,0.0,0.0,131.3,3.16,13.1,1.28,1.28,0.0,0.0,1.28
2011-04-27,2.1,1.28,19.7,23.4,18.1,71.8,2.1,2.1,2.1,133.4,2.68,11.79,1.28,1.28,0.0,0.0,1.28
2011-04-28,0.0,1.28,20.3,25.3,16.0,62.8,2.1,2.1,2.1,133.4,4.07,12.5,1.28,1.28,2.1,0.0,1.28
2011-04-29,0.0,1.28,22.4,28.6,18.3,65.8,2.1,2.1,2.1,130.6,3.46,11.25,1.28,1.28,0.0,2.1,1.28
2011-04-30,0.0,1.28,22.4,26.9,18.1,62.5,0.0,2.1,2.1,101.7,2.94,10.12,1.28,1.28,0.0,0.0,1.25
2011-05-01,0.0,1.25,23.2,29.5,18.4,59.8,0.0,2.1,2.1,73.0,2.5,9.11,1.28,1.28,0.0,0.0,1.25
2011-05-02,0.0,1.25,23.6,30.0,19.3,56.8,0.0,2.1,2.1,70.7,2.12,8.2,1.25,1.28,0.0,0.0,1.25
2011-05-03,0.0,1.25,22.9,28.0,19.7,74.0,0.0,2.1,2.1,45.8,1.8,7.38,1.25,1.25,0.0,0.0,1.25
2011-05-04,0.0,1.25,22.3,27.1,18.8,69.3,0.0,0.0,2.1,29.5,1.53,6.64,1.25,1.25,0.0,0.0,1.25
2011-05-05,0.0,1.25,22.9,28.8,19.1,61.0,0.0,0.0,2.1,8.6,1.3,5.98,1.25,1.25,0.0,0.0,1.22
2011-05-06,0.0,1.22,23.5,28.2,19.9,56.0,0.0,0.0,2.1,8.3,1.11,5.38,1.25,1.25,0.0,0.0,1.22
2011-05-07,0.0,1.22,23.0,28.7,19.3,60.0,0.0,0.0,2.1,2.1,0.94,4.84,1.22,1.25,0.0,0.0,1.22
2011-05-08,0.0,1.22,21.6,27.8,18.1,61.3,0.0,0.0,2.1,2.1,0.8,4.36,1.22,1.22,0.0,0.0,1.22
2011-05-09,0.0,1.22,22.1,27.8,17.7,59.5,0.0,0.0,2.1,2.1,0.68,3.92,1.22,1.22,0.0,0.0,1.22
2011-05-10,0.0,1.22,20.3,25.0,17.4,66.5,0.0,0.0,2.1,2.1,0.58,3.53,1.22,1.22,0.0,0.0,1.19
2011-05-11,0.0,1.19,20.3,23.5,17.3,67.5,0.0,0.0,0.0,2.1,0.49,3.18,1.22,1.22,0.0,0.0,1.19
2011-05-12,0.0,1.19,20.9,25.9,17.7,67.0,0.0,0.0,0.0,2.1,0.42,2.86,1.19,1.22,0.0,0.0,1.19
2011-05-13,0.0,1.19,20.8,25.2,17.7,62.0,0.0,0.0,0.0,2.1,0.36,2.57,1.19,1.19,0.0,0.0,1.19
2011-05-14,0.0,1.19,20.5,24.7,16.6,57.5,0.0,0.0,0.0,2.1,0.3,2.32,1.19,1.19,0.0,0.0,1.19
2011-05-15,0.0,1.19,20.6,25.9,16.7,65.0,0.0,0.0,0.0,2.1,0.26,2.08,1.19,1.19,0.0,0.0,1.19
2011-05-16,0.0,1.19,20.3,25.8,17.7,63.5,0.0,0.0,0.0,2.1,0.22,1.88,1.19,1.19,0.0,0.0,1.19
2011-05-17,0.0,1.19,18.4,23.3,15.4,66.5,0.0,0.0,0.0,2.1,0.19,1.69,1.19,1.19,0.0,0.0,1.19
2011-05-18,0.0,1.19,18.4,24.1,14.4,65.8,0.0,0.0,0.0,2.1,0.16,1.52,1.19,1.19,0.0,0.0,1.16
2011-05-19,0.0,1.16,18.0,22.0,15.1,65.5,0.0,0.0,0.0,2.1,0.13,1.37,1.19,1.19,0.0,0.0,1.19
2011-05-20,0.0,1.19,18.0,20.2,16.0,71.3,0.0,0.0,0.0,2.1,0.11,1.23,1.16,1.19,0.0,0.0,1.16
2011-05-21,0.0,1.16,18.4,23.1,15.4,63.0,0.0,0.0,0.0,2.1,0.1,1.11,1.19,1.16,0.0,0.0,1.16
2011-05-22,0.0,1.16,17.3,21.9,13.7,62.5,0.0,0.0,0.0,2.1,0.08,1.0,1.16,1.19,0.0,0.0,1.16
2011-05-23,0.0,1.16,19.4,25.1,14.2,58.5,0.0,0.0,0.0,2.1,0.07,0.9,1.16,1.16,0.0,0.0,1.16
2011-05-24,0.0,1.16,19.7,25.7,15.0,50.8,0.0,0.0,0.0,2.1,0.06,0.81,1.16,1.16,0.0,0.0,1.12
2011-05-25,0.0,1.12,19.6,25.2,15.2,57.8,0.0,0.0,0.0,2.1,0.05,0.73,1.16,1.16,0.0,0.0,1.12
2011-05-26,0.0,1.12,20.2,26.7,14.8,52.3,0.0,0.0,0.0,2.1,0.04,0.65,1.12,1.16,0.0,0.0,1.12
2011-05-27,0.0,1.12,20.6,25.9,16.6,50.3,0.0,0.0,0.0,0.0,0.04,0.59,1.12,1.12,0.0,0.0,1.12
2011-05-28,0.0,1.12,19.5,24.0,15.8,59.8,0.0,0.0,0.0,0.0,0.03,0.53,1.12,1.12,0.0,0.0,1.12
2011-05-29,0.0,1.12,20.0,26.1,16.2,63.3,0.0,0.0,0.0,0.0,0.03,0.48,1.12,1.12,0.0,0.0,1.09
2011-05-30,0.0,1.09,19.3,24.7,14.6,63.5,0.0,0.0,0.0,0.0,0.02,0.43,1.12,1.12,0.0,0.0,1.09
2011-05-31,0.0,1.09,20.0,25.7,16.4,61.5,0.0,0.0,0.0,0.0,0.02,0.39,1.09,1.12,0.0,0.0,1.09
2011-06-01,0.0,1.09,20.7,26.5,15.9,59.5,0.0,0.0,0.0,0.0,0.02,0.35,1.09,1.09,0.0,0.0,1.09
2011-06-02,0.0,1.09,21.0,26.5,17.1,55.5,0.0,0.0,0.0,0.0,0.01,0.31,1.09,1.09,0.0,0.0,1.09
2011-06-03,0.0,1.09,20.6,26.3,16.8,58.0,0.0,0.0,0.0,0.0,0.01,0.28,1.09,1.09,0.0,0.0,1.06
2011-06-04,0.0,1.06,21.0,26.8,17.1,48.0,0.0,0.0,0.0,0.0,0.01,0.25,1.09,1.09,0.0,0.0,1.06
2011-06-05,0.0,1.06,16.9,23.6,13.4,58.0,0.0,0.0,0.0,0.0,0.01,0.23,1.06,1.09,0.0,0.0,1.06
2011-06-06,0.0,1.06,16.8,22.3,12.8,64.0,0.0,0.0,0.0,0.0,0.01,0.21,1.06,1.06,0.0,0.0,1.06
2011-06-07,0.0,1.06,18.2,23.3,14.2,67.8,0.0,0.0,0.0,0.0,0.01,0.18,1.06,1.06,0.0,0.0,1.06
2011-06-08,0.0,1.06,20.9,26.8,16.7,63.8,0.0,0.0,0.0,0.0,0.01,0.17,1.06,1.06,0.0,0.0,1.06
2011-06-09,0.0,1.06,19.3,27.6,15.5,69.3,0.0,0.0,0.0,0.0,0.0,0.15,1.06,1.06,0.0,0.0,1.06
2011-06-10,10.7,1.06,17.3,20.9,14.8,77.8,10.7,10.7,10.7,10.7,0.0,0.13,1.06,1.06,0.0,0.0,1.06
2011-06-11,0.0,1.06,18.2,24.9,14.2,54.5,10.7,10.7,10.7,10.7,9.1,9.75,1.06,1.06,10.7,0.0,1.03
2011-06-12,0.0,1.03,17.4,21.8,14.7,72.0,10.7,10.7,10.7,10.7,7.73,8.78,1.06,1.06,0.0,10.7,1.03
2011-06-13,0.0,1.03,18.3,24.3,14.0,60.0,0.0,10.7,10.7,10.7,6.57,7.9,1.03,1.06,0.0,0.0,1.03
2011-06-14,0.0,1.03,17.7,23.4,13.9,53.0,0.0,10.7,10.7,10.7,5.59,7.11,1.03,1.03,0.0,0.0,1.03
2011-06-15,0.0,1.03,17.1,22.2,13.0,60.0,0.0,10.7,10.7,10.7,4.75,6.4,1.03,1.03,0.0,0.0,1.03
2011-06-16,0.0,1.03,16.9,22.5,13.6,61.3,0.0,10.7,10.7,10.7,4.04,5.76,1.03,1.03,0.0,0.0,1.0
2011-06-17,0.0,1.0,19.0,24.8,13.3,57.3,0.0,0.0,10.7,10.7,3.43,5.18,1.03,1.03,0.0,0.0,1.0
2011-06-18,0.0,1.0,19.8,25.8,16.2,57.5,0.0,0.0,10.7,10.7,2.92,4.66,1.0,1.03,0.0,0.0,1.0
2011-06-19,0.0,1.0,20.0,25.9,14.8,53.5,0.0,0.0,10.7,10.7,2.48,4.2,1.0,1.0,0.0,0.0,1.0
2011-06-20,0.0,1.0,20.3,26.6,15.7,56.3,0.0,0.0,10.7,10.7,2.11,3.78,1.0,1.0,0.0,0.0,1.0
2011-06-21,0.0,1.0,20.2,27.1,15.3,63.0,0.0,0.0,10.7,10.7,1.79,3.4,1.0,1.0,0.0,0.0,0.97
2011-06-22,0.0,0.97,20.9,26.9,15.8,55.5,0.0,0.0,10.7,10.7,1.52,3.06,1.0,1.0,0.0,0.0,0.97
2011-06-23,0.0,0.97,19.7,24.3,15.3,59.3,0.0,0.0,10.7,10.7,1.29,2.75,0.97,1.0,0.0,0.0,0.97
2011-06-24,0.0,0.97,20.0,25.7,15.0,61.3,0.0,0.0,0.0,10.7,1.1,2.48,0.97,0.97,0.0,0.0,0.97
2011-06-25,0.0,0.97,19.2,25.3,15.6,62.3,0.0,0.0,0.0,10.7,0.94,2.23,0.97,0.97,0.0,0.0,0.95
2011-06-26,0.0,0.95,19.8,25.6,14.6,60.0,0.0,0.0,0.0,10.7,0.79,2.01,0.97,0.97,0.0,0.0,0.95
2011-06-27,0.0,0.95,19.6,25.2,16.6,66.5,0.0,0.0,0.0,10.7,0.68,1.81,0.95,0.97,0.0,0.0,0.95
2011-06-28,0.0,0.95,20.4,26.1,15.6,59.5,0.0,0.0,0.0,10.7,0.57,1.63,0.95,0.95,0.0,0.0,0.95
2011-06-29,0.0,0.95,20.2,24.0,17.6,66.8,0.0,0.0,0.0,10.7,0.49,1.46,0.95,0.95,0.0,0.0,0.95
2011-06-30,0.0,0.95,18.8,24.2,15.4,68.8,0.0,0.0,0.0,10.7,0.41,1.32,0.95,0.95,0.0,0.0,0.94
2011-07-01,0.0,0.94,20.5,27.1,14.3,60.0,0.0,0.0,0.0,10.7,0.35,1.19,0.95,0.95,0.0,0.0,0.94
2011-07-02,0.0,0.94,20.6,26.7,15.8,62.0,0.0,0.0,0.0,10.7,0.3,1.07,0.94,0.95,0.0,0.0,0.92
2011-07-03,0.0,0.92,21.3,28.2,15.7,55.3,0.0,0.0,0.0,10.7,0.25,0.96,0.94,0.94,0.0,0.0,0.92
2011-07-04,0.0,0.92,21.3,27.5,17.0,52.3,0.0,0.0,0.0,10.7,0.22,0.86,0.92,0.94,0.0,0.0,0.92
2011-07-05,0.0,0.92,20.9,26.9,15.8,54.5,0.0,0.0,0.0,10.7,0.18,0.78,0.92,0.92,0.0,0.0,0.91
2011-07-06,0.0,0.91,20.9,27.2,16.6,48.3,0.0,0.0,0.0,10.7,0.16,0.7,0.92,0.92,0.0,0.0,0.91
2011-07-07,0.0,0.91,20.6,26.2,16.1,46.8,0.0,0.0,0.0,10.7,0.13,0.63,0.91,0.92,0.0,0.0,0.91
2011-07-08,0.0,0.91,18.5,25.7,13.8,56.5,0.0,0.0,0.0,10.7,0.11,0.57,0.91,0.91,0.0,0.0,0.89
2011-07-09,0.0,0.89,18.0,24.7,14.0,68.3,0.0,0.0,0.0,10.7,0.1,0.51,0.91,0.91,0.0,0.0,0.89
2011-07-10,0.0,0.89,18.4,24.7,13.6,60.3,0.0,0.0,0.0,0.0,0.08,0.46,0.89,0.91,0.0,0.0,0.87
2011-07-11,0.0,0.87,18.3,24.3,13.5,52.3,0.0,0.0,0.0,0.0,0.07,0.41,0.89,0.89,0.0,0.0,0.87
2011-07-12,0.0,0.87,18.4,23.7,13.4,50.5,0.0,0.0,0.0,0.0,0.06,0.37,0.87,0.89,0.0,0.0,0.87
2011-07-13,0.0,0.87,18.1,23.5,13.6,52.5,0.0,0.0,0.0,0.0,0.05,0.33,0.87,0.87,0.0,0.0,0.86
2011-07-14,0.0,0.86,18.9,25.7,12.9,45.3,0.0,0.0,0.0,0.0,0.04,0.3,0.87,0.87,0.0,0.0,0.86
2011-07-15,0.0,0.86,19.4,26.5,13.0,40.5,0.0,0.0,0.0,0.0,0.04,0.27,0.86,0.87,0.0,0.0,0.86
2011-07-16,0.0,0.86,19.6,25.5,15.2,55.8,0.0,0.0,0.0,0.0,0.03,0.24,0.86,0.86,0.0,0.0,0.85
2011-07-17,0.0,0.85,19.8,25.3,15.9,62.0,0.0,0.0,0.0,0.0,0.03,0.22,0.86,0.86,0.0,0.0,0.85
2011-07-18,0.0,0.85,21.3,27.8,16.6,52.8,0.0,0.0,0.0,0.0,0.02,0.2,0.85,0.86,0.0,0.0,0.85
2011-07-19,0.0,0.85,22.2,29.0,16.4,55.5,0.0,0.0,0.0,0.0,0.02,0.18,0.85,0.85,0.0,0.0,0.83
2011-07-20,0.0,0.83,19.2,23.0,17.4,63.5,0.0,0.0,0.0,0.0,0.02,0.16,0.85,0.85,0.0,0.0,0.83
2011-07-21,0.0,0.83,19.4,26.5,15.0,50.0,0.0,0.0,0.0,0.0,0.01,0.14,0.83,0.85,0.0,0.0,0.83
2011-07-22,0.0,0.83,21.1,28.2,14.4,46.0,0.0,0.0,0.0,0.0,0.01,0.13,0.83,0.83,0.0,0.0,0.81
2011-07-23,0.0,0.81,18.8,23.0,16.5,68.8,0.0,0.0,0.0,0.0,0.01,0.12,0.83,0.83,0.0,0.0,0.81
2011-07-24,0.0,0.81,17.3,22.1,14.0,65.3,0.0,0.0,0.0,0.0,0.01,0.11,0.81,0.83,0.0,0.0,0.81
2011-07-25,0.0,0.81,17.4,20.7,13.8,65.0,0.0,0.0,0.0,0.0,0.01,0.09,0.81,0.81,0.0,0.0,0.81
2011-07-26,0.0,0.81,17.2,19.8,14.5,65.0,0.0,0.0,0.0,0.0,0.01,0.09,0.81,0.81,0.0,0.0,0.8
2011-07-27,0.0,0.8,17.4,22.1,14.2,63.0,0.0,0.0,0.0,0.0,0.01,0.08,0.81,0.81,0.0,0.0,0.8
2011-07-28,0.0,0.8,18.3,24.9,14.6,57.0,0.0,0.0,0.0,0.0,0.0,0.07,0.8,0.81,0.0,0.0,0.8
2011-07-29,0.0,0.8,20.0,26.3,13.9,50.8,0.0,0.0,0.0,0.0,0.0,0.06,0.8,0.8,0.0,0.0,0.78
2011-07-30,0.0,0.78,21.1,28.8,15.0,46.3,0.0,0.0,0.0,0.0,0.0,0.06,0.8,0.8,0.0,0.0,0.78
2011-07-31,0.0,0.78,22.5,29.2,16.3,51.0,0.0,0.0,0.0,0.0,0.0,0.05,0.78,0.8,0.0,0.0,0.78
2011-08-01,0.0,0.78,22.8,29.9,18.0,49.8,0.0,0.0,0.0,0.0,0.0,0.05,0.78,0.78,0.0,0.0,0.77
2011-08-02,0.0,0.77,23.7,30.3,17.0,37.3,0.0,0.0,0.0,0.0,0.0,0.04,0.78,0.78,0.0,0.0,0.77
2011-08-03,0.0,0.77,24.8,30.4,19.5,40.3,0.0,0.0,0.0,0.0,0.0,0.04,0.77,0.78,0.0,0.0,0.77
2011-08-04,0.0,0.77,19.8,26.3,16.2,32.5,0.0,0.0,0.0,0.0,0.0,0.03,0.77,0.77,0.0,0.0,0.75
2011-08-05,0.0,0.75,19.1,24.1,16.2,69.0,0.0,0.0,0.0,0.0,0.0,0.03,0.77,0.77,0.0,0.0,0.75
2011-08-06,0.0,0.75,21.0,27.9,15.7,64.3,0.0,0.0,0.0,0.0,0.0,0.03,0.75,0.77,0.0,0.0,0.75
2011-08-07,0.0,0.75,22.6,29.2,16.4,48.3,0.0,0.0,0.0,0.0,0.0,0.02,0.75,0.75,0.0,0.0,0.73
2011-08-08,0.0,0.73,23.8,31.0,18.7,49.3,0.0,0.0,0.0,0.0,0.0,0.02,0.75,0.75,0.0,0.0,0.73
2011-08-09,0.0,0.73,23.6,31.2,17.7,43.5,0.0,0.0,0.0,0.0,0.0,0.02,0.73,0.75,0.0,0.0,0.73
2011-08-10,0.0,0.73,23.3,30.7,18.6,56.3,0.0,0.0,0.0,0.0,0.0,0.02,0.73,0.73,0.0,0.0,0.72
2011-08-11,0.0,0.72,19.8,24.3,15.8,59.8,0.0,0.0,0.0,0.0,0.0,0.02,0.73,0.73,0.0,0.0,0.72
2011-08-12,0.0,0.72,20.4,27.2,15.6,56.5,0.0,0.0,0.0,0.0,0.0,0.01,0.72,0.73,0.0,0.0,0.72
2011-08-13,0.0,0.72,22.5,31.2,15.0,45.0,0.0,0.0,0.0,0.0,0.0,0.01,0.72,0.72,0.0,0.0,0.7
2011-08-14,0.0,0.7,24.0,31.4,17.1,36.5,0.0,0.0,0.0,0.0,0.0,0.01,0.72,0.72,0.0,0.0,0.7
2011-08-15,0.0,0.7,20.6,25.9,17.1,49.5,0.0,0.0,0.0,0.0,0.0,0.01,0.7,0.72,0.0,0.0,0.7
2011-08-16,0.0,0.7,19.7,25.8,15.1,50.3,0.0,0.0,0.0,0.0,0.0,0.01,0.7,0.7,0.0,0.0,0.69
2011-08-17,0.0,0.69,21.9,29.3,15.1,44.8,0.0,0.0,0.0,0.0,0.0,0.01,0.7,0.7,0.0,0.0,0.69
2011-08-18,0.0,0.69,22.7,29.0,17.5,42.3,0.0,0.0,0.0,0.0,0.0,0.01,0.69,0.7,0.0,0.0,0.69
2011-08-19,0.0,0.69,22.3,29.4,16.8,38.5,0.0,0.0,0.0,0.0,0.0,0.01,0.69,0.69,0.0,0.0,0.69
2011-08-20,0.0,0.69,23.6,31.2,17.7,42.8,0.0,0.0,0.0,0.0,0.0,0.01,0.69,0.69,0.0,0.0,0.67
2011-08-21,0.0,0.67,21.0,25.9,18.9,62.5,0.0,0.0,0.0,0.0,0.0,0.01,0.69,0.69,0.0,0.0,0.67
2011-08-22,0.0,0.67,19.3,24.0,15.9,63.3,0.0,0.0,0.0,0.0,0.0,0.0,0.67,0.69,0.0,0.0,0.66
2011-08-23,0.0,0.66,20.3,25.9,16.0,53.0,0.0,0.0,0.0,0.0,0.0,0.0,0.67,0.67,0.0,0.0,0.66
2011-08-24,0.0,0.66,21.4,28.2,16.0,51.8,0.0,0.0,0.0,0.0,0.0,0.0,0.66,0.67,0.0,0.0,0.66
2011-08-25,0.0,0.66,21.1,26.9,17.2,53.8,0.0,0.0,0.0,0.0,0.0,0.0,0.66,0.66,0.0,0.0,0.66
2011-08-26,0.0,0.66,22.7,29.4,16.6,44.0,0.0,0.0,0.0,0.0,0.0,0.0,0.66,0.66,0.0,0.0,0.65
2011-08-27,0.0,0.65,22.2,28.2,18.3,47.3,0.0,0.0,0.0,0.0,0.0,0.0,0.66,0.66,0.0,0.0,0.64
2011-08-28,0.0,0.64,21.6,28.2,16.6,48.5,0.0,0.0,0.0,0.0,0.0,0.0,0.65,0.66,0.0,0.0,0.64
2011-08-29,0.0,0.64,21.9,28.8,16.4,42.8,0.0,0.0,0.0,0.0,0.0,0.0,0.64,0.65,0.0,0.0,0.63
2011-08-30,0.0,0.63,23.2,30.8,16.5,39.8,0.0,0.0,0.0,0.0,0.0,0.0,0.64,0.64,0.0,0.0,0.63
2011-08-31,0.0,0.63,24.2,32.8,18.5,45.8,0.0,0.0,0.0,0.0,0.0,0.0,0.63,0.64,0.0,0.0,0.63
2011-09-01,0.0,0.63,20.2,26.5,18.1,67.8,0.0,0.0,0.0,0.0,0.0,0.0,0.63,0.63,0.0,0.0,0.63
2011-09-02,0.0,0.63,18.6,25.9,14.6,53.0,0.0,0.0,0.0,0.0,0.0,0.0,0.63,0.63,0.0,0.0,0.62
2011-09-03,0.0,0.62,18.0,25.7,10.7,43.8,0.0,0.0,0.0,0.0,0.0,0.0,0.63,0.63,0.0,0.0,0.61
2011-09-04,0.0,0.61,20.5,28.6,14.2,37.5,0.0,0.0,0.0,0.0,0.0,0.0,0.62,0.63,0.0,0.0,0.61
2011-09-05,0.0,0.61,21.6,30.0,15.4,37.5,0.0,0.0,0.0,0.0,0.0,0.0,0.61,0.62,0.0,0.0,0.6
2011-09-06,0.0,0.6,23.9,32.6,15.6,34.5,0.0,0.0,0.0,0.0,0.0,0.0,0.61,0.61,0.0,0.0,0.59
2011-09-07,0.0,0.59,23.2,30.1,18.4,41.8,0.0,0.0,0.0,0.0,0.0,0.0,0.6,0.61,0.0,0.0,0.59
2011-09-08,0.0,0.59,23.0,30.0,17.1,43.0,0.0,0.0,0.0,0.0,0.0,0.0,0.59,0.6,0.0,0.0,0.58
2011-09-09,0.0,0.58,25.4,32.9,17.7,33.0,0.0,0.0,0.0,0.0,0.0,0.0,0.59,0.59,0.0,0.0,0.58
2011-09-10,0.0,0.58,26.7,33.8,19.5,27.0,0.0,0.0,0.0,0.0,0.0,0.0,0.58,0.59,0.0,0.0,0.58
2011-09-11,0.0,0.58,25.9,33.0,20.9,36.5,0.0,0.0,0.0,0.0,0.0,0.0,0.58,0.58,0.0,0.0,0.58
2011-09-12,0.0,0.58,21.2,25.5,18.7,63.8,0.0,0.0,0.0,0.0,0.0,0.0,0.58,0.58,0.0,0.0,0.57
2011-09-13,0.0,0.57,21.5,27.6,17.5,62.5,0.0,0.0,0.0,0.0,0.0,0.0,0.58,0.58,0.0,0.0,0.57
2011-09-14,0.0,0.57,21.9,26.5,17.7,58.0,0.0,0.0,0.0,0.0,0.0,0.0,0.57,0.58,0.0,0.0,0.56
2011-09-15,0.0,0.56,19.6,22.7,17.8,65.8,0.0,0.0,0.0,0.0,0.0,0.0,0.57,0.57,0.0,0.0,0.61
2011-09-16,0.0,0.61,17.6,21.9,15.6,68.5,0.0,0.0,0.0,0.0,0.0,0.0,0.56,0.57,0.0,0.0,0.6
2011-09-17,0.0,0.6,17.2,21.0,13.7,54.8,0.0,0.0,0.0,0.0,0.0,0.0,0.61,0.56,0.0,0.0,0.58
2011-09-18,0.0,0.58,17.4,22.5,12.8,48.5,0.0,0.0,0.0,0.0,0.0,0.0,0.6,0.61,0.0,0.0,0.58
2011-09-19,0.0,0.58,16.9,21.8,12.7,53.0,0.0,0.0,0.0,0.0,0.0,0.0,0.58,0.6,0.0,0.0,0.56
2011-09-20,0.0,0.56,19.6,27.1,13.0,39.5,0.0,0.0,0.0,0.0,0.0,0.0,0.58,0.58,0.0,0.0,0.56
2011-09-21,0.0,0.56,22.5,30.6,14.6,34.0,0.0,0.0,0.0,0.0,0.0,0.0,0.56,0.58,0.0,0.0,0.55
2011-09-22,0.0,0.55,24.2,30.3,18.9,38.3,0.0,0.0,0.0,0.0,0.0,0.0,0.56,0.56,0.0,0.0,0.55
2011-09-23,0.0,0.55,24.7,31.5,19.4,37.8,0.0,0.0,0.0,0.0,0.0,0.0,0.55,0.56,0.0,0.0,0.54
2011-09-24,0.0,0.54,24.5,32.2,19.1,41.5,0.0,0.0,0.0,0.0,0.0,0.0,0.55,0.55,0.0,0.0,0.53
2011-09-25,1.5,0.53,18.6,23.7,16.0,62.5,1.5,1.5,1.5,1.5,0.0,0.0,0.54,0.55,0.0,0.0,0.53
2011-09-26,0.0,0.53,17.8,24.1,14.8,64.3,1.5,1.5,1.5,1.5,1.28,1.35,0.53,0.54,1.5,0.0,0.52
2011-09-27,0.0,0.52,21.1,28.2,14.1,44.5,1.5,1.5,1.5,1.5,1.08,1.22,0.53,0.53,0.0,1.5,0.52
2011-09-28,0.0,0.52,23.8,31.2,17.1,43.5,0.0,1.5,1.5,1.5,0.92,1.09,0.52,0.53,0.0,0.0,0.52
2011-09-29,0.0,0.52,23.3,29.5,18.7,49.8,0.0,1.5,1.5,1.5,0.78,0.98,0.52,0.52,0.0,0.0,0.51
2011-09-30,0.0,0.51,24.6,31.6,19.1,50.0,0.0,1.5,1.5,1.5,0.67,0.89,0.52,0.52,0.0,0.0,0.51
2011-10-01,0.0,0.51,25.7,33.6,19.1,35.3,0.0,1.5,1.5,1.5,0.57,0.8,0.51,0.52,0.0,0.0,0.5
2011-10-02,0.0,0.5,26.1,33.4,19.7,35.8,0.0,0.0,1.5,1.5,0.48,0.72,0.51,0.51,0.0,0.0,0.58
2011-10-03,0.0,0.58,20.2,26.7,17.4,85.3,0.0,0.0,1.5,1.5,0.41,0.65,0.5,0.51,0.0,0.0,0.56
2011-10-04,15.6,0.56,20.5,24.3,16.6,67.0,15.6,15.6,17.1,17.1,0.35,0.58,0.58,0.5,0.0,0.0,0.54
2011-10-05,0.0,0.54,18.1,20.8,16.5,80.5,15.6,15.6,17.1,17.1,13.56,14.56,0.56,0.58,15.6,0.0,0.63
2011-10-06,0.1,0.63,19.3,22.7,17.1,76.0,15.7,15.7,17.2,17.2,11.52,13.11,0.54,0.56,0.0,15.6,0.58
2011-10-07,0.0,0.58,21.2,25.8,16.6,61.5,0.1,15.7,17.2,17.2,9.88,11.89,0.63,0.54,0.1,0.0,0.53
2011-10-08,0.0,0.53,22.6,27.8,18.5,50.3,0.1,15.7,17.2,17.2,8.4,10.7,0.58,0.63,0.0,0.1,0.51
2011-10-09,0.0,0.51,23.8,30.2,17.9,52.5,0.0,15.7,15.7,17.2,7.14,9.63,0.53,0.58,0.0,0.0,0.5
2011-10-10,0.0,0.5,24.0,29.8,20.3,56.3,0.0,15.7,15.7,17.2,6.07,8.66,0.51,0.53,0.0,0.0,0.87
2011-10-11,0.0,0.87,22.6,31.2,17.2,73.3,0.0,0.1,15.7,17.2,5.16,7.8,0.5,0.51,0.0,0.0,1.13
2011-10-12,19.8,1.13,24.2,30.4,17.3,58.5,19.8,19.9,35.5,37.0,4.38,7.02,0.87,0.5,0.0,0.0,1.19
2011-10-13,0.0,1.19,23.0,28.3,20.2,72.3,19.8,19.8,35.5,37.0,20.56,24.14,1.13,0.87,19.8,0.0,1.09
2011-10-14,2.8,1.09,21.4,23.1,19.9,82.8,22.6,22.6,38.3,39.8,17.47,21.72,1.19,1.13,0.0,19.8,1.06
2011-10-15,1.9,1.06,21.3,25.3,19.7,86.5,4.7,24.5,40.2,41.7,17.23,22.07,1.09,1.19,2.8,0.0,1.52
2011-10-16,37.5,1.52,22.2,27.0,18.8,82.0,42.2,62.0,77.7,79.2,16.26,21.57,1.06,1.09,1.9,2.8,2.47
2011-10-17,2.7,2.47,21.3,26.4,18.6,78.8,42.1,64.7,80.4,81.9,45.7,53.17,1.52,1.06,37.5,1.9,2.66
2011-10-18,7.5,2.66,20.0,24.5,17.1,67.0,47.7,72.2,72.3,89.4,41.14,50.28,2.47,1.52,2.7,37.5,1.84
2011-10-19,0.0,1.84,18.3,24.3,14.1,60.3,10.2,52.4,72.3,89.4,41.34,52.0,2.66,2.47,7.5,2.7,1.08
2011-10-20,0.0,1.08,18.9,24.5,14.0,55.0,7.5,52.4,72.2,89.4,35.14,46.8,1.84,2.66,0.0,7.5,0.75
2011-10-21,0.0,0.75,17.6,21.6,14.1,56.8,0.0,49.6,72.2,89.4,29.87,42.12,1.08,1.84,0.0,0.0,0.91
2011-10-22,2.8,0.91,15.7,18.1,13.0,91.5,2.8,50.5,75.0,92.2,25.39,37.91,0.75,1.08,0.0,0.0,1.16
2011-10-23,41.5,1.16,16.6,18.3,14.9,92.3,44.3,54.5,116.5,133.7,23.96,36.64,0.91,0.75,2.8,0.0,1.02
2011-10-24,16.9,1.02,18.6,22.9,15.0,74.8,61.2,68.7,133.4,150.6,55.64,70.32,1.16,0.91,41.5,2.8,0.76
2011-10-25,0.3,0.76,21.2,26.8,15.7,65.5,58.7,61.5,133.7,149.4,61.66,78.5,1.02,1.16,16.9,41.5,0.66
2011-10-26,0.0,0.66,23.2,28.6,18.1,62.8,17.2,61.5,113.9,149.4,52.67,70.92,0.76,1.02,0.3,16.9,0.79
2011-10-27,21.5,0.79,22.7,27.8,19.0,72.8,21.8,83.0,135.4,170.9,44.77,63.83,0.66,0.76,0.0,0.3,0.92
2011-10-28,3.5,0.92,25.9,32.8,19.3,53.0,25.0,86.5,136.1,174.4,56.33,76.8,0.79,0.66,21.5,0.0,0.87
2011-10-29,2.5,0.87,24.8,31.8,20.6,61.8,27.5,86.2,136.7,176.9,50.85,72.27,0.92,0.79,3.5,21.5,0.82
2011-10-30,0.0,0.82,24.2,28.6,19.1,61.0,6.0,44.7,99.2,176.9,45.35,67.29,0.87,0.92,2.5,3.5,1.06
2011-10-31,3.2,1.06,18.0,24.7,14.4,79.8,5.7,31.0,99.7,180.1,38.55,60.56,0.82,0.87,0.0,2.5,1.16
2011-11-01,1.8,1.16,16.2,19.7,13.4,67.5,5.0,32.5,94.0,181.9,35.49,57.39,1.06,0.82,3.2,0.0,0.85
2011-11-02,0.0,0.85,17.8,23.5,12.9,61.3,5.0,32.5,94.0,181.9,31.69,53.27,1.16,1.06,1.8,3.2,0.71
2011-11-03,0.0,0.71,19.3,25.5,14.2,56.8,1.8,11.0,94.0,166.3,26.94,47.94,0.85,1.16,0.0,1.8,0.66
2011-11-04,0.0,0.66,20.2,26.3,15.0,57.8,0.0,7.5,94.0,166.3,22.9,43.15,0.71,0.85,0.0,0.0,0.63
2011-11-05,0.0,0.63,20.8,26.6,16.0,53.5,0.0,5.0,91.2,166.2,19.46,38.83,0.66,0.71,0.0,0.0,0.6
2011-11-06,0.0,0.6,22.2,28.7,15.9,44.3,0.0,5.0,49.7,166.2,16.54,34.95,0.63,0.66,0.0,0.0,0.63
2011-11-07,0.0,0.63,21.4,27.1,18.9,57.5,0.0,1.8,32.8,166.2,14.06,31.45,0.6,0.63,0.0,0.0,0.61
2011-11-08,0.0,0.61,22.1,27.1,17.7,57.8,0.0,0.0,32.5,166.2,11.95,28.31,0.63,0.6,0.0,0.0,0.59
2011-11-09,0.0,0.59,21.1,27.1,17.1,57.8,0.0,0.0,32.5,166.2,10.16,25.48,0.61,0.63,0.0,0.0,0.58
2011-11-10,0.0,0.58,22.1,28.3,17.2,60.0,0.0,0.0,11.0,166.2,8.64,22.93,0.59,0.61,0.0,0.0,0.57
2011-11-11,0.0,0.57,24.4,31.0,18.1,43.5,0.0,0.0,7.5,146.4,7.34,20.64,0.58,0.59,0.0,0.0,0.56
2011-11-12,0.0,0.56,24.3,29.8,20.0,58.8,0.0,0.0,5.0,146.4,6.24,18.57,0.57,0.58,0.0,0.0,0.61
2011-11-13,0.0,0.61,22.8,28.0,17.9,63.5,0.0,0.0,5.0,143.6,5.3,16.72,0.56,0.57,0.0,0.0,0.83
2011-11-14,0.0,0.83,21.5,28.1,17.7,80.0,0.0,0.0,1.8,141.7,4.51,15.04,0.61,0.56,0.0,0.0,1.86
2011-11-15,57.5,1.86,19.9,23.7,17.9,91.0,57.5,57.5,57.5,161.7,3.83,13.54,0.83,0.61,0.0,0.0,3.03
2011-11-16,48.1,3.03,22.4,28.5,17.3,65.5,105.6,105.6,105.6,207.1,52.13,63.94,1.86,0.83,57.5,0.0,2.7
2011-11-17,0.3,2.7,21.8,29.2,17.1,65.3,105.9,105.9,105.9,199.9,85.2,100.83,3.03,1.86,48.1,57.5,2.13
2011-11-18,0.0,2.13,21.0,26.3,17.6,74.8,48.4,105.9,105.9,199.9,72.67,91.02,2.7,3.03,0.3,48.1,1.94
2011-11-19,0.0,1.94,19.6,23.3,17.5,79.3,0.3,105.9,105.9,199.9,61.77,81.92,2.13,2.7,0.0,0.3,1.95
2011-11-20,34.8,1.95,19.4,23.9,16.0,74.5,34.8,140.7,140.7,234.7,52.51,73.73,1.94,2.13,0.0,0.0,1.43
2011-11-21,0.0,1.43,21.1,25.5,17.3,68.0,34.8,140.7,140.7,231.9,74.21,97.67,1.95,1.94,34.8,0.0,1.01
2011-11-22,0.0,1.01,22.4,29.1,17.8,71.5,34.8,83.2,140.7,190.4,63.08,87.91,1.43,1.95,0.0,34.8,1.65
2011-11-23,31.7,1.65,21.4,25.1,19.3,88.0,31.7,66.8,172.4,205.2,53.62,79.11,1.01,1.43,0.0,0.0,2.82
2011-11-24,34.3,2.82,23.2,29.6,18.1,63.0,66.0,100.8,206.7,239.2,72.52,99.73,1.65,1.01,31.7,0.0,2.52
2011-11-25,0.1,2.52,24.4,30.6,20.1,62.5,66.1,100.9,206.8,239.3,90.8,120.63,2.82,1.65,34.3,31.7,3.66
2011-11-26,0.0,3.66,20.1,24.0,17.7,87.8,34.4,100.9,206.8,217.8,77.26,108.66,2.52,2.82,0.1,34.3,7.51
2011-11-27,35.6,7.51,17.6,19.9,16.0,92.3,35.7,101.7,242.4,249.9,65.67,97.79,3.66,2.52,0.0,0.1,11.47
2011-11-28,42.3,11.47,18.2,19.9,16.4,88.0,77.9,144.0,284.7,289.7,86.08,120.05,7.51,3.66,35.6,0.0,13.96
2011-11-29,29.5,13.96,19.8,23.9,16.1,76.8,107.4,173.5,256.7,319.2,109.12,146.12,11.47,7.51,42.3,35.6,13.89
2011-11-30,0.0,13.89,21.7,26.3,18.5,75.5,71.8,141.8,208.6,316.0,117.83,158.06,13.96,11.47,29.5,42.3,12.37
2011-12-01,12.1,12.37,21.0,25.5,18.9,90.0,41.6,119.6,220.4,326.3,100.16,142.25,13.89,13.96,0.0,29.5,12.15
2011-12-02,29.4,12.15,20.9,24.3,18.7,85.3,41.5,148.9,249.8,355.7,95.42,138.91,12.37,13.89,12.1,0.0,11.76
2011-12-03,14.9,11.76,20.5,23.7,18.3,73.3,56.4,163.8,264.7,370.6,106.1,151.48,12.15,12.37,29.4,12.1,9.99
2011-12-04,0.0,9.99,20.5,24.1,17.3,75.3,44.3,128.2,229.9,370.6,102.85,149.75,11.76,12.15,14.9,29.4,8.31
2011-12-05,0.0,8.31,21.4,27.2,18.3,80.5,14.9,85.9,229.9,370.6,87.42,134.77,9.99,11.76,0.0,14.9,7.22
2011-12-06,0.0,7.22,23.1,28.1,19.2,72.3,0.0,56.4,229.9,370.6,74.31,121.29,8.31,9.99,0.0,0.0,7.17
2011-12-07,0.0,7.17,21.9,26.5,19.3,78.3,0.0,56.4,198.2,370.6,63.16,109.16,7.22,8.31,0.0,0.0,7.99
2011-12-08,23.4,7.99,22.6,25.5,19.3,70.8,23.4,67.7,187.3,394.0,53.69,98.25,7.17,7.22,0.0,0.0,9.45
2011-12-09,0.0,9.45,23.0,26.3,20.5,73.3,23.4,38.3,187.2,394.0,65.52,109.48,7.99,7.17,23.4,0.0,9.35
2011-12-10,14.3,9.35,19.1,22.9,16.5,92.3,37.7,37.7,201.5,408.3,55.69,98.53,9.45,7.99,0.0,23.4,11.56
2011-12-11,33.2,11.56,22.2,27.9,16.3,66.8,47.5,70.9,199.1,441.5,59.5,101.55,9.35,9.45,14.3,0.0,11.3
2011-12-12,0.0,11.3,21.8,29.1,15.9,77.0,47.5,70.9,156.8,441.5,78.79,121.28,11.56,9.35,33.2,14.3,9.96
2011-12-13,1.6,9.96,22.9,29.6,16.0,66.3,34.8,72.5,128.9,443.1,66.97,109.15,11.3,11.56,0.0,33.2,9.91
2011-12-14,6.8,9.91,22.0,26.1,19.5,81.3,8.4,79.3,135.7,449.9,58.29,99.67,9.96,11.3,1.6,0.0,11.82
2011-12-15,26.3,11.82,20.2,22.1,18.1,92.8,34.7,82.2,149.9,418.7,55.32,95.83,9.91,9.96,6.8,1.6,18.95
2011-12-16,81.4,18.95,20.6,25.3,18.5,88.0,114.5,163.6,201.9,452.0,69.38,109.91,11.82,9.91,26.3,6.8,28.99
2011-12-17,34.5,28.99,21.5,25.5,18.5,85.8,142.2,183.8,221.5,486.2,128.16,172.18,18.95,11.82,81.4,26.3,28.72
2011-12-18,106.5,28.72,20.5,23.1,18.3,92.8,222.4,257.1,328.0,592.7,138.26,186.01,28.99,18.95,34.5,81.4,29.62
2011-12-19,14.8,29.62,19.2,21.5,17.3,92.0,155.8,271.9,342.8,607.5,208.05,263.26,28.72,28.99,106.5,34.5,28.99
2011-12-20,89.2,28.99,22.0,27.7,17.5,75.0,210.5,359.5,432.0,661.9,189.42,250.26,29.62,28.72,14.8,106.5,27.58
2011-12-21,0.3,27.58,24.0,29.8,18.7,66.3,104.3,353.0,432.3,662.2,236.83,305.51,28.99,29.62,89.2,14.8,25.67
2011-12-22,0.0,25.67,21.9,26.6,19.5,74.8,89.5,326.7,408.9,662.2,201.56,275.23,27.58,28.99,0.3,89.2,26.67
2011-12-23,5.6,26.67,23.2,28.4,17.7,56.5,5.9,250.9,414.5,636.1,171.33,247.71,25.67,27.58,0.0,0.3,23.83
2011-12-24,0.0,23.83,24.6,29.2,20.0,61.8,5.6,216.4,400.2,601.8,150.39,227.98,26.67,25.67,5.6,0.0,21.8
2011-12-25,0.0,21.8,25.2,30.4,19.9,53.0,5.6,109.9,367.0,601.7,127.83,205.18,23.83,26.67,0.0,5.6,18.91
2011-12-26,0.0,18.91,21.4,28.8,17.8,75.0,0.0,95.1,367.0,601.7,108.65,184.66,21.8,23.83,0.0,0.0,16.14
2011-12-27,12.7,16.14,20.8,27.2,17.3,77.5,12.7,18.6,378.1,578.8,92.36,166.19,18.91,21.8,0.0,0.0,15.29
2011-12-28,22.0,15.29,22.2,28.6,17.8,77.0,34.7,40.3,393.3,558.5,89.3,161.01,16.14,18.91,12.7,0.0,17.16
2011-12-29,12.1,17.16,20.3,25.5,18.1,89.3,46.8,52.4,379.1,541.1,94.6,164.7,15.29,16.14,22.0,12.7,19.23
2011-12-30,12.9,19.23,21.4,28.2,18.0,82.0,47.0,59.7,310.6,554.0,90.7,159.12,17.16,15.29,12.1,22.0,18.41
2011-12-31,13.5,18.41,21.5,24.7,18.7,84.5,38.5,73.2,289.6,555.4,88.06,154.82,19.23,17.16,12.9,12.1,19.7
2012-01-01,45.8,19.7,20.9,24.3,18.8,92.3,72.2,119.0,228.9,571.8,86.32,151.49,18.41,19.23,13.5,12.9,26.48
2012-01-02,67.5,26.48,19.9,21.1,18.3,93.0,126.8,186.5,281.6,624.4,112.31,177.56,19.7,18.41,45.8,13.5,30.33
2012-01-03,34.5,30.33,22.7,28.2,18.5,76.5,147.8,208.3,226.9,658.9,152.83,220.55,26.48,19.7,67.5,45.8,30.84
2012-01-04,4.3,30.84,21.8,27.6,18.0,82.8,106.3,190.6,230.9,663.2,159.23,229.55,30.33,26.48,34.5,67.5,28.99
2012-01-05,2.7,28.99,21.5,26.1,17.1,75.0,41.5,181.2,233.6,665.9,139.0,210.46,30.84,30.33,4.3,34.5,29.34
2012-01-06,1.9,29.34,21.3,24.8,19.0,88.3,8.9,170.2,229.9,667.8,120.45,191.85,28.99,30.84,2.7,4.3,29.2
2012-01-07,24.8,29.2,21.5,26.4,18.0,79.3,29.4,181.5,254.7,669.2,104.0,174.37,29.34,28.99,1.9,2.7,28.79
2012-01-08,19.1,28.79,19.8,21.9,18.3,84.3,45.8,154.8,273.8,688.3,109.48,179.26,29.2,29.34,24.8,1.9,32.57
2012-01-09,11.1,32.57,18.8,20.6,16.8,86.8,55.0,98.4,284.9,685.1,109.29,178.52,28.79,29.2,19.1,24.8,40.3
2012-01-10,4.9,40.3,20.9,24.7,17.5,75.3,35.1,68.8,277.1,656.8,102.33,170.66,32.57,28.79,11.1,19.1,36.07
2012-01-11,2.1,36.07,20.5,23.3,18.3,75.5,18.1,66.6,257.2,658.9,91.15,158.0,40.3,32.57,4.9,11.1,31.14
2012-01-12,0.1,31.14,21.8,26.3,18.3,68.5,7.1,64.0,245.2,657.4,79.26,144.09,36.07,40.3,2.1,4.9,26.23
2012-01-13,0.0,26.23,22.0,26.5,19.4,69.3,2.2,62.1,232.3,650.6,67.46,129.77,31.14,36.07,0.1,2.1,22.23
2012-01-14,0.0,22.23,24.4,30.4,19.3,56.0,0.1,37.3,218.8,624.3,57.34,116.8,26.23,31.14,0.0,0.1,19.14
2012-01-15,0.0,19.14,25.0,30.8,20.3,59.8,0.0,18.2,173.0,542.9,48.74,105.12,22.23,26.23,0.0,0.0,16.82
2012-01-16,0.0,16.82,25.5,30.6,20.6,55.8,0.0,7.1,105.5,508.4,41.43,94.6,19.14,22.23,0.0,0.0,14.14
2012-01-17,0.0,14.14,24.9,29.8,20.3,46.5,0.0,2.2,71.0,401.9,35.21,85.14,16.82,19.14,0.0,0.0,11.65
2012-01-18,0.0,11.65,24.5,30.1,20.0,56.3,0.0,0.1,66.7,387.1,29.93,76.63,14.14,16.82,0.0,0.0,9.59
2012-01-19,0.0,9.59,23.5,28.0,19.9,52.5,0.0,0.0,64.0,297.9,25.44,68.97,11.65,14.14,0.0,0.0,7.81
2012-01-20,0.0,7.81,23.7,29.2,18.7,55.3,0.0,0.0,62.1,297.6,21.62,62.07,9.59,11.65,0.0,0.0,6.41
2012-01-21,0.0,6.41,23.2,28.4,18.7,56.0,0.0,0.0,37.3,297.6,18.38,55.86,7.81,9.59,0.0,0.0,5.07
2012-01-22,0.0,5.07,23.9,29.4,19.2,56.5,0.0,0.0,18.2,292.0,15.62,50.28,6.41,7.81,0.0,0.0,4.0
2012-01-23,0.0,4.0,23.5,28.4,19.4,56.0,0.0,0.0,7.1,292.0,13.28,45.25,5.07,6.41,0.0,0.0,3.06
2012-01-24,0.0,3.06,23.8,29.4,19.1,58.8,0.0,0.0,2.2,292.0,11.29,40.72,4.0,5.07,0.0,0.0,2.25
2012-01-25,0.0,2.25,23.5,28.6,18.9,60.0,0.0,0.0,0.1,292.0,9.6,36.65,3.06,4.0,0.0,0.0,1.72
2012-01-26,0.0,1.72,24.0,31.6,19.5,71.3,0.0,0.0,0.0,279.3,8.16,32.99,2.25,3.06,0.0,0.0,1.38
2012-01-27,0.0,1.38,25.3,31.0,19.5,58.5,0.0,0.0,0.0,257.3,6.93,29.69,1.72,2.25,0.0,0.0,1.22
2012-01-28,22.9,1.22,22.0,26.6,18.1,79.0,22.9,22.9,22.9,268.1,5.89,26.72,1.38,1.72,0.0,0.0,1.9
2012-01-29,15.2,1.9,21.4,28.2,17.5,78.0,38.1,38.1,38.1,270.4,24.47,44.66,1.22,1.38,22.9,0.0,5.19
2012-01-30,36.1,5.19,20.8,27.1,16.7,82.8,74.2,74.2,74.2,293.0,33.72,53.87,1.9,1.22,15.2,22.9,8.12
2012-01-31,5.3,8.12,21.5,26.5,17.7,73.8,56.6,79.5,79.5,252.5,59.35,80.97,5.19,1.9,36.1,15.2,9.35
2012-02-01,0.0,9.35,21.9,26.8,18.6,67.5,41.4,79.5,79.5,185.0,54.95,77.65,8.12,5.19,5.3,36.1,10.43
2012-02-02,0.0,10.43,22.3,27.1,18.3,58.3,5.3,79.5,79.5,150.5,46.71,69.88,9.35,8.12,0.0,5.3,8.57
2012-02-03,0.0,8.57,22.6,28.0,18.1,58.5,0.0,79.5,79.5,146.2,39.7,62.89,10.43,9.35,0.0,0.0,6.87
2012-02-04,0.0,6.87,22.7,27.4,18.5,53.8,0.0,56.6,79.5,143.5,33.75,56.6,8.57,10.43,0.0,0.0,5.47
2012-02-05,0.0,5.47,24.1,29.2,19.5,53.3,0.0,41.4,79.5,141.6,28.69,50.94,6.87,8.57,0.0,0.0,4.25
2012-02-06,0.0,4.25,24.0,29.0,19.9,58.3,0.0,5.3,79.5,116.8,24.38,45.85,5.47,6.87,0.0,0.0,3.38
2012-02-07,0.0,3.38,24.3,32.0,20.4,62.0,0.0,0.0,79.5,97.7,20.73,41.26,4.25,5.47,0.0,0.0,2.56
2012-02-08,4.5,2.56,25.4,31.2,18.1,53.0,4.5,4.5,84.0,91.1,17.62,37.14,3.38,4.25,0.0,0.0,1.84
2012-02-09,0.1,1.84,25.9,30.9,21.7,58.0,4.6,4.6,84.1,86.3,18.8,37.47,2.56,3.38,4.5,0.0,1.69
2012-02-10,0.0,1.69,24.7,29.0,20.7,62.8,4.6,4.6,84.1,84.2,16.06,33.82,1.84,2.56,0.1,4.5,1.56
2012-02-11,0.0,1.56,24.8,28.1,21.4,63.8,0.1,4.6,61.2,84.1,13.65,30.44,1.69,1.84,0.0,0.1,2.13
2012-02-12,0.0,2.13,23.3,28.2,20.3,72.3,0.0,4.6,46.0,84.1,11.61,27.39,1.56,1.69,0.0,0.0,4.69
2012-02-13,2.1,4.69,22.8,27.5,19.7,62.3,2.1,6.7,12.0,86.2,9.87,24.65,2.13,1.56,0.0,0.0,4.47
2012-02-14,20.5,4.47,23.6,28.6,19.9,57.0,22.6,27.2,27.2,106.7,10.17,24.08,4.69,2.13,2.1,0.0,3.59
2012-02-15,0.0,3.59,23.7,28.2,20.1,57.3,22.6,22.7,27.2,106.7,26.07,40.12,4.47,4.69,20.5,2.1,2.69
2012-02-16,1.3,2.69,23.0,28.0,19.3,56.8,21.8,23.9,28.5,108.0,22.16,36.11,3.59,4.47,0.0,20.5,1.97
2012-02-17,0.0,1.97,22.9,28.2,19.3,56.8,1.3,23.9,28.5,108.0,19.94,33.67,2.69,3.59,1.3,0.0,1.5
2012-02-18,0.0,1.5,23.4,27.8,19.7,58.8,1.3,23.9,28.5,108.0,16.95,30.3,1.97,2.69,0.0,1.3,1.28
2012-02-19,0.0,1.28,23.3,27.8,19.9,62.0,0.0,23.9,28.5,108.0,14.41,27.27,1.5,1.97,0.0,0.0,1.25
2012-02-20,0.0,1.25,21.8,25.7,19.5,59.5,0.0,21.8,28.5,108.0,12.25,24.54,1.28,1.5,0.0,0.0,1.22
2012-02-21,0.0,1.22,22.6,27.6,18.7,58.5,0.0,1.3,28.5,108.0,10.41,22.09,1.25,1.28,0.0,0.0,1.25
2012-02-22,0.0,1.25,22.8,27.2,20.3,71.0,0.0,1.3,24.0,108.0,8.85,19.88,1.22,1.25,0.0,0.0,1.28
2012-02-23,0.0,1.28,24.1,29.4,20.4,62.3,0.0,0.0,23.9,108.0,7.52,17.89,1.25,1.22,0.0,0.0,1.31
2012-02-24,0.0,1.31,25.2,30.2,21.1,58.0,0.0,0.0,23.9,108.0,6.39,16.1,1.28,1.25,0.0,0.0,1.25
2012-02-25,0.0,1.25,24.3,29.2,21.2,49.3,0.0,0.0,23.9,108.0,5.43,14.49,1.31,1.28,0.0,0.0,1.22
2012-02-26,0.0,1.22,24.9,31.0,19.7,48.5,0.0,0.0,23.9,108.0,4.62,13.04,1.25,1.31,0.0,0.0,1.22
2012-02-27,0.0,1.22,26.0,31.6,20.9,45.8,0.0,0.0,21.8,85.1,3.93,11.74,1.22,1.25,0.0,0.0,1.22
2012-02-28,0.0,1.22,25.7,31.4,21.7,50.3,0.0,0.0,1.3,69.9,3.34,10.57,1.22,1.22,0.0,0.0,1.19
2012-02-29,0.0,1.19,25.3,31.0,21.5,48.5,0.0,0.0,1.3,33.8,2.84,9.51,1.22,1.22,0.0,0.0,1.19
2012-03-01,0.0,1.19,26.0,32.0,20.9,42.8,0.0,0.0,0.0,28.5,2.41,8.56,1.19,1.22,0.0,0.0,1.19
2012-03-02,0.0,1.19,26.8,33.0,20.9,38.0,0.0,0.0,0.0,28.5,2.05,7.7,1.19,1.19,0.0,0.0,1.19
2012-03-03,0.0,1.19,25.3,32.0,15.6,43.0,0.0,0.0,0.0,28.5,1.74,6.93,1.19,1.19,0.0,0.0,1.16
2012-03-04,0.0,1.16,24.4,29.0,20.9,45.8,0.0,0.0,0.0,28.5,1.48,6.24,1.19,1.19,0.0,0.0,1.16
2012-03-05,0.0,1.16,24.1,29.2,20.1,52.0,0.0,0.0,0.0,28.5,1.26,5.61,1.16,1.19,0.0,0.0,1.16
2012-03-06,0.0,1.16,23.8,28.4,20.3,55.5,0.0,0.0,0.0,28.5,1.07,5.05,1.16,1.16,0.0,0.0,1.16
2012-03-07,0.0,1.16,23.2,28.2,19.1,51.8,0.0,0.0,0.0,28.5,0.91,4.55,1.16,1.16,0.0,0.0,1.16
2012-03-08,0.0,1.16,23.7,28.9,19.2,52.0,0.0,0.0,0.0,28.5,0.77,4.09,1.16,1.16,0.0,0.0,1.12
2012-03-09,0.0,1.12,25.0,30.2,20.5,48.3,0.0,0.0,0.0,24.0,0.66,3.68,1.16,1.16,0.0,0.0,1.12
2012-03-10,0.0,1.12,24.1,28.2,20.9,57.3,0.0,0.0,0.0,23.9,0.56,3.32,1.12,1.16,0.0,0.0,1.16
2012-03-11,0.0,1.16,23.0,30.7,20.0,69.0,0.0,0.0,0.0,23.9,0.47,2.98,1.12,1.12,0.0,0.0,1.5
2012-03-12,53.5,1.5,22.2,27.6,19.5,78.5,53.5,53.5,53.5,77.4,0.4,2.69,1.16,1.12,0.0,0.0,3.25
2012-03-13,23.8,3.25,22.2,27.8,18.5,77.0,77.3,77.3,77.3,101.2,45.82,50.57,1.5,1.16,53.5,0.0,4.6
2012-03-14,12.5,4.6,23.9,29.8,19.6,66.0,89.8,89.8,89.8,111.6,59.18,66.93,3.25,1.5,23.8,53.5,4.06
2012-03-15,22.8,4.06,23.0,30.0,19.1,75.5,59.1,112.6,112.6,113.9,60.92,71.49,4.6,3.25,12.5,23.8,5.41
2012-03-16,28.5,5.41,22.0,24.9,20.2,89.0,63.8,141.1,141.1,142.4,71.17,84.86,4.06,4.6,22.8,12.5,8.35
2012-03-17,21.3,8.35,21.5,25.5,19.5,71.0,72.6,162.4,162.4,162.4,84.72,102.02,5.41,4.06,28.5,22.8,7.97
2012-03-18,4.8,7.97,19.8,23.0,18.2,74.0,54.6,167.2,167.2,167.2,90.11,110.99,8.35,5.41,21.3,28.5,6.59
2012-03-19,0.3,6.59,19.5,21.5,17.5,78.8,26.4,114.0,167.5,167.5,80.68,104.21,7.97,8.35,4.8,21.3,5.71
2012-03-20,0.0,5.71,21.2,26.0,18.2,74.5,5.1,90.2,167.5,167.5,68.83,94.06,6.59,7.97,0.3,4.8,5.56
2012-03-21,0.0,5.56,22.6,28.2,18.3,72.8,0.3,77.7,167.5,167.5,58.51,84.65,5.71,6.59,0.0,0.3,4.9
2012-03-22,0.0,4.9,24.4,29.7,19.4,65.0,0.0,54.9,167.5,167.5,49.73,76.19,5.56,5.71,0.0,0.0,3.97
2012-03-23,0.0,3.97,22.6,26.7,19.7,79.8,0.0,26.4,167.5,167.5,42.27,68.57,4.9,5.56,0.0,0.0,3.53
2012-03-24,23.5,3.53,24.3,29.9,19.6,69.3,23.5,28.6,191.0,191.0,35.93,61.71,3.97,4.9,0.0,0.0,3.41
2012-03-25,0.1,3.41,23.0,28.6,19.7,83.0,23.6,23.9,191.1,191.1,50.52,76.69,3.53,3.97,23.5,0.0,4.04
2012-03-26,4.5,4.04,23.1,27.6,19.2,71.0,28.1,28.1,142.1,195.6,43.02,69.11,3.41,3.53,0.1,23.5,3.22
2012-03-27,0.0,3.22,23.4,28.6,18.9,59.0,4.6,28.1,118.3,195.6,40.39,66.25,4.04,3.41,4.5,0.1,2.4
2012-03-28,0.0,2.4,24.2,28.8,19.7,60.8,4.5,28.1,105.8,195.6,34.34,59.63,3.22,4.04,0.0,4.5,2.03
2012-03-29,21.6,2.03,22.2,26.3,18.9,73.3,21.6,49.7,104.6,217.2,29.18,53.66,2.4,3.22,0.0,0.0,2.25
2012-03-30,0.2,2.25,23.0,27.8,19.7,66.0,21.8,49.9,76.3,217.4,43.17,67.74,2.03,2.4,21.6,0.0,2.03
2012-03-31,0.0,2.03,23.2,27.6,20.7,63.3,21.8,26.4,55.0,217.4,36.86,61.14,2.25,2.03,0.2,21.6,2.18
2012-04-01,0.0,2.18,23.1,27.3,20.0,63.0,0.2,26.3,50.2,217.4,31.33,55.03,2.03,2.25,0.0,0.2,2.09
2012-04-02,0.0,2.09,23.3,28.6,19.9,63.0,0.0,21.8,49.9,217.4,26.63,49.53,2.18,2.03,0.0,0.0,1.84
2012-04-03,0.0,1.84,22.9,28.2,19.9,64.3,0.0,21.8,49.9,217.4,22.64,44.57,2.09,2.18,0.0,0.0,1.62
2012-04-04,0.0,1.62,23.0,27.8,19.7,68.8,0.0,21.8,49.9,217.4,19.24,40.12,1.84,2.09,0.0,0.0,1.44
2012-04-05,0.0,1.44,24.3,29.8,19.4,65.0,0.0,0.2,49.9,217.4,16.36,36.1,1.62,1.84,0.0,0.0,1.34
2012-04-06,0.0,1.34,22.4,29.4,18.5,83.3,0.0,0.0,49.9,217.4,13.9,32.49,1.44,1.62,0.0,0.0,1.5
2012-04-07,14.8,1.5,22.1,27.4,18.1,72.8,14.8,14.8,41.2,232.2,11.82,29.24,1.34,1.44,0.0,0.0,1.59
2012-04-08,0.0,1.59,23.3,28.0,19.5,64.8,14.8,14.8,41.1,232.2,22.62,39.64,1.5,1.34,14.8,0.0,1.44
2012-04-09,0.0,1.44,22.9,27.1,19.5,58.8,14.8,14.8,36.6,232.2,19.23,35.68,1.59,1.5,0.0,14.8,1.31
2012-04-10,0.0,1.31,22.6,27.1,19.3,61.0,0.0,14.8,36.6,232.2,16.35,32.11,1.44,1.59,0.0,0.0,1.28
2012-04-11,0.0,1.28,22.4,26.2,19.8,64.8,0.0,14.8,36.6,178.7,13.89,28.9,1.31,1.44,0.0,0.0,1.28
2012-04-12,0.0,1.28,22.3,26.7,19.5,68.3,0.0,14.8,15.0,154.9,11.81,26.01,1.28,1.31,0.0,0.0,1.28
2012-04-13,0.0,1.28,22.5,26.8,19.0,64.0,0.0,14.8,14.8,142.4,10.04,23.41,1.28,1.28,0.0,0.0,1.25
2012-04-14,0.0,1.25,23.7,29.0,19.4,61.8,0.0,0.0,14.8,119.6,8.53,21.07,1.28,1.28,0.0,0.0,1.25
2012-04-15,0.0,1.25,24.8,30.2,19.8,56.3,0.0,0.0,14.8,91.1,7.25,18.96,1.25,1.28,0.0,0.0,1.31
2012-04-16,0.0,1.31,24.1,29.4,21.6,78.0,0.0,0.0,14.8,69.8,6.16,17.06,1.25,1.25,0.0,0.0,1.62
2012-04-17,3.5,1.62,20.5,22.8,18.9,78.5,3.5,3.5,18.3,68.5,5.24,15.36,1.31,1.25,0.0,0.0,1.47
2012-04-18,0.0,1.47,21.5,27.8,16.8,61.0,3.5,3.5,18.3,68.2,7.43,16.97,1.62,1.31,3.5,0.0,1.31
2012-04-19,0.0,1.31,20.9,26.5,17.2,57.8,3.5,3.5,18.3,68.2,6.31,15.27,1.47,1.62,0.0,3.5,1.25
2012-04-20,0.0,1.25,21.4,26.5,16.2,51.8,0.0,3.5,18.3,68.2,5.37,13.75,1.31,1.47,0.0,0.0,1.25
2012-04-21,0.0,1.25,23.2,28.9,17.5,52.3,0.0,3.5,3.5,68.2,4.56,12.37,1.25,1.31,0.0,0.0,1.22
2012-04-22,0.0,1.22,23.3,28.2,20.0,64.3,0.0,3.5,3.5,68.2,3.88,11.14,1.25,1.25,0.0,0.0,1.34
2012-04-23,0.0,1.34,20.9,23.5,19.4,84.3,0.0,3.5,3.5,44.7,3.3,10.02,1.22,1.25,0.0,0.0,1.53
2012-04-24,8.6,1.53,22.6,28.6,17.8,63.3,8.6,8.6,12.1,53.2,2.8,9.02,1.34,1.22,0.0,0.0,1.34
2012-04-25,0.0,1.34,23.8,29.3,19.1,62.0,8.6,8.6,12.1,48.7,9.69,15.86,1.53,1.34,8.6,0.0,1.28
2012-04-26,0.0,1.28,23.7,27.6,19.0,68.3,8.6,8.6,12.1,48.7,8.24,14.27,1.34,1.53,0.0,8.6,1.25
2012-04-27,13.8,1.25,22.2,26.7,19.1,78.8,13.8,22.4,25.9,62.5,7.0,12.84,1.28,1.34,0.0,0.0,1.31
2012-04-28,0.0,1.31,23.9,28.2,19.6,68.5,13.8,22.4,25.9,40.9,17.68,23.98,1.25,1.28,13.8,0.0,1.4
2012-04-29,0.0,1.4,23.1,27.1,20.4,64.5,13.8,22.4,25.9,40.7,15.03,21.58,1.31,1.25,0.0,13.8,1.28
2012-04-30,0.0,1.28,24.6,30.1,19.2,59.8,0.0,22.4,25.9,40.7,12.78,19.42,1.4,1.31,0.0,0.0,1.28
2012-05-01,0.0,1.28,21.4,25.5,18.8,72.8,0.0,13.8,22.4,40.7,10.86,17.48,1.28,1.4,0.0,0.0,1.28
2012-05-02,0.0,1.28,18.7,23.9,15.6,73.8,0.0,13.8,22.4,40.7,9.23,15.73,1.28,1.28,0.0,0.0,1.25
2012-05-03,0.0,1.25,19.6,24.5,15.6,64.3,0.0,13.8,22.4,40.7,7.85,14.16,1.28,1.28,0.0,0.0,1.22
2012-05-04,0.0,1.22,19.3,23.7,15.6,64.5,0.0,0.0,22.4,40.7,6.67,12.74,1.25,1.28,0.0,0.0,1.22
2012-05-05,0.0,1.22,20.6,26.3,16.6,63.3,0.0,0.0,22.4,40.7,5.67,11.47,1.22,1.25,0.0,0.0,1.22
2012-05-06,0.0,1.22,19.6,24.4,15.8,67.8,0.0,0.0,22.4,40.7,4.82,10.32,1.22,1.22,0.0,0.0,1.19
2012-05-07,0.0,1.19,18.8,23.1,15.8,62.3,0.0,0.0,22.4,25.9,4.1,9.29,1.22,1.22,0.0,0.0,1.4
2012-05-08,11.8,1.4,17.2,20.5,16.5,76.5,11.8,11.8,25.6,37.7,3.48,8.36,1.19,1.22,0.0,0.0,1.9
2012-05-09,0.0,1.9,19.0,23.3,15.2,67.8,11.8,11.8,25.6,37.7,12.99,18.15,1.4,1.19,11.8,0.0,1.5
2012-05-10,0.0,1.5,20.1,26.5,14.9,58.8,11.8,11.8,25.6,37.7,11.04,16.33,1.9,1.4,0.0,11.8,1.28
2012-05-11,0.0,1.28,21.1,26.5,18.0,56.0,0.0,11.8,11.8,37.7,9.38,14.7,1.5,1.9,0.0,0.0,1.22
2012-05-12,0.0,1.22,22.2,28.0,16.6,58.0,0.0,11.8,11.8,37.7,7.98,13.23,1.28,1.5,0.0,0.0,1.22
2012-05-13,0.0,1.22,22.0,26.0,18.6,66.0,0.0,11.8,11.8,37.7,6.78,11.91,1.22,1.28,0.0,0.0,1.44
2012-05-14,0.0,1.44,19.4,23.1,17.9,90.5,0.0,11.8,11.8,37.7,5.76,10.71,1.22,1.22,0.0,0.0,2.34
2012-05-15,59.8,2.34,16.5,18.9,15.6,86.5,59.8,59.8,71.6,97.5,4.9,9.64,1.44,1.22,0.0,0.0,3.0
2012-05-16,4.5,3.0,17.4,20.5,15.0,74.5,64.3,64.3,76.1,102.0,54.99,62.5,2.34,1.44,59.8,0.0,2.91
2012-05-17,2.8,2.91,17.5,21.5,14.6,65.5,67.1,67.1,78.9,101.3,50.57,60.3,3.0,2.34,4.5,59.8,2.06
2012-05-18,0.0,2.06,18.1,23.8,14.4,63.3,7.3,67.1,78.9,101.3,45.36,56.79,2.91,3.0,2.8,4.5,1.5
2012-05-19,0.0,1.5,18.1,22.1,14.4,63.5,2.8,67.1,78.9,101.3,38.56,51.11,2.06,2.91,0.0,2.8,1.28
2012-05-20,0.0,1.28,17.8,22.1,15.2,66.8,0.0,67.1,78.9,101.3,32.78,46.0,1.5,2.06,0.0,0.0,1.25
2012-05-21,0.0,1.25,18.0,22.9,15.0,65.3,0.0,67.1,78.9,101.3,27.86,41.4,1.28,1.5,0.0,0.0,1.22
2012-05-22,0.0,1.22,18.1,22.1,15.0,66.3,0.0,7.3,67.1,101.3,23.68,37.26,1.25,1.28,0.0,0.0,1.25
2012-05-23,0.0,1.25,18.1,22.1,15.2,70.5,0.0,2.8,67.1,101.3,20.13,33.53,1.22,1.25,0.0,0.0,1.25
2012-05-24,0.0,1.25,19.0,23.9,15.2,68.5,0.0,0.0,67.1,92.7,17.11,30.18,1.25,1.22,0.0,0.0,1.22
2012-05-25,0.0,1.22,18.6,25.1,16.0,74.0,0.0,0.0,67.1,92.7,14.54,27.16,1.25,1.25,0.0,0.0,1.28
2012-05-26,0.0,1.28,19.5,24.7,16.2,84.0,0.0,0.0,67.1,92.7,12.36,24.45,1.22,1.25,0.0,0.0,1.31
2012-05-27,0.0,1.31,21.4,27.7,17.0,63.3,0.0,0.0,67.1,78.9,10.51,22.0,1.28,1.22,0.0,0.0,1.25
2012-05-28,0.0,1.25,21.7,26.9,16.7,62.8,0.0,0.0,67.1,78.9,8.93,19.8,1.31,1.28,0.0,0.0,1.22
2012-05-29,12.3,1.22,22.2,28.2,17.8,62.3,12.3,12.3,19.6,91.2,7.59,17.82,1.25,1.31,0.0,0.0,1.19
2012-05-30,0.0,1.19,22.4,28.1,17.7,62.3,12.3,12.3,15.1,91.2,16.91,27.11,1.22,1.25,12.3,0.0,1.19
2012-05-31,3.1,1.19,22.9,28.0,18.2,60.3,15.4,15.4,15.4,94.3,14.37,24.4,1.19,1.22,0.0,12.3,1.22
2012-06-01,0.0,1.22,22.4,27.6,19.0,65.8,3.1,15.4,15.4,94.3,14.85,24.75,1.19,1.19,3.1,0.0,1.22
2012-06-02,0.0,1.22,21.7,27.6,17.9,67.8,3.1,15.4,15.4,94.3,12.62,22.27,1.22,1.19,0.0,3.1,1.19
2012-06-03,0.0,1.19,22.0,27.4,17.4,64.5,0.0,15.4,15.4,94.3,10.73,20.05,1.22,1.22,0.0,0.0,1.16
2012-06-04,0.0,1.16,22.4,28.0,17.8,60.0,0.0,15.4,15.4,94.3,9.12,18.04,1.19,1.22,0.0,0.0,1.16
2012-06-05,0.0,1.16,23.4,29.0,19.4,62.5,0.0,3.1,15.4,94.3,7.75,16.24,1.16,1.19,0.0,0.0,1.16
2012-06-06,0.0,1.16,20.8,25.5,18.0,75.0,0.0,3.1,15.4,94.3,6.59,14.61,1.16,1.16,0.0,0.0,1.31
2012-06-07,16.8,1.31,20.4,23.3,18.0,77.5,16.8,16.8,32.2,99.3,5.6,13.15,1.16,1.16,0.0,0.0,1.62
2012-06-08,2.3,1.62,19.0,22.9,16.2,75.5,19.1,19.1,34.5,101.6,19.04,26.96,1.31,1.16,16.8,0.0,1.38
2012-06-09,1.1,1.38,19.8,25.1,15.8,72.0,20.2,20.2,35.6,102.7,18.14,26.33,1.62,1.31,2.3,16.8,1.22
2012-06-10,0.0,1.22,19.5,24.5,16.0,64.3,3.4,20.2,35.6,102.7,16.35,24.69,1.38,1.62,1.1,2.3,1.19
2012-06-11,0.0,1.19,19.7,24.9,16.2,67.5,1.1,20.2,35.6,102.7,13.9,22.22,1.22,1.38,0.0,1.1,1.16
2012-06-12,0.0,1.16,20.9,26.7,15.2,61.3,0.0,20.2,23.3,102.7,11.82,20.0,1.19,1.22,0.0,0.0,1.16
2012-06-13,0.0,1.16,20.4,25.3,17.4,63.5,0.0,20.2,23.3,102.7,10.04,18.0,1.16,1.19,0.0,0.0,1.14
2012-06-14,0.0,1.14,20.3,25.1,16.8,60.8,0.0,3.4,20.2,42.9,8.54,16.2,1.16,1.16,0.0,0.0,1.12
2012-06-15,0.3,1.12,19.6,24.1,16.8,62.5,0.3,1.4,20.5,38.7,7.26,14.58,1.14,1.16,0.0,0.0,1.12
2012-06-16,0.0,1.12,19.1,24.9,15.2,66.0,0.3,0.3,20.5,35.9,6.42,13.39,1.12,1.14,0.3,0.0,1.11
2012-06-17,2.1,1.11,20.2,26.1,15.4,56.3,2.4,2.4,22.6,38.0,5.46,12.05,1.12,1.12,0.0,0.3,1.11
2012-06-18,0.0,1.11,20.7,26.7,15.4,56.8,2.1,2.4,22.6,38.0,6.43,12.74,1.11,1.12,2.1,0.0,1.11
2012-06-19,0.0,1.11,21.1,27.4,16.8,62.3,2.1,2.4,22.6,38.0,5.46,11.46,1.11,1.11,0.0,2.1,1.09
2012-06-20,0.0,1.09,22.3,27.2,18.2,61.5,0.0,2.4,22.6,38.0,4.64,10.32,1.11,1.11,0.0,0.0,1.09
2012-06-21,0.0,1.09,22.0,27.4,19.0,71.5,0.0,2.4,5.8,38.0,3.95,9.28,1.09,1.11,0.0,0.0,1.08
2012-06-22,0.0,1.08,22.2,26.5,19.8,69.8,0.0,2.1,3.5,38.0,3.35,8.36,1.09,1.09,0.0,0.0,1.08
2012-06-23,0.0,1.08,21.6,27.8,18.0,65.3,0.0,2.1,2.4,38.0,2.85,7.52,1.08,1.09,0.0,0.0,1.08
2012-06-24,0.0,1.08,19.5,23.3,17.6,72.5,0.0,0.0,2.4,38.0,2.42,6.77,1.08,1.08,0.0,0.0,1.06
2012-06-25,0.0,1.06,19.9,26.2,15.4,61.3,0.0,0.0,2.4,38.0,2.06,6.09,1.08,1.08,0.0,0.0,1.06
2012-06-26,0.0,1.06,18.0,22.5,14.6,56.8,0.0,0.0,2.4,38.0,1.75,5.48,1.06,1.08,0.0,0.0,1.05
2012-06-27,0.0,1.05,18.6,24.3,13.8,62.5,0.0,0.0,2.4,38.0,1.49,4.93,1.06,1.06,0.0,0.0,1.05
2012-06-28,0.0,1.05,19.4,23.7,16.2,60.8,0.0,0.0,2.4,25.7,1.27,4.44,1.05,1.06,0.0,0.0,1.05
2012-06-29,0.0,1.05,20.1,25.5,16.0,54.3,0.0,0.0,2.1,25.7,1.08,4.0,1.05,1.05,0.0,0.0,1.03
2012-06-30,0.0,1.03,20.5,25.3,16.8,63.5,0.0,0.0,2.1,22.6,0.91,3.6,1.05,1.05,0.0,0.0,1.03
2012-07-01,0.0,1.03,20.6,25.6,17.2,61.5,0.0,0.0,0.0,22.6,0.78,3.24,1.03,1.05,0.0,0.0,1.03
2012-07-02,0.0,1.03,20.1,24.5,16.2,60.3,0.0,0.0,0.0,22.6,0.66,2.91,1.03,1.03,0.0,0.0,1.01
2012-07-03,0.0,1.01,19.7,24.5,16.6,55.8,0.0,0.0,0.0,22.6,0.56,2.62,1.03,1.03,0.0,0.0,1.01
2012-07-04,0.0,1.01,18.4,23.3,15.2,63.8,0.0,0.0,0.0,22.6,0.48,2.36,1.01,1.03,0.0,0.0,1.0
2012-07-05,0.0,1.0,19.2,23.5,15.3,57.8,0.0,0.0,0.0,22.6,0.41,2.12,1.01,1.01,0.0,0.0,1.0
2012-07-06,0.0,1.0,19.1,24.1,15.6,60.3,0.0,0.0,0.0,22.6,0.34,1.91,1.0,1.01,0.0,0.0,1.0
2012-07-07,0.0,1.0,19.5,25.1,14.7,59.3,0.0,0.0,0.0,5.8,0.29,1.72,1.0,1.0,0.0,0.0,0.99
2012-07-08,0.0,0.99,20.0,26.3,14.4,58.8,0.0,0.0,0.0,3.5,0.25,1.55,1.0,1.0,0.0,0.0,0.99
2012-07-09,0.0,0.99,16.9,22.3,13.6,61.5,0.0,0.0,0.0,2.4,0.21,1.39,0.99,1.0,0.0,0.0,0.99
2012-07-10,0.0,0.99,18.0,24.3,12.2,57.0,0.0,0.0,0.0,2.4,0.18,1.25,0.99,0.99,0.0,0.0,0.97
2012-07-11,0.0,0.97,20.3,25.9,14.5,55.5,0.0,0.0,0.0,2.4,0.15,1.13,0.99,0.99,0.0,0.0,0.97
2012-07-12,0.0,0.97,22.6,27.4,18.0,47.0,0.0,0.0,0.0,2.4,0.13,1.02,0.97,0.99,0.0,0.0,0.97
2012-07-13,0.0,0.97,20.6,24.3,18.2,61.8,0.0,0.0,0.0,2.4,0.11,0.91,0.97,0.97,0.0,0.0,0.95
2012-07-14,0.0,0.95,20.7,27.6,14.8,57.8,0.0,0.0,0.0,2.4,0.09,0.82,0.97,0.97,0.0,0.0,0.95
2012-07-15,0.0,0.95,21.0,25.7,17.8,58.0,0.0,0.0,0.0,2.1,0.08,0.74,0.95,0.97,0.0,0.0,0.95
2012-07-16,0.0,0.95,18.6,22.9,15.8,66.0,0.0,0.0,0.0,2.1,0.07,0.67,0.95,0.95,0.0,0.0,0.94
2012-07-17,0.0,0.94,18.0,21.1,16.1,72.0,0.0,0.0,0.0,0.0,0.06,0.6,0.95,0.95,0.0,0.0,0.94
2012-07-18,0.0,0.94,18.3,20.9,15.4,73.0,0.0,0.0,0.0,0.0,0.05,0.54,0.94,0.95,0.0,0.0,0.94
2012-07-19,0.0,0.94,15.9,23.5,11.2,46.0,0.0,0.0,0.0,0.0,0.04,0.49,0.94,0.94,0.0,0.0,0.94
2012-07-20,0.0,0.94,18.8,26.7,11.8,47.3,0.0,0.0,0.0,0.0,0.04,0.44,0.94,0.94,0.0,0.0,0.92
2012-07-21,0.0,0.92,20.4,27.2,13.6,45.8,0.0,0.0,0.0,0.0,0.03,0.39,0.94,0.94,0.0,0.0,0.92
2012-07-22,0.0,0.92,21.1,28.8,14.8,49.8,0.0,0.0,0.0,0.0,0.03,0.35,0.92,0.94,0.0,0.0,0.91
2012-07-23,0.0,0.91,22.3,27.4,16.8,47.8,0.0,0.0,0.0,0.0,0.02,0.32,0.92,0.92,0.0,0.0,0.91
2012-07-24,0.0,0.91,21.8,26.8,17.8,40.8,0.0,0.0,0.0,0.0,0.02,0.29,0.91,0.92,0.0,0.0,0.91
2012-07-25,0.0,0.91,21.4,27.8,15.4,41.8,0.0,0.0,0.0,0.0,0.02,0.26,0.91,0.91,0.0,0.0,0.89
2012-07-26,0.0,0.89,20.9,27.2,15.8,42.3,0.0,0.0,0.0,0.0,0.01,0.23,0.91,0.91,0.0,0.0,0.89
2012-07-27,0.0,0.89,21.0,27.2,15.2,42.3,0.0,0.0,0.0,0.0,0.01,0.21,0.89,0.91,0.0,0.0,0.89
2012-07-28,0.0,0.89,21.0,26.7,16.2,42.8,0.0,0.0,0.0,0.0,0.01,0.19,0.89,0.89,0.0,0.0,0.87
2012-07-29,0.0,0.87,20.0,26.3,15.2,53.5,0.0,0.0,0.0,0.0,0.01,0.17,0.89,0.89,0.0,0.0,0.87
2012-07-30,0.0,0.87,20.5,27.4,14.8,44.0,0.0,0.0,0.0,0.0,0.01,0.15,0.87,0.89,0.0,0.0,0.87
2012-07-31,0.0,0.87,19.2,23.5,15.6,53.8,0.0,0.0,0.0,0.0,0.01,0.14,0.87,0.87,0.0,0.0,0.86
2012-08-01,0.0,0.86,18.9,23.2,15.6,64.5,0.0,0.0,0.0,0.0,0.01,0.12,0.87,0.87,0.0,0.0,0.86
2012-08-02,0.0,0.86,18.7,23.2,15.6,63.5,0.0,0.0,0.0,0.0,0.0,0.11,0.86,0.87,0.0,0.0,0.86
2012-08-03,0.0,0.86,19.8,24.6,16.0,55.5,0.0,0.0,0.0,0.0,0.0,0.1,0.86,0.86,0.0,0.0,0.85
2012-08-04,0.0,0.85,20.7,27.0,14.8,52.3,0.0,0.0,0.0,0.0,0.0,0.09,0.86,0.86,0.0,0.0,0.85
2012-08-05,0.0,0.85,20.8,27.4,15.6,50.5,0.0,0.0,0.0,0.0,0.0,0.08,0.85,0.86,0.0,0.0,0.85
2012-08-06,0.0,0.85,19.7,24.7,16.8,57.0,0.0,0.0,0.0,0.0,0.0,0.07,0.85,0.85,0.0,0.0,0.85
2012-08-07,0.0,0.85,18.3,22.7,14.7,59.5,0.0,0.0,0.0,0.0,0.0,0.07,0.85,0.85,0.0,0.0,0.83
2012-08-08,0.0,0.83,18.4,23.7,14.8,54.5,0.0,0.0,0.0,0.0,0.0,0.06,0.85,0.85,0.0,0.0,0.83
2012-08-09,0.0,0.83,17.8,22.4,14.2,52.8,0.0,0.0,0.0,0.0,0.0,0.05,0.83,0.85,0.0,0.0,0.83
2012-08-10,0.0,0.83,18.4,23.1,14.2,51.8,0.0,0.0,0.0,0.0,0.0,0.05,0.83,0.83,0.0,0.0,0.81
2012-08-11,0.0,0.81,18.8,23.6,15.3,52.3,0.0,0.0,0.0,0.0,0.0,0.04,0.83,0.83,0.0,0.0,0.81
2012-08-12,0.0,0.81,18.7,23.1,14.1,56.8,0.0,0.0,0.0,0.0,0.0,0.04,0.81,0.83,0.0,0.0,0.81
2012-08-13,0.0,0.81,19.0,23.5,15.9,63.8,0.0,0.0,0.0,0.0,0.0,0.03,0.81,0.81,0.0,0.0,0.81
2012-08-14,0.0,0.81,18.5,22.9,15.8,65.5,0.0,0.0,0.0,0.0,0.0,0.03,0.81,0.81,0.0,0.0,0.81
2012-08-15,0.0,0.81,17.7,21.3,14.6,69.8,0.0,0.0,0.0,0.0,0.0,0.03,0.81,0.81,0.0,0.0,0.8
2012-08-16,0.0,0.8,19.0,23.6,15.8,65.8,0.0,0.0,0.0,0.0,0.0,0.03,0.81,0.81,0.0,0.0,0.8
2012-08-17,0.0,0.8,19.1,23.9,15.2,48.3,0.0,0.0,0.0,0.0,0.0,0.02,0.8,0.81,0.0,0.0,0.8
2012-08-18,0.0,0.8,19.2,24.3,15.4,52.0,0.0,0.0,0.0,0.0,0.0,0.02,0.8,0.8,0.0,0.0,0.8
2012-08-19,0.0,0.8,18.9,22.9,15.2,63.8,0.0,0.0,0.0,0.0,0.0,0.02,0.8,0.8,0.0,0.0,0.78
2012-08-20,0.0,0.78,18.0,22.0,14.1,49.3,0.0,0.0,0.0,0.0,0.0,0.02,0.8,0.8,0.0,0.0,0.78
2012-08-21,0.0,0.78,18.4,23.9,13.9,62.3,0.0,0.0,0.0,0.0,0.0,0.02,0.78,0.8,0.0,0.0,0.78
2012-08-22,0.0,0.78,18.7,24.3,14.8,49.5,0.0,0.0,0.0,0.0,0.0,0.01,0.78,0.78,0.0,0.0,0.77
2012-08-23,0.0,0.77,17.9,21.7,14.8,70.0,0.0,0.0,0.0,0.0,0.0,0.01,0.78,0.78,0.0,0.0,0.77
2012-08-24,0.0,0.77,19.6,25.9,15.2,52.3,0.0,0.0,0.0,0.0,0.0,0.01,0.77,0.78,0.0,0.0,0.76
2012-08-25,0.0,0.76,19.2,25.1,14.4,49.0,0.0,0.0,0.0,0.0,0.0,0.01,0.77,0.77,0.0,0.0,0.76
2012-08-26,0.0,0.76,20.2,24.7,15.6,55.0,0.0,0.0,0.0,0.0,0.0,0.01,0.76,0.77,0.0,0.0,0.75
2012-08-27,0.0,0.75,21.0,27.1,16.4,44.3,0.0,0.0,0.0,0.0,0.0,0.01,0.76,0.76,0.0,0.0,0.75
2012-08-28,0.0,0.75,20.8,25.9,15.8,53.5,0.0,0.0,0.0,0.0,0.0,0.01,0.75,0.76,0.0,0.0,0.74
2012-08-29,0.0,0.74,22.5,29.2,16.9,43.5,0.0,0.0,0.0,0.0,0.0,0.01,0.75,0.75,0.0,0.0,0.73
2012-08-30,0.0,0.73,21.9,29.1,16.2,44.0,0.0,0.0,0.0,0.0,0.0,0.01,0.74,0.75,0.0,0.0,0.73
2012-08-31,0.0,0.73,21.1,29.4,14.4,48.3,0.0,0.0,0.0,0.0,0.0,0.01,0.73,0.74,0.0,0.0,0.73
2012-09-01,0.0,0.73,23.0,30.9,16.9,45.0,0.0,0.0,0.0,0.0,0.0,0.0,0.73,0.73,0.0,0.0,0.72
2012-09-02,0.0,0.72,23.5,30.8,17.2,40.5,0.0,0.0,0.0,0.0,0.0,0.0,0.73,0.73,0.0,0.0,0.72
2012-09-03,0.0,0.72,24.6,32.4,18.2,38.8,0.0,0.0,0.0,0.0,0.0,0.0,0.72,0.73,0.0,0.0,0.71
2012-09-04,0.0,0.71,20.6,25.5,16.2,53.5,0.0,0.0,0.0,0.0,0.0,0.0,0.72,0.72,0.0,0.0,0.7
2012-09-05,0.0,0.7,21.0,28.2,15.4,53.5,0.0,0.0,0.0,0.0,0.0,0.0,0.71,0.72,0.0,0.0,0.7
2012-09-06,0.0,0.7,21.8,28.6,16.0,42.0,0.0,0.0,0.0,0.0,0.0,0.0,0.7,0.71,0.0,0.0,0.69
2012-09-07,0.0,0.69,21.7,27.6,17.4,52.3,0.0,0.0,0.0,0.0,0.0,0.0,0.7,0.7,0.0,0.0,0.69
2012-09-08,0.0,0.69,22.8,28.8,17.2,42.8,0.0,0.0,0.0,0.0,0.0,0.0,0.69,0.7,0.0,0.0,0.69
2012-09-09,0.0,0.69,24.7,31.2,17.8,36.8,0.0,0.0,0.0,0.0,0.0,0.0,0.69,0.69,0.0,0.0,0.68
2012-09-10,0.0,0.68,25.7,32.6,20.2,34.8,0.0,0.0,0.0,0.0,0.0,0.0,0.69,0.69,0.0,0.0,0.68
2012-09-11,0.0,0.68,26.3,34.0,20.0,33.5,0.0,0.0,0.0,0.0,0.0,0.0,0.68,0.69,0.0,0.0,0.67
2012-09-12,0.0,0.67,27.9,34.8,21.3,34.8,0.0,0.0,0.0,0.0,0.0,0.0,0.68,0.68,0.0,0.0,0.66
2012-09-13,0.0,0.66,27.3,34.6,22.6,42.0,0.0,0.0,0.0,0.0,0.0,0.0,0.67,0.68,0.0,0.0,0.66
2012-09-14,0.0,0.66,22.8,28.2,19.4,62.3,0.0,0.0,0.0,0.0,0.0,0.0,0.66,0.67,0.0,0.0,0.66
2012-09-15,0.0,0.66,22.8,28.7,18.9,53.8,0.0,0.0,0.0,0.0,0.0,0.0,0.66,0.66,0.0,0.0,0.66
2012-09-16,0.0,0.66,22.7,28.8,17.8,53.8,0.0,0.0,0.0,0.0,0.0,0.0,0.66,0.66,0.0,0.0,0.65
2012-09-17,0.0,0.65,23.5,29.8,19.4,50.3,0.0,0.0,0.0,0.0,0.0,0.0,0.66,0.66,0.0,0.0,0.65
2012-09-18,0.0,0.65,25.6,32.7,18.9,38.0,0.0,0.0,0.0,0.0,0.0,0.0,0.65,0.66,0.0,0.0,0.64
2012-09-19,0.0,0.64,26.9,34.4,20.2,36.0,0.0,0.0,0.0,0.0,0.0,0.0,0.65,0.65,0.0,0.0,0.63
2012-09-20,0.0,0.63,24.2,28.6,21.8,51.0,0.0,0.0,0.0,0.0,0.0,0.0,0.64,0.65,0.0,0.0,0.63
2012-09-21,0.0,0.63,22.6,29.7,19.3,67.5,0.0,0.0,0.0,0.0,0.0,0.0,0.63,0.64,0.0,0.0,0.85
2012-09-22,4.8,0.85,22.3,27.8,18.0,59.0,4.8,4.8,4.8,4.8,0.0,0.0,0.63,0.63,0.0,0.0,0.85
2012-09-23,0.0,0.85,18.3,22.3,16.6,70.0,4.8,4.8,4.8,4.8,4.08,4.32,0.85,0.63,4.8,0.0,0.73
2012-09-24,0.0,0.73,20.0,25.4,15.7,64.0,4.8,4.8,4.8,4.8,3.47,3.89,0.85,0.85,0.0,4.8,0.68
2012-09-25,0.0,0.68,21.7,30.1,17.2,68.8,0.0,4.8,4.8,4.8,2.95,3.5,0.73,0.85,0.0,0.0,1.42
2012-09-26,10.3,1.42,19.0,24.7,16.8,76.8,10.3,15.1,15.1,15.1,2.51,3.15,0.68,0.73,0.0,0.0,1.67
2012-09-27,0.0,1.67,15.9,23.7,9.9,43.5,10.3,15.1,15.1,15.1,10.88,12.1,1.42,0.68,10.3,0.0,1.02
2012-09-28,0.0,1.02,16.8,24.8,10.1,43.8,10.3,15.1,15.1,15.1,9.25,10.89,1.67,1.42,0.0,10.3,0.77
2012-09-29,0.0,0.77,17.7,23.3,11.6,42.5,0.0,10.3,15.1,15.1,7.86,9.8,1.02,1.67,0.0,0.0,0.71
2012-09-30,0.0,0.71,17.8,23.5,12.7,48.8,0.0,10.3,15.1,15.1,6.68,8.82,0.77,1.02,0.0,0.0,0.68
2012-10-01,0.0,0.68,21.0,28.6,14.2,41.0,0.0,10.3,15.1,15.1,5.68,7.94,0.71,0.77,0.0,0.0,0.66
2012-10-02,0.0,0.66,23.2,30.2,16.9,38.5,0.0,10.3,15.1,15.1,4.83,7.15,0.68,0.71,0.0,0.0,0.64
2012-10-03,0.0,0.64,22.1,27.5,18.2,51.3,0.0,0.0,15.1,15.1,4.11,6.43,0.66,0.68,0.0,0.0,0.63
2012-10-04,0.0,0.63,22.9,29.2,18.4,47.5,0.0,0.0,15.1,15.1,3.49,5.79,0.64,0.66,0.0,0.0,0.63
2012-10-05,0.0,0.63,22.8,28.8,17.8,44.3,0.0,0.0,15.1,15.1,2.97,5.21,0.63,0.64,0.0,0.0,0.62
2012-10-06,0.0,0.62,21.8,26.3,17.4,42.8,0.0,0.0,10.3,15.1,2.52,4.69,0.63,0.63,0.0,0.0,0.61
2012-10-07,0.0,0.61,21.7,27.1,16.4,45.8,0.0,0.0,10.3,15.1,2.14,4.22,0.62,0.63,0.0,0.0,0.6
2012-10-08,0.0,0.6,21.7,26.9,17.0,46.5,0.0,0.0,10.3,15.1,1.82,3.8,0.61,0.62,0.0,0.0,0.6
2012-10-09,0.0,0.6,21.9,26.8,17.4,48.8,0.0,0.0,10.3,15.1,1.55,3.42,0.6,0.61,0.0,0.0,0.59
2012-10-10,0.0,0.59,22.9,29.0,17.0,47.8,0.0,0.0,0.0,15.1,1.32,3.08,0.6,0.6,0.0,0.0,0.58
2012-10-11,0.0,0.58,25.6,32.4,18.4,38.0,0.0,0.0,0.0,15.1,1.12,2.77,0.59,0.6,0.0,0.0,0.58
2012-10-12,0.0,0.58,26.0,32.0,21.2,46.3,0.0,0.0,0.0,15.1,0.95,2.49,0.58,0.59,0.0,0.0,0.68
2012-10-13,18.9,0.68,20.8,26.5,17.2,73.3,18.9,18.9,18.9,34.0,0.81,2.24,0.58,0.58,0.0,0.0,0.68
2012-10-14,0.0,0.68,19.4,23.0,17.4,79.5,18.9,18.9,18.9,34.0,16.75,19.03,0.68,0.58,18.9,0.0,0.64
2012-10-15,1.8,0.64,20.1,26.3,15.1,62.5,20.7,20.7,20.7,35.8,14.24,17.13,0.68,0.68,0.0,18.9,0.62
2012-10-16,0.0,0.62,21.6,27.6,16.8,55.0,1.8,20.7,20.7,35.8,13.63,17.03,0.64,0.68,1.8,0.0,0.6
2012-10-17,0.0,0.6,21.3,25.3,17.2,62.0,1.8,20.7,20.7,35.8,11.59,15.33,0.62,0.64,0.0,1.8,0.58
2012-10-18,0.0,0.58,25.3,31.8,19.6,46.8,0.0,20.7,20.7,35.8,9.85,13.8,0.6,0.62,0.0,0.0,0.59
2012-10-19,0.0,0.59,24.0,31.4,20.2,50.3,0.0,20.7,20.7,35.8,8.37,12.42,0.58,0.6,0.0,0.0,0.58
2012-10-20,0.0,0.58,23.7,25.6,18.0,68.3,0.0,1.8,20.7,35.8,7.12,11.18,0.59,0.58,0.0,0.0,0.58
2012-10-21,0.0,0.58,24.9,30.0,20.0,51.8,0.0,1.8,20.7,35.8,6.05,10.06,0.58,0.59,0.0,0.0,0.58
2012-10-22,0.0,0.58,24.5,30.6,20.4,62.5,0.0,0.0,20.7,31.0,5.14,9.05,0.58,0.58,0.0,0.0,0.56
2012-10-23,0.0,0.56,26.5,33.0,20.8,51.0,0.0,0.0,20.7,31.0,4.37,8.15,0.58,0.58,0.0,0.0,0.56
2012-10-24,0.0,0.56,24.4,27.4,21.4,57.5,0.0,0.0,20.7,31.0,3.71,7.33,0.56,0.58,0.0,0.0,0.63
2012-10-25,0.0,0.63,26.0,30.8,22.0,52.3,0.0,0.0,20.7,31.0,3.16,6.6,0.56,0.56,0.0,0.0,0.61
2012-10-26,0.0,0.61,25.6,31.4,21.2,42.8,0.0,0.0,20.7,20.7,2.68,5.94,0.63,0.56,0.0,0.0,0.58
2012-10-27,0.0,0.58,26.8,33.2,21.6,34.3,0.0,0.0,1.8,20.7,2.28,5.35,0.61,0.63,0.0,0.0,0.56
2012-10-28,0.0,0.56,29.4,35.6,22.6,46.3,0.0,0.0,1.8,20.7,1.94,4.81,0.58,0.61,0.0,0.0,0.56
2012-10-29,0.0,0.56,26.8,34.8,22.2,46.5,0.0,0.0,0.0,20.7,1.65,4.33,0.56,0.58,0.0,0.0,0.56
2012-10-30,0.8,0.56,27.5,35.3,21.8,47.8,0.8,0.8,0.8,21.5,1.4,3.9,0.56,0.56,0.0,0.0,0.65
2012-10-31,2.8,0.65,27.6,37.1,22.2,49.8,3.6,3.6,3.6,24.3,1.87,4.23,0.56,0.56,0.8,0.0,0.91
2012-11-01,6.7,0.91,28.0,34.4,21.3,44.0,10.3,10.3,10.3,31.0,3.97,6.32,0.65,0.56,2.8,0.8,1.23
2012-11-02,0.0,1.23,23.5,30.4,20.0,71.3,9.5,10.3,10.3,31.0,9.07,11.72,0.91,0.65,6.7,2.8,1.59
2012-11-03,28.1,1.59,22.1,26.5,18.4,79.3,34.8,38.4,38.4,59.1,7.71,10.55,1.23,0.91,0.0,6.7,2.39
2012-11-04,7.8,2.39,22.5,28.7,19.7,80.5,35.9,46.2,46.2,66.9,30.44,34.78,1.59,1.23,28.1,0.0,2.82
2012-11-05,31.3,2.82,22.8,28.6,18.1,67.3,67.2,77.5,77.5,98.2,32.5,38.33,2.39,1.59,7.8,28.1,2.33
2012-11-06,0.2,2.33,22.3,27.4,18.6,69.3,39.3,76.9,77.7,98.4,54.23,62.66,2.82,2.39,31.3,7.8,1.62
2012-11-07,1.3,1.62,22.9,27.8,19.8,69.5,32.8,75.4,79.0,99.7,46.27,56.58,2.33,2.82,0.2,31.3,1.12
2012-11-08,1.8,1.12,22.4,26.3,19.1,63.8,3.3,70.5,80.8,101.5,40.43,52.09,1.62,2.33,1.3,0.2,1.99
2012-11-09,0.3,1.99,19.5,23.6,17.0,90.8,3.4,70.8,81.1,101.8,35.9,48.5,1.12,1.62,1.8,1.3,3.67
2012-11-10,17.8,3.67,19.2,21.1,17.2,88.3,19.9,60.5,98.9,119.6,30.77,43.92,1.99,1.12,0.3,1.8,3.9
2012-11-11,3.8,3.9,20.9,25.5,17.8,86.0,21.9,56.5,102.7,123.4,41.28,55.55,3.67,1.99,17.8,0.3,3.13
2012-11-12,16.6,3.13,23.9,29.8,19.1,69.5,38.2,41.8,119.3,121.1,38.32,53.41,3.9,3.67,3.8,17.8,2.53
2012-11-13,0.2,2.53,23.8,27.8,20.8,71.0,20.6,41.8,118.7,121.3,46.68,63.01,3.13,3.9,16.6,3.8,2.16
2012-11-14,0.0,2.16,21.5,26.3,19.2,74.8,16.8,40.5,115.9,119.5,39.85,56.89,2.53,3.13,0.2,16.6,1.75
2012-11-15,5.8,1.75,20.4,26.5,16.0,79.0,6.0,44.5,115.0,125.3,33.87,51.2,2.16,2.53,0.0,0.2,2.23
2012-11-16,41.2,2.23,21.2,26.4,15.9,75.3,47.0,85.4,156.2,166.5,33.72,51.3,1.75,2.16,5.8,0.0,3.01
2012-11-17,9.8,3.01,21.6,27.1,16.6,56.5,56.8,77.4,137.9,176.3,63.68,83.25,2.23,1.75,41.2,5.8,2.18
2012-11-18,1.3,2.18,21.1,25.9,16.0,60.3,52.3,74.9,131.4,177.6,62.46,83.75,3.01,2.23,9.8,41.2,1.59
2012-11-19,0.0,1.59,21.4,26.3,17.8,65.3,11.1,58.3,100.1,177.6,54.2,76.54,2.18,3.01,1.3,9.8,1.53
2012-11-20,0.0,1.53,20.9,25.6,18.5,75.8,1.3,58.1,99.9,177.6,46.07,68.89,1.59,2.18,0.0,1.3,1.42
2012-11-21,13.6,1.42,24.0,30.2,17.0,50.5,13.6,71.7,112.2,191.2,39.16,62.0,1.53,1.59,0.0,0.0,1.06
2012-11-22,0.0,1.06,24.6,31.0,18.2,48.5,13.6,65.9,110.4,191.2,44.84,68.04,1.42,1.53,13.6,0.0,0.82
2012-11-23,0.0,0.82,26.6,32.4,21.2,44.5,13.6,24.7,110.1,191.2,38.12,61.24,1.06,1.42,0.0,13.6,0.73
2012-11-24,0.0,0.73,25.9,30.2,21.9,59.0,0.0,14.9,92.3,191.2,32.4,55.11,0.82,1.06,0.0,0.0,1.29
2012-11-25,0.0,1.29,21.7,25.1,19.9,88.0,0.0,13.6,88.5,191.2,27.54,49.6,0.73,0.82,0.0,0.0,2.17
2012-11-26,55.1,2.17,21.7,25.5,19.0,75.5,55.1,68.7,127.0,246.3,23.41,44.64,1.29,0.73,0.0,0.0,2.52
2012-11-27,0.0,2.52,21.8,25.6,19.1,86.8,55.1,68.7,126.8,246.3,66.73,89.77,2.17,1.29,55.1,0.0,3.49
2012-11-28,13.6,3.49,23.1,28.8,20.2,80.0,68.7,68.7,140.4,259.9,56.72,80.79,2.52,2.17,0.0,55.1,3.56
2012-11-29,5.3,3.56,24.8,29.8,19.2,59.8,18.9,74.0,139.9,264.4,59.77,84.95,3.49,2.52,13.6,0.0,2.62
2012-11-30,0.0,2.62,23.6,28.2,19.0,59.8,18.9,74.0,98.7,261.6,55.31,81.23,3.56,3.49,5.3,13.6,2.1
2012-12-01,0.0,2.1,22.8,26.8,19.7,68.8,5.3,74.0,88.9,254.9,47.02,73.1,2.62,3.56,0.0,5.3,2.08
2012-12-02,0.0,2.08,24.3,28.4,20.2,56.3,0.0,74.0,87.6,254.9,39.96,65.79,2.1,2.62,0.0,0.0,1.73
2012-12-03,0.0,1.73,23.9,28.8,21.2,67.8,0.0,18.9,87.6,226.8,33.97,59.21,2.08,2.1,0.0,0.0,1.71
2012-12-04,0.0,1.71,24.6,29.7,20.5,56.0,0.0,18.9,87.6,219.0,28.87,53.29,1.73,2.08,0.0,0.0,1.26
2012-12-05,0.0,1.26,24.5,29.5,20.8,56.8,0.0,5.3,74.0,187.7,24.54,47.96,1.71,1.73,0.0,0.0,0.98
2012-12-06,0.0,0.98,25.9,31.2,20.8,50.8,0.0,0.0,74.0,187.5,20.86,43.17,1.26,1.71,0.0,0.0,0.81
2012-12-07,0.0,0.81,25.9,32.6,21.2,58.8,0.0,0.0,74.0,186.2,17.73,38.85,0.98,1.26,0.0,0.0,0.78
2012-12-08,0.0,0.78,26.4,31.2,22.1,61.5,0.0,0.0,74.0,184.4,15.07,34.96,0.81,0.98,0.0,0.0,0.95
2012-12-09,0.1,0.95,25.2,29.0,23.0,66.3,0.1,0.1,74.1,184.2,12.81,31.47,0.78,0.81,0.0,0.0,1.44
2012-12-10,7.9,1.44,23.4,30.2,20.0,71.3,8.0,8.0,26.9,174.3,10.97,28.41,0.95,0.78,0.1,0.0,1.64
2012-12-11,12.2,1.64,23.9,27.8,20.1,74.3,20.2,20.2,39.1,182.7,16.04,32.68,1.44,0.95,7.9,0.1,1.39
2012-12-12,5.9,1.39,24.6,28.3,21.3,71.8,26.0,26.1,31.4,172.0,24.01,40.39,1.64,1.44,12.2,7.9,1.67
2012-12-13,18.6,1.67,25.9,32.0,20.8,59.5,36.7,44.7,44.7,190.4,25.42,41.66,1.39,1.64,5.9,12.2,2.3
2012-12-14,0.0,2.3,24.7,27.8,21.2,72.0,24.5,44.7,44.7,190.4,37.42,54.24,1.67,1.39,18.6,5.9,2.3
2012-12-15,15.3,2.3,26.3,32.0,20.8,56.0,33.9,60.0,60.0,199.9,31.81,48.81,2.3,1.67,0.0,18.6,1.8
2012-12-16,6.2,1.8,25.6,29.4,22.7,62.8,21.5,66.1,66.2,164.9,40.04,57.7,2.3,2.3,15.3,0.0,1.47
2012-12-17,25.8,1.47,26.5,33.2,22.0,52.5,47.3,84.0,92.0,180.9,39.3,57.51,1.8,2.3,6.2,15.3,1.26
2012-12-18,0.0,1.26,27.4,33.0,21.8,53.5,32.0,71.8,92.0,179.6,55.34,74.98,1.47,1.8,25.8,6.2,1.2
2012-12-19,0.0,1.2,25.6,32.2,22.2,66.3,25.8,65.9,92.0,179.6,47.04,67.48,1.26,1.47,0.0,25.8,1.33
2012-12-20,0.0,1.33,25.8,30.5,20.7,64.5,0.0,47.3,92.0,179.6,39.98,60.73,1.2,1.26,0.0,0.0,1.14
2012-12-21,0.0,1.14,25.6,31.1,22.2,62.5,0.0,47.3,92.0,166.0,33.98,54.66,1.33,1.2,0.0,0.0,0.94
2012-12-22,0.0,0.94,27.5,32.4,21.8,45.3,0.0,32.0,92.0,166.0,28.89,49.19,1.14,1.33,0.0,0.0,0.86
2012-12-23,0.0,0.86,25.8,30.8,22.2,53.0,0.0,25.8,91.9,166.0,24.55,44.28,0.94,1.14,0.0,0.0,0.85
2012-12-24,0.0,0.85,25.5,30.2,21.8,51.0,0.0,0.0,84.0,166.0,20.87,39.85,0.86,0.94,0.0,0.0,0.81
2012-12-25,0.0,0.81,26.6,32.4,21.6,51.3,0.0,0.0,71.8,166.0,17.74,35.86,0.85,0.86,0.0,0.0,0.81
2012-12-26,0.0,0.81,26.6,33.2,22.2,61.5,0.0,0.0,65.9,110.9,15.08,32.28,0.81,0.85,0.0,0.0,0.8
2012-12-27,8.7,0.8,26.1,32.0,22.8,53.3,8.7,8.7,56.0,119.6,12.82,29.05,0.81,0.81,0.0,0.0,0.81
2012-12-28,0.0,0.81,24.4,32.2,20.2,59.0,8.7,8.7,56.0,106.0,18.29,33.97,0.8,0.81,8.7,0.0,1.03
2012-12-29,0.0,1.03,21.7,26.3,18.2,78.0,8.7,8.7,40.7,100.7,15.55,30.58,0.81,0.8,0.0,8.7,1.16
2012-12-30,0.0,1.16,24.9,30.0,18.2,56.5,0.0,8.7,34.5,100.7,13.21,27.52,1.03,0.81,0.0,0.0,0.92
2012-12-31,0.0,0.92,24.5,30.0,21.4,54.0,0.0,8.7,8.7,100.7,11.23,24.77,1.16,1.03,0.0,0.0,0.85
2013-01-01,0.0,0.85,26.0,31.7,20.3,44.5,0.0,8.7,8.7,100.7,9.55,22.29,0.92,1.16,0.0,0.0,0.81
2013-01-02,0.0,0.81,26.4,31.2,21.6,44.0,0.0,8.7,8.7,100.7,8.12,20.06,0.85,0.92,0.0,0.0,0.8
2013-01-03,0.0,0.8,26.4,31.4,21.8,47.0,0.0,0.0,8.7,100.7,6.9,18.06,0.81,0.85,0.0,0.0,0.78
2013-01-04,0.0,0.78,25.3,29.9,21.2,54.3,0.0,0.0,8.7,100.7,5.86,16.25,0.8,0.81,0.0,0.0,0.77
2013-01-05,0.0,0.77,25.1,30.4,20.5,49.3,0.0,0.0,8.7,100.7,4.98,14.62,0.78,0.8,0.0,0.0,0.77
2013-01-06,0.0,0.77,26.8,32.4,22.0,45.5,0.0,0.0,8.7,100.7,4.24,13.16,0.77,0.78,0.0,0.0,0.81
2013-01-07,0.0,0.81,24.6,31.1,21.9,71.3,0.0,0.0,8.7,100.7,3.6,11.85,0.77,0.77,0.0,0.0,1.01
2013-01-08,30.9,1.01,23.3,29.8,19.5,72.3,30.9,30.9,39.6,131.5,3.06,10.66,0.81,0.77,0.0,0.0,1.09
2013-01-09,5.8,1.09,23.8,27.6,20.8,61.8,36.7,36.7,45.4,129.4,28.87,37.41,1.01,0.81,30.9,0.0,1.01
2013-01-10,0.0,1.01,22.6,27.1,20.4,81.8,36.7,36.7,36.7,117.2,29.47,38.88,1.09,1.01,5.8,30.9,1.53
2013-01-11,19.8,1.53,19.4,21.6,17.8,84.8,25.6,56.5,56.5,131.1,25.05,35.0,1.01,1.09,0.0,5.8,2.44
2013-01-12,32.3,2.44,20.7,27.8,16.0,76.3,52.1,88.8,88.8,144.8,38.12,49.32,1.53,1.01,19.8,0.0,2.28
2013-01-13,0.3,2.28,21.2,27.1,16.0,71.3,52.4,89.1,89.1,145.1,59.86,73.45,2.44,1.53,32.3,19.8,1.62
2013-01-14,3.9,1.62,23.5,27.5,19.3,61.5,36.5,93.0,93.0,133.7,51.13,66.38,2.28,2.44,0.3,32.3,1.23
2013-01-15,0.0,1.23,22.5,27.8,19.2,72.8,4.2,62.1,93.0,127.5,46.78,63.25,1.62,2.28,3.9,0.3,1.69
2013-01-16,9.8,1.69,22.2,26.9,19.2,80.3,13.7,66.1,102.8,111.5,39.76,56.93,1.23,1.62,0.0,3.9,2.79
2013-01-17,28.8,2.79,21.8,26.2,18.9,84.3,38.6,94.9,131.6,140.3,42.13,60.05,1.69,1.23,9.8,0.0,3.22
2013-01-18,13.9,3.22,22.4,26.1,19.2,81.5,52.5,89.0,145.5,154.2,60.29,79.97,2.79,1.69,28.8,9.8,2.79
2013-01-19,9.7,2.79,24.3,31.0,19.4,67.5,52.4,66.4,155.2,163.9,63.06,84.48,3.22,2.79,13.9,28.8,2.87
2013-01-20,6.8,2.87,22.0,29.1,18.6,79.3,30.4,72.9,162.0,170.7,61.85,84.76,2.79,3.22,9.7,13.9,4.08
2013-01-21,72.1,4.08,22.6,27.1,18.6,64.3,88.6,141.1,234.1,242.8,58.35,82.41,2.87,2.79,6.8,9.7,3.84
2013-01-22,6.3,3.84,22.0,26.5,19.0,63.5,85.2,147.4,209.5,249.1,110.88,139.06,4.08,2.87,72.1,6.8,2.83
2013-01-23,0.0,2.83,22.1,26.1,19.6,65.3,78.4,137.6,203.7,249.1,99.6,130.82,3.84,4.08,6.3,72.1,2.27
2013-01-24,0.0,2.27,21.7,25.0,19.2,84.3,6.3,108.8,203.7,249.1,84.66,117.74,2.83,3.84,0.0,6.3,2.08
2013-01-25,28.1,2.08,23.7,28.6,19.9,78.8,28.1,123.0,212.0,277.2,71.96,105.96,2.27,2.83,0.0,0.0,2.17
2013-01-26,7.3,2.17,21.6,24.9,20.0,92.3,35.4,120.6,187.0,275.8,85.05,120.66,2.08,2.27,28.1,0.0,2.79
2013-01-27,8.2,2.79,23.4,26.7,20.2,84.5,43.6,122.0,194.9,284.0,78.5,115.16,2.17,2.08,7.3,28.1,5.53
2013-01-28,10.7,5.53,22.2,24.4,20.4,86.8,26.2,60.6,201.7,294.7,73.7,111.03,2.79,2.17,8.2,7.3,9.09
2013-01-29,9.8,9.09,22.0,25.0,19.6,80.5,28.7,64.1,211.5,304.5,71.74,109.55,5.53,2.79,10.7,8.2,9.86
2013-01-30,17.5,9.86,22.9,27.8,20.2,86.8,38.0,81.6,219.2,322.0,69.31,107.42,9.09,5.53,9.8,10.7,9.02
2013-01-31,8.3,9.02,21.4,23.9,19.8,87.3,35.6,89.9,198.7,330.3,73.79,112.43,9.86,9.09,17.5,9.8,9.35
2013-02-01,58.3,9.35,23.8,27.7,19.8,67.3,84.1,120.1,243.1,388.6,69.77,108.65,9.02,9.86,8.3,17.5,9.72
2013-02-02,0.0,9.72,22.3,27.7,18.6,77.5,66.6,112.8,233.4,388.6,108.86,150.26,9.35,9.02,58.3,8.3,8.82
2013-02-03,19.8,8.82,24.7,30.6,18.2,57.0,78.1,124.4,246.4,408.4,92.53,135.23,9.72,9.35,0.0,58.3,7.13
2013-02-04,0.0,7.13,23.1,28.8,19.4,75.5,19.8,113.7,174.3,408.4,95.48,139.53,8.82,9.72,19.8,0.0,5.78
2013-02-05,0.0,5.78,23.7,27.8,19.4,66.8,19.8,103.9,168.0,408.4,81.16,125.58,7.13,8.82,0.0,19.8,5.0
2013-02-06,0.0,5.0,22.1,25.9,18.7,72.5,0.0,86.4,168.0,408.4,68.99,113.02,5.78,7.13,0.0,0.0,4.56
2013-02-07,0.0,4.56,23.8,28.4,19.8,57.8,0.0,78.1,168.0,377.5,58.64,101.72,5.0,5.78,0.0,0.0,3.56
2013-02-08,0.0,3.56,23.5,28.0,20.2,63.3,0.0,19.8,139.9,371.7,49.84,91.55,4.56,5.0,0.0,0.0,2.72
2013-02-09,0.0,2.72,24.6,29.9,20.4,57.3,0.0,19.8,132.6,371.7,42.37,82.39,3.56,4.56,0.0,0.0,2.13
2013-02-10,0.0,2.13,24.6,29.2,21.2,58.8,0.0,0.0,124.4,351.9,36.01,74.15,2.72,3.56,0.0,0.0,1.62
2013-02-11,0.0,1.62,24.6,29.6,20.8,56.8,0.0,0.0,113.7,319.6,30.61,66.74,2.13,2.72,0.0,0.0,1.28
2013-02-12,0.0,1.28,24.9,30.2,19.2,46.0,0.0,0.0,103.9,319.3,26.02,60.06,1.62,2.13,0.0,0.0,1.09
2013-02-13,0.0,1.09,25.5,31.2,20.2,50.3,0.0,0.0,86.4,315.4,22.12,54.06,1.28,1.62,0.0,0.0,1.0
2013-02-14,0.0,1.0,25.5,30.9,21.2,52.3,0.0,0.0,78.1,315.4,18.8,48.65,1.09,1.28,0.0,0.0,0.97
2013-02-15,0.0,0.97,25.8,30.9,21.1,55.5,0.0,0.0,19.8,305.6,15.98,43.79,1.0,1.09,0.0,0.0,0.97
2013-02-16,0.0,0.97,25.0,30.0,21.6,60.3,0.0,0.0,19.8,276.8,13.58,39.41,0.97,1.0,0.0,0.0,0.97
2013-02-17,0.0,0.97,25.3,30.1,21.4,55.0,0.0,0.0,0.0,262.9,11.54,35.47,0.97,0.97,0.0,0.0,0.94
2013-02-18,0.0,0.94,25.4,31.5,21.2,55.0,0.0,0.0,0.0,253.2,9.81,31.92,0.97,0.97,0.0,0.0,0.94
2013-02-19,0.0,0.94,25.0,29.4,21.2,54.0,0.0,0.0,0.0,246.4,8.34,28.73,0.94,0.97,0.0,0.0,0.94
2013-02-20,0.0,0.94,24.0,29.0,20.2,53.3,0.0,0.0,0.0,174.3,7.09,25.86,0.94,0.94,0.0,0.0,0.94
2013-02-21,0.0,0.94,24.1,29.2,19.8,53.0,0.0,0.0,0.0,168.0,6.03,23.27,0.94,0.94,0.0,0.0,0.94
2013-02-22,0.0,0.94,24.6,30.3,20.2,54.5,0.0,0.0,0.0,168.0,5.12,20.94,0.94,0.94,0.0,0.0,0.91
2013-02-23,0.0,0.91,25.2,30.0,20.4,48.8,0.0,0.0,0.0,168.0,4.35,18.85,0.94,0.94,0.0,0.0,0.91
2013-02-24,0.0,0.91,23.5,27.8,20.2,63.0,0.0,0.0,0.0,139.9,3.7,16.96,0.91,0.94,0.0,0.0,0.91
2013-02-25,0.0,0.91,24.7,30.2,19.6,55.8,0.0,0.0,0.0,132.6,3.15,15.27,0.91,0.91,0.0,0.0,0.91
2013-02-26,0.0,0.91,26.6,32.8,20.5,51.8,0.0,0.0,0.0,124.4,2.67,13.74,0.91,0.91,0.0,0.0,0.97
2013-02-27,14.0,0.97,23.8,31.6,20.0,71.5,14.0,14.0,14.0,127.7,2.27,12.37,0.91,0.91,0.0,0.0,1.62
2013-02-28,8.9,1.62,23.7,29.0,19.4,63.0,22.9,22.9,22.9,126.8,13.83,23.73,0.97,0.91,14.0,0.0,3.38
2013-03-01,1.3,3.38,21.6,24.3,19.8,82.8,24.2,24.2,24.2,110.6,19.32,29.37,1.62,0.97,8.9,14.0,4.31
2013-03-02,15.8,4.31,22.3,25.8,19.3,72.0,26.0,40.0,40.0,118.1,17.53,27.6,3.38,1.62,1.3,8.9,3.59
2013-03-03,0.0,3.59,23.9,29.0,20.0,63.0,17.1,40.0,40.0,59.8,28.33,39.06,4.31,3.38,15.8,1.3,2.78
2013-03-04,0.0,2.78,25.0,30.0,20.2,59.5,15.8,40.0,40.0,59.8,24.08,35.15,3.59,4.31,0.0,15.8,1.97
2013-03-05,0.0,1.97,27.2,32.6,20.9,50.5,0.0,40.0,40.0,40.0,20.47,31.64,2.78,3.59,0.0,0.0,1.44
2013-03-06,0.0,1.44,23.5,31.5,19.8,80.0,0.0,26.0,40.0,40.0,17.4,28.47,1.97,2.78,0.0,0.0,1.38
2013-03-07,52.6,1.38,24.8,29.4,19.6,67.8,52.6,69.7,92.6,92.6,14.79,25.63,1.44,1.97,0.0,0.0,1.5
2013-03-08,0.0,1.5,25.4,30.2,21.2,61.0,52.6,68.4,92.6,92.6,57.28,70.4,1.38,1.44,52.6,0.0,1.28
2013-03-09,0.0,1.28,25.7,30.6,21.0,56.0,52.6,52.6,92.6,92.6,48.69,63.36,1.5,1.38,0.0,52.6,1.06
2013-03-10,0.0,1.06,25.2,31.4,21.5,63.5,0.0,52.6,92.6,92.6,41.38,57.03,1.28,1.5,0.0,0.0,1.06
2013-03-11,0.0,1.06,25.8,32.0,21.0,57.3,0.0,52.6,92.6,92.6,35.18,51.32,1.06,1.28,0.0,0.0,1.09
2013-03-12,4.8,1.09,27.7,33.9,22.2,53.0,4.8,57.4,97.4,97.4,29.9,46.19,1.06,1.06,0.0,0.0,1.16
2013-03-13,0.0,1.16,26.0,32.9,21.9,59.3,4.8,57.4,83.4,97.4,29.5,45.89,1.09,1.06,4.8,0.0,1.62
2013-03-14,0.0,1.62,25.1,29.6,21.4,67.8,4.8,4.8,74.5,97.4,25.07,41.3,1.16,1.09,0.0,4.8,2.44
2013-03-15,13.3,2.44,23.2,27.6,20.2,71.0,13.3,18.1,86.5,110.7,21.31,37.17,1.62,1.16,0.0,0.0,1.97
2013-03-16,4.6,1.97,23.9,28.3,20.2,61.8,17.9,22.7,75.3,115.3,29.42,45.43,2.44,1.62,13.3,0.0,1.4
2013-03-17,0.0,1.4,25.2,30.9,20.1,60.5,17.9,22.7,75.3,115.3,28.92,45.02,1.97,2.44,4.6,13.3,1.28
2013-03-18,0.0,1.28,23.6,29.8,20.7,66.8,4.6,22.7,75.3,115.3,24.58,40.52,1.4,1.97,0.0,4.6,1.19
2013-03-19,0.0,1.19,20.5,24.1,17.8,68.0,0.0,17.9,75.3,115.3,20.89,36.47,1.28,1.4,0.0,0.0,1.06
2013-03-20,0.0,1.06,21.5,26.2,17.2,66.5,0.0,17.9,75.3,115.3,17.76,32.82,1.19,1.28,0.0,0.0,1.03
2013-03-21,0.0,1.03,23.3,27.8,19.6,68.3,0.0,17.9,22.7,115.3,15.09,29.54,1.06,1.19,0.0,0.0,1.19
2013-03-22,0.0,1.19,22.9,28.7,19.9,77.5,0.0,4.6,22.7,115.3,12.83,26.59,1.03,1.06,0.0,0.0,2.13
2013-03-23,9.1,2.13,23.5,28.2,18.8,67.3,9.1,9.1,31.8,124.4,10.91,23.93,1.19,1.03,0.0,0.0,4.19
2013-03-24,0.0,4.19,22.8,25.5,19.6,71.3,9.1,9.1,31.8,124.4,17.0,29.72,2.13,1.19,9.1,0.0,3.91
2013-03-25,0.0,3.91,21.8,24.7,19.4,81.3,9.1,9.1,31.8,124.4,14.45,26.75,4.19,2.13,0.0,9.1,3.29
2013-03-26,5.8,3.29,23.1,27.8,19.0,73.3,5.8,14.9,32.8,130.2,12.29,24.08,3.91,4.19,0.0,0.0,3.25
2013-03-27,5.3,3.25,22.2,25.0,19.5,88.8,11.1,20.2,38.1,135.5,15.37,26.89,3.29,3.91,5.8,0.0,3.94
2013-03-28,11.2,3.94,20.3,22.5,18.8,89.8,22.3,31.4,49.3,146.7,17.57,28.97,3.25,3.29,5.3,5.8,5.15
2013-03-29,10.8,5.15,20.6,25.3,17.2,67.5,27.3,42.2,46.8,143.5,24.46,36.15,3.94,3.25,11.2,5.3,5.65
2013-03-30,8.8,5.65,19.9,22.5,17.4,83.0,30.8,41.9,51.0,143.4,29.97,42.26,5.15,3.94,10.8,11.2,4.81
2013-03-31,2.2,4.81,20.6,22.9,18.3,80.0,21.8,44.1,53.2,144.3,32.95,45.95,5.65,5.15,8.8,10.8,4.31
2013-04-01,4.3,4.31,22.8,28.4,17.6,68.0,15.3,48.4,57.5,132.8,29.88,43.34,4.81,5.65,2.2,8.8,3.41
2013-04-02,0.0,3.41,23.5,28.0,19.8,66.0,6.5,42.6,57.5,132.8,29.05,42.87,4.31,4.81,4.3,2.2,2.91
2013-04-03,0.0,2.91,23.4,27.9,20.4,72.8,4.3,37.3,57.5,132.8,24.69,38.59,3.41,4.31,0.0,4.3,2.81
2013-04-04,11.3,2.81,23.2,27.4,20.0,71.0,11.3,37.4,68.8,144.1,20.99,34.73,2.91,3.41,0.0,0.0,2.66
2013-04-05,3.8,2.66,21.1,24.5,19.2,84.0,15.1,30.4,72.6,147.9,27.45,41.42,2.81,2.91,11.3,0.0,2.09
2013-04-06,7.8,2.09,23.8,28.9,18.6,73.0,22.9,29.4,71.3,103.1,26.56,40.7,2.66,2.81,3.8,11.3,1.97
2013-04-07,9.6,1.97,23.5,29.4,19.2,68.0,21.2,36.8,80.9,112.7,29.21,43.65,2.09,2.66,7.8,3.8,2.47
2013-04-08,2.9,2.47,22.8,27.4,19.2,79.3,20.3,35.4,83.8,115.6,32.99,47.93,1.97,2.09,9.6,7.8,3.03
2013-04-09,1.7,3.03,22.0,27.9,19.4,78.8,14.2,37.1,79.7,117.3,30.5,45.74,2.47,1.97,2.9,9.6,3.66
2013-04-10,33.5,3.66,20.5,22.4,18.5,86.8,38.1,70.6,107.9,150.8,27.37,42.7,3.03,2.47,1.7,2.9,4.04
2013-04-11,2.5,4.04,20.4,22.1,18.6,77.3,37.7,61.8,99.2,148.5,51.74,68.58,3.66,3.03,33.5,1.7,3.69
2013-04-12,1.8,3.69,22.8,27.5,18.6,74.5,37.8,59.8,90.2,150.3,46.11,63.97,4.04,3.66,2.5,33.5,3.41
2013-04-13,0.0,3.41,21.4,25.4,19.6,87.0,4.3,52.0,81.4,150.3,40.72,59.19,3.69,4.04,1.8,2.5,3.53
2013-04-14,31.0,3.53,21.4,25.8,18.1,77.8,32.8,73.4,110.2,168.0,34.61,53.28,3.41,3.69,0.0,1.8,3.0
2013-04-15,2.8,3.0,21.9,28.0,18.0,72.8,33.8,73.3,108.7,166.2,55.77,75.85,3.53,3.41,31.0,0.0,2.69
2013-04-16,0.0,2.69,22.2,28.3,17.3,61.0,33.8,71.6,108.7,166.2,49.78,70.78,3.0,3.53,2.8,31.0,2.16
2013-04-17,0.0,2.16,22.3,28.6,15.8,51.8,2.8,38.1,108.7,166.2,42.32,63.7,2.69,3.0,0.0,2.8,1.69
2013-04-18,0.0,1.69,21.1,26.3,16.6,63.5,0.0,35.6,97.4,166.2,35.97,57.33,2.16,2.69,0.0,0.0,1.44
2013-04-19,0.0,1.44,21.7,27.1,17.2,60.8,0.0,33.8,93.6,166.2,30.57,51.6,1.69,2.16,0.0,0.0,1.25
2013-04-20,0.0,1.25,20.3,24.4,16.4,63.5,0.0,33.8,85.8,166.2,25.99,46.44,1.44,1.69,0.0,0.0,1.16
2013-04-21,0.0,1.16,19.5,25.3,15.8,53.5,0.0,2.8,76.2,166.2,22.09,41.8,1.25,1.44,0.0,0.0,1.16
2013-04-22,2.3,1.16,18.5,23.8,15.3,62.3,2.3,2.3,75.6,159.4,18.78,37.62,1.16,1.25,0.0,0.0,1.12
2013-04-23,0.0,1.12,18.6,23.5,14.2,61.0,2.3,2.3,73.9,159.4,17.91,35.93,1.16,1.16,2.3,0.0,1.12
2013-04-24,0.0,1.12,19.3,24.3,14.7,62.3,2.3,2.3,40.4,159.4,15.23,32.33,1.12,1.16,0.0,2.3,1.12
2013-04-25,0.0,1.12,19.1,23.1,15.0,59.3,0.0,2.3,37.9,153.6,12.94,29.1,1.12,1.12,0.0,0.0,1.12
2013-04-26,0.0,1.12,19.5,23.8,15.2,54.8,0.0,2.3,36.1,148.3,11.0,26.19,1.12,1.12,0.0,0.0,1.09
2013-04-27,0.0,1.09,20.1,26.3,13.8,53.0,0.0,2.3,36.1,137.1,9.35,23.57,1.12,1.12,0.0,0.0,1.09
2013-04-28,0.0,1.09,19.7,24.8,15.0,58.0,0.0,2.3,5.1,126.3,7.95,21.21,1.09,1.12,0.0,0.0,1.09
2013-04-29,0.0,1.09,19.6,24.7,15.0,56.5,0.0,0.0,2.3,117.5,6.76,19.09,1.09,1.09,0.0,0.0,1.09
2013-04-30,0.0,1.09,21.7,28.1,14.9,56.3,0.0,0.0,2.3,115.3,5.74,17.18,1.09,1.09,0.0,0.0,1.06
2013-05-01,0.0,1.06,22.3,28.0,16.7,59.3,0.0,0.0,2.3,111.0,4.88,15.46,1.09,1.09,0.0,0.0,1.06
2013-05-02,0.0,1.06,21.8,26.6,17.1,59.0,0.0,0.0,2.3,111.0,4.15,13.92,1.06,1.09,0.0,0.0,1.06
2013-05-03,0.0,1.06,21.7,27.7,16.3,58.8,0.0,0.0,2.3,111.0,3.53,12.53,1.06,1.06,0.0,0.0,1.06
2013-05-04,0.0,1.06,21.8,28.4,15.9,45.5,0.0,0.0,2.3,99.7,3.0,11.27,1.06,1.06,0.0,0.0,1.06
2013-05-05,0.0,1.06,21.9,28.3,16.0,44.3,0.0,0.0,2.3,95.9,2.55,10.15,1.06,1.06,0.0,0.0,1.03
2013-05-06,0.0,1.03,22.9,28.9,16.7,49.5,0.0,0.0,0.0,88.1,2.17,9.13,1.06,1.06,0.0,0.0,1.03
2013-05-07,0.0,1.03,22.3,27.4,17.4,57.5,0.0,0.0,0.0,78.5,1.84,8.22,1.03,1.06,0.0,0.0,1.03
2013-05-08,0.0,1.03,20.1,26.9,14.9,47.8,0.0,0.0,0.0,75.6,1.56,7.4,1.03,1.03,0.0,0.0,1.03
2013-05-09,0.0,1.03,19.5,25.7,13.7,60.3,0.0,0.0,0.0,73.9,1.33,6.66,1.03,1.03,0.0,0.0,1.03
2013-05-10,0.0,1.03,19.2,23.9,15.5,58.0,0.0,0.0,0.0,40.4,1.13,5.99,1.03,1.03,0.0,0.0,1.03
2013-05-11,0.0,1.03,18.5,23.1,14.6,60.3,0.0,0.0,0.0,37.9,0.96,5.39,1.03,1.03,0.0,0.0,1.0
2013-05-12,0.0,1.0,19.6,25.5,14.3,57.8,0.0,0.0,0.0,36.1,0.82,4.85,1.03,1.03,0.0,0.0,1.0
2013-05-13,0.0,1.0,20.5,25.2,16.3,63.3,0.0,0.0,0.0,36.1,0.69,4.37,1.0,1.03,0.0,0.0,1.0
2013-05-14,0.0,1.0,22.1,27.9,17.4,56.3,0.0,0.0,0.0,5.1,0.59,3.93,1.0,1.0,0.0,0.0,1.0
2013-05-15,0.0,1.0,21.8,26.9,17.9,62.5,0.0,0.0,0.0,2.3,0.5,3.54,1.0,1.0,0.0,0.0,1.0
2013-05-16,0.0,1.0,21.8,27.4,17.8,60.5,0.0,0.0,0.0,2.3,0.43,3.18,1.0,1.0,0.0,0.0,0.97
2013-05-17,0.0,0.97,21.2,26.6,16.8,64.5,0.0,0.0,0.0,2.3,0.36,2.87,1.0,1.0,0.0,0.0,0.97
2013-05-18,0.0,0.97,20.0,23.8,17.2,70.5,0.0,0.0,0.0,2.3,0.31,2.58,0.97,1.0,0.0,0.0,0.97
2013-05-19,0.0,0.97,20.8,26.7,16.2,59.5,0.0,0.0,0.0,2.3,0.26,2.32,0.97,0.97,0.0,0.0,0.97
2013-05-20,0.0,0.97,21.5,27.1,17.6,66.8,0.0,0.0,0.0,2.3,0.22,2.09,0.97,0.97,0.0,0.0,0.97
2013-05-21,0.0,0.97,22.8,28.8,17.5,59.8,0.0,0.0,0.0,2.3,0.19,1.88,0.97,0.97,0.0,0.0,0.97
2013-05-22,0.0,0.97,23.5,29.0,19.2,61.3,0.0,0.0,0.0,0.0,0.16,1.69,0.97,0.97,0.0,0.0,1.31
2013-05-23,1.9,1.31,20.7,24.2,18.4,70.5,1.9,1.9,1.9,1.9,0.14,1.52,0.97,0.97,0.0,0.0,2.28
2013-05-24,0.6,2.28,19.3,22.8,16.4,72.5,2.5,2.5,2.5,2.5,1.73,3.08,1.31,0.97,1.9,0.0,2.37
2013-05-25,0.3,2.37,17.5,21.7,15.2,72.8,2.8,2.8,2.8,2.8,1.98,3.31,2.28,1.31,0.6,1.9,1.88
2013-05-26,0.0,1.88,17.9,22.6,15.0,69.5,0.9,2.8,2.8,2.8,1.94,3.25,2.37,2.28,0.3,0.6,1.44
2013-05-27,0.0,1.44,18.9,22.6,15.4,73.3,0.3,2.8,2.8,2.8,1.65,2.93,1.88,2.37,0.0,0.3,1.16
2013-05-28,18.7,1.16,20.2,25.5,14.6,69.0,18.7,21.5,21.5,21.5,1.4,2.63,1.44,1.88,0.0,0.0,1.44
2013-05-29,42.1,1.44,17.9,21.9,15.4,87.5,60.8,63.6,63.6,63.6,17.09,19.2,1.16,1.44,18.7,0.0,2.22
2013-05-30,2.3,2.22,17.7,19.8,15.3,88.8,63.1,64.0,65.9,65.9,50.31,55.17,1.44,1.16,42.1,18.7,1.69
2013-05-31,0.8,1.69,19.7,23.8,14.9,69.3,45.2,64.2,66.7,66.7,44.72,51.72,2.22,1.44,2.3,42.1,1.28
2013-06-01,0.3,1.28,20.6,25.7,17.4,70.3,3.4,64.2,67.0,67.0,38.69,47.27,1.69,2.22,0.8,2.3,1.06
2013-06-02,0.0,1.06,21.1,26.8,15.7,65.5,1.1,64.2,67.0,67.0,33.14,42.81,1.28,1.69,0.3,0.8,1.4
2013-06-03,0.0,1.4,19.7,25.7,16.6,81.8,0.3,64.2,67.0,67.0,28.17,38.53,1.06,1.28,0.0,0.3,2.5
2013-06-04,15.8,2.5,18.4,22.9,14.2,67.3,15.8,61.3,82.8,82.8,23.94,34.68,1.4,1.06,0.0,0.0,2.62
2013-06-05,0.2,2.62,18.7,24.1,14.4,69.8,16.0,19.4,83.0,83.0,33.78,45.43,2.5,1.4,15.8,0.0,1.84
2013-06-06,0.0,1.84,19.9,24.6,15.2,72.5,16.0,17.1,81.1,83.0,28.89,41.07,2.62,2.5,0.2,15.8,1.38
2013-06-07,0.0,1.38,21.0,26.5,16.2,66.3,0.2,16.3,80.5,83.0,24.55,36.96,1.84,2.62,0.0,0.2,1.12
2013-06-08,0.0,1.12,21.2,25.9,16.5,66.8,0.0,16.0,80.2,83.0,20.87,33.27,1.38,1.84,0.0,0.0,1.06
2013-06-09,0.0,1.06,19.3,24.1,16.2,69.3,0.0,16.0,80.2,83.0,17.74,29.94,1.12,1.38,0.0,0.0,1.03
2013-06-10,0.0,1.03,19.3,23.9,15.9,66.0,0.0,16.0,80.2,83.0,15.08,26.94,1.06,1.12,0.0,0.0,1.03
2013-06-11,0.0,1.03,20.3,25.7,14.8,60.5,0.0,0.2,61.5,83.0,12.82,24.25,1.03,1.06,0.0,0.0,1.0
2013-06-12,0.0,1.0,20.8,26.4,15.6,56.8,0.0,0.0,19.4,83.0,10.89,21.83,1.03,1.03,0.0,0.0,1.0
2013-06-13,0.0,1.0,20.8,26.7,15.6,61.5,0.0,0.0,17.1,83.0,9.26,19.64,1.0,1.03,0.0,0.0,1.0
2013-06-14,0.0,1.0,20.6,25.8,16.1,62.0,0.0,0.0,16.3,83.0,7.87,17.68,1.0,1.0,0.0,0.0,1.0
2013-06-15,0.0,1.0,20.2,24.9,16.2,64.5,0.0,0.0,16.0,83.0,6.69,15.91,1.0,1.0,0.0,0.0,0.97
2013-06-16,0.0,0.97,20.7,27.5,16.2,57.0,0.0,0.0,16.0,83.0,5.69,14.32,1.0,1.0,0.0,0.0,0.97
2013-06-17,0.0,0.97,20.4,25.7,15.1,65.8,0.0,0.0,16.0,83.0,4.83,12.89,0.97,1.0,0.0,0.0,0.97
2013-06-18,0.0,0.97,21.4,27.2,15.8,59.0,0.0,0.0,0.2,83.0,4.11,11.6,0.97,0.97,0.0,0.0,0.97
2013-06-19,0.0,0.97,20.9,26.3,17.2,65.5,0.0,0.0,0.0,83.0,3.49,10.44,0.97,0.97,0.0,0.0,0.95
2013-06-20,0.0,0.95,20.5,26.0,16.1,55.8,0.0,0.0,0.0,83.0,2.97,9.4,0.97,0.97,0.0,0.0,0.95
2013-06-21,0.0,0.95,21.0,26.5,15.8,61.0,0.0,0.0,0.0,83.0,2.52,8.46,0.95,0.97,0.0,0.0,0.94
2013-06-22,0.0,0.94,21.9,27.4,16.8,60.8,0.0,0.0,0.0,81.1,2.14,7.61,0.95,0.95,0.0,0.0,0.94
2013-06-23,0.0,0.94,22.1,28.3,18.1,67.3,0.0,0.0,0.0,80.5,1.82,6.85,0.94,0.95,0.0,0.0,0.94
2013-06-24,0.0,0.94,19.5,22.7,17.4,70.5,0.0,0.0,0.0,80.2,1.55,6.16,0.94,0.94,0.0,0.0,0.92
2013-06-25,0.0,0.92,19.1,23.4,16.8,66.5,0.0,0.0,0.0,80.2,1.32,5.55,0.94,0.94,0.0,0.0,0.92
2013-06-26,0.0,0.92,19.6,26.4,14.4,68.0,0.0,0.0,0.0,80.2,1.12,4.99,0.92,0.94,0.0,0.0,0.92
2013-06-27,0.0,0.92,21.0,27.1,16.0,67.5,0.0,0.0,0.0,61.5,0.95,4.49,0.92,0.92,0.0,0.0,0.91
2013-06-28,0.0,0.91,21.7,27.2,17.2,62.5,0.0,0.0,0.0,19.4,0.81,4.04,0.92,0.92,0.0,0.0,0.91
2013-06-29,0.0,0.91,21.9,26.9,19.9,64.0,0.0,0.0,0.0,17.1,0.69,3.64,0.91,0.92,0.0,0.0,0.91
2013-06-30,0.0,0.91,22.9,29.1,16.6,57.5,0.0,0.0,0.0,16.3,0.58,3.28,0.91,0.91,0.0,0.0,0.89
2013-07-01,0.0,0.89,22.8,27.6,20.1,56.3,0.0,0.0,0.0,16.0,0.5,2.95,0.91,0.91,0.0,0.0,0.89
2013-07-02,0.0,0.89,19.7,24.3,18.0,71.5,0.0,0.0,0.0,16.0,0.42,2.65,0.89,0.91,0.0,0.0,0.89
2013-07-03,0.0,0.89,17.2,19.0,15.1,69.3,0.0,0.0,0.0,16.0,0.36,2.39,0.89,0.89,0.0,0.0,0.87
2013-07-04,0.0,0.87,17.6,21.9,15.0,66.3,0.0,0.0,0.0,0.2,0.31,2.15,0.89,0.89,0.0,0.0,0.87
2013-07-05,0.0,0.87,17.2,23.0,13.4,64.0,0.0,0.0,0.0,0.0,0.26,1.93,0.87,0.89,0.0,0.0,0.87
2013-07-06,0.0,0.87,17.6,24.6,11.3,55.0,0.0,0.0,0.0,0.0,0.22,1.74,0.87,0.87,0.0,0.0,0.86
2013-07-07,0.0,0.86,19.2,26.5,13.1,51.0,0.0,0.0,0.0,0.0,0.19,1.57,0.87,0.87,0.0,0.0,0.86
2013-07-08,0.0,0.86,20.5,27.1,14.8,50.3,0.0,0.0,0.0,0.0,0.16,1.41,0.86,0.87,0.0,0.0,0.86
2013-07-09,0.0,0.86,18.8,24.3,15.1,59.3,0.0,0.0,0.0,0.0,0.14,1.27,0.86,0.86,0.0,0.0,0.85
2013-07-10,0.0,0.85,17.7,23.4,14.2,62.5,0.0,0.0,0.0,0.0,0.12,1.14,0.86,0.86,0.0,0.0,0.85
2013-07-11,0.0,0.85,16.7,22.3,12.4,62.8,0.0,0.0,0.0,0.0,0.1,1.03,0.85,0.86,0.0,0.0,0.85
2013-07-12,0.0,0.85,18.5,23.3,14.3,55.5,0.0,0.0,0.0,0.0,0.08,0.93,0.85,0.85,0.0,0.0,0.83
2013-07-13,0.0,0.83,19.7,24.5,17.1,68.0,0.0,0.0,0.0,0.0,0.07,0.83,0.85,0.85,0.0,0.0,0.83
2013-07-14,0.0,0.83,20.8,27.1,16.0,60.8,0.0,0.0,0.0,0.0,0.06,0.75,0.83,0.85,0.0,0.0,0.83
2013-07-15,0.0,0.83,21.7,27.9,15.9,47.3,0.0,0.0,0.0,0.0,0.05,0.67,0.83,0.83,0.0,0.0,0.81
2013-07-16,0.0,0.81,21.1,27.5,15.8,46.5,0.0,0.0,0.0,0.0,0.04,0.61,0.83,0.83,0.0,0.0,0.81
2013-07-17,0.0,0.81,20.9,27.0,16.4,58.3,0.0,0.0,0.0,0.0,0.04,0.55,0.81,0.83,0.0,0.0,0.81
2013-07-18,0.0,0.81,20.8,26.3,15.5,58.0,0.0,0.0,0.0,0.0,0.03,0.49,0.81,0.81,0.0,0.0,0.8
2013-07-19,0.0,0.8,21.9,27.8,16.5,53.8,0.0,0.0,0.0,0.0,0.03,0.44,0.81,0.81,0.0,0.0,0.8
2013-07-20,0.0,0.8,22.4,28.4,17.2,50.5,0.0,0.0,0.0,0.0,0.02,0.4,0.8,0.81,0.0,0.0,0.8
2013-07-21,0.0,0.8,23.1,30.2,17.6,49.0,0.0,0.0,0.0,0.0,0.02,0.36,0.8,0.8,0.0,0.0,0.78
2013-07-22,0.0,0.78,24.2,31.3,18.9,51.8,0.0,0.0,0.0,0.0,0.02,0.32,0.8,0.8,0.0,0.0,0.78
2013-07-23,0.0,0.78,23.4,29.6,18.2,61.8,0.0,0.0,0.0,0.0,0.01,0.29,0.78,0.8,0.0,0.0,0.78
2013-07-24,0.0,0.78,20.9,25.7,18.6,66.8,0.0,0.0,0.0,0.0,0.01,0.26,0.78,0.78,0.0,0.0,0.78
2013-07-25,0.0,0.78,20.6,25.5,17.2,67.8,0.0,0.0,0.0,0.0,0.01,0.24,0.78,0.78,0.0,0.0,0.78
2013-07-26,0.0,0.78,19.6,25.7,16.7,69.3,0.0,0.0,0.0,0.0,0.01,0.21,0.78,0.78,0.0,0.0,0.78
2013-07-27,0.0,0.78,19.3,26.5,13.2,46.5,0.0,0.0,0.0,0.0,0.01,0.19,0.78,0.78,0.0,0.0,0.77
2013-07-28,0.0,0.77,20.4,27.0,14.1,47.0,0.0,0.0,0.0,0.0,0.01,0.17,0.78,0.78,0.0,0.0,0.77
2013-07-29,0.0,0.77,19.2,25.3,15.0,58.0,0.0,0.0,0.0,0.0,0.01,0.15,0.77,0.78,0.0,0.0,0.77
2013-07-30,0.0,0.77,18.6,24.7,13.2,57.8,0.0,0.0,0.0,0.0,0.0,0.14,0.77,0.77,0.0,0.0,0.75
2013-07-31,0.0,0.75,18.9,25.2,14.6,55.3,0.0,0.0,0.0,0.0,0.0,0.12,0.77,0.77,0.0,0.0,0.75
2013-08-01,0.0,0.75,20.2,27.0,14.5,43.3,0.0,0.0,0.0,0.0,0.0,0.11,0.75,0.77,0.0,0.0,0.73
2013-08-02,0.0,0.73,20.8,28.6,14.0,39.0,0.0,0.0,0.0,0.0,0.0,0.1,0.75,0.75,0.0,0.0,0.73
2013-08-03,0.0,0.73,21.1,28.4,14.2,40.3,0.0,0.0,0.0,0.0,0.0,0.09,0.73,0.75,0.0,0.0,0.73
2013-08-04,0.0,0.73,21.7,28.8,14.8,39.3,0.0,0.0,0.0,0.0,0.0,0.08,0.73,0.73,0.0,0.0,0.72
2013-08-05,0.0,0.72,22.4,28.3,16.1,42.5,0.0,0.0,0.0,0.0,0.0,0.07,0.73,0.73,0.0,0.0,0.72
2013-08-06,0.0,0.72,20.3,26.7,15.9,55.3,0.0,0.0,0.0,0.0,0.0,0.07,0.72,0.73,0.0,0.0,0.72
2013-08-07,0.0,0.72,19.9,24.8,16.0,52.8,0.0,0.0,0.0,0.0,0.0,0.06,0.72,0.72,0.0,0.0,0.72
2013-08-08,0.0,0.72,20.3,25.4,15.8,51.5,0.0,0.0,0.0,0.0,0.0,0.05,0.72,0.72,0.0,0.0,0.7
2013-08-09,0.0,0.7,20.5,26.8,15.3,53.3,0.0,0.0,0.0,0.0,0.0,0.05,0.72,0.72,0.0,0.0,0.7
2013-08-10,0.0,0.7,21.1,27.4,16.1,50.5,0.0,0.0,0.0,0.0,0.0,0.04,0.7,0.72,0.0,0.0,0.7
2013-08-11,0.0,0.7,23.3,29.0,15.6,39.8,0.0,0.0,0.0,0.0,0.0,0.04,0.7,0.7,0.0,0.0,0.69
2013-08-12,0.0,0.69,21.8,27.2,18.2,54.3,0.0,0.0,0.0,0.0,0.0,0.04,0.7,0.7,0.0,0.0,0.69
2013-08-13,0.0,0.69,22.5,27.9,17.8,43.8,0.0,0.0,0.0,0.0,0.0,0.03,0.69,0.7,0.0,0.0,0.69
2013-08-14,0.0,0.69,23.2,29.8,17.2,47.0,0.0,0.0,0.0,0.0,0.0,0.03,0.69,0.69,0.0,0.0,0.67
2013-08-15,0.0,0.67,17.8,24.5,14.2,71.3,0.0,0.0,0.0,0.0,0.0,0.03,0.69,0.69,0.0,0.0,0.67
2013-08-16,0.0,0.67,17.5,23.5,12.9,68.0,0.0,0.0,0.0,0.0,0.0,0.02,0.67,0.69,0.0,0.0,0.67
2013-08-17,0.0,0.67,19.1,25.0,15.1,63.8,0.0,0.0,0.0,0.0,0.0,0.02,0.67,0.67,0.0,0.0,0.67
2013-08-18,0.0,0.67,17.6,21.1,15.0,64.0,0.0,0.0,0.0,0.0,0.0,0.02,0.67,0.67,0.0,0.0,0.66
2013-08-19,0.0,0.66,17.2,21.5,14.2,61.3,0.0,0.0,0.0,0.0,0.0,0.02,0.67,0.67,0.0,0.0,0.66
2013-08-20,0.0,0.66,18.2,23.7,12.2,53.8,0.0,0.0,0.0,0.0,0.0,0.02,0.66,0.67,0.0,0.0,0.66
2013-08-21,0.0,0.66,18.8,23.4,14.3,62.5,0.0,0.0,0.0,0.0,0.0,0.01,0.66,0.66,0.0,0.0,0.66
2013-08-22,0.0,0.66,21.0,26.9,16.0,57.0,0.0,0.0,0.0,0.0,0.0,0.01,0.66,0.66,0.0,0.0,0.64
2013-08-23,0.0,0.64,22.1,29.0,16.2,52.3,0.0,0.0,0.0,0.0,0.0,0.01,0.66,0.66,0.0,0.0,0.64
2013-08-24,0.0,0.64,21.6,27.8,17.2,38.5,0.0,0.0,0.0,0.0,0.0,0.01,0.64,0.66,0.0,0.0,0.64
2013-08-25,0.0,0.64,21.9,28.2,17.0,43.5,0.0,0.0,0.0,0.0,0.0,0.01,0.64,0.64,0.0,0.0,0.63
2013-08-26,0.0,0.63,23.7,30.8,16.1,45.3,0.0,0.0,0.0,0.0,0.0,0.01,0.64,0.64,0.0,0.0,0.63
2013-08-27,0.0,0.63,24.3,30.4,18.4,42.3,0.0,0.0,0.0,0.0,0.0,0.01,0.63,0.64,0.0,0.0,0.63
2013-08-28,0.0,0.63,20.1,28.6,15.4,47.0,0.0,0.0,0.0,0.0,0.0,0.01,0.63,0.63,0.0,0.0,0.63
2013-08-29,0.0,0.63,17.7,24.0,12.3,62.0,0.0,0.0,0.0,0.0,0.0,0.01,0.63,0.63,0.0,0.0,0.59
2013-08-30,0.0,0.59,18.8,24.7,13.9,47.0,0.0,0.0,0.0,0.0,0.0,0.01,0.63,0.63,0.0,0.0,0.58
2013-08-31,0.0,0.58,19.1,25.1,13.9,49.3,0.0,0.0,0.0,0.0,0.0,0.0,0.59,0.63,0.0,0.0,0.58
2013-09-01,0.0,0.58,21.3,28.4,14.5,38.5,0.0,0.0,0.0,0.0,0.0,0.0,0.58,0.59,0.0,0.0,0.58
2013-09-02,0.0,0.58,22.5,29.4,16.6,43.3,0.0,0.0,0.0,0.0,0.0,0.0,0.58,0.58,0.0,0.0,0.58
2013-09-03,0.0,0.58,23.5,30.0,17.6,43.0,0.0,0.0,0.0,0.0,0.0,0.0,0.58,0.58,0.0,0.0,0.83
2013-09-04,0.0,0.83,17.6,24.5,13.8,80.3,0.0,0.0,0.0,0.0,0.0,0.0,0.58,0.58,0.0,0.0,0.99
2013-09-05,12.8,0.99,18.0,22.7,13.6,64.8,12.8,12.8,12.8,12.8,0.0,0.0,0.83,0.58,0.0,0.0,0.78
2013-09-06,0.0,0.78,18.9,24.3,15.0,60.0,12.8,12.8,12.8,12.8,10.88,11.52,0.99,0.83,12.8,0.0,0.67
2013-09-07,0.0,0.67,18.7,23.7,14.6,55.5,12.8,12.8,12.8,12.8,9.25,10.37,0.78,0.99,0.0,12.8,0.64
2013-09-08,0.0,0.64,19.6,25.1,14.8,54.8,0.0,12.8,12.8,12.8,7.86,9.33,0.67,0.78,0.0,0.0,0.61
2013-09-09,0.0,0.61,20.9,27.4,15.2,50.3,0.0,12.8,12.8,12.8,6.68,8.4,0.64,0.67,0.0,0.0,0.59
2013-09-10,0.0,0.59,21.5,26.8,16.6,51.5,0.0,12.8,12.8,12.8,5.68,7.56,0.61,0.64,0.0,0.0,0.58
2013-09-11,0.0,0.58,19.4,23.5,15.8,52.5,0.0,12.8,12.8,12.8,4.83,6.8,0.59,0.61,0.0,0.0,0.58
2013-09-12,0.0,0.58,19.4,24.3,15.0,50.8,0.0,0.0,12.8,12.8,4.1,6.12,0.58,0.59,0.0,0.0,0.56
2013-09-13,0.0,0.56,20.1,25.9,15.0,57.5,0.0,0.0,12.8,12.8,3.49,5.51,0.58,0.58,0.0,0.0,0.56
2013-09-14,0.0,0.56,21.0,27.1,15.4,51.5,0.0,0.0,12.8,12.8,2.96,4.96,0.56,0.58,0.0,0.0,0.56
2013-09-15,0.0,0.56,21.5,28.0,16.2,54.0,0.0,0.0,12.8,12.8,2.52,4.46,0.56,0.56,0.0,0.0,0.55
2013-09-16,0.0,0.55,23.0,29.5,17.0,47.5,0.0,0.0,12.8,12.8,2.14,4.02,0.56,0.56,0.0,0.0,0.55
2013-09-17,0.0,0.55,22.8,25.6,19.2,60.3,0.0,0.0,12.8,12.8,1.82,3.62,0.55,0.56,0.0,0.0,0.58
2013-09-18,2.8,0.58,21.8,26.3,17.6,68.5,2.8,2.8,15.6,15.6,1.55,3.25,0.55,0.55,0.0,0.0,0.56
2013-09-19,0.0,0.56,23.2,27.9,19.8,60.3,2.8,2.8,2.8,15.6,3.7,5.45,0.58,0.55,2.8,0.0,0.56
2013-09-20,0.0,0.56,22.4,28.2,18.6,56.3,2.8,2.8,2.8,15.6,3.14,4.9,0.56,0.58,0.0,2.8,0.55
2013-09-21,0.0,0.55,23.7,30.8,17.6,53.0,0.0,2.8,2.8,15.6,2.67,4.41,0.56,0.56,0.0,0.0,0.54
2013-09-22,0.0,0.54,26.9,34.0,19.0,38.8,0.0,2.8,2.8,15.6,2.27,3.97,0.55,0.56,0.0,0.0,0.53
2013-09-23,0.0,0.53,28.4,34.8,21.8,38.5,0.0,2.8,2.8,15.6,1.93,3.58,0.54,0.55,0.0,0.0,0.52
2013-09-24,0.0,0.52,25.4,31.0,22.0,66.0,0.0,2.8,2.8,15.6,1.64,3.22,0.53,0.54,0.0,0.0,0.52
2013-09-25,0.0,0.52,23.6,30.2,19.0,53.3,0.0,0.0,2.8,15.6,1.39,2.9,0.52,0.53,0.0,0.0,0.52
2013-09-26,0.0,0.52,20.3,28.4,14.2,53.0,0.0,0.0,2.8,15.6,1.18,2.61,0.52,0.52,0.0,0.0,0.51
2013-09-27,0.0,0.51,20.7,27.4,15.1,62.3,0.0,0.0,2.8,15.6,1.01,2.35,0.52,0.52,0.0,0.0,0.51
2013-09-28,0.0,0.51,23.2,31.0,16.6,56.8,0.0,0.0,2.8,15.6,0.86,2.11,0.51,0.52,0.0,0.0,0.87
2013-09-29,2.8,0.87,19.2,23.9,17.2,84.0,2.8,2.8,5.6,18.4,0.73,1.9,0.51,0.51,0.0,0.0,1.08
2013-09-30,13.9,1.08,19.4,23.9,15.2,69.5,16.7,16.7,19.5,32.3,3.0,4.23,0.87,0.51,2.8,0.0,0.95
2013-10-01,1.8,0.95,20.8,26.3,17.1,82.8,18.5,18.5,21.3,34.1,14.36,16.32,1.08,0.87,13.9,2.8,0.76
2013-10-02,2.1,0.76,20.4,24.9,17.2,77.8,17.8,20.6,20.6,36.2,13.74,16.31,0.95,1.08,1.8,13.9,0.76
2013-10-03,10.5,0.76,22.3,28.0,16.9,66.0,14.4,31.1,31.1,46.7,13.46,16.56,0.76,0.95,2.1,1.8,1.06
2013-10-04,1.3,1.06,21.4,28.0,18.0,81.0,13.9,32.4,32.4,48.0,20.37,24.36,0.76,0.76,10.5,2.1,1.28
2013-10-05,15.8,1.28,21.9,26.0,17.8,67.0,27.6,48.2,48.2,51.0,18.42,23.09,1.06,0.76,1.3,10.5,1.03
2013-10-06,0.3,1.03,21.4,26.7,16.8,64.0,17.4,45.7,48.5,51.3,29.09,35.0,1.28,1.06,15.8,1.3,1.02
2013-10-07,0.0,1.02,16.8,21.0,14.1,77.5,16.1,31.8,48.5,51.3,24.98,31.77,1.03,1.28,0.3,15.8,1.26
2013-10-08,3.5,1.26,15.4,18.6,13.4,87.8,3.8,33.5,52.0,54.8,21.23,28.6,1.02,1.03,0.0,0.3,1.32
2013-10-09,20.3,1.32,16.2,19.8,12.9,73.8,23.8,51.7,72.3,75.1,21.02,28.89,1.26,1.02,3.5,0.0,1.01
2013-10-10,0.0,1.01,18.1,23.3,14.2,62.5,23.8,41.2,72.3,75.1,35.12,44.27,1.32,1.26,20.3,3.5,0.78
2013-10-11,0.0,0.78,17.9,23.3,13.1,55.5,20.3,39.9,72.3,75.1,29.85,39.84,1.01,1.32,0.0,20.3,0.66
2013-10-12,0.0,0.66,18.2,23.7,13.6,61.3,0.0,24.1,72.3,75.1,25.38,35.86,0.78,1.01,0.0,0.0,0.61
2013-10-13,0.0,0.61,20.3,27.3,14.3,49.5,0.0,23.8,69.5,75.1,21.57,32.27,0.66,0.78,0.0,0.0,0.58
2013-10-14,0.0,0.58,21.4,27.4,16.2,58.3,0.0,23.8,55.6,75.1,18.33,29.04,0.61,0.66,0.0,0.0,0.57
2013-10-15,0.0,0.57,22.4,28.2,17.0,58.8,0.0,20.3,53.8,75.1,15.58,26.14,0.58,0.61,0.0,0.0,0.56
2013-10-16,0.0,0.56,21.6,25.7,18.6,67.5,0.0,0.0,51.7,75.1,13.25,23.53,0.57,0.58,0.0,0.0,0.69
2013-10-17,6.8,0.69,18.2,21.8,16.3,92.0,6.8,6.8,48.0,81.9,11.26,21.17,0.56,0.57,0.0,0.0,1.0
2013-10-18,39.3,1.0,20.0,23.7,15.9,88.5,46.1,46.1,86.0,118.4,15.35,25.18,0.69,0.56,6.8,0.0,1.21
2013-10-19,10.8,1.21,22.1,29.0,16.1,64.3,56.9,56.9,81.0,129.2,46.45,58.03,1.0,0.69,39.3,6.8,0.99
2013-10-20,5.3,0.99,24.5,30.8,18.2,58.8,55.4,62.2,86.0,134.5,48.67,61.95,1.21,1.0,10.8,39.3,0.73
2013-10-21,0.0,0.73,25.6,31.9,20.7,56.0,16.1,62.2,86.0,134.5,45.87,60.52,0.99,1.21,5.3,10.8,0.67
2013-10-22,0.0,0.67,25.0,30.4,21.0,59.0,5.3,62.2,82.5,134.5,38.99,54.47,0.73,0.99,0.0,5.3,0.63
2013-10-23,0.0,0.63,24.4,29.9,20.4,49.0,0.0,62.2,62.2,134.5,33.14,49.02,0.67,0.73,0.0,0.0,0.59
2013-10-24,0.0,0.59,24.3,30.4,18.6,45.5,0.0,55.4,62.2,134.5,28.17,44.12,0.63,0.67,0.0,0.0,0.58
2013-10-25,0.0,0.58,25.4,31.2,19.6,36.5,0.0,16.1,62.2,134.5,23.94,39.71,0.59,0.63,0.0,0.0,0.56
2013-10-26,0.0,0.56,23.6,29.0,18.9,55.8,0.0,5.3,62.2,134.5,20.35,35.74,0.58,0.59,0.0,0.0,0.56
2013-10-27,0.0,0.56,26.2,32.4,19.0,43.3,0.0,0.0,62.2,134.5,17.3,32.16,0.56,0.58,0.0,0.0,0.55
2013-10-28,0.8,0.55,23.9,31.2,20.6,57.3,0.8,0.8,63.0,135.3,14.7,28.95,0.56,0.56,0.0,0.0,0.54
2013-10-29,0.0,0.54,20.7,25.9,16.9,68.0,0.8,0.8,63.0,132.5,13.18,26.77,0.55,0.56,0.8,0.0,0.54
2013-10-30,0.0,0.54,20.8,26.3,17.2,72.3,0.8,0.8,63.0,118.6,11.2,24.09,0.54,0.55,0.0,0.8,0.67
2013-10-31,0.0,0.67,21.5,27.2,17.2,69.0,0.0,0.8,56.2,116.8,9.52,21.69,0.54,0.54,0.0,0.0,0.66
2013-11-01,0.0,0.66,20.3,24.3,17.4,69.8,0.0,0.8,16.9,114.7,8.09,19.52,0.67,0.54,0.0,0.0,0.6
2013-11-02,0.0,0.6,21.6,27.3,16.0,54.3,0.0,0.8,6.1,104.2,6.88,17.57,0.66,0.67,0.0,0.0,0.57
2013-11-03,0.0,0.57,22.0,29.0,16.2,47.0,0.0,0.8,0.8,102.9,5.85,15.81,0.6,0.66,0.0,0.0,0.55
2013-11-04,0.0,0.55,22.9,29.7,15.9,48.5,0.0,0.0,0.8,87.1,4.97,14.23,0.57,0.6,0.0,0.0,0.57
2013-11-05,0.0,0.57,20.8,27.1,17.2,72.0,0.0,0.0,0.8,86.8,4.22,12.81,0.55,0.57,0.0,0.0,0.77
2013-11-06,18.2,0.77,18.2,20.3,16.2,85.5,18.2,18.2,19.0,105.0,3.59,11.52,0.57,0.55,0.0,0.0,0.91
2013-11-07,12.1,0.91,19.4,24.1,16.1,85.8,30.3,30.3,31.1,113.6,18.52,26.75,0.77,0.57,18.2,0.0,1.11
2013-11-08,37.2,1.11,20.8,25.3,16.4,78.8,67.5,67.5,68.3,130.5,26.03,34.97,0.91,0.77,12.1,18.2,1.08
2013-11-09,1.1,1.08,24.3,30.6,17.4,52.5,50.4,68.6,69.4,131.6,53.74,64.95,1.11,0.91,37.2,12.1,0.76
2013-11-10,0.0,0.76,25.6,31.5,20.1,56.0,38.3,68.6,69.4,131.6,46.62,59.45,1.08,1.11,1.1,37.2,0.63
2013-11-11,0.0,0.63,26.2,32.2,20.8,56.3,1.1,68.6,68.6,131.6,39.63,53.5,0.76,1.08,0.0,1.1,0.59
2013-11-12,0.0,0.59,27.5,33.3,21.1,54.8,0.0,68.6,68.6,131.6,33.68,48.15,0.63,0.76,0.0,0.0,0.85
2013-11-13,0.0,0.85,23.9,29.6,20.8,62.3,0.0,50.4,68.6,131.6,28.63,43.34,0.59,0.63,0.0,0.0,0.87
2013-11-14,0.0,0.87,21.9,25.5,18.2,64.5,0.0,38.3,68.6,131.6,24.33,39.0,0.85,0.59,0.0,0.0,0.75
2013-11-15,0.0,0.75,21.7,26.9,18.0,63.5,0.0,1.1,68.6,131.6,20.68,35.1,0.87,0.85,0.0,0.0,0.66
2013-11-16,0.0,0.66,22.9,28.2,18.0,58.0,0.0,0.0,68.6,124.8,17.58,31.59,0.75,0.87,0.0,0.0,0.77
2013-11-17,0.0,0.77,21.6,26.1,18.2,68.8,0.0,0.0,68.6,85.5,14.94,28.43,0.66,0.75,0.0,0.0,0.8
2013-11-18,0.0,0.8,21.8,26.3,17.2,69.3,0.0,0.0,68.6,74.7,12.7,25.59,0.77,0.66,0.0,0.0,0.69
2013-11-19,0.0,0.69,23.5,28.8,19.4,55.8,0.0,0.0,68.6,69.4,10.8,23.03,0.8,0.77,0.0,0.0,0.63
2013-11-20,0.0,0.63,24.2,29.9,18.8,52.8,0.0,0.0,50.4,69.4,9.18,20.73,0.69,0.8,0.0,0.0,0.58
2013-11-21,0.0,0.58,24.5,30.8,19.0,49.0,0.0,0.0,38.3,69.4,7.8,18.65,0.63,0.69,0.0,0.0,0.56
2013-11-22,0.0,0.56,23.4,32.7,18.8,59.8,0.0,0.0,1.1,69.4,6.63,16.79,0.58,0.63,0.0,0.0,0.56
2013-11-23,21.1,0.56,22.3,26.8,17.8,64.0,21.1,21.1,21.1,90.5,5.64,15.11,0.56,0.58,0.0,0.0,0.61
2013-11-24,2.1,0.61,20.1,23.0,18.2,79.0,23.2,23.2,23.2,92.6,22.73,32.59,0.56,0.56,21.1,0.0,0.73
2013-11-25,4.9,0.73,20.3,23.3,17.8,84.0,28.1,28.1,28.1,97.5,21.1,31.22,0.61,0.56,2.1,21.1,1.31
2013-11-26,6.8,1.31,20.5,23.1,17.5,78.5,13.8,34.9,34.9,104.3,22.1,32.51,0.73,0.61,4.9,2.1,1.77
2013-11-27,4.4,1.77,21.2,26.3,17.8,78.0,16.1,39.3,39.3,107.9,24.57,35.38,1.31,0.73,6.8,4.9,1.47
2013-11-28,2.6,1.47,22.5,28.5,17.7,74.3,13.8,41.9,41.9,110.5,24.62,35.8,1.77,1.31,4.4,6.8,1.39
2013-11-29,0.0,1.39,23.5,28.8,19.4,73.8,7.0,41.9,41.9,110.5,23.14,34.56,1.47,1.77,2.6,4.4,1.45
2013-11-30,3.2,1.45,22.0,25.2,19.3,83.8,5.8,24.0,45.1,113.7,19.67,31.1,1.39,1.47,0.0,2.6,1.23
2013-12-01,15.6,1.23,24.4,29.2,18.9,68.3,18.8,37.5,60.7,129.3,19.44,30.87,1.45,1.39,3.2,0.0,0.97
2013-12-02,0.0,0.97,22.7,29.6,19.2,79.3,18.8,32.6,60.7,129.3,29.78,41.83,1.23,1.45,15.6,3.2,0.85
2013-12-03,0.0,0.85,24.9,30.2,18.4,68.3,15.6,25.8,60.7,129.3,25.31,37.64,0.97,1.23,0.0,15.6,0.73
2013-12-04,0.0,0.73,27.0,33.1,20.6,56.5,0.0,21.4,60.7,129.3,21.52,33.88,0.85,0.97,0.0,0.0,0.7
2013-12-05,1.1,0.7,27.0,34.2,21.3,58.0,1.1,19.9,61.8,130.4,18.29,30.49,0.73,0.85,0.0,0.0,1.06
2013-12-06,42.9,1.06,23.0,29.8,18.6,69.8,44.0,62.8,104.7,155.1,16.48,28.43,0.7,0.73,1.1,0.0,1.44
2013-12-07,0.0,1.44,22.5,27.6,19.2,79.8,44.0,59.6,83.6,143.0,50.47,64.2,1.06,0.7,42.9,1.1,1.81
2013-12-08,3.8,1.81,21.6,25.8,18.6,84.0,46.7,47.8,85.3,109.6,42.9,57.78,1.44,1.06,0.0,42.9,2.22
2013-12-09,34.1,2.22,22.6,27.2,18.8,79.5,37.9,81.9,114.5,142.6,39.7,55.42,1.81,1.44,3.8,0.0,1.82
2013-12-10,1.6,1.82,22.7,26.7,19.0,81.0,39.5,83.5,109.3,144.2,62.73,80.57,2.22,1.81,34.1,3.8,1.89
2013-12-11,12.8,1.89,22.0,27.1,19.1,84.0,48.5,96.3,117.7,157.0,54.68,73.95,1.82,2.22,1.6,34.1,5.08
2013-12-12,76.8,5.08,20.9,24.6,18.3,87.5,91.2,172.0,191.9,233.8,57.36,78.08,1.89,1.82,12.8,1.6,8.23
2013-12-13,32.9,8.23,21.6,26.5,17.6,75.0,122.5,162.0,224.8,266.7,114.03,139.39,5.08,1.89,76.8,12.8,6.52
2013-12-14,0.0,6.52,23.8,30.4,17.8,69.3,109.7,162.0,221.6,266.7,124.89,155.06,8.23,5.08,32.9,76.8,5.82
2013-12-15,1.3,5.82,22.2,27.2,19.5,79.5,34.2,159.5,207.3,268.0,106.16,139.55,6.52,8.23,0.0,32.9,7.61
2013-12-16,0.0,7.61,22.9,26.9,19.3,69.0,1.3,125.4,207.3,268.0,91.34,126.77,5.82,6.52,1.3,0.0,9.99
2013-12-17,3.5,9.99,20.6,23.5,18.2,81.5,4.8,127.3,210.8,271.5,77.64,114.09,7.61,5.82,0.0,1.3,9.96
2013-12-18,2.3,9.96,22.9,27.4,18.4,65.8,5.8,116.8,213.1,273.8,68.97,105.83,9.99,7.61,3.5,0.0,8.02
2013-12-19,2.9,8.02,24.1,30.2,18.9,60.3,8.7,42.9,214.9,276.7,60.58,97.32,9.96,9.99,2.3,3.5,6.73
2013-12-20,0.0,6.73,24.0,28.7,19.8,69.8,5.2,10.0,172.0,276.7,53.96,90.2,8.02,9.96,2.9,2.3,6.85
2013-12-21,7.5,6.85,20.4,23.5,19.0,90.0,10.4,17.5,179.5,284.2,45.86,81.18,6.73,8.02,0.0,2.9,7.85
2013-12-22,42.6,7.85,20.7,23.8,18.0,89.8,50.1,58.8,218.3,326.8,45.36,79.81,6.85,6.73,7.5,0.0,10.53
2013-12-23,21.5,10.53,20.9,24.1,19.3,91.8,71.6,80.3,205.7,327.2,74.76,110.17,7.85,6.85,42.6,7.5,13.66
2013-12-24,25.5,13.66,21.7,25.4,19.4,91.3,89.6,102.3,229.6,350.6,81.83,118.5,10.53,7.85,21.5,42.6,14.92
2013-12-25,25.9,14.92,22.7,28.4,19.6,85.0,72.9,125.9,242.7,371.6,91.23,129.6,13.66,10.53,25.5,21.5,13.39
2013-12-26,21.5,13.39,24.6,29.9,20.0,64.8,72.9,144.5,187.4,386.3,99.56,139.95,14.92,13.66,25.9,25.5,11.76
2013-12-27,4.8,11.76,24.2,30.2,20.1,69.0,52.2,149.3,159.3,386.7,102.9,145.31,13.39,14.92,21.5,25.9,9.91
2013-12-28,1.5,9.91,24.9,29.3,21.6,64.5,27.8,143.3,160.8,385.6,91.54,135.1,11.76,13.39,4.8,21.5,8.29
2013-12-29,0.5,8.29,24.3,28.2,21.8,72.0,6.8,101.2,160.0,386.1,79.09,122.94,9.91,11.76,1.5,4.8,7.02
2013-12-30,8.9,7.02,23.9,27.1,21.4,72.8,10.9,88.6,168.9,391.8,67.65,111.09,8.29,9.91,0.5,1.5,5.92
2013-12-31,6.8,5.92,25.1,29.0,21.3,69.0,16.2,69.9,172.2,383.0,65.07,107.99,7.02,8.29,8.9,0.5,5.31
2014-01-01,1.3,5.31,26.6,31.4,21.3,64.3,17.0,45.3,171.2,384.3,61.09,103.31,5.92,7.02,6.8,8.9,5.03
2014-01-02,0.0,5.03,27.6,33.2,23.2,51.8,8.1,23.8,168.3,384.3,53.03,94.15,5.31,5.92,1.3,6.8,4.47
2014-01-03,0.0,4.47,27.1,33.6,21.9,46.0,1.3,19.0,168.3,384.3,45.07,84.74,5.03,5.31,0.0,1.3,3.36
2014-01-04,0.0,3.36,26.9,33.3,21.1,46.3,0.0,17.5,160.8,383.2,38.31,76.26,4.47,5.03,0.0,0.0,2.39
2014-01-05,0.0,2.39,25.3,30.6,21.6,48.3,0.0,17.0,118.2,340.3,32.57,68.64,3.36,4.47,0.0,0.0,1.67
2014-01-06,0.0,1.67,24.2,29.2,20.9,47.3,0.0,8.1,96.7,340.3,27.68,61.77,2.39,3.36,0.0,0.0,1.22
2014-01-07,0.0,1.22,23.7,28.7,20.4,50.3,0.0,1.3,71.2,336.5,23.53,55.6,1.67,2.39,0.0,0.0,0.97
2014-01-08,0.0,0.97,24.3,30.2,19.2,51.5,0.0,0.0,45.3,302.4,20.0,50.04,1.22,1.67,0.0,0.0,0.86
2014-01-09,0.0,0.86,23.7,30.0,20.0,57.8,0.0,0.0,23.8,300.8,17.0,45.03,0.97,1.22,0.0,0.0,0.87
2014-01-10,0.0,0.87,24.6,29.6,20.5,61.0,0.0,0.0,19.0,288.0,14.45,40.53,0.86,0.97,0.0,0.0,0.86
2014-01-11,0.0,0.86,25.0,30.3,21.0,56.3,0.0,0.0,17.5,211.2,12.28,36.48,0.87,0.86,0.0,0.0,0.85
2014-01-12,0.0,0.85,25.5,30.6,21.2,52.0,0.0,0.0,17.0,178.3,10.44,32.83,0.86,0.87,0.0,0.0,0.85
2014-01-13,0.0,0.85,25.7,30.8,21.4,53.3,0.0,0.0,8.1,178.3,8.87,29.55,0.85,0.86,0.0,0.0,0.83
2014-01-14,0.0,0.83,25.3,30.3,21.1,51.5,0.0,0.0,1.3,177.0,7.54,26.59,0.85,0.85,0.0,0.0,0.81
2014-01-15,0.0,0.81,26.1,32.1,20.9,44.5,0.0,0.0,0.0,177.0,6.41,23.93,0.83,0.85,0.0,0.0,0.81
2014-01-16,0.0,0.81,26.9,32.4,21.7,46.0,0.0,0.0,0.0,173.5,5.45,21.54,0.81,0.83,0.0,0.0,1.12
2014-01-17,0.0,1.12,23.0,30.6,19.3,80.8,0.0,0.0,0.0,171.2,4.63,19.39,0.81,0.81,0.0,0.0,2.72
2014-01-18,24.8,2.72,21.0,27.1,18.3,86.5,24.8,24.8,24.8,193.1,3.94,17.45,1.12,0.81,0.0,0.0,5.05
2014-01-19,12.5,5.05,22.6,28.8,18.4,68.5,37.3,37.3,37.3,205.6,24.43,38.02,2.72,1.12,24.8,0.0,6.59
2014-01-20,0.0,6.59,22.6,29.1,19.1,76.3,37.3,37.3,37.3,198.1,31.39,45.47,5.05,2.72,12.5,24.8,7.22
2014-01-21,12.6,7.22,23.8,30.0,19.0,60.8,25.1,49.9,49.9,168.1,26.68,40.92,6.59,5.05,0.0,12.5,6.91
2014-01-22,2.8,6.91,23.1,30.7,19.0,69.3,15.4,52.7,52.7,149.4,33.39,48.17,7.22,6.59,12.6,0.0,6.94
2014-01-23,19.4,6.94,24.3,29.6,18.6,65.8,34.8,72.1,72.1,143.3,30.76,45.87,6.91,7.22,2.8,12.6,6.53
2014-01-24,0.0,6.53,25.5,31.1,21.0,58.8,22.2,72.1,72.1,117.4,42.64,58.75,6.94,6.91,19.4,2.8,5.31
2014-01-25,0.0,5.31,25.4,30.9,20.4,49.8,19.4,47.3,72.1,95.9,36.24,52.87,6.53,6.94,0.0,19.4,4.06
2014-01-26,0.0,4.06,25.2,29.9,21.2,55.5,0.0,34.8,72.1,91.1,30.8,47.58,5.31,6.53,0.0,0.0,3.0
2014-01-27,0.0,3.0,24.7,29.8,20.9,53.5,0.0,34.8,72.1,89.6,26.18,42.83,4.06,5.31,0.0,0.0,2.31
2014-01-28,0.0,2.31,24.6,30.0,19.8,46.0,0.0,22.2,72.1,89.1,22.26,38.54,3.0,4.06,0.0,0.0,1.69
2014-01-29,0.0,1.69,24.2,29.0,20.2,56.8,0.0,19.4,72.1,80.2,18.92,34.69,2.31,3.0,0.0,0.0,1.31
2014-01-30,0.0,1.31,24.4,29.4,20.4,52.8,0.0,0.0,72.1,73.4,16.08,31.22,1.69,2.31,0.0,0.0,1.06
2014-01-31,0.0,1.06,24.5,30.2,19.6,45.3,0.0,0.0,72.1,72.1,13.67,28.1,1.31,1.69,0.0,0.0,0.91
2014-02-01,0.0,0.91,24.8,29.4,20.8,54.5,0.0,0.0,47.3,72.1,11.62,25.29,1.06,1.31,0.0,0.0,0.87
2014-02-02,0.0,0.87,25.3,30.0,21.4,54.3,0.0,0.0,34.8,72.1,9.88,22.76,0.91,1.06,0.0,0.0,0.87
2014-02-03,0.0,0.87,25.2,30.4,21.0,49.5,0.0,0.0,34.8,72.1,8.39,20.48,0.87,0.91,0.0,0.0,0.87
2014-02-04,0.0,0.87,26.3,31.1,21.8,47.5,0.0,0.0,22.2,72.1,7.13,18.44,0.87,0.87,0.0,0.0,0.87
2014-02-05,0.0,0.87,24.9,29.4,21.6,58.5,0.0,0.0,19.4,72.1,6.06,16.59,0.87,0.87,0.0,0.0,0.87
2014-02-06,0.0,0.87,24.4,29.3,20.0,55.0,0.0,0.0,0.0,72.1,5.15,14.93,0.87,0.87,0.0,0.0,0.85
2014-02-07,0.0,0.85,24.4,29.4,20.4,49.5,0.0,0.0,0.0,72.1,4.38,13.44,0.87,0.87,0.0,0.0,0.85
2014-02-08,0.0,0.85,24.6,30.2,20.2,53.3,0.0,0.0,0.0,72.1,3.72,12.1,0.85,0.87,0.0,0.0,0.85
2014-02-09,0.0,0.85,24.6,29.6,20.4,48.8,0.0,0.0,0.0,72.1,3.17,10.89,0.85,0.85,0.0,0.0,0.85
2014-02-10,0.0,0.85,24.8,30.2,20.6,55.5,0.0,0.0,0.0,72.1,2.69,9.8,0.85,0.85,0.0,0.0,0.85
2014-02-11,0.0,0.85,24.0,28.9,20.2,51.3,0.0,0.0,0.0,72.1,2.29,8.82,0.85,0.85,0.0,0.0,0.81
2014-02-12,0.0,0.81,23.7,28.7,19.8,54.8,0.0,0.0,0.0,72.1,1.94,7.94,0.85,0.85,0.0,0.0,0.81
2014-02-13,0.0,0.81,25.5,31.2,20.4,47.3,0.0,0.0,0.0,72.1,1.65,7.14,0.81,0.85,0.0,0.0,0.81
2014-02-14,0.0,0.81,25.3,31.9,21.2,58.5,0.0,0.0,0.0,72.1,1.4,6.43,0.81,0.81,0.0,0.0,0.81
2014-02-15,0.0,0.81,25.8,30.8,22.6,52.5,0.0,0.0,0.0,72.1,1.19,5.79,0.81,0.81,0.0,0.0,0.81
2014-02-16,0.0,0.81,23.8,27.4,21.2,63.5,0.0,0.0,0.0,72.1,1.01,5.21,0.81,0.81,0.0,0.0,0.85
2014-02-17,0.0,0.85,22.6,29.0,20.0,76.0,0.0,0.0,0.0,47.3,0.86,4.69,0.81,0.81,0.0,0.0,1.22
2014-02-18,8.8,1.22,22.1,25.9,19.3,73.5,8.8,8.8,8.8,43.6,0.73,4.22,0.85,0.81,0.0,0.0,1.84
2014-02-19,6.4,1.84,23.5,28.0,18.8,57.8,15.2,15.2,15.2,50.0,8.1,11.72,1.22,0.85,8.8,0.0,1.4
2014-02-20,0.0,1.4,24.0,29.4,19.4,55.8,15.2,15.2,15.2,37.4,12.33,16.3,1.84,1.22,6.4,8.8,1.06
2014-02-21,0.0,1.06,23.8,29.5,19.8,60.0,6.4,15.2,15.2,34.6,10.48,14.67,1.4,1.84,0.0,6.4,0.91
2014-02-22,0.0,0.91,23.9,29.8,19.3,57.5,0.0,15.2,15.2,15.2,8.91,13.21,1.06,1.4,0.0,0.0,0.85
2014-02-23,0.0,0.85,24.8,29.6,20.8,57.3,0.0,15.2,15.2,15.2,7.57,11.89,0.91,1.06,0.0,0.0,0.85
2014-02-24,0.0,0.85,25.0,30.4,20.0,54.8,0.0,15.2,15.2,15.2,6.44,10.7,0.85,0.91,0.0,0.0,0.81
2014-02-25,0.0,0.81,24.4,30.0,19.5,52.5,0.0,6.4,15.2,15.2,5.47,9.63,0.85,0.85,0.0,0.0,0.81
2014-02-26,0.0,0.81,24.8,30.6,19.6,49.3,0.0,0.0,15.2,15.2,4.65,8.66,0.81,0.85,0.0,0.0,0.81
2014-02-27,0.0,0.81,26.0,31.3,20.2,51.5,0.0,0.0,15.2,15.2,3.95,7.8,0.81,0.81,0.0,0.0,0.81
2014-02-28,0.0,0.81,24.5,33.2,21.0,64.8,0.0,0.0,15.2,15.2,3.36,7.02,0.81,0.81,0.0,0.0,1.06
2014-03-01,41.8,1.06,22.0,28.2,18.9,82.3,41.8,41.8,57.0,57.0,2.86,6.32,0.81,0.81,0.0,0.0,1.25
2014-03-02,71.2,1.25,22.8,28.4,18.8,72.5,113.0,113.0,128.2,128.2,37.96,43.3,1.06,0.81,41.8,0.0,1.09
2014-03-03,5.2,1.09,22.9,26.3,20.0,62.3,118.2,118.2,133.4,133.4,92.78,103.05,1.25,1.06,71.2,41.8,0.94
2014-03-04,0.8,0.94,23.4,28.1,19.8,60.3,77.2,119.0,125.4,134.2,83.29,97.43,1.09,1.25,5.2,71.2,0.87
2014-03-05,0.0,0.87,23.7,29.2,19.9,64.8,6.0,119.0,119.0,134.2,71.47,88.41,0.94,1.09,0.8,5.2,1.22
2014-03-06,0.0,1.22,22.1,27.7,19.7,73.8,0.8,119.0,119.0,134.2,60.75,79.57,0.87,0.94,0.0,0.8,2.37
2014-03-07,19.6,2.37,21.4,26.3,17.6,79.3,19.6,138.6,138.6,153.8,51.64,71.61,1.22,0.87,0.0,0.0,3.79
2014-03-08,12.8,3.79,20.8,23.9,19.2,87.3,32.4,109.6,151.4,166.6,60.55,82.09,2.37,1.22,19.6,0.0,4.5
2014-03-09,15.5,4.5,22.7,28.9,17.9,74.8,47.9,53.9,166.9,182.1,62.35,85.4,3.79,2.37,12.8,19.6,4.53
2014-03-10,0.0,4.53,23.6,29.7,18.8,64.0,28.3,48.7,166.9,182.1,66.17,90.81,4.5,3.79,15.5,12.8,3.35
2014-03-11,0.0,3.35,23.9,28.9,20.4,61.3,15.5,47.9,166.9,182.1,56.25,81.73,4.53,4.5,0.0,15.5,2.4
2014-03-12,0.0,2.4,24.1,28.7,19.9,63.3,0.0,47.9,166.9,182.1,47.81,73.56,3.35,4.53,0.0,0.0,1.72
2014-03-13,0.0,1.72,24.6,28.4,20.6,58.0,0.0,47.9,166.9,182.1,40.64,66.2,2.4,3.35,0.0,0.0,1.31
2014-03-14,0.0,1.31,24.0,28.9,20.2,55.5,0.0,28.3,166.9,182.1,34.54,59.58,1.72,2.4,0.0,0.0,1.06
2014-03-15,0.0,1.06,23.6,27.7,20.2,65.3,0.0,15.5,125.1,182.1,29.36,53.62,1.31,1.72,0.0,0.0,0.94
2014-03-16,0.0,0.94,23.6,28.8,19.4,57.8,0.0,0.0,53.9,182.1,24.96,48.26,1.06,1.31,0.0,0.0,0.87
2014-03-17,0.0,0.87,23.9,30.4,19.1,59.8,0.0,0.0,48.7,182.1,21.21,43.43,0.94,1.06,0.0,0.0,0.85
2014-03-18,0.0,0.85,24.3,28.8,20.2,54.0,0.0,0.0,47.9,182.1,18.03,39.09,0.87,0.94,0.0,0.0,0.85
2014-03-19,0.0,0.85,23.8,28.8,19.9,61.5,0.0,0.0,47.9,182.1,15.33,35.18,0.85,0.87,0.0,0.0,0.85
2014-03-20,0.0,0.85,25.2,30.5,20.2,56.8,0.0,0.0,47.9,173.3,13.03,31.66,0.85,0.85,0.0,0.0,0.85
2014-03-21,0.0,0.85,25.9,32.2,21.0,58.8,0.0,0.0,28.3,166.9,11.07,28.5,0.85,0.85,0.0,0.0,1.0
2014-03-22,11.5,1.0,24.6,30.4,20.9,74.8,11.5,11.5,27.0,178.4,9.41,25.65,0.85,0.85,0.0,0.0,1.44
2014-03-23,1.8,1.44,23.0,27.2,20.7,74.3,13.3,13.3,13.3,180.2,17.78,33.43,1.0,0.85,11.5,0.0,1.62
2014-03-24,16.6,1.62,19.4,21.9,17.6,81.3,29.9,29.9,29.9,196.8,16.64,31.71,1.44,1.0,1.8,11.5,1.47
2014-03-25,12.8,1.47,21.8,27.2,17.0,67.0,31.2,42.7,42.7,209.6,28.25,43.48,1.62,1.44,16.6,1.8,1.16
2014-03-26,0.0,1.16,21.4,25.1,18.8,72.8,29.4,42.7,42.7,209.6,34.9,50.65,1.47,1.62,12.8,16.6,0.97
2014-03-27,0.0,0.97,22.5,26.3,18.5,66.8,12.8,42.7,42.7,209.6,29.66,45.59,1.16,1.47,0.0,12.8,0.91
2014-03-28,0.0,0.91,23.1,28.4,18.8,64.5,0.0,42.7,42.7,209.6,25.21,41.03,0.97,1.16,0.0,0.0,0.94
2014-03-29,0.0,0.94,22.9,27.1,19.4,67.0,0.0,31.2,42.7,209.6,21.43,36.92,0.91,0.97,0.0,0.0,1.06
2014-03-30,0.0,1.06,22.7,27.4,20.1,73.8,0.0,29.4,42.7,209.6,18.22,33.23,0.94,0.91,0.0,0.0,1.4
2014-03-31,0.0,1.4,23.8,27.8,20.7,73.5,0.0,12.8,42.7,167.8,15.48,29.91,1.06,0.94,0.0,0.0,2.18
2014-04-01,6.8,2.18,23.1,29.8,20.0,81.5,6.8,6.8,49.5,103.4,13.16,26.92,1.4,1.06,0.0,0.0,3.41
2014-04-02,18.5,3.41,22.5,29.4,19.0,81.3,25.3,25.3,68.0,116.7,16.97,30.35,2.18,1.4,6.8,0.0,4.22
2014-04-03,52.1,4.22,22.6,29.0,18.7,78.3,77.4,77.4,120.1,168.0,30.15,43.96,3.41,2.18,18.5,6.8,4.6
2014-04-04,4.0,4.6,22.2,26.1,18.4,75.3,74.6,81.4,124.1,172.0,69.91,86.46,4.22,3.41,52.1,18.5,4.15
2014-04-05,3.5,4.15,22.2,26.8,18.6,67.0,59.6,84.9,116.1,175.5,62.82,81.41,4.6,4.22,4.0,52.1,3.09
2014-04-06,0.0,3.09,23.0,30.2,17.0,60.8,7.5,84.9,114.3,155.9,56.37,76.42,4.15,4.6,3.5,4.0,2.31
2014-04-07,0.0,2.31,24.2,30.7,18.1,51.0,3.5,84.9,97.7,143.1,47.92,68.78,3.09,4.15,0.0,3.5,1.72
2014-04-08,0.0,1.72,24.9,31.2,18.8,53.3,0.0,78.1,84.9,127.6,40.73,61.9,2.31,3.09,0.0,0.0,1.38
2014-04-09,0.0,1.38,25.8,31.6,20.4,54.8,0.0,59.6,84.9,127.6,34.62,55.71,1.72,2.31,0.0,0.0,1.19
2014-04-10,0.0,1.19,25.1,30.9,21.0,67.5,0.0,7.5,84.9,127.6,29.43,50.14,1.38,1.72,0.0,0.0,1.12
2014-04-11,0.0,1.12,23.8,28.8,21.2,69.8,0.0,3.5,84.9,127.6,25.01,45.12,1.19,1.38,0.0,0.0,1.03
2014-04-12,0.0,1.03,22.8,25.7,20.1,70.0,0.0,0.0,84.9,127.6,21.26,40.61,1.12,1.19,0.0,0.0,0.97
2014-04-13,0.0,0.97,24.3,29.4,20.4,65.0,0.0,0.0,84.9,127.6,18.07,36.55,1.03,1.12,0.0,0.0,0.94
2014-04-14,4.1,0.94,22.7,26.4,20.2,74.5,4.1,4.1,89.0,131.7,15.36,32.9,0.97,1.03,0.0,0.0,0.91
2014-04-15,0.0,0.91,21.7,25.2,19.4,73.8,4.1,4.1,82.2,131.7,16.54,33.3,0.94,0.97,4.1,0.0,0.94
2014-04-16,0.0,0.94,22.7,26.5,18.8,73.5,4.1,4.1,63.7,131.7,14.06,29.97,0.91,0.94,0.0,4.1,0.97
2014-04-17,0.0,0.97,22.9,28.4,19.6,81.3,0.0,4.1,11.6,131.7,11.95,26.97,0.94,0.91,0.0,0.0,0.94
2014-04-18,0.2,0.94,23.0,28.8,18.7,68.0,0.2,4.3,7.8,131.9,10.16,24.27,0.97,0.94,0.0,0.0,0.97
2014-04-19,2.9,0.97,24.2,29.6,20.0,64.5,3.1,7.2,7.2,134.8,8.81,22.03,0.94,0.97,0.2,0.0,0.97
2014-04-20,0.0,0.97,23.8,29.4,19.6,80.8,3.1,7.2,7.2,134.8,9.95,22.43,0.97,0.94,2.9,0.2,0.94
2014-04-21,0.0,0.94,23.8,28.8,19.4,69.5,2.9,3.1,7.2,123.3,8.46,20.19,0.97,0.97,0.0,2.9,0.91
2014-04-22,0.0,0.91,22.8,29.0,20.1,70.8,0.0,3.1,7.2,121.5,7.19,18.17,0.94,0.97,0.0,0.0,1.06
2014-04-23,0.3,1.06,22.9,26.9,19.8,77.5,0.3,3.4,7.5,105.2,6.11,16.35,0.91,0.94,0.0,0.0,1.53
2014-04-24,3.6,1.53,20.8,23.8,18.4,83.8,3.9,7.0,11.1,96.0,5.45,14.99,1.06,0.91,0.3,0.0,1.88
2014-04-25,6.8,1.88,20.0,25.0,16.6,73.3,10.7,13.6,17.9,102.8,7.69,16.73,1.53,1.06,3.6,0.3,1.47
2014-04-26,0.0,1.47,20.1,26.9,15.2,62.8,10.4,10.7,17.9,102.8,12.32,21.18,1.88,1.53,6.8,3.6,1.16
2014-04-27,0.0,1.16,19.3,25.5,15.0,59.8,6.8,10.7,17.9,102.8,10.47,19.06,1.47,1.88,0.0,6.8,0.97
2014-04-28,0.0,0.97,17.9,23.0,14.2,65.0,0.0,10.7,13.8,102.8,8.9,17.15,1.16,1.47,0.0,0.0,0.94
2014-04-29,0.0,0.94,17.6,22.7,12.8,48.8,0.0,10.7,13.8,102.8,7.56,15.44,0.97,1.16,0.0,0.0,0.91
2014-04-30,0.0,0.91,17.7,23.3,13.2,56.3,0.0,10.4,13.8,102.8,6.43,13.89,0.94,0.97,0.0,0.0,0.91
2014-05-01,0.0,0.91,19.1,25.4,13.4,55.8,0.0,6.8,13.8,96.0,5.47,12.5,0.91,0.94,0.0,0.0,0.87
2014-05-02,0.0,0.87,20.8,27.2,14.2,50.3,0.0,0.0,13.6,77.5,4.65,11.25,0.91,0.91,0.0,0.0,0.87
2014-05-03,0.0,0.87,19.8,25.3,15.0,55.0,0.0,0.0,10.7,25.4,3.95,10.13,0.87,0.91,0.0,0.0,0.87
2014-05-04,0.0,0.87,20.6,29.9,17.0,68.5,0.0,0.0,10.7,21.4,3.36,9.12,0.87,0.87,0.0,0.0,0.85
2014-05-05,0.0,0.85,21.6,27.8,15.1,61.5,0.0,0.0,10.7,17.9,2.85,8.2,0.87,0.87,0.0,0.0,0.85
2014-05-06,0.0,0.85,22.1,27.2,17.4,56.0,0.0,0.0,10.7,17.9,2.43,7.38,0.85,0.87,0.0,0.0,0.85
2014-05-07,0.0,0.85,22.8,27.0,18.6,61.8,0.0,0.0,10.4,17.9,2.06,6.65,0.85,0.85,0.0,0.0,0.91
2014-05-08,0.0,0.91,21.5,27.5,18.6,75.0,0.0,0.0,6.8,17.9,1.75,5.98,0.85,0.85,0.0,0.0,0.91
2014-05-09,19.3,0.91,22.7,28.2,17.9,60.0,19.3,19.3,19.3,37.2,1.49,5.38,0.91,0.85,0.0,0.0,0.87
2014-05-10,0.0,0.87,20.4,26.3,17.2,69.5,19.3,19.3,19.3,37.2,17.67,22.21,0.91,0.91,19.3,0.0,0.85
2014-05-11,0.0,0.85,17.7,22.3,14.4,63.3,19.3,19.3,19.3,37.2,15.02,19.99,0.87,0.91,0.0,19.3,0.85
2014-05-12,0.0,0.85,17.2,23.1,12.4,56.5,0.0,19.3,19.3,37.2,12.77,17.99,0.85,0.87,0.0,0.0,0.85
2014-05-13,0.0,0.85,18.8,24.8,12.1,54.3,0.0,19.3,19.3,37.2,10.85,16.19,0.85,0.85,0.0,0.0,0.81
2014-05-14,0.0,0.81,19.8,25.9,13.9,51.5,0.0,19.3,19.3,33.1,9.22,14.57,0.85,0.85,0.0,0.0,0.81
2014-05-15,0.0,0.81,20.8,26.8,15.6,57.0,0.0,19.3,19.3,33.1,7.84,13.12,0.81,0.85,0.0,0.0,0.81
2014-05-16,0.0,0.81,21.4,27.6,15.7,55.3,0.0,0.0,19.3,33.1,6.66,11.81,0.81,0.81,0.0,0.0,0.81
2014-05-17,0.0,0.81,21.0,25.0,17.0,57.0,0.0,0.0,19.3,33.1,5.66,10.63,0.81,0.81,0.0,0.0,0.81
2014-05-18,0.0,0.81,19.4,22.0,17.5,71.0,0.0,0.0,19.3,32.9,4.82,9.56,0.81,0.81,0.0,0.0,0.78
2014-05-19,0.0,0.78,21.8,27.9,15.9,60.0,0.0,0.0,19.3,30.0,4.09,8.61,0.81,0.81,0.0,0.0,0.78
2014-05-20,6.3,0.78,21.1,26.7,16.8,59.5,6.3,6.3,25.6,36.3,3.48,7.75,0.78,0.81,0.0,0.0,0.78
2014-05-21,0.0,0.78,20.5,24.6,16.4,58.8,6.3,6.3,25.6,36.3,8.31,12.64,0.78,0.78,6.3,0.0,0.78
2014-05-22,0.0,0.78,22.0,28.3,15.8,65.5,6.3,6.3,25.6,36.3,7.07,11.38,0.78,0.78,0.0,6.3,0.78
2014-05-23,0.0,0.78,23.5,29.0,17.1,57.0,0.0,6.3,6.3,36.0,6.01,10.24,0.78,0.78,0.0,0.0,0.75
2014-05-24,0.0,0.75,24.0,29.1,19.4,61.0,0.0,6.3,6.3,32.4,5.1,9.22,0.78,0.78,0.0,0.0,0.75
2014-05-25,0.0,0.75,22.2,26.3,19.9,77.0,0.0,6.3,6.3,25.6,4.34,8.29,0.75,0.78,0.0,0.0,0.75
2014-05-27,0.0,0.75,21.9,27.5,18.9,58.3,0.0,0.0,6.3,25.6,3.13,6.72,0.75,0.75,0.0,0.0,0.75
2014-05-28,0.0,0.75,20.2,27.2,14.8,61.3,0.0,0.0,6.3,25.6,2.66,6.05,0.75,0.75,0.0,0.0,0.75
2014-05-29,0.0,0.75,18.1,23.1,14.2,68.8,0.0,0.0,6.3,25.6,2.26,5.44,0.75,0.75,0.0,0.0,0.75
2014-05-30,0.0,0.75,17.7,20.7,15.9,76.5,0.0,0.0,6.3,25.6,1.93,4.9,0.75,0.75,0.0,0.0,0.75
2014-05-31,0.0,0.75,18.6,22.9,14.8,66.0,0.0,0.0,6.3,25.6,1.64,4.41,0.75,0.75,0.0,0.0,0.72
2014-06-01,0.0,0.72,20.3,25.8,14.0,61.0,0.0,0.0,6.3,25.6,1.39,3.97,0.75,0.75,0.0,0.0,0.75
2014-06-02,8.4,0.75,19.0,24.3,15.7,76.8,8.4,8.4,14.7,34.0,1.18,3.57,0.72,0.75,0.0,0.0,0.75
2014-06-03,0.0,0.75,20.4,26.8,15.6,68.5,8.4,8.4,8.4,34.0,8.14,10.77,0.75,0.72,8.4,0.0,0.75
2014-06-04,0.0,0.75,20.3,26.7,16.4,67.8,8.4,8.4,8.4,34.0,6.92,9.7,0.75,0.75,0.0,8.4,0.72
2014-06-05,0.0,0.72,21.1,28.1,15.6,63.5,0.0,8.4,8.4,34.0,5.88,8.73,0.75,0.75,0.0,0.0,0.72
2014-06-06,0.0,0.72,22.2,28.4,16.1,53.5,0.0,8.4,8.4,34.0,5.0,7.85,0.72,0.75,0.0,0.0,0.72
2014-06-07,0.0,0.72,21.5,27.2,16.8,58.3,0.0,8.4,8.4,34.0,4.25,7.07,0.72,0.72,0.0,0.0,0.72
2014-06-08,0.0,0.72,20.4,26.6,14.6,55.5,0.0,8.4,8.4,14.7,3.61,6.36,0.72,0.72,0.0,0.0,0.72
2014-06-09,0.0,0.72,21.5,28.3,15.8,56.0,0.0,0.0,8.4,14.7,3.07,5.73,0.72,0.72,0.0,0.0,0.69
2014-06-10,0.0,0.69,20.5,25.1,16.6,56.5,0.0,0.0,8.4,14.7,2.61,5.15,0.72,0.72,0.0,0.0,0.69
2014-06-11,0.0,0.69,19.3,22.3,16.7,66.5,0.0,0.0,8.4,14.7,2.22,4.64,0.69,0.72,0.0,0.0,0.69
2014-06-12,0.0,0.69,18.8,21.9,16.4,74.8,0.0,0.0,8.4,14.7,1.89,4.17,0.69,0.69,0.0,0.0,0.69
2014-06-13,0.0,0.69,19.9,24.2,15.8,62.3,0.0,0.0,8.4,14.7,1.6,3.76,0.69,0.69,0.0,0.0,0.69
2014-06-14,0.0,0.69,19.2,23.9,16.0,65.5,0.0,0.0,8.4,14.7,1.36,3.38,0.69,0.69,0.0,0.0,0.69
2014-06-15,0.0,0.69,20.3,26.6,14.3,60.5,0.0,0.0,8.4,14.7,1.16,3.04,0.69,0.69,0.0,0.0,0.66
2014-06-16,0.0,0.66,20.1,25.7,15.6,60.3,0.0,0.0,0.0,14.7,0.98,2.74,0.69,0.69,0.0,0.0,0.63
2014-06-17,0.0,0.63,20.4,25.7,15.4,58.5,0.0,0.0,0.0,14.7,0.84,2.46,0.66,0.69,0.0,0.0,0.63
2014-06-18,0.0,0.63,20.2,25.7,16.0,65.0,0.0,0.0,0.0,14.7,0.71,2.22,0.63,0.66,0.0,0.0,0.63
2014-06-19,0.0,0.63,19.4,25.1,16.0,67.5,0.0,0.0,0.0,8.4,0.6,2.0,0.63,0.63,0.0,0.0,0.63
2014-06-20,0.0,0.63,18.4,22.9,14.2,65.8,0.0,0.0,0.0,8.4,0.51,1.8,0.63,0.63,0.0,0.0,0.63
2014-06-21,0.0,0.63,19.2,24.0,15.4,63.3,0.0,0.0,0.0,8.4,0.44,1.62,0.63,0.63,0.0,0.0,0.63
2014-06-22,0.0,0.63,18.2,22.5,14.8,57.8,0.0,0.0,0.0,8.4,0.37,1.46,0.63,0.63,0.0,0.0,0.63
2014-06-23,0.0,0.63,18.0,22.8,14.6,64.8,0.0,0.0,0.0,8.4,0.32,1.31,0.63,0.63,0.0,0.0,0.63
2014-06-24,0.0,0.63,19.0,24.7,13.7,56.3,0.0,0.0,0.0,8.4,0.27,1.18,0.63,0.63,0.0,0.0,0.59
2014-06-25,0.0,0.59,18.0,24.3,13.8,62.8,0.0,0.0,0.0,8.4,0.23,1.06,0.63,0.63,0.0,0.0,0.59
2014-06-26,0.0,0.59,19.4,25.7,13.8,58.5,0.0,0.0,0.0,8.4,0.19,0.95,0.59,0.63,0.0,0.0,0.59
2014-06-27,0.0,0.59,20.3,26.8,14.4,60.3,0.0,0.0,0.0,8.4,0.16,0.86,0.59,0.59,0.0,0.0,0.59
2014-06-28,0.0,0.59,21.3,27.8,15.8,58.0,0.0,0.0,0.0,8.4,0.14,0.77,0.59,0.59,0.0,0.0,0.59
2014-06-29,0.0,0.59,21.7,27.1,18.2,60.5,0.0,0.0,0.0,8.4,0.12,0.7,0.59,0.59,0.0,0.0,0.59
2014-06-30,0.0,0.59,21.1,27.3,15.8,62.0,0.0,0.0,0.0,8.4,0.1,0.63,0.59,0.59,0.0,0.0,0.59
2014-07-01,0.0,0.59,21.7,28.0,16.0,47.8,0.0,0.0,0.0,8.4,0.09,0.56,0.59,0.59,0.0,0.0,0.59
2014-07-02,0.0,0.59,22.9,29.4,17.8,46.3,0.0,0.0,0.0,0.0,0.07,0.51,0.59,0.59,0.0,0.0,0.56
2014-07-03,0.0,0.56,22.3,27.9,18.1,55.5,0.0,0.0,0.0,0.0,0.06,0.46,0.59,0.59,0.0,0.0,0.56
2014-07-04,0.0,0.56,21.5,26.8,17.3,52.0,0.0,0.0,0.0,0.0,0.05,0.41,0.56,0.59,0.0,0.0,0.56
2014-07-05,0.0,0.56,19.3,23.5,16.4,59.8,0.0,0.0,0.0,0.0,0.04,0.37,0.56,0.56,0.0,0.0,0.56
2014-07-06,0.0,0.56,19.5,24.7,14.6,62.8,0.0,0.0,0.0,0.0,0.04,0.33,0.56,0.56,0.0,0.0,0.56
2014-07-07,0.0,0.56,19.8,24.3,16.4,64.8,0.0,0.0,0.0,0.0,0.03,0.3,0.56,0.56,0.0,0.0,0.56
2014-07-08,0.0,0.56,20.0,24.7,16.2,70.5,0.0,0.0,0.0,0.0,0.03,0.27,0.56,0.56,0.0,0.0,0.55
2014-07-09,0.0,0.55,19.6,24.3,15.6,70.5,0.0,0.0,0.0,0.0,0.02,0.24,0.56,0.56,0.0,0.0,0.58
2014-07-10,0.0,0.58,19.6,23.9,15.6,61.3,0.0,0.0,0.0,0.0,0.02,0.22,0.55,0.56,0.0,0.0,0.58
2014-07-11,0.0,0.58,19.0,24.3,15.6,65.8,0.0,0.0,0.0,0.0,0.02,0.2,0.58,0.55,0.0,0.0,0.56
2014-07-12,0.0,0.56,18.0,23.1,13.8,59.8,0.0,0.0,0.0,0.0,0.01,0.18,0.58,0.58,0.0,0.0,0.56
2014-07-13,0.0,0.56,17.4,21.5,13.8,66.0,0.0,0.0,0.0,0.0,0.01,0.16,0.56,0.58,0.0,0.0,0.55
2014-07-14,0.0,0.55,16.1,20.6,13.0,65.5,0.0,0.0,0.0,0.0,0.01,0.14,0.56,0.56,0.0,0.0,0.55
2014-07-15,0.0,0.55,17.1,22.6,12.3,63.8,0.0,0.0,0.0,0.0,0.01,0.13,0.55,0.56,0.0,0.0,0.53
2014-07-16,0.0,0.53,18.1,23.7,14.2,62.5,0.0,0.0,0.0,0.0,0.01,0.12,0.55,0.55,0.0,0.0,0.53
2014-07-17,0.0,0.53,19.4,25.5,14.6,55.5,0.0,0.0,0.0,0.0,0.01,0.1,0.53,0.55,0.0,0.0,0.53
2014-07-18,0.0,0.53,20.8,27.5,13.7,50.8,0.0,0.0,0.0,0.0,0.01,0.09,0.53,0.53,0.0,0.0,0.52
2014-07-19,0.0,0.52,20.5,26.0,15.8,50.3,0.0,0.0,0.0,0.0,0.0,0.08,0.53,0.53,0.0,0.0,0.52
2014-07-20,0.0,0.52,19.5,25.9,15.2,64.5,0.0,0.0,0.0,0.0,0.0,0.08,0.52,0.53,0.0,0.0,0.52
2014-07-21,0.0,0.52,19.0,24.8,15.2,60.5,0.0,0.0,0.0,0.0,0.0,0.07,0.52,0.52,0.0,0.0,0.52
2014-07-22,0.0,0.52,17.9,22.5,14.0,55.5,0.0,0.0,0.0,0.0,0.0,0.06,0.52,0.52,0.0,0.0,0.5
2014-07-23,0.0,0.5,18.2,24.9,12.6,60.0,0.0,0.0,0.0,0.0,0.0,0.06,0.52,0.52,0.0,0.0,0.5
2014-07-24,0.0,0.5,20.0,26.8,14.2,56.5,0.0,0.0,0.0,0.0,0.0,0.05,0.5,0.52,0.0,0.0,0.61
2014-07-25,2.8,0.61,17.3,20.5,15.2,84.0,2.8,2.8,2.8,2.8,0.0,0.04,0.5,0.5,0.0,0.0,1.22
2014-07-26,16.4,1.22,16.0,17.9,13.8,86.0,19.2,19.2,19.2,19.2,2.38,2.56,0.61,0.5,2.8,0.0,1.81
2014-07-27,23.8,1.81,15.6,17.4,13.1,90.3,43.0,43.0,43.0,43.0,15.96,17.06,1.22,0.61,16.4,2.8,1.5
2014-07-28,10.5,1.5,17.0,21.2,13.1,73.5,50.7,53.5,53.5,53.5,33.8,36.78,1.81,1.22,23.8,16.4,1.0
2014-07-29,0.0,1.0,16.8,21.8,12.5,67.3,34.3,53.5,53.5,53.5,37.65,42.55,1.5,1.81,10.5,23.8,0.72
2014-07-30,0.0,0.72,16.1,19.9,11.6,65.0,10.5,53.5,53.5,53.5,32.01,38.3,1.0,1.5,0.0,10.5,0.61
2014-07-31,0.0,0.61,18.2,24.1,12.1,56.0,0.0,53.5,53.5,53.5,27.21,34.47,0.72,1.0,0.0,0.0,0.56
2014-08-01,0.0,0.56,18.8,26.1,13.4,60.8,0.0,50.7,53.5,53.5,23.12,31.02,0.61,0.72,0.0,0.0,0.55
2014-08-02,0.0,0.55,20.3,26.9,13.6,51.0,0.0,34.3,53.5,53.5,19.66,27.92,0.56,0.61,0.0,0.0,0.53
2014-08-03,0.0,0.53,21.4,28.5,14.2,43.8,0.0,10.5,53.5,53.5,16.71,25.13,0.55,0.56,0.0,0.0,0.52
2014-08-04,0.0,0.52,22.2,29.4,15.2,38.3,0.0,0.0,53.5,53.5,14.2,22.61,0.53,0.55,0.0,0.0,0.52
2014-08-05,0.0,0.52,20.9,28.0,16.1,52.3,0.0,0.0,53.5,53.5,12.07,20.35,0.52,0.53,0.0,0.0,0.5
2014-08-06,0.0,0.5,16.9,23.3,11.1,51.0,0.0,0.0,53.5,53.5,10.26,18.32,0.52,0.52,0.0,0.0,0.5
2014-08-07,0.0,0.5,17.1,24.6,10.4,52.0,0.0,0.0,53.5,53.5,8.72,16.48,0.5,0.52,0.0,0.0,0.5
2014-08-08,0.0,0.5,19.7,27.6,12.2,38.3,0.0,0.0,50.7,53.5,7.41,14.84,0.5,0.5,0.0,0.0,0.49
2014-08-09,0.0,0.49,18.4,24.2,12.8,44.5,0.0,0.0,34.3,53.5,6.3,13.35,0.5,0.5,0.0,0.0,0.49
2014-08-10,0.0,0.49,18.1,23.6,14.0,52.0,0.0,0.0,10.5,53.5,5.36,12.02,0.49,0.5,0.0,0.0,0.49
2014-08-11,0.0,0.49,19.4,27.1,13.4,50.5,0.0,0.0,0.0,53.5,4.55,10.82,0.49,0.49,0.0,0.0,0.47
2014-08-12,0.0,0.47,21.1,28.0,13.6,42.8,0.0,0.0,0.0,53.5,3.87,9.73,0.49,0.49,0.0,0.0,0.47
2014-08-13,0.0,0.47,22.5,29.4,15.2,42.0,0.0,0.0,0.0,53.5,3.29,8.76,0.47,0.49,0.0,0.0,0.47
2014-08-14,0.0,0.47,17.2,24.1,13.8,75.5,0.0,0.0,0.0,53.5,2.8,7.88,0.47,0.47,0.0,0.0,0.47
2014-08-15,0.0,0.47,18.2,23.8,12.5,67.3,0.0,0.0,0.0,53.5,2.38,7.1,0.47,0.47,0.0,0.0,0.45
2014-08-16,0.0,0.45,19.2,23.7,14.6,64.8,0.0,0.0,0.0,53.5,2.02,6.39,0.47,0.47,0.0,0.0,0.45
2014-08-17,0.0,0.45,18.1,21.4,15.2,71.3,0.0,0.0,0.0,53.5,1.72,5.75,0.45,0.47,0.0,0.0,0.45
2014-08-18,0.0,0.45,19.9,25.8,14.8,67.3,0.0,0.0,0.0,53.5,1.46,5.17,0.45,0.45,0.0,0.0,0.45
2014-08-19,0.0,0.45,21.0,25.5,15.9,56.0,0.0,0.0,0.0,53.5,1.24,4.66,0.45,0.45,0.0,0.0,0.45
2014-08-20,0.0,0.45,20.3,25.5,16.0,55.3,0.0,0.0,0.0,53.5,1.05,4.19,0.45,0.45,0.0,0.0,0.44
2014-08-21,0.0,0.44,20.2,25.3,15.6,51.5,0.0,0.0,0.0,53.5,0.9,3.77,0.45,0.45,0.0,0.0,0.44
2014-08-22,0.0,0.44,22.2,29.2,14.0,36.5,0.0,0.0,0.0,53.5,0.76,3.39,0.44,0.45,0.0,0.0,0.44
2014-08-23,0.0,0.44,22.3,28.5,16.2,32.8,0.0,0.0,0.0,53.5,0.65,3.05,0.44,0.44,0.0,0.0,0.44
2014-08-24,0.0,0.44,21.2,28.3,16.4,35.0,0.0,0.0,0.0,50.7,0.55,2.75,0.44,0.44,0.0,0.0,0.41
2014-08-25,0.0,0.41,21.8,28.9,15.0,36.8,0.0,0.0,0.0,34.3,0.47,2.47,0.44,0.44,0.0,0.0,0.37
2014-08-26,0.0,0.37,23.7,30.9,15.7,37.3,0.0,0.0,0.0,10.5,0.4,2.23,0.41,0.44,0.0,0.0,0.37
2014-08-27,0.0,0.37,24.4,32.0,17.4,42.5,0.0,0.0,0.0,0.0,0.34,2.0,0.37,0.41,0.0,0.0,0.37
2014-08-28,0.0,0.37,23.5,30.8,19.6,54.0,0.0,0.0,0.0,0.0,0.29,1.8,0.37,0.37,0.0,0.0,0.37
2014-08-29,0.2,0.37,21.4,28.0,17.2,62.3,0.2,0.2,0.2,0.2,0.24,1.62,0.37,0.37,0.0,0.0,0.37
2014-08-30,4.8,0.37,21.8,29.7,16.8,65.0,5.0,5.0,5.0,5.0,0.38,1.64,0.37,0.37,0.2,0.0,0.36
2014-08-31,0.0,0.36,23.2,30.2,16.2,58.3,5.0,5.0,5.0,5.0,4.4,5.8,0.37,0.37,4.8,0.2,0.36
2014-09-01,0.0,0.36,23.1,27.7,18.9,58.5,4.8,5.0,5.0,5.0,3.74,5.22,0.36,0.37,0.0,4.8,0.34
2014-09-02,0.0,0.34,24.8,33.0,17.0,38.3,0.0,5.0,5.0,5.0,3.18,4.7,0.36,0.36,0.0,0.0,0.34
2014-09-03,0.0,0.34,22.5,28.7,16.6,60.8,0.0,5.0,5.0,5.0,2.7,4.23,0.34,0.36,0.0,0.0,0.34
2014-09-04,0.0,0.34,21.6,27.5,17.9,69.5,0.0,5.0,5.0,5.0,2.3,3.8,0.34,0.34,0.0,0.0,0.34
2014-09-05,0.0,0.34,17.9,22.3,12.6,48.0,0.0,4.8,5.0,5.0,1.95,3.42,0.34,0.34,0.0,0.0,0.33
2014-09-06,0.0,0.33,16.0,22.1,11.2,49.8,0.0,0.0,5.0,5.0,1.66,3.08,0.34,0.34,0.0,0.0,0.33
2014-09-07,0.0,0.33,17.9,25.7,12.1,52.8,0.0,0.0,5.0,5.0,1.41,2.77,0.33,0.34,0.0,0.0,0.33
2014-09-08,0.0,0.33,18.4,25.0,13.1,51.0,0.0,0.0,5.0,5.0,1.2,2.5,0.33,0.33,0.0,0.0,0.33
2014-09-09,0.0,0.33,19.6,26.0,14.6,47.8,0.0,0.0,5.0,5.0,1.02,2.25,0.33,0.33,0.0,0.0,0.31
2014-09-10,0.0,0.31,20.6,27.1,14.9,48.5,0.0,0.0,5.0,5.0,0.87,2.02,0.33,0.33,0.0,0.0,0.31
2014-09-11,0.0,0.31,22.4,29.4,16.1,42.8,0.0,0.0,5.0,5.0,0.74,1.82,0.31,0.33,0.0,0.0,0.31
2014-09-12,0.0,0.31,21.8,27.4,16.8,40.0,0.0,0.0,4.8,5.0,0.63,1.64,0.31,0.31,0.0,0.0,0.31
2014-09-13,0.0,0.31,21.2,27.8,15.4,43.5,0.0,0.0,0.0,5.0,0.53,1.47,0.31,0.31,0.0,0.0,0.31
2014-09-14,0.0,0.31,21.2,27.8,15.1,43.5,0.0,0.0,0.0,5.0,0.45,1.33,0.31,0.31,0.0,0.0,0.31
2014-09-15,0.0,0.31,21.7,28.6,15.4,42.3,0.0,0.0,0.0,5.0,0.38,1.19,0.31,0.31,0.0,0.0,0.31
2014-09-16,0.0,0.31,25.2,33.0,16.8,34.0,0.0,0.0,0.0,5.0,0.33,1.07,0.31,0.31,0.0,0.0,0.3
2014-09-17,0.0,0.3,24.1,31.8,20.0,49.8,0.0,0.0,0.0,5.0,0.28,0.97,0.31,0.31,0.0,0.0,0.3
2014-09-18,0.0,0.3,22.8,29.6,17.4,51.5,0.0,0.0,0.0,5.0,0.24,0.87,0.3,0.31,0.0,0.0,0.3
2014-09-19,0.0,0.3,23.4,30.4,17.8,46.8,0.0,0.0,0.0,5.0,0.2,0.78,0.3,0.3,0.0,0.0,0.29
2014-09-20,0.0,0.29,25.7,32.3,18.5,36.0,0.0,0.0,0.0,5.0,0.17,0.7,0.3,0.3,0.0,0.0,0.31
2014-09-21,0.0,0.31,24.5,30.4,19.2,49.0,0.0,0.0,0.0,5.0,0.14,0.63,0.29,0.3,0.0,0.0,0.36
2014-09-22,0.0,0.36,21.7,29.4,16.4,37.8,0.0,0.0,0.0,5.0,0.12,0.57,0.31,0.29,0.0,0.0,0.34
2014-09-23,0.0,0.34,20.9,27.6,14.8,42.0,0.0,0.0,0.0,5.0,0.1,0.51,0.36,0.31,0.0,0.0,0.32
2014-09-24,0.0,0.32,21.9,28.8,15.0,38.5,0.0,0.0,0.0,5.0,0.09,0.46,0.34,0.36,0.0,0.0,0.31
2014-09-25,0.0,0.31,23.5,30.2,17.2,39.5,0.0,0.0,0.0,5.0,0.08,0.42,0.32,0.34,0.0,0.0,0.3
2014-09-26,0.0,0.3,23.7,30.0,18.6,48.5,0.0,0.0,0.0,5.0,0.06,0.37,0.31,0.32,0.0,0.0,0.29
2014-09-27,0.0,0.29,25.5,31.8,19.4,39.3,0.0,0.0,0.0,5.0,0.05,0.34,0.3,0.31,0.0,0.0,0.29
2014-09-28,0.0,0.29,24.7,30.2,20.6,48.5,0.0,0.0,0.0,4.8,0.05,0.3,0.29,0.3,0.0,0.0,0.28
2014-09-29,0.0,0.28,26.3,33.2,20.2,45.8,0.0,0.0,0.0,0.0,0.04,0.27,0.29,0.29,0.0,0.0,0.34
2014-09-30,0.0,0.34,27.1,34.4,20.8,46.8,0.0,0.0,0.0,0.0,0.03,0.25,0.28,0.29,0.0,0.0,0.4
2014-10-01,0.0,0.4,27.0,34.6,21.2,51.3,0.0,0.0,0.0,0.0,0.03,0.22,0.34,0.28,0.0,0.0,0.42
2014-10-02,0.0,0.42,23.6,30.6,19.9,44.8,0.0,0.0,0.0,0.0,0.02,0.2,0.4,0.34,0.0,0.0,0.37
2014-10-03,0.0,0.37,19.0,26.7,13.4,44.5,0.0,0.0,0.0,0.0,0.02,0.18,0.42,0.4,0.0,0.0,0.34
2014-10-04,0.0,0.34,16.1,22.9,10.9,45.8,0.0,0.0,0.0,0.0,0.02,0.16,0.37,0.42,0.0,0.0,0.31
2014-10-05,0.0,0.31,16.7,23.3,9.9,41.0,0.0,0.0,0.0,0.0,0.01,0.15,0.34,0.37,0.0,0.0,0.3
2014-10-06,0.0,0.3,17.7,24.3,11.2,45.5,0.0,0.0,0.0,0.0,0.01,0.13,0.31,0.34,0.0,0.0,0.29
2014-10-07,0.0,0.29,18.9,23.5,12.6,41.5,0.0,0.0,0.0,0.0,0.01,0.12,0.3,0.31,0.0,0.0,0.28
2014-10-08,0.0,0.28,20.2,26.9,13.8,42.3,0.0,0.0,0.0,0.0,0.01,0.11,0.29,0.3,0.0,0.0,0.27
2014-10-09,0.0,0.27,20.4,27.1,14.0,44.5,0.0,0.0,0.0,0.0,0.01,0.1,0.28,0.29,0.0,0.0,0.27
2014-10-10,0.0,0.27,22.8,30.8,15.9,38.5,0.0,0.0,0.0,0.0,0.01,0.09,0.27,0.28,0.0,0.0,0.26
2014-10-11,0.0,0.26,25.3,32.8,17.2,29.5,0.0,0.0,0.0,0.0,0.01,0.08,0.27,0.27,0.0,0.0,0.26
2014-10-12,0.0,0.26,27.1,34.6,20.4,23.8,0.0,0.0,0.0,0.0,0.0,0.07,0.26,0.27,0.0,0.0,0.26
2014-10-13,0.0,0.26,26.8,34.3,20.2,32.0,0.0,0.0,0.0,0.0,0.0,0.06,0.26,0.26,0.0,0.0,0.26
2014-10-14,0.0,0.26,28.7,35.8,20.2,28.8,0.0,0.0,0.0,0.0,0.0,0.06,0.26,0.26,0.0,0.0,0.25
2014-10-15,0.0,0.25,29.2,35.8,22.4,29.8,0.0,0.0,0.0,0.0,0.0,0.05,0.26,0.26,0.0,0.0,0.25
2014-10-16,0.0,0.25,24.0,29.7,20.6,58.3,0.0,0.0,0.0,0.0,0.0,0.05,0.25,0.26,0.0,0.0,0.25
2014-10-17,0.0,0.25,26.9,33.4,19.4,41.0,0.0,0.0,0.0,0.0,0.0,0.04,0.25,0.25,0.0,0.0,0.24
2014-10-18,0.0,0.24,27.7,35.8,21.6,37.5,0.0,0.0,0.0,0.0,0.0,0.04,0.25,0.25,0.0,0.0,0.24
2014-10-19,0.0,0.24,29.5,36.2,22.4,32.5,0.0,0.0,0.0,0.0,0.0,0.03,0.24,0.25,0.0,0.0,0.52
2014-10-20,8.1,0.52,24.9,30.8,19.6,54.8,8.1,8.1,8.1,8.1,0.0,0.03,0.24,0.24,0.0,0.0,1.5
2014-10-21,35.3,1.5,21.9,26.9,17.8,63.8,43.4,43.4,43.4,43.4,6.89,7.32,0.52,0.24,8.1,0.0,1.32
2014-10-22,0.3,1.32,20.3,24.2,16.8,65.8,43.7,43.7,43.7,43.7,35.86,38.36,1.5,0.52,35.3,8.1,0.63
2014-10-23,0.0,0.63,21.1,27.0,16.1,61.3,35.6,43.7,43.7,43.7,30.73,34.79,1.32,1.5,0.3,35.3,0.42
2014-10-24,0.0,0.42,24.0,31.2,17.6,46.8,0.3,43.7,43.7,43.7,26.12,31.31,0.63,1.32,0.0,0.3,0.35
2014-10-25,0.0,0.35,23.0,29.1,19.2,54.8,0.0,43.7,43.7,43.7,22.21,28.18,0.42,0.63,0.0,0.0,0.8
2014-10-26,24.8,0.8,18.7,22.3,16.2,87.8,24.8,68.5,68.5,68.5,18.87,25.36,0.35,0.42,0.0,0.0,1.32
2014-10-27,26.5,1.32,21.5,27.6,16.4,67.0,51.3,86.9,95.0,95.0,37.12,45.15,0.8,0.35,24.8,0.0,1.82
2014-10-28,3.1,1.82,19.7,26.2,15.6,68.5,54.4,54.7,98.1,98.1,54.08,64.48,1.32,0.8,26.5,24.8,1.55
2014-10-29,28.5,1.55,22.5,30.0,14.4,51.3,58.1,82.9,126.6,126.6,48.6,60.82,1.82,1.32,3.1,26.5,1.28
2014-10-30,0.0,1.28,21.3,24.2,18.0,75.0,31.6,82.9,126.6,126.6,65.54,80.39,1.55,1.82,28.5,3.1,1.19
2014-10-31,0.0,1.19,23.3,28.5,18.6,66.8,28.5,82.9,126.6,126.6,55.71,72.35,1.28,1.55,0.0,28.5,0.91
2014-11-01,7.3,0.91,24.1,30.2,18.6,55.5,7.3,90.2,133.9,133.9,47.35,65.12,1.19,1.28,0.0,0.0,0.57
2014-11-02,0.0,0.57,23.9,29.1,18.8,52.3,7.3,65.4,133.9,133.9,46.45,65.17,0.91,1.19,7.3,0.0,0.4
2014-11-03,0.0,0.4,23.1,29.7,18.5,51.0,7.3,38.9,125.8,133.9,39.49,58.66,0.57,0.91,0.0,7.3,0.34
2014-11-04,0.0,0.34,23.9,30.2,17.4,49.8,0.0,35.8,90.5,133.9,33.56,52.79,0.4,0.57,0.0,0.0,0.32
2014-11-05,0.0,0.32,25.8,32.1,19.4,48.3,0.0,7.3,90.2,133.9,28.53,47.51,0.34,0.4,0.0,0.0,0.31
2014-11-06,0.0,0.31,23.0,30.2,19.0,62.0,0.0,7.3,90.2,133.9,24.25,42.76,0.32,0.34,0.0,0.0,0.31
2014-11-07,0.0,0.31,24.9,30.9,18.8,53.0,0.0,7.3,90.2,133.9,20.61,38.49,0.31,0.32,0.0,0.0,0.31
2014-11-08,0.0,0.31,25.6,30.6,20.2,51.5,0.0,0.0,90.2,133.9,17.52,34.64,0.31,0.31,0.0,0.0,0.76
2014-11-09,0.0,0.76,24.0,31.5,19.6,62.5,0.0,0.0,65.4,133.9,14.89,31.17,0.31,0.31,0.0,0.0,1.04
2014-11-10,1.1,1.04,23.9,30.6,17.8,59.8,1.1,1.1,40.0,135.0,12.66,28.06,0.76,0.31,0.0,0.0,0.77
2014-11-11,6.2,0.77,23.8,29.9,18.2,56.8,7.3,7.3,43.1,141.2,11.69,26.24,1.04,0.76,1.1,0.0,0.86
2014-11-12,0.8,0.86,22.5,28.4,18.2,75.8,8.1,8.1,15.4,142.0,15.21,29.2,0.77,1.04,6.2,1.1,1.09
2014-11-13,28.3,1.09,21.7,26.1,18.4,82.3,35.3,36.4,43.7,170.3,13.61,27.0,0.86,0.77,0.8,6.2,1.38
2014-11-14,7.8,1.38,23.2,30.0,18.4,73.5,36.9,44.2,51.5,178.1,35.62,49.77,1.09,0.86,28.3,0.8,1.4
2014-11-15,38.1,1.4,18.4,22.0,15.7,76.5,74.2,82.3,82.3,216.2,36.91,51.81,1.38,1.09,7.8,28.3,1.03
2014-11-16,0.3,1.03,21.1,27.5,15.0,58.0,46.2,82.6,82.6,216.5,63.76,80.92,1.4,1.38,38.1,7.8,0.63
2014-11-17,0.0,0.63,22.2,28.4,15.3,48.5,38.4,81.5,82.6,216.5,54.45,73.1,1.03,1.4,0.3,38.1,0.42
2014-11-18,0.0,0.42,21.3,27.8,15.2,49.3,0.3,75.3,82.6,216.5,46.28,65.79,0.63,1.03,0.0,0.3,0.36
2014-11-19,0.0,0.36,22.1,28.5,15.9,46.0,0.0,74.5,82.6,208.4,39.34,59.21,0.42,0.63,0.0,0.0,0.34
2014-11-20,0.0,0.34,22.3,29.8,16.4,50.0,0.0,46.2,82.6,173.1,33.44,53.29,0.36,0.42,0.0,0.0,0.33
2014-11-21,0.0,0.33,24.7,31.6,17.2,46.3,0.0,38.4,82.6,172.8,28.42,47.96,0.34,0.36,0.0,0.0,0.31
2014-11-22,0.0,0.31,25.5,31.8,19.6,54.3,0.0,0.3,82.6,172.8,24.16,43.16,0.33,0.34,0.0,0.0,0.59
2014-11-23,5.3,0.59,21.9,27.2,18.5,88.8,5.3,5.3,87.9,178.1,20.54,38.85,0.31,0.33,0.0,0.0,1.14
2014-11-24,18.8,1.14,21.5,24.9,18.8,85.5,24.1,24.1,105.6,196.9,21.96,39.73,0.59,0.31,5.3,0.0,1.53
2014-11-25,6.8,1.53,22.9,27.5,18.7,71.8,30.9,30.9,106.2,178.9,34.65,52.68,1.14,0.59,18.8,5.3,1.48
2014-11-26,5.4,1.48,21.5,26.1,18.2,83.3,31.0,36.3,110.8,157.8,35.23,53.53,1.53,1.14,6.8,18.8,1.25
2014-11-27,23.7,1.25,22.0,27.8,18.2,82.0,35.9,60.0,106.2,178.4,34.53,53.04,1.48,1.53,5.4,6.8,1.86
2014-11-28,9.8,1.86,21.0,26.3,17.6,87.8,38.9,69.8,108.2,159.7,49.5,69.06,1.25,1.48,23.7,5.4,3.03
2014-11-29,31.5,3.03,21.7,26.3,17.6,75.8,65.0,101.3,101.6,191.2,50.4,70.98,1.86,1.25,9.8,23.7,3.21
2014-11-30,13.2,3.21,19.7,21.5,17.6,87.8,54.5,109.2,114.5,204.4,69.62,92.23,3.03,1.86,31.5,9.8,3.32
2014-12-01,8.8,3.32,19.8,24.1,16.7,73.8,53.5,99.2,123.3,205.9,70.4,94.89,3.21,3.03,13.2,31.5,2.86
2014-12-02,4.2,2.86,21.5,27.2,16.1,60.3,26.2,96.6,127.5,210.1,67.32,93.32,3.32,3.21,8.8,13.2,1.88
2014-12-03,0.0,1.88,24.4,30.5,18.0,50.5,13.0,91.2,127.5,210.1,60.79,87.77,2.86,3.32,4.2,8.8,1.17
2014-12-04,0.0,1.17,24.9,30.6,18.8,57.8,4.2,67.5,127.5,210.1,51.67,78.99,1.88,2.86,0.0,4.2,1.82
2014-12-05,13.3,1.82,20.8,25.8,17.5,84.5,13.3,71.0,140.8,223.4,43.92,71.09,1.17,1.88,0.0,0.0,3.53
2014-12-06,9.3,3.53,19.9,23.2,17.0,75.8,22.6,48.8,150.1,232.7,48.64,75.95,1.82,1.17,13.3,0.0,3.53
2014-12-07,0.0,3.53,21.8,25.7,17.4,60.3,22.6,35.6,144.8,232.7,49.25,76.73,3.53,1.82,9.3,13.3,2.52
2014-12-08,0.0,2.52,22.5,26.3,19.1,62.5,9.3,26.8,126.0,232.7,41.86,69.05,3.53,3.53,0.0,9.3,1.69
2014-12-09,0.0,1.69,23.3,27.9,18.7,63.3,0.0,22.6,119.2,232.7,35.58,62.15,2.52,3.53,0.0,0.0,1.25
2014-12-10,0.0,1.25,23.6,28.9,18.6,56.8,0.0,22.6,113.8,231.6,30.24,55.93,1.69,2.52,0.0,0.0,0.87
2014-12-11,0.0,0.87,24.2,29.4,18.8,52.0,0.0,22.6,90.1,225.4,25.71,50.34,1.25,1.69,0.0,0.0,0.64
2014-12-12,0.0,0.64,24.7,30.0,19.6,52.8,0.0,9.3,80.3,224.6,21.85,45.31,0.87,1.25,0.0,0.0,0.67
2014-12-13,0.0,0.67,21.5,25.8,18.3,83.0,0.0,0.0,48.8,196.3,18.57,40.78,0.64,0.87,0.0,0.0,1.72
2014-12-14,80.5,1.72,20.2,22.9,17.2,92.3,80.5,80.5,116.1,269.0,15.79,36.7,0.67,0.64,0.0,0.0,3.73
2014-12-15,27.8,3.73,23.0,27.9,18.2,63.8,108.3,108.3,135.1,258.7,81.84,105.48,1.72,0.67,80.5,0.0,3.79
2014-12-16,0.0,3.79,22.4,26.9,18.8,68.0,108.3,108.3,130.9,258.4,93.2,119.95,3.73,1.72,27.8,80.5,2.81
2014-12-17,0.0,2.81,23.7,28.8,17.9,56.3,27.8,108.3,130.9,258.4,79.22,107.96,3.79,3.73,0.0,27.8,1.9
2014-12-18,0.0,1.9,24.7,30.1,18.8,54.0,0.0,108.3,130.9,258.4,67.34,97.16,2.81,3.79,0.0,0.0,1.16
2014-12-19,0.0,1.16,25.3,30.8,19.4,57.3,0.0,108.3,117.6,258.4,57.23,87.44,1.9,2.81,0.0,0.0,0.95
2014-12-20,0.0,0.95,25.0,29.2,20.2,63.8,0.0,108.3,108.3,258.4,48.65,78.7,1.16,1.9,0.0,0.0,1.34
2014-12-21,8.8,1.34,23.6,29.0,19.4,73.8,8.8,36.6,117.1,267.2,41.35,70.83,0.95,1.16,0.0,0.0,2.0
2014-12-22,3.6,2.0,24.5,29.8,19.3,71.8,12.4,12.4,120.7,270.8,42.63,71.67,1.34,0.95,8.8,0.0,2.03
2014-12-23,0.0,2.03,23.9,27.1,21.0,71.5,12.4,12.4,120.7,265.5,39.3,67.74,2.0,1.34,3.6,8.8,1.55
2014-12-24,0.0,1.55,25.6,31.6,20.2,55.3,3.6,12.4,120.7,246.7,33.4,60.97,2.03,2.0,0.0,3.6,1.08
2014-12-25,0.0,1.08,25.6,31.2,20.2,48.8,0.0,12.4,120.7,239.9,28.39,54.87,1.55,2.03,0.0,0.0,0.78
2014-12-26,0.0,0.78,25.2,30.9,20.1,50.0,0.0,12.4,120.7,234.5,24.13,49.38,1.08,1.55,0.0,0.0,0.64
2014-12-27,0.0,0.64,25.2,31.0,20.0,54.0,0.0,12.4,120.7,210.8,20.51,44.44,0.78,1.08,0.0,0.0,0.61
2014-12-28,0.0,0.61,26.4,33.4,18.6,35.0,0.0,3.6,40.2,201.0,17.44,40.0,0.64,0.78,0.0,0.0,0.59
2014-12-29,0.0,0.59,27.8,33.8,20.6,37.8,0.0,0.0,12.4,169.5,14.82,36.0,0.61,0.64,0.0,0.0,0.58
2014-12-30,0.0,0.58,27.6,33.1,21.6,42.3,0.0,0.0,12.4,156.3,12.6,32.4,0.59,0.61,0.0,0.0,0.58
2014-12-31,0.0,0.58,27.5,32.2,23.0,53.8,0.0,0.0,12.4,147.5,10.71,29.16,0.58,0.59,0.0,0.0,0.55
2015-01-01,0.0,0.55,26.4,32.9,21.6,61.0,0.0,0.0,12.4,143.3,9.1,26.24,0.58,0.58,0.0,0.0,0.53
2015-01-02,37.3,0.53,27.0,32.6,21.7,57.0,37.3,37.3,49.7,180.6,7.74,23.62,0.55,0.58,0.0,0.0,0.59
2015-01-03,0.4,0.59,27.4,33.4,21.4,56.5,37.7,37.7,50.1,181.0,38.28,54.83,0.53,0.55,37.3,0.0,0.83
2015-01-04,2.1,0.83,25.5,30.2,21.2,60.5,39.8,39.8,43.4,169.8,32.88,49.7,0.59,0.53,0.4,37.3,1.05
2015-01-05,0.0,1.05,25.3,30.3,20.2,52.8,2.5,39.8,39.8,160.5,29.73,46.62,0.83,0.59,2.1,0.4,0.73
2015-01-06,0.0,0.73,24.6,30.2,19.9,53.8,2.1,39.8,39.8,160.5,25.27,41.96,1.05,0.83,0.0,2.1,0.64
2015-01-07,0.0,0.64,23.2,27.6,19.6,59.5,0.0,39.8,39.8,160.5,21.48,37.77,0.73,1.05,0.0,0.0,0.61
2015-01-08,0.0,0.61,24.2,29.8,20.6,47.0,0.0,39.8,39.8,160.5,18.26,33.99,0.64,0.73,0.0,0.0,0.58
2015-01-09,0.0,0.58,25.1,30.6,20.9,42.5,0.0,2.5,39.8,160.5,15.52,30.59,0.61,0.64,0.0,0.0,0.55
2015-01-10,0.0,0.55,26.7,33.2,21.3,44.5,0.0,2.1,39.8,160.5,13.19,27.53,0.58,0.61,0.0,0.0,0.55
2015-01-11,0.0,0.55,27.0,33.1,22.0,40.8,0.0,0.0,39.8,160.5,11.21,24.78,0.55,0.58,0.0,0.0,0.53
2015-01-12,0.0,0.53,27.5,32.8,22.9,35.3,0.0,0.0,39.8,160.5,9.53,22.3,0.55,0.55,0.0,0.0,0.53
2015-01-13,0.0,0.53,27.8,33.3,24.0,41.8,0.0,0.0,39.8,80.0,8.1,20.07,0.53,0.55,0.0,0.0,0.52
2015-01-14,0.0,0.52,26.5,32.2,23.4,47.8,0.0,0.0,39.8,52.2,6.89,18.06,0.53,0.53,0.0,0.0,0.52
2015-01-15,0.0,0.52,25.1,29.6,21.8,48.5,0.0,0.0,39.8,52.2,5.85,16.26,0.52,0.53,0.0,0.0,0.5
2015-01-16,0.0,0.5,26.2,31.6,22.2,44.8,0.0,0.0,2.5,52.2,4.98,14.63,0.52,0.52,0.0,0.0,0.5
2015-01-17,0.0,0.5,26.7,32.2,22.2,41.5,0.0,0.0,2.1,52.2,4.23,13.17,0.5,0.52,0.0,0.0,0.5
2015-01-18,0.0,0.5,27.2,32.8,22.4,38.8,0.0,0.0,0.0,52.2,3.59,11.85,0.5,0.5,0.0,0.0,0.5
2015-01-19,0.0,0.5,26.5,32.2,22.9,45.3,0.0,0.0,0.0,52.2,3.06,10.67,0.5,0.5,0.0,0.0,0.49
2015-01-20,0.0,0.49,27.0,32.6,22.2,38.8,0.0,0.0,0.0,43.4,2.6,9.6,0.5,0.5,0.0,0.0,0.49
2015-01-21,0.0,0.49,27.2,33.9,22.6,44.3,0.0,0.0,0.0,39.8,2.21,8.64,0.49,0.5,0.0,0.0,0.49
2015-01-22,0.6,0.49,27.5,32.4,22.6,43.0,0.6,0.6,0.6,40.4,1.88,7.78,0.49,0.49,0.0,0.0,0.52
2015-01-23,0.0,0.52,24.5,29.6,21.6,52.8,0.6,0.6,0.6,40.4,2.11,7.54,0.49,0.49,0.6,0.0,0.59
2015-01-24,6.5,0.59,21.9,27.9,19.6,77.3,7.1,7.1,7.1,46.9,1.79,6.78,0.52,0.49,0.0,0.6,0.75
2015-01-25,10.3,0.75,22.6,29.7,18.7,71.0,16.8,17.4,17.4,57.2,7.05,11.96,0.59,0.52,6.5,0.0,0.89
2015-01-26,0.1,0.89,23.1,31.2,18.8,70.0,16.9,17.5,17.5,57.3,14.74,20.03,0.75,0.59,10.3,6.5,1.12
2015-01-27,1.5,1.12,21.8,28.3,18.9,76.5,11.9,19.0,19.0,58.8,12.62,18.12,0.89,0.75,0.1,10.3,1.19
2015-01-28,0.0,1.19,22.5,29.0,18.9,74.0,1.6,19.0,19.0,58.8,12.0,17.66,1.12,0.89,1.5,0.1,0.87
2015-01-29,3.2,0.87,25.1,31.7,20.2,63.8,4.7,21.6,22.2,62.0,10.2,15.89,1.19,1.12,0.0,1.5,0.66
2015-01-30,0.0,0.66,27.0,31.8,22.6,52.0,3.2,21.6,22.2,62.0,11.39,17.18,0.87,1.19,3.2,0.0,0.59
2015-01-31,1.8,0.59,26.8,32.2,23.1,55.3,5.0,16.9,24.0,63.8,9.68,15.46,0.66,0.87,0.0,3.2,0.56
2015-02-01,0.0,0.56,26.0,32.0,21.7,53.0,1.8,6.6,24.0,26.5,9.76,15.54,0.59,0.66,1.8,0.0,0.53
2015-02-02,0.0,0.53,26.2,31.1,22.8,51.0,1.8,6.5,24.0,26.1,8.3,13.98,0.56,0.59,0.0,1.8,0.53
2015-02-03,0.0,0.53,23.5,29.6,21.2,63.0,0.0,5.0,24.0,24.0,7.05,12.58,0.53,0.56,0.0,0.0,0.59
2015-02-04,16.5,0.59,22.9,29.8,18.8,72.3,16.5,21.5,40.5,40.5,5.99,11.33,0.53,0.53,0.0,0.0,1.06
2015-02-05,26.0,1.06,21.0,26.3,19.2,85.3,42.5,44.3,65.9,66.5,19.12,25.04,0.59,0.53,16.5,0.0,2.72
2015-02-06,28.3,2.72,20.2,22.3,19.0,91.0,70.8,72.6,94.2,94.8,38.35,45.94,1.06,0.59,26.0,16.5,4.62
2015-02-07,22.5,4.62,20.5,26.5,17.9,89.5,76.8,93.3,110.2,117.3,56.65,66.82,2.72,1.06,28.3,26.0,5.68
2015-02-08,36.2,5.68,20.1,21.3,19.2,95.5,87.0,129.5,136.1,153.5,67.28,80.38,4.62,2.72,22.5,28.3,7.0
2015-02-09,26.8,7.0,21.1,24.4,19.4,87.8,85.5,156.3,162.8,180.3,87.96,104.93,5.68,4.62,36.2,22.5,7.24
2015-02-10,13.2,7.24,24.5,30.8,19.4,67.8,76.2,169.5,174.5,193.5,97.54,118.55,7.0,5.68,26.8,36.2,6.53
2015-02-11,0.0,6.53,24.5,29.0,21.0,60.5,40.0,153.0,174.5,193.5,94.13,118.58,7.24,7.0,13.2,26.8,4.97
2015-02-12,0.0,4.97,26.2,31.5,20.9,45.3,13.2,127.0,171.3,193.5,80.01,106.72,6.53,7.24,0.0,13.2,3.69
2015-02-13,0.0,3.69,26.9,32.2,21.6,47.3,0.0,98.7,171.3,193.5,68.01,96.05,4.97,6.53,0.0,0.0,2.62
2015-02-14,0.0,2.62,26.0,31.8,21.8,51.8,0.0,76.2,169.5,193.5,57.81,86.44,3.69,4.97,0.0,0.0,1.78
2015-02-15,0.0,1.78,25.7,30.4,22.2,57.8,0.0,40.0,169.5,193.5,49.14,77.8,2.62,3.69,0.0,0.0,1.16
2015-02-16,0.0,1.16,23.1,30.0,19.8,63.8,0.0,13.2,169.5,193.5,41.77,70.02,1.78,2.62,0.0,0.0,0.87
2015-02-17,0.0,0.87,23.9,29.0,19.8,68.3,0.0,0.0,169.5,193.5,35.5,63.02,1.16,1.78,0.0,0.0,0.78
2015-02-18,0.0,0.78,21.6,27.1,18.8,75.5,0.0,0.0,153.0,193.5,30.18,56.72,0.87,1.16,0.0,0.0,0.94
2015-02-19,13.8,0.94,22.2,27.4,18.9,75.3,13.8,13.8,140.8,207.3,25.65,51.04,0.78,0.87,0.0,0.0,0.97
2015-02-20,0.0,0.97,24.6,29.2,20.8,54.3,13.8,13.8,112.5,207.3,33.53,58.36,0.94,0.78,13.8,0.0,0.75
2015-02-21,0.0,0.75,24.4,28.6,21.2,54.8,13.8,13.8,90.0,206.7,28.5,52.52,0.97,0.94,0.0,13.8,0.69
2015-02-22,0.0,0.69,24.6,29.2,21.0,52.3,0.0,13.8,53.8,206.7,24.23,47.27,0.75,0.97,0.0,0.0,0.66
2015-02-23,0.0,0.66,24.6,29.4,20.6,54.5,0.0,13.8,27.0,200.2,20.59,42.54,0.69,0.75,0.0,0.0,0.63
2015-02-24,0.0,0.63,24.0,29.3,20.7,59.5,0.0,13.8,13.8,189.9,17.5,38.29,0.66,0.69,0.0,0.0,0.66
2015-02-25,0.0,0.66,23.0,29.8,19.6,72.0,0.0,13.8,13.8,189.8,14.88,34.46,0.63,0.66,0.0,0.0,0.87
2015-02-26,1.4,0.87,25.1,32.0,20.2,62.0,1.4,1.4,15.2,189.7,12.65,31.01,0.66,0.63,0.0,0.0,1.28
2015-02-27,13.2,1.28,23.3,28.4,20.2,75.8,14.6,14.6,28.4,202.9,11.94,29.17,0.87,0.66,1.4,0.0,1.31
2015-02-28,0.2,1.31,24.1,30.2,19.7,71.0,14.8,14.8,28.6,199.9,21.37,38.14,1.28,0.87,13.2,1.4,0.97
2015-03-01,0.0,0.97,23.0,26.7,20.4,63.5,13.4,14.8,28.6,199.9,18.33,34.5,1.31,1.28,0.2,13.2,0.78
2015-03-02,0.0,0.78,22.9,27.9,19.4,61.8,0.2,14.8,28.6,198.1,15.58,31.05,0.97,1.31,0.0,0.2,0.87
2015-03-03,0.0,0.87,23.9,29.5,19.9,68.3,0.0,14.8,28.6,198.1,13.25,27.95,0.78,0.97,0.0,0.0,1.03
2015-03-04,0.5,1.03,24.0,28.2,21.2,66.3,0.5,15.3,29.1,198.6,11.26,25.15,0.87,0.78,0.0,0.0,1.22
2015-03-05,13.6,1.22,23.4,29.9,19.6,65.8,14.1,27.5,28.9,212.2,10.0,23.09,1.03,0.87,0.5,0.0,1.31
2015-03-06,6.8,1.31,23.6,30.6,19.4,67.3,20.9,21.1,35.7,202.5,20.06,33.02,1.22,1.03,13.6,0.5,1.16
2015-03-07,0.0,1.16,24.7,30.5,19.3,59.0,20.4,20.9,35.7,176.5,22.83,35.84,1.31,1.22,6.8,13.6,1.25
2015-03-08,0.0,1.25,23.3,28.3,20.9,67.0,6.8,20.9,35.7,148.2,19.4,32.25,1.16,1.31,0.0,6.8,1.53
2015-03-09,0.2,1.53,24.1,27.7,22.2,71.0,0.2,21.1,35.9,125.9,16.49,29.03,1.25,1.16,0.0,0.0,1.62
2015-03-10,21.8,1.62,22.0,25.7,18.9,79.5,22.0,42.9,57.7,111.5,14.19,26.3,1.53,1.25,0.2,0.0,1.47
2015-03-11,26.6,1.47,24.1,29.3,19.0,72.0,48.6,69.0,84.3,111.3,30.59,43.29,1.62,1.53,21.8,0.2,1.22
2015-03-12,23.3,1.22,22.9,28.0,18.8,76.0,71.7,78.7,106.2,121.4,48.61,62.9,1.47,1.62,26.6,21.8,1.0
2015-03-13,0.8,1.0,24.2,29.8,20.4,65.8,50.7,72.7,93.8,122.2,61.13,77.58,1.22,1.47,23.3,26.6,0.81
2015-03-14,0.0,0.81,25.0,30.0,21.4,64.3,24.1,72.7,93.6,122.2,52.64,70.55,1.0,1.22,0.8,23.3,0.72
2015-03-15,0.0,0.72,24.4,27.1,21.2,58.5,0.8,72.7,93.6,122.2,44.74,63.49,0.81,1.0,0.0,0.8,0.72
2015-03-17,0.0,0.72,25.0,29.7,21.6,55.8,0.0,50.7,93.6,122.2,32.33,51.43,0.72,0.72,0.0,0.0,0.72
2015-03-18,0.0,0.72,23.7,28.4,21.2,50.8,0.0,24.1,93.1,122.2,27.48,46.29,0.72,0.72,0.0,0.0,0.69
2015-03-19,0.0,0.69,23.7,28.2,20.7,53.3,0.0,0.8,79.5,122.2,23.36,41.66,0.72,0.72,0.0,0.0,0.69
2015-03-20,0.0,0.69,23.8,28.0,21.0,62.0,0.0,0.0,72.7,122.2,19.85,37.49,0.69,0.72,0.0,0.0,1.16
2015-03-21,13.8,1.16,21.8,26.1,18.8,74.3,13.8,13.8,86.5,122.2,16.87,33.74,0.69,0.69,0.0,0.0,2.31
2015-03-22,1.3,2.31,22.0,26.0,19.2,77.5,15.1,15.1,87.8,123.5,26.07,42.79,1.16,0.69,13.8,0.0,3.29
2015-03-23,7.9,3.29,22.0,27.2,20.0,86.3,23.0,23.0,95.5,131.4,23.27,39.68,2.31,1.16,1.3,13.8,3.91
2015-03-24,2.5,3.91,24.1,28.9,19.2,70.0,11.7,25.5,76.2,133.9,26.49,42.82,3.29,2.31,7.9,1.3,3.22
2015-03-25,0.0,3.22,23.8,28.3,20.1,64.3,10.4,25.5,49.6,133.9,24.64,40.79,3.91,3.29,2.5,7.9,2.31
2015-03-26,0.0,2.31,24.2,30.6,18.8,57.8,2.5,25.5,26.3,133.9,20.95,36.71,3.22,3.91,0.0,2.5,1.53
2015-03-27,0.0,1.53,25.6,30.8,20.2,58.5,0.0,25.5,25.5,133.9,17.8,33.04,2.31,3.22,0.0,0.0,1.06
2015-03-28,0.0,1.06,26.1,31.0,22.0,54.3,0.0,11.7,25.5,132.5,15.13,29.74,1.53,2.31,0.0,0.0,0.85
2015-03-29,0.0,0.85,25.6,30.3,21.8,58.5,0.0,10.4,25.5,119.3,12.86,26.76,1.06,1.53,0.0,0.0,0.75
2015-03-30,0.0,0.75,24.7,29.9,20.0,73.5,0.0,2.5,25.5,119.1,10.93,24.09,0.85,1.06,0.0,0.0,0.72
2015-03-31,18.0,0.72,24.3,28.8,20.0,71.5,18.0,18.0,43.5,137.1,9.29,21.68,0.75,0.85,0.0,0.0,0.72
2015-04-01,0.0,0.72,24.9,30.0,20.8,73.8,18.0,18.0,43.5,137.1,23.2,35.71,0.72,0.75,18.0,0.0,0.75
2015-04-02,14.2,0.75,22.2,26.1,21.0,70.3,32.2,32.2,57.7,151.3,19.72,32.14,0.72,0.72,0.0,18.0,0.78
2015-04-03,0.0,0.78,21.9,26.3,19.2,70.5,14.2,32.2,57.7,150.8,28.83,41.7,0.75,0.72,14.2,0.0,0.75
2015-04-04,0.0,0.75,23.0,26.8,20.6,67.8,14.2,32.2,43.9,137.2,24.51,37.53,0.78,0.75,0.0,14.2,0.87
2015-04-05,0.0,0.87,23.1,27.4,19.4,69.8,0.0,32.2,42.6,130.4,20.83,33.78,0.75,0.78,0.0,0.0,0.97
2015-04-06,0.0,0.97,22.7,28.6,20.2,75.5,0.0,32.2,34.7,130.4,17.71,30.4,0.87,0.75,0.0,0.0,0.87
2015-04-07,0.0,0.87,22.5,26.7,20.4,64.3,0.0,14.2,32.2,130.4,15.05,27.36,0.97,0.87,0.0,0.0,0.91
2015-04-08,0.0,0.91,18.7,21.9,17.3,78.3,0.0,14.2,32.2,130.2,12.79,24.63,0.87,0.97,0.0,0.0,0.85
2015-04-09,0.0,0.85,20.0,24.3,17.4,72.8,0.0,0.0,32.2,108.4,10.87,22.16,0.91,0.87,0.0,0.0,0.78
2015-04-10,0.0,0.78,21.2,25.7,17.1,60.8,0.0,0.0,32.2,81.8,9.24,19.95,0.85,0.91,0.0,0.0,0.75
2015-04-11,0.0,0.75,21.5,26.0,18.0,65.0,0.0,0.0,32.2,58.5,7.86,17.95,0.78,0.85,0.0,0.0,0.75
2015-04-12,0.0,0.75,22.4,27.5,18.4,57.5,0.0,0.0,32.2,57.7,6.68,16.16,0.75,0.78,0.0,0.0,0.72
2015-04-13,0.0,0.72,22.5,27.8,18.4,57.0,0.0,0.0,32.2,57.7,5.68,14.54,0.75,0.75,0.0,0.0,0.72
2015-04-14,0.0,0.72,22.2,26.7,19.2,57.8,0.0,0.0,14.2,57.7,4.82,13.09,0.72,0.75,0.0,0.0,0.69
2015-04-15,0.0,0.69,23.2,28.7,18.9,48.0,0.0,0.0,14.2,57.7,4.1,11.78,0.72,0.72,0.0,0.0,0.69
2015-04-16,0.0,0.69,22.8,26.6,19.9,65.8,0.0,0.0,0.0,57.7,3.49,10.6,0.69,0.72,0.0,0.0,0.69
2015-04-17,0.0,0.69,23.8,28.2,20.6,62.8,0.0,0.0,0.0,57.7,2.96,9.54,0.69,0.69,0.0,0.0,0.69
2015-04-18,0.0,0.69,23.2,29.6,20.4,73.5,0.0,0.0,0.0,57.7,2.52,8.59,0.69,0.69,0.0,0.0,0.69
2015-04-19,14.8,0.69,24.5,30.2,19.8,63.5,14.8,14.8,14.8,72.5,2.14,7.73,0.69,0.69,0.0,0.0,0.91
2015-04-20,0.0,0.91,24.1,27.8,21.5,68.5,14.8,14.8,14.8,58.7,14.4,20.28,0.69,0.69,14.8,0.0,1.12
2015-04-21,0.0,1.12,24.2,30.6,21.6,74.3,14.8,14.8,14.8,57.4,12.24,18.25,0.91,0.69,0.0,14.8,1.34
2015-04-22,11.5,1.34,23.1,27.2,21.0,80.5,11.5,26.3,26.3,61.0,10.4,16.42,1.12,0.91,0.0,0.0,1.65
2015-04-23,0.0,1.65,22.7,28.2,19.6,75.3,11.5,26.3,26.3,58.5,18.62,25.13,1.34,1.12,11.5,0.0,1.38
2015-04-24,0.0,1.38,24.0,28.9,20.3,66.5,11.5,26.3,26.3,58.5,15.83,22.62,1.65,1.34,0.0,11.5,1.19
2015-04-25,0.0,1.19,23.5,28.8,20.8,71.8,0.0,26.3,26.3,58.5,13.45,20.36,1.38,1.65,0.0,0.0,1.03
2015-04-26,0.0,1.03,20.9,27.4,17.0,55.5,0.0,11.5,26.3,58.5,11.43,18.32,1.19,1.38,0.0,0.0,0.85
2015-04-27,0.0,0.85,20.9,25.9,16.5,60.8,0.0,11.5,26.3,58.5,9.72,16.49,1.03,1.19,0.0,0.0,0.75
2015-04-28,0.0,0.75,22.2,27.5,17.7,54.8,0.0,11.5,26.3,58.5,8.26,14.84,0.85,1.03,0.0,0.0,0.87
2015-04-29,0.0,0.87,21.1,26.1,19.0,69.0,0.0,0.0,26.3,58.5,7.02,13.36,0.75,0.85,0.0,0.0,1.06
2015-04-30,9.1,1.06,20.5,25.6,17.4,73.5,9.1,9.1,35.4,49.6,5.97,12.02,0.87,0.75,0.0,0.0,1.09
2015-05-01,2.3,1.09,20.2,23.9,17.0,71.0,11.4,11.4,37.7,51.9,12.81,19.01,1.06,0.87,9.1,0.0,0.91
2015-05-02,0.0,0.91,20.3,24.5,18.0,67.0,11.4,11.4,37.7,37.7,12.84,19.18,1.09,1.06,2.3,9.1,0.78
2015-05-03,0.0,0.78,21.0,26.7,17.0,59.3,2.3,11.4,22.9,37.7,10.92,17.26,0.91,1.09,0.0,2.3,0.75
2015-05-04,0.0,0.75,22.2,26.8,18.3,65.3,0.0,11.4,22.9,37.7,9.28,15.53,0.78,0.91,0.0,0.0,0.85
2015-05-05,0.0,0.85,20.8,23.5,19.4,84.5,0.0,11.4,22.9,37.7,7.89,13.98,0.75,0.78,0.0,0.0,1.25
2015-05-06,7.8,1.25,20.5,24.3,18.6,83.5,7.8,19.2,19.2,45.5,6.7,12.58,0.85,0.75,0.0,0.0,1.72
2015-05-07,11.5,1.72,21.0,26.3,18.6,77.0,19.3,21.6,30.7,57.0,12.33,18.34,1.25,0.85,7.8,0.0,1.44
2015-05-08,0.0,1.44,19.4,24.9,15.3,60.0,19.3,19.3,30.7,57.0,20.25,26.86,1.72,1.25,11.5,7.8,1.0
2015-05-09,0.0,1.0,19.6,25.3,16.2,68.5,11.5,19.3,30.7,57.0,17.22,24.17,1.44,1.72,0.0,11.5,0.81
2015-05-10,0.0,0.81,20.5,26.1,16.0,65.3,0.0,19.3,30.7,57.0,14.63,21.76,1.0,1.44,0.0,0.0,0.91
2015-05-11,0.0,0.91,19.5,23.1,17.6,78.5,0.0,19.3,30.7,57.0,12.44,19.58,0.81,1.0,0.0,0.0,0.91
2015-05-12,0.0,0.91,20.3,24.9,17.9,62.3,0.0,19.3,30.7,57.0,10.57,17.62,0.91,0.81,0.0,0.0,0.81
2015-05-13,0.0,0.81,19.6,24.0,16.7,58.5,0.0,11.5,30.7,57.0,8.99,15.86,0.91,0.91,0.0,0.0,0.75
2015-05-14,0.0,0.75,18.7,22.5,16.8,72.8,0.0,0.0,21.6,57.0,7.64,14.27,0.81,0.91,0.0,0.0,0.75
2015-05-15,0.0,0.75,17.7,21.3,14.6,69.0,0.0,0.0,19.3,57.0,6.49,12.85,0.75,0.81,0.0,0.0,0.72
2015-05-16,0.0,0.72,18.8,22.4,15.6,66.5,0.0,0.0,19.3,57.0,5.52,11.56,0.75,0.75,0.0,0.0,0.72
2015-05-17,0.0,0.72,19.6,23.7,16.4,65.8,0.0,0.0,19.3,57.0,4.69,10.41,0.72,0.75,0.0,0.0,0.72
2015-05-18,0.0,0.72,18.9,21.1,17.9,74.3,0.0,0.0,19.3,57.0,3.99,9.37,0.72,0.72,0.0,0.0,0.72
2015-05-19,0.0,0.72,19.5,22.9,17.3,69.8,0.0,0.0,19.3,42.2,3.39,8.43,0.72,0.72,0.0,0.0,0.72
2015-05-20,0.0,0.72,19.0,21.6,17.2,67.8,0.0,0.0,11.5,42.2,2.88,7.59,0.72,0.72,0.0,0.0,0.72
2015-05-21,0.0,0.72,19.7,22.4,17.6,63.5,0.0,0.0,0.0,42.2,2.45,6.83,0.72,0.72,0.0,0.0,0.69
2015-05-22,0.0,0.69,19.1,23.5,16.2,66.8,0.0,0.0,0.0,30.7,2.08,6.14,0.72,0.72,0.0,0.0,0.69
2015-05-23,0.0,0.69,18.8,23.0,15.2,63.0,0.0,0.0,0.0,30.7,1.77,5.53,0.69,0.72,0.0,0.0,0.69
2015-05-24,0.0,0.69,20.0,26.0,14.8,64.0,0.0,0.0,0.0,30.7,1.5,4.98,0.69,0.69,0.0,0.0,0.69
2015-05-25,0.0,0.69,21.3,28.6,15.9,64.8,0.0,0.0,0.0,30.7,1.28,4.48,0.69,0.69,0.0,0.0,0.66
2015-05-26,0.0,0.66,22.1,28.6,16.6,55.8,0.0,0.0,0.0,30.7,1.09,4.03,0.69,0.69,0.0,0.0,0.66
2015-05-27,0.0,0.66,21.6,27.2,17.9,57.8,0.0,0.0,0.0,30.7,0.92,3.63,0.66,0.69,0.0,0.0,0.66
2015-05-28,0.0,0.66,22.0,28.3,17.4,61.8,0.0,0.0,0.0,30.7,0.79,3.27,0.66,0.66,0.0,0.0,0.75
2015-05-29,5.9,0.75,18.3,23.5,14.7,73.8,5.9,5.9,5.9,36.6,0.67,2.94,0.66,0.66,0.0,0.0,0.75
2015-05-30,2.3,0.75,20.4,26.2,14.9,64.5,8.2,8.2,8.2,29.8,5.58,7.96,0.75,0.66,5.9,0.0,0.69
2015-05-31,0.0,0.69,21.7,27.2,17.8,65.8,8.2,8.2,8.2,27.5,6.7,9.23,0.75,0.75,2.3,5.9,0.69
2015-06-01,0.0,0.69,21.8,28.0,17.9,65.3,2.3,8.2,8.2,27.5,5.69,8.31,0.69,0.75,0.0,2.3,0.69
2015-06-02,0.0,0.69,19.8,23.3,17.8,77.3,0.0,8.2,8.2,27.5,4.84,7.48,0.69,0.69,0.0,0.0,0.81
2015-06-03,1.8,0.81,18.2,21.9,16.8,75.8,1.8,10.0,10.0,29.3,4.11,6.73,0.69,0.69,0.0,0.0,0.85
2015-06-04,0.9,0.85,19.2,23.8,14.4,61.8,2.7,10.9,10.9,30.2,5.03,7.68,0.81,0.69,1.8,0.0,0.72
2015-06-05,0.0,0.72,19.7,24.4,16.2,67.0,2.7,5.0,10.9,22.4,5.04,7.72,0.85,0.81,0.9,1.8,0.69
2015-06-06,0.0,0.69,19.9,24.3,17.2,62.8,0.9,2.7,10.9,10.9,4.28,6.95,0.72,0.85,0.0,0.9,0.66
2015-06-07,0.0,0.66,20.4,25.3,16.8,61.5,0.0,2.7,10.9,10.9,3.64,6.25,0.69,0.72,0.0,0.0,0.63
2015-06-08,0.0,0.63,19.9,25.4,15.6,52.3,0.0,2.7,10.9,10.9,3.09,5.63,0.66,0.69,0.0,0.0,0.63
2015-06-09,0.0,0.63,20.0,26.2,14.3,54.8,0.0,2.7,10.9,10.9,2.63,5.06,0.63,0.66,0.0,0.0,0.63
2015-06-10,0.0,0.63,21.4,27.1,15.6,54.5,0.0,0.9,10.9,10.9,2.24,4.56,0.63,0.63,0.0,0.0,0.59
2015-06-11,0.0,0.59,21.7,27.9,16.1,48.3,0.0,0.0,10.9,10.9,1.9,4.1,0.63,0.63,0.0,0.0,0.59
2015-06-12,0.0,0.59,22.0,28.2,16.6,48.5,0.0,0.0,5.0,10.9,1.62,3.69,0.59,0.63,0.0,0.0,0.59
2015-06-13,0.0,0.59,21.0,26.7,16.8,57.3,0.0,0.0,2.7,10.9,1.37,3.32,0.59,0.59,0.0,0.0,0.59
2015-06-14,0.0,0.59,21.6,27.5,16.0,50.0,0.0,0.0,2.7,10.9,1.17,2.99,0.59,0.59,0.0,0.0,0.59
2015-06-15,0.3,0.59,22.0,28.2,17.2,55.3,0.3,0.3,3.0,11.2,0.99,2.69,0.59,0.59,0.0,0.0,0.59
2015-06-16,0.0,0.59,21.0,24.1,19.4,77.0,0.3,0.3,3.0,11.2,1.1,2.69,0.59,0.59,0.3,0.0,0.56
2015-06-17,0.0,0.56,20.6,24.0,18.6,70.5,0.3,0.3,1.2,11.2,0.93,2.42,0.59,0.59,0.0,0.3,0.56
2015-06-18,0.0,0.56,21.3,26.7,16.4,62.0,0.0,0.3,0.3,11.2,0.79,2.18,0.56,0.59,0.0,0.0,0.56
2015-06-19,0.0,0.56,20.3,26.5,16.8,67.3,0.0,0.3,0.3,11.2,0.67,1.96,0.56,0.56,0.0,0.0,0.56
2015-06-20,0.0,0.56,17.3,21.5,15.9,70.8,0.0,0.3,0.3,11.2,0.57,1.77,0.56,0.56,0.0,0.0,0.56
2015-06-21,0.0,0.56,17.7,21.4,14.0,70.0,0.0,0.3,0.3,11.2,0.49,1.59,0.56,0.56,0.0,0.0,0.59
2015-06-22,0.0,0.59,18.8,24.0,15.6,64.5,0.0,0.0,0.3,11.2,0.41,1.43,0.56,0.56,0.0,0.0,0.59
2015-06-23,0.0,0.59,19.7,25.3,14.9,57.8,0.0,0.0,0.3,11.2,0.35,1.29,0.59,0.56,0.0,0.0,0.56
2015-06-24,0.0,0.56,19.2,24.0,16.4,62.5,0.0,0.0,0.3,11.2,0.3,1.16,0.59,0.59,0.0,0.0,0.56
2015-06-25,0.0,0.56,16.5,19.6,14.6,68.5,0.0,0.0,0.3,11.2,0.25,1.04,0.56,0.59,0.0,0.0,0.56
2015-06-26,0.0,0.56,15.6,20.2,13.2,64.0,0.0,0.0,0.3,11.2,0.22,0.94,0.56,0.56,0.0,0.0,0.56
2015-06-27,0.0,0.56,15.6,20.1,11.2,68.0,0.0,0.0,0.3,11.2,0.18,0.84,0.56,0.56,0.0,0.0,0.56
2015-06-28,0.0,0.56,17.1,22.0,12.8,52.8,0.0,0.0,0.3,5.3,0.16,0.76,0.56,0.56,0.0,0.0,0.53
2015-06-29,0.0,0.53,17.6,21.4,13.8,65.3,0.0,0.0,0.0,3.0,0.13,0.68,0.56,0.56,0.0,0.0,0.53
2015-06-30,0.0,0.53,19.8,26.4,15.6,61.8,0.0,0.0,0.0,3.0,0.11,0.62,0.53,0.56,0.0,0.0,0.53
2015-07-01,0.0,0.53,19.6,25.5,15.2,67.5,0.0,0.0,0.0,3.0,0.1,0.55,0.53,0.53,0.0,0.0,0.53
2015-07-02,0.0,0.53,19.4,23.0,17.0,69.5,0.0,0.0,0.0,3.0,0.08,0.5,0.53,0.53,0.0,0.0,0.53
2015-07-03,0.0,0.53,19.3,24.3,16.1,61.3,0.0,0.0,0.0,1.2,0.07,0.45,0.53,0.53,0.0,0.0,0.53
2015-07-04,0.0,0.53,21.4,27.4,16.0,53.5,0.0,0.0,0.0,0.3,0.06,0.4,0.53,0.53,0.0,0.0,0.5
2015-07-05,0.0,0.5,20.3,25.2,17.5,66.0,0.0,0.0,0.0,0.3,0.05,0.36,0.53,0.53,0.0,0.0,0.5
2015-07-06,0.0,0.5,18.5,23.1,15.4,71.8,0.0,0.0,0.0,0.3,0.04,0.33,0.5,0.53,0.0,0.0,0.5
2015-07-07,0.0,0.5,18.1,20.1,16.2,69.8,0.0,0.0,0.0,0.3,0.04,0.29,0.5,0.5,0.0,0.0,0.5
2015-07-08,0.0,0.5,19.5,24.2,15.8,66.8,0.0,0.0,0.0,0.3,0.03,0.27,0.5,0.5,0.0,0.0,0.5
2015-07-09,0.0,0.5,19.2,23.5,16.5,67.8,0.0,0.0,0.0,0.3,0.03,0.24,0.5,0.5,0.0,0.0,0.5
2015-07-10,0.0,0.5,21.2,27.1,14.8,53.3,0.0,0.0,0.0,0.3,0.02,0.21,0.5,0.5,0.0,0.0,0.49
2015-07-11,0.0,0.49,21.1,26.5,17.2,59.8,0.0,0.0,0.0,0.3,0.02,0.19,0.5,0.5,0.0,0.0,0.49
2015-07-12,0.0,0.49,20.9,27.0,16.1,57.3,0.0,0.0,0.0,0.3,0.02,0.17,0.49,0.5,0.0,0.0,0.49
2015-07-13,0.0,0.49,21.2,27.1,15.4,48.8,0.0,0.0,0.0,0.3,0.01,0.16,0.49,0.49,0.0,0.0,0.49
2015-07-14,0.0,0.49,21.0,27.6,16.2,59.0,0.0,0.0,0.0,0.3,0.01,0.14,0.49,0.49,0.0,0.0,0.47
2015-07-15,0.0,0.47,20.2,24.9,16.8,58.3,0.0,0.0,0.0,0.0,0.01,0.13,0.49,0.49,0.0,0.0,0.47
2015-07-16,0.0,0.47,19.3,24.5,16.1,60.5,0.0,0.0,0.0,0.0,0.01,0.11,0.47,0.49,0.0,0.0,0.47
2015-07-17,0.0,0.47,18.8,22.5,15.3,54.3,0.0,0.0,0.0,0.0,0.01,0.1,0.47,0.47,0.0,0.0,0.47
2015-07-18,0.0,0.47,18.8,22.9,15.2,55.8,0.0,0.0,0.0,0.0,0.01,0.09,0.47,0.47,0.0,0.0,0.45
2015-07-19,0.0,0.45,19.1,23.9,14.9,61.0,0.0,0.0,0.0,0.0,0.01,0.08,0.47,0.47,0.0,0.0,0.45
2015-07-20,0.0,0.45,18.9,23.7,15.4,55.3,0.0,0.0,0.0,0.0,0.0,0.07,0.45,0.47,0.0,0.0,0.45
2015-07-21,0.0,0.45,19.8,26.5,14.1,47.8,0.0,0.0,0.0,0.0,0.0,0.07,0.45,0.45,0.0,0.0,0.45
2015-07-22,0.0,0.45,20.5,25.5,17.2,54.3,0.0,0.0,0.0,0.0,0.0,0.06,0.45,0.45,0.0,0.0,0.45
2015-07-23,0.0,0.45,19.2,23.3,16.2,59.0,0.0,0.0,0.0,0.0,0.0,0.05,0.45,0.45,0.0,0.0,0.44
2015-07-24,0.0,0.44,19.8,25.9,15.2,55.3,0.0,0.0,0.0,0.0,0.0,0.05,0.45,0.45,0.0,0.0,0.44
2015-07-25,0.0,0.44,20.2,27.0,14.6,57.5,0.0,0.0,0.0,0.0,0.0,0.04,0.44,0.45,0.0,0.0,0.44
2015-07-26,0.0,0.44,21.2,26.8,16.5,60.3,0.0,0.0,0.0,0.0,0.0,0.04,0.44,0.44,0.0,0.0,0.44
2015-07-27,1.9,0.44,20.6,25.8,16.3,67.5,1.9,1.9,1.9,1.9,0.0,0.04,0.44,0.44,0.0,0.0,0.42
2015-07-28,0.0,0.42,21.7,27.8,16.9,55.3,1.9,1.9,1.9,1.9,1.62,1.74,0.44,0.44,1.9,0.0,0.42
2015-07-29,0.0,0.42,21.6,26.5,17.6,57.3,1.9,1.9,1.9,1.9,1.37,1.57,0.42,0.44,0.0,1.9,0.42
2015-07-30,0.0,0.42,20.7,26.1,16.6,49.5,0.0,1.9,1.9,1.9,1.17,1.41,0.42,0.42,0.0,0.0,0.39
2015-07-31,0.0,0.39,20.6,24.3,16.0,49.5,0.0,1.9,1.9,1.9,0.99,1.27,0.42,0.42,0.0,0.0,0.39
2015-08-01,0.0,0.39,20.2,25.3,16.0,51.0,0.0,1.9,1.9,1.9,0.84,1.14,0.39,0.42,0.0,0.0,0.37
2015-08-02,0.0,0.37,19.8,25.3,15.4,51.0,0.0,1.9,1.9,1.9,0.72,1.03,0.39,0.39,0.0,0.0,0.34
2015-08-03,0.0,0.34,20.5,27.8,14.9,46.0,0.0,0.0,1.9,1.9,0.61,0.93,0.37,0.39,0.0,0.0,0.33
2015-08-04,0.0,0.33,21.2,27.4,15.6,46.5,0.0,0.0,1.9,1.9,0.52,0.83,0.34,0.37,0.0,0.0,0.33
2015-08-05,0.0,0.33,21.0,26.8,15.8,41.3,0.0,0.0,1.9,1.9,0.44,0.75,0.33,0.34,0.0,0.0,0.33
2015-08-06,0.0,0.33,21.2,27.2,15.5,41.0,0.0,0.0,1.9,1.9,0.37,0.67,0.33,0.33,0.0,0.0,0.33
2015-08-07,0.0,0.33,21.3,27.8,15.6,48.3,0.0,0.0,1.9,1.9,0.32,0.61,0.33,0.33,0.0,0.0,0.33
2015-08-08,0.0,0.33,20.5,25.7,17.0,52.5,0.0,0.0,1.9,1.9,0.27,0.55,0.33,0.33,0.0,0.0,0.33
2015-08-09,0.0,0.33,19.0,22.3,16.1,65.3,0.0,0.0,1.9,1.9,0.23,0.49,0.33,0.33,0.0,0.0,0.31
2015-08-10,0.0,0.31,19.5,24.7,16.4,53.5,0.0,0.0,0.0,1.9,0.2,0.44,0.33,0.33,0.0,0.0,0.31
2015-08-11,0.0,0.31,17.9,23.2,14.2,53.8,0.0,0.0,0.0,1.9,0.17,0.4,0.31,0.33,0.0,0.0,0.31
2015-08-12,0.0,0.31,18.5,23.7,14.3,46.0,0.0,0.0,0.0,1.9,0.14,0.36,0.31,0.31,0.0,0.0,0.31
2015-08-13,0.0,0.31,18.5,24.1,14.6,53.5,0.0,0.0,0.0,1.9,0.12,0.32,0.31,0.31,0.0,0.0,0.31
2015-08-14,0.0,0.31,19.1,24.5,14.9,59.5,0.0,0.0,0.0,1.9,0.1,0.29,0.31,0.31,0.0,0.0,0.31
2015-08-15,0.0,0.31,19.8,26.3,14.6,54.0,0.0,0.0,0.0,1.9,0.09,0.26,0.31,0.31,0.0,0.0,0.31
2015-08-16,0.0,0.31,20.4,25.4,16.4,53.0,0.0,0.0,0.0,1.9,0.07,0.24,0.31,0.31,0.0,0.0,0.31
2015-08-17,0.0,0.31,19.9,25.3,16.0,55.5,0.0,0.0,0.0,1.9,0.06,0.21,0.31,0.31,0.0,0.0,0.3
2015-08-18,0.0,0.3,20.6,26.9,16.4,56.3,0.0,0.0,0.0,1.9,0.05,0.19,0.31,0.31,0.0,0.0,0.3
2015-08-19,0.0,0.3,21.4,27.8,15.9,56.5,0.0,0.0,0.0,1.9,0.05,0.17,0.3,0.31,0.0,0.0,0.3
2015-08-20,0.0,0.3,23.1,30.0,17.8,51.5,0.0,0.0,0.0,1.9,0.04,0.15,0.3,0.3,0.0,0.0,0.3
2015-08-21,0.0,0.3,20.8,26.4,15.8,55.0,0.0,0.0,0.0,1.9,0.03,0.14,0.3,0.3,0.0,0.0,0.31
2015-08-22,0.0,0.31,20.4,25.5,17.0,64.0,0.0,0.0,0.0,1.9,0.03,0.13,0.3,0.3,0.0,0.0,0.31
2015-08-23,0.0,0.31,21.9,29.4,15.8,51.5,0.0,0.0,0.0,1.9,0.02,0.11,0.31,0.3,0.0,0.0,0.3
2015-08-24,0.0,0.3,22.9,29.2,16.5,45.8,0.0,0.0,0.0,1.9,0.02,0.1,0.31,0.31,0.0,0.0,0.3
2015-08-25,0.0,0.3,20.9,25.2,17.3,56.3,0.0,0.0,0.0,1.9,0.02,0.09,0.3,0.31,0.0,0.0,0.3
2015-08-26,0.0,0.3,23.3,29.8,17.5,50.8,0.0,0.0,0.0,0.0,0.01,0.08,0.3,0.3,0.0,0.0,0.3
2015-08-27,0.0,0.3,24.1,31.4,19.2,47.3,0.0,0.0,0.0,0.0,0.01,0.07,0.3,0.3,0.0,0.0,0.34
2015-08-28,0.0,0.34,21.6,26.3,18.6,61.3,0.0,0.0,0.0,0.0,0.01,0.07,0.3,0.3,0.0,0.0,0.33
2015-08-29,0.0,0.33,21.3,26.7,17.2,60.0,0.0,0.0,0.0,0.0,0.01,0.06,0.34,0.3,0.0,0.0,0.31
2015-08-30,0.0,0.31,21.9,28.8,17.0,52.0,0.0,0.0,0.0,0.0,0.01,0.05,0.33,0.34,0.0,0.0,0.31
2015-08-31,0.0,0.31,23.8,31.2,17.2,39.5,0.0,0.0,0.0,0.0,0.01,0.05,0.31,0.33,0.0,0.0,0.3
2015-09-01,0.0,0.3,25.4,33.8,17.5,36.0,0.0,0.0,0.0,0.0,0.01,0.04,0.31,0.31,0.0,0.0,0.3
2015-09-02,0.0,0.3,23.7,30.4,17.7,46.3,0.0,0.0,0.0,0.0,0.0,0.04,0.3,0.31,0.0,0.0,0.28
2015-09-03,0.0,0.28,24.0,31.6,17.2,42.3,0.0,0.0,0.0,0.0,0.0,0.04,0.3,0.3,0.0,0.0,0.28
2015-09-04,0.0,0.28,26.3,33.2,19.2,33.8,0.0,0.0,0.0,0.0,0.0,0.03,0.28,0.3,0.0,0.0,0.3
2015-09-05,0.0,0.3,23.0,30.8,19.4,64.0,0.0,0.0,0.0,0.0,0.0,0.03,0.28,0.28,0.0,0.0,0.41
2015-09-06,2.1,0.41,23.0,29.0,18.3,60.0,2.1,2.1,2.1,2.1,0.0,0.03,0.3,0.28,0.0,0.0,0.73
2015-09-07,0.2,0.73,23.7,31.4,19.4,53.3,2.3,2.3,2.3,2.3,1.79,1.91,0.41,0.3,2.1,0.0,0.73
2015-09-08,10.9,0.73,20.8,23.2,18.4,79.3,13.2,13.2,13.2,13.2,1.69,1.9,0.73,0.41,0.2,2.1,0.65
2015-09-09,5.8,0.65,18.0,22.0,15.9,83.3,16.9,19.0,19.0,19.0,10.7,11.52,0.73,0.73,10.9,0.2,0.54
2015-09-10,6.5,0.54,21.6,26.7,15.9,61.3,23.2,25.5,25.5,25.5,14.03,15.59,0.65,0.73,5.8,10.9,0.46
2015-09-11,0.0,0.46,21.1,25.3,19.1,69.5,12.3,25.5,25.5,25.5,17.45,19.88,0.54,0.65,6.5,5.8,0.6
2015-09-12,0.0,0.6,22.2,27.4,18.0,63.8,6.5,25.5,25.5,25.5,14.83,17.89,0.46,0.54,0.0,6.5,0.87
2015-09-13,0.0,0.87,20.1,25.5,18.1,84.3,0.0,23.4,25.5,25.5,12.61,16.1,0.6,0.46,0.0,0.0,0.78
2015-09-14,12.8,0.78,20.6,24.7,16.9,73.3,12.8,36.0,38.3,38.3,10.71,14.49,0.87,0.6,0.0,0.0,0.53
2015-09-15,0.0,0.53,22.8,28.6,18.1,60.3,12.8,25.1,38.3,38.3,19.99,24.56,0.78,0.87,12.8,0.0,0.41
2015-09-16,0.0,0.41,23.4,29.7,18.6,56.3,12.8,19.3,38.3,38.3,16.99,22.11,0.53,0.78,0.0,12.8,0.36
2015-09-17,0.0,0.36,25.1,32.0,18.7,35.8,0.0,12.8,38.3,38.3,14.44,19.9,0.41,0.53,0.0,0.0,0.34
2015-09-18,0.0,0.34,25.8,33.6,18.6,33.5,0.0,12.8,38.3,38.3,12.27,17.91,0.36,0.41,0.0,0.0,0.32
2015-09-19,0.0,0.32,25.6,33.6,20.0,28.5,0.0,12.8,38.3,38.3,10.43,16.12,0.34,0.36,0.0,0.0,0.31
2015-09-20,0.0,0.31,24.8,31.5,19.1,32.0,0.0,12.8,36.2,38.3,8.87,14.5,0.32,0.34,0.0,0.0,0.3
2015-09-21,0.0,0.3,24.3,30.6,19.0,36.0,0.0,0.0,36.0,38.3,7.54,13.05,0.31,0.32,0.0,0.0,0.3
2015-09-22,0.0,0.3,25.8,33.2,18.0,38.3,0.0,0.0,25.1,38.3,6.41,11.75,0.3,0.31,0.0,0.0,0.29
2015-09-23,0.0,0.29,26.9,33.8,19.0,35.5,0.0,0.0,19.3,38.3,5.45,10.57,0.3,0.3,0.0,0.0,0.28
2015-09-24,0.0,0.28,28.4,35.8,22.2,30.8,0.0,0.0,12.8,38.3,4.63,9.52,0.29,0.3,0.0,0.0,0.28
2015-09-25,0.0,0.28,29.8,36.6,22.6,32.8,0.0,0.0,12.8,38.3,3.93,8.56,0.28,0.29,0.0,0.0,0.27
2015-09-26,0.0,0.27,27.9,34.5,23.3,42.0,0.0,0.0,12.8,38.3,3.34,7.71,0.28,0.28,0.0,0.0,0.27
2015-09-27,0.0,0.27,26.1,32.3,20.6,46.3,0.0,0.0,12.8,38.3,2.84,6.94,0.27,0.28,0.0,0.0,0.27
2015-09-28,0.0,0.27,26.9,32.2,21.5,37.5,0.0,0.0,0.0,38.3,2.42,6.24,0.27,0.27,0.0,0.0,0.26
2015-09-29,0.0,0.26,25.6,29.2,23.3,44.3,0.0,0.0,0.0,38.3,2.05,5.62,0.27,0.27,0.0,0.0,0.26
2015-09-30,0.0,0.26,25.1,30.8,20.8,49.8,0.0,0.0,0.0,38.3,1.75,5.06,0.26,0.27,0.0,0.0,0.26
2015-10-01,0.0,0.26,26.5,33.0,21.8,44.3,0.0,0.0,0.0,38.3,1.48,4.55,0.26,0.26,0.0,0.0,0.26
2015-10-02,0.0,0.26,23.7,32.8,19.6,61.3,0.0,0.0,0.0,38.3,1.26,4.1,0.26,0.26,0.0,0.0,0.26
2015-10-03,0.0,0.26,26.8,33.5,19.2,41.3,0.0,0.0,0.0,38.3,1.07,3.69,0.26,0.26,0.0,0.0,0.26
2015-10-04,0.0,0.26,27.6,33.7,23.0,41.0,0.0,0.0,0.0,38.3,0.91,3.32,0.26,0.26,0.0,0.0,0.26
2015-10-05,0.0,0.26,24.0,31.0,20.2,62.5,0.0,0.0,0.0,38.3,0.77,2.99,0.26,0.26,0.0,0.0,0.26
2015-10-06,0.0,0.26,22.3,28.2,18.8,64.3,0.0,0.0,0.0,36.2,0.66,2.69,0.26,0.26,0.0,0.0,0.26
2015-10-07,0.0,0.26,23.3,30.8,18.0,55.5,0.0,0.0,0.0,36.0,0.56,2.42,0.26,0.26,0.0,0.0,0.26
2015-10-08,0.0,0.26,23.8,31.0,17.0,37.0,0.0,0.0,0.0,25.1,0.48,2.18,0.26,0.26,0.0,0.0,0.25
2015-10-09,0.0,0.25,24.8,31.6,18.8,38.3,0.0,0.0,0.0,19.3,0.4,1.96,0.26,0.26,0.0,0.0,0.25
2015-10-10,0.0,0.25,27.0,34.2,19.2,31.5,0.0,0.0,0.0,12.8,0.34,1.76,0.25,0.26,0.0,0.0,0.25
2015-10-11,0.0,0.25,26.0,32.2,19.4,31.8,0.0,0.0,0.0,12.8,0.29,1.59,0.25,0.25,0.0,0.0,0.24
2015-10-12,0.0,0.24,25.3,32.6,20.0,41.3,0.0,0.0,0.0,12.8,0.25,1.43,0.25,0.25,0.0,0.0,0.24
2015-10-13,0.0,0.24,26.2,32.9,20.2,37.0,0.0,0.0,0.0,12.8,0.21,1.29,0.24,0.25,0.0,0.0,0.24
2015-10-14,0.0,0.24,27.0,33.8,21.0,29.5,0.0,0.0,0.0,0.0,0.18,1.16,0.24,0.24,0.0,0.0,0.23
2015-10-15,0.0,0.23,28.7,36.0,21.8,33.0,0.0,0.0,0.0,0.0,0.15,1.04,0.24,0.24,0.0,0.0,0.23
2015-10-16,0.0,0.23,29.8,36.9,22.9,27.0,0.0,0.0,0.0,0.0,0.13,0.94,0.23,0.24,0.0,0.0,0.23
2015-10-17,0.0,0.23,30.0,37.1,23.2,21.5,0.0,0.0,0.0,0.0,0.11,0.84,0.23,0.23,0.0,0.0,0.22
2015-10-18,0.0,0.22,25.4,30.6,21.8,55.8,0.0,0.0,0.0,0.0,0.09,0.76,0.23,0.23,0.0,0.0,0.21
2015-10-19,0.0,0.21,24.1,30.2,19.8,57.8,0.0,0.0,0.0,0.0,0.08,0.68,0.22,0.23,0.0,0.0,0.2
2015-10-20,0.0,0.2,26.8,35.1,19.6,47.5,0.0,0.0,0.0,0.0,0.07,0.61,0.21,0.22,0.0,0.0,0.21
2015-10-21,0.0,0.21,29.0,36.2,22.9,41.0,0.0,0.0,0.0,0.0,0.06,0.55,0.2,0.21,0.0,0.0,0.41
2015-10-22,0.0,0.41,25.9,37.4,20.4,56.8,0.0,0.0,0.0,0.0,0.05,0.5,0.21,0.2,0.0,0.0,0.38
2015-10-23,27.1,0.38,25.1,32.3,18.2,57.0,27.1,27.1,27.1,27.1,0.04,0.45,0.41,0.21,0.0,0.0,0.31
2015-10-24,0.0,0.31,24.8,30.2,20.2,54.0,27.1,27.1,27.1,27.1,23.07,24.79,0.38,0.41,27.1,0.0,0.27
2015-10-25,0.0,0.27,25.6,31.1,20.2,45.3,27.1,27.1,27.1,27.1,19.61,22.31,0.31,0.38,0.0,27.1,0.26
2015-10-26,0.0,0.26,25.1,31.4,20.2,53.0,0.0,27.1,27.1,27.1,16.67,20.08,0.27,0.31,0.0,0.0,0.28
2015-10-27,0.0,0.28,22.5,29.2,19.2,74.5,0.0,27.1,27.1,27.1,14.17,18.07,0.26,0.27,0.0,0.0,0.7
2015-10-28,36.5,0.7,21.7,24.2,18.4,83.0,36.5,63.6,63.6,63.6,12.04,16.27,0.28,0.26,0.0,0.0,0.92
2015-10-29,0.4,0.92,23.3,28.6,20.0,62.3,36.9,64.0,64.0,64.0,41.26,47.49,0.7,0.28,36.5,0.0,0.61
2015-10-30,0.0,0.61,23.7,29.4,16.8,45.3,36.9,36.9,64.0,64.0,35.41,43.1,0.92,0.7,0.4,36.5,0.41
2015-10-31,0.0,0.41,25.4,31.2,19.7,48.0,0.4,36.9,64.0,64.0,30.1,38.79,0.61,0.92,0.0,0.4,0.34
2015-11-01,0.0,0.34,25.4,30.2,20.9,52.3,0.0,36.9,64.0,64.0,25.59,34.91,0.41,0.61,0.0,0.0,0.28
2015-11-02,0.0,0.28,26.3,31.2,21.4,45.8,0.0,36.9,64.0,64.0,21.75,31.42,0.34,0.41,0.0,0.0,0.25
2015-11-03,0.0,0.25,26.7,33.4,21.8,52.3,0.0,36.9,64.0,64.0,18.49,28.28,0.28,0.34,0.0,0.0,0.23
2015-11-04,0.0,0.23,28.3,34.6,22.2,36.3,0.0,0.4,64.0,64.0,15.71,25.45,0.25,0.28,0.0,0.0,0.22
2015-11-05,0.0,0.22,29.9,36.0,23.2,32.3,0.0,0.0,64.0,64.0,13.36,22.91,0.23,0.25,0.0,0.0,0.21
2015-11-06,0.0,0.21,28.9,34.6,23.8,40.0,0.0,0.0,36.9,64.0,11.35,20.62,0.22,0.23,0.0,0.0,0.21
2015-11-07,0.0,0.21,26.1,34.3,21.9,55.5,0.0,0.0,36.9,64.0,9.65,18.55,0.21,0.22,0.0,0.0,0.2
2015-11-08,0.0,0.2,24.6,29.0,19.0,57.3,0.0,0.0,36.9,64.0,8.2,16.7,0.21,0.21,0.0,0.0,0.2
2015-11-09,0.0,0.2,25.3,29.3,21.8,51.8,0.0,0.0,36.9,64.0,6.97,15.03,0.2,0.21,0.0,0.0,0.19
2015-11-10,0.0,0.19,26.8,32.7,21.9,45.8,0.0,0.0,36.9,64.0,5.93,13.53,0.2,0.2,0.0,0.0,0.19
2015-11-11,0.0,0.19,27.3,32.2,21.8,47.0,0.0,0.0,0.4,64.0,5.04,12.17,0.19,0.2,0.0,0.0,0.19
2015-11-12,0.0,0.19,27.6,32.8,23.2,51.5,0.0,0.0,0.0,64.0,4.28,10.96,0.19,0.19,0.0,0.0,0.46
2015-11-13,0.0,0.46,26.3,35.0,22.0,60.5,0.0,0.0,0.0,64.0,3.64,9.86,0.19,0.19,0.0,0.0,0.54
2015-11-14,41.5,0.54,25.4,31.2,18.6,55.5,41.5,41.5,41.5,105.5,3.09,8.87,0.46,0.19,0.0,0.0,0.38
2015-11-15,0.0,0.38,25.0,27.3,22.5,65.0,41.5,41.5,41.5,105.5,37.9,45.34,0.54,0.46,41.5,0.0,1.13
2015-11-16,2.8,1.13,23.5,27.4,20.2,76.0,44.3,44.3,44.3,108.3,32.22,40.8,0.38,0.54,0.0,41.5,1.99
2015-11-17,22.3,1.99,22.9,26.0,20.0,75.3,25.1,66.6,66.6,130.6,29.77,39.24,1.13,0.38,2.8,0.0,3.92
2015-11-18,48.5,3.92,22.9,27.4,18.8,76.8,73.6,115.1,115.1,179.1,44.26,55.39,1.99,1.13,22.3,2.8,4.53
2015-11-19,5.8,4.53,24.7,32.6,19.4,70.8,76.6,120.9,120.9,184.9,78.84,93.5,3.92,1.99,48.5,22.3,3.88
2015-11-20,8.2,3.88,22.5,28.0,18.8,85.3,62.5,129.1,129.1,193.1,71.95,89.37,4.53,3.92,5.8,48.5,3.36
2015-11-21,12.5,3.36,24.2,29.8,18.6,69.3,26.5,100.1,141.6,205.6,68.12,87.81,3.88,4.53,8.2,5.8,2.6
2015-11-22,0.0,2.6,24.1,30.4,17.8,65.0,20.7,100.1,141.6,178.5,68.53,90.28,3.36,3.88,12.5,8.2,1.88
2015-11-23,0.0,1.88,21.9,27.5,17.8,78.3,12.5,97.3,141.6,178.5,58.25,81.25,2.6,3.36,0.0,12.5,1.52
2015-11-24,25.8,1.52,22.0,26.0,17.0,69.5,25.8,100.8,167.4,204.3,49.51,73.13,1.88,2.6,0.0,0.0,1.05
2015-11-25,0.2,1.05,23.7,28.0,19.0,65.3,26.0,52.5,167.6,204.5,64.02,89.04,1.52,1.88,25.8,0.0,0.7
2015-11-26,0.0,0.7,24.9,29.8,19.3,61.3,26.0,46.7,167.6,204.5,54.58,80.31,1.05,1.52,0.2,25.8,0.55
2015-11-27,0.0,0.55,23.1,27.8,19.4,65.8,0.2,38.5,167.6,168.0,46.4,72.28,0.7,1.05,0.0,0.2,0.4
2015-11-28,0.0,0.4,25.2,30.8,18.7,59.8,0.0,26.0,126.1,167.6,39.44,65.05,0.55,0.7,0.0,0.0,0.37
2015-11-29,0.0,0.37,24.3,30.4,20.7,72.3,0.0,26.0,126.1,167.6,33.52,58.55,0.4,0.55,0.0,0.0,1.48
2015-11-30,15.5,1.48,26.5,33.0,20.4,59.5,15.5,41.5,138.8,183.1,28.49,52.69,0.37,0.4,0.0,0.0,2.6
2015-12-01,0.0,2.6,25.0,30.1,20.6,65.8,15.5,15.7,116.5,183.1,37.39,61.37,1.48,0.37,15.5,0.0,2.3
2015-12-02,0.0,2.3,24.3,30.9,21.0,80.3,15.5,15.5,68.0,183.1,31.79,55.24,2.6,1.48,0.0,15.5,2.38
2015-12-03,15.5,2.38,24.6,31.3,19.8,64.8,15.5,31.0,77.7,198.6,27.02,49.71,2.3,2.6,0.0,0.0,3.19
2015-12-04,1.2,3.19,26.1,31.9,20.2,56.8,16.7,32.2,70.7,199.8,36.14,58.69,2.38,2.3,15.5,0.0,3.29
2015-12-05,21.3,3.29,24.2,31.0,18.9,63.0,38.0,53.5,79.5,221.1,31.74,53.9,3.19,2.38,1.2,15.5,2.67
2015-12-06,0.0,2.67,24.5,29.2,20.9,68.0,22.5,53.5,79.5,221.1,45.08,67.68,3.29,3.19,21.3,1.2,2.38
2015-12-07,9.5,2.38,24.3,31.0,19.3,66.3,30.8,47.5,89.0,230.6,38.32,60.91,2.67,3.29,0.0,21.3,2.83
2015-12-08,17.3,2.83,23.8,30.8,18.4,72.0,26.8,64.8,80.5,247.9,40.65,63.37,2.38,2.67,9.5,0.0,3.08
2015-12-09,2.6,3.08,22.8,26.4,19.9,72.8,29.4,67.4,82.9,250.5,49.26,72.61,2.83,2.38,17.3,9.5,2.51
2015-12-10,15.5,2.51,23.3,30.4,19.2,74.3,35.4,67.4,98.4,266.0,44.08,67.68,3.08,2.83,2.6,17.3,2.01
2015-12-11,8.3,2.01,24.5,31.2,19.0,74.5,26.4,74.5,106.7,274.3,50.64,74.87,2.51,3.08,15.5,2.6,1.62
2015-12-12,19.5,1.62,25.4,31.2,19.9,58.3,43.3,72.7,126.2,293.8,50.1,74.85,2.01,2.51,8.3,15.5,1.26
2015-12-13,0.0,1.26,24.7,29.6,21.4,73.0,27.8,72.7,126.2,293.8,59.16,84.91,1.62,2.01,19.5,8.3,0.89
2015-12-14,13.5,0.89,25.3,30.2,19.4,52.3,33.0,76.7,124.2,265.8,50.29,76.42,1.26,1.62,0.0,19.5,0.63
2015-12-15,0.0,0.63,26.1,31.2,21.1,56.3,13.5,59.4,124.2,265.8,54.22,80.93,0.89,1.26,13.5,0.0,0.47
2015-12-16,0.0,0.47,26.4,31.6,20.8,47.0,13.5,56.8,124.2,263.0,46.09,72.84,0.63,0.89,0.0,13.5,0.43
2015-12-17,0.0,0.43,25.1,30.7,21.3,53.5,0.0,41.3,108.7,240.7,39.17,65.55,0.47,0.63,0.0,0.0,0.52
2015-12-18,0.0,0.52,23.1,29.8,17.3,74.3,0.0,33.0,107.5,192.2,33.3,59.0,0.43,0.47,0.0,0.0,0.73
2015-12-19,13.4,0.73,24.3,31.1,17.4,53.8,13.4,26.9,99.6,199.8,28.3,53.1,0.52,0.43,0.0,0.0,0.96
2015-12-20,0.0,0.96,24.7,29.8,19.2,61.0,13.4,26.9,99.6,191.6,35.45,59.85,0.73,0.52,13.4,0.0,0.91
2015-12-21,0.0,0.91,24.7,29.0,20.4,54.8,13.4,13.4,90.1,179.1,30.13,53.86,0.96,0.73,0.0,13.4,0.69
2015-12-22,0.0,0.69,24.7,29.6,20.2,55.0,0.0,13.4,72.8,179.1,25.61,48.48,0.91,0.96,0.0,0.0,0.52
2015-12-23,0.0,0.52,25.0,30.2,19.8,51.0,0.0,13.4,70.2,179.1,21.77,43.63,0.69,0.91,0.0,0.0,0.47
2015-12-24,0.0,0.47,25.5,30.8,19.9,48.0,0.0,13.4,54.7,153.3,18.5,39.27,0.52,0.69,0.0,0.0,0.48
2015-12-25,0.0,0.48,24.8,30.2,21.9,65.3,0.0,13.4,46.4,153.1,15.73,35.34,0.47,0.52,0.0,0.0,0.79
2015-12-26,4.5,0.79,22.8,28.8,19.0,73.3,4.5,4.5,31.4,157.6,13.37,31.81,0.48,0.47,0.0,0.0,1.18
2015-12-27,2.8,1.18,23.0,26.9,18.2,60.8,7.3,7.3,34.2,160.4,15.19,32.68,0.79,0.48,4.5,0.0,1.17
2015-12-28,0.0,1.17,24.5,28.5,20.0,55.0,7.3,7.3,20.7,160.4,15.29,31.93,1.18,0.79,2.8,4.5,0.96
2015-12-29,0.0,0.96,24.5,28.1,20.1,61.0,2.8,7.3,20.7,160.4,13.0,28.74,1.17,1.18,0.0,2.8,0.83
2015-12-30,0.0,0.83,22.0,27.5,17.0,75.3,0.0,7.3,20.7,144.9,11.05,25.86,0.96,1.17,0.0,0.0,0.69
2015-12-31,5.2,0.69,25.7,31.8,17.2,56.0,5.2,12.5,25.9,150.1,9.39,23.28,0.83,0.96,0.0,0.0,0.56
2016-01-01,0.0,0.56,26.6,32.9,20.4,56.8,5.2,12.5,25.9,150.1,12.4,25.63,0.69,0.83,5.2,0.0,0.51
2016-01-02,0.0,0.51,25.3,31.5,20.4,68.0,5.2,8.0,12.5,134.6,10.54,23.07,0.56,0.69,0.0,5.2,0.91
2016-01-03,0.0,0.91,22.5,26.9,19.4,79.3,0.0,5.2,12.5,133.4,8.96,20.76,0.51,0.56,0.0,0.0,1.74
2016-01-04,14.5,1.74,21.4,24.7,18.4,79.8,14.5,19.7,27.0,126.6,7.62,18.68,0.91,0.51,0.0,0.0,1.62
2016-01-05,9.7,1.62,22.0,27.1,16.7,62.5,24.2,29.4,36.7,136.3,18.8,29.86,1.74,0.91,14.5,0.0,0.99
2016-01-06,0.0,0.99,24.2,30.0,17.8,52.5,24.2,29.4,36.7,126.8,24.22,35.61,1.62,1.74,9.7,14.5,0.66
2016-01-07,0.0,0.66,24.6,30.1,17.8,58.8,9.7,24.2,36.7,109.5,20.59,32.05,0.99,1.62,0.0,9.7,0.59
2016-01-08,0.0,0.59,25.5,30.4,20.0,61.3,0.0,24.2,36.7,106.9,17.5,28.84,0.66,0.99,0.0,0.0,0.58
2016-01-09,0.0,0.58,25.3,29.4,21.2,69.0,0.0,24.2,32.2,91.4,14.88,25.96,0.59,0.66,0.0,0.0,0.53
2016-01-10,0.0,0.53,26.2,31.2,21.2,57.0,0.0,24.2,29.4,83.1,12.65,23.36,0.58,0.59,0.0,0.0,0.52
2016-01-11,10.9,0.52,26.8,32.0,21.2,53.0,10.9,20.6,40.3,74.5,10.75,21.03,0.53,0.58,0.0,0.0,1.22
2016-01-12,12.3,1.22,22.5,27.3,19.6,90.8,23.2,23.2,52.6,86.8,18.4,28.73,0.52,0.53,10.9,0.0,2.97
2016-01-13,45.8,2.97,21.6,24.2,18.7,87.3,69.0,69.0,98.4,119.1,26.1,36.93,1.22,0.52,12.3,10.9,3.73
2016-01-14,3.2,3.73,24.0,28.7,19.2,74.0,61.3,72.2,96.4,122.3,61.11,74.46,2.97,1.22,45.8,12.3,3.29
2016-01-15,16.5,3.29,22.1,25.5,19.8,92.3,65.5,88.7,112.9,138.8,54.66,69.89,3.73,2.97,3.2,45.8,4.01
2016-01-16,46.8,4.01,21.1,22.4,19.1,96.3,66.5,135.5,159.7,185.6,60.49,77.75,3.29,3.73,16.5,3.2,8.59
2016-01-17,129.6,8.59,20.1,22.8,17.6,91.0,192.9,265.1,289.3,315.2,91.2,112.1,4.01,3.29,46.8,16.5,13.32
2016-01-18,46.5,13.32,22.8,26.3,18.0,74.8,222.9,300.7,321.3,348.3,187.68,217.53,8.59,4.01,129.6,46.8,16.26
2016-01-19,21.8,16.26,21.5,24.8,18.8,93.3,197.9,310.2,333.4,370.1,199.05,237.62,13.32,8.59,46.5,129.6,24.18
2016-01-20,39.5,24.18,21.8,26.0,19.0,75.8,107.8,303.9,372.9,409.6,187.72,233.48,16.26,13.32,21.8,46.5,29.27
2016-01-21,0.3,29.27,22.1,27.0,18.2,71.3,61.6,301.0,373.2,409.9,193.14,245.68,24.18,16.26,39.5,21.8,24.59
2016-01-22,0.0,24.59,21.2,25.3,16.6,71.5,39.8,284.5,373.2,409.9,164.42,221.39,29.27,24.18,0.3,39.5,20.68
2016-01-23,0.0,20.68,23.2,29.2,18.1,69.5,0.3,237.7,373.2,409.9,139.76,199.25,24.59,29.27,0.0,0.3,18.23
2016-01-24,4.3,18.23,22.8,29.4,19.2,70.0,4.3,112.4,377.5,414.2,118.8,179.32,20.68,24.59,0.0,0.0,16.02
2016-01-25,64.9,16.02,24.2,29.4,19.7,73.8,69.2,130.8,431.5,474.6,104.63,165.26,18.23,20.68,4.3,0.0,14.74
2016-01-26,39.2,14.74,24.7,31.2,17.7,67.3,108.4,148.2,458.4,511.0,144.1,207.14,16.02,18.23,64.9,4.3,13.13
2016-01-27,24.6,13.13,25.7,30.4,21.2,66.5,128.7,133.3,437.2,535.6,155.81,221.71,14.74,16.02,39.2,64.9,13.06
2016-01-28,4.3,13.06,24.0,28.7,20.7,75.3,68.1,137.3,438.3,539.9,153.35,221.68,13.13,14.74,24.6,39.2,12.52
2016-01-29,35.5,12.52,22.6,27.1,19.2,73.0,64.4,172.8,457.3,575.4,134.0,203.38,13.06,13.13,4.3,24.6,10.38
2016-01-30,0.0,10.38,24.8,30.2,19.0,56.0,39.8,172.8,410.5,570.2,144.07,214.99,12.52,13.06,35.5,4.3,8.35
2016-01-31,0.0,8.35,25.2,31.0,19.3,48.3,35.5,168.5,280.9,570.2,122.46,193.49,10.38,12.52,0.0,35.5,6.64
2016-02-01,0.0,6.64,26.2,31.7,20.1,54.0,0.0,103.6,234.4,570.2,104.09,174.14,8.35,10.38,0.0,0.0,5.27
2016-02-02,0.0,5.27,26.8,33.7,20.9,47.5,0.0,64.4,212.6,570.2,88.48,156.73,6.64,8.35,0.0,0.0,4.04
2016-02-03,0.0,4.04,26.3,31.3,21.5,53.8,0.0,39.8,173.1,555.7,75.21,141.06,5.27,6.64,0.0,0.0,3.19
2016-02-04,0.0,3.19,25.8,31.2,21.6,57.8,0.0,35.5,172.8,546.0,63.93,126.95,4.04,5.27,0.0,0.0,2.47
2016-02-05,0.0,2.47,25.5,30.7,20.7,55.5,0.0,0.0,172.8,546.0,54.34,114.26,3.19,4.04,0.0,0.0,1.7
2016-02-06,0.0,1.7,26.5,32.6,20.2,46.8,0.0,0.0,172.8,546.0,46.19,102.83,2.47,3.19,0.0,0.0,1.19
2016-02-07,0.0,1.19,26.0,31.2,21.6,51.3,0.0,0.0,168.5,546.0,39.26,92.55,1.7,2.47,0.0,0.0,0.89
2016-02-08,0.0,0.89,25.1,30.8,21.3,51.0,0.0,0.0,103.6,546.0,33.37,83.29,1.19,1.7,0.0,0.0,0.73
2016-02-09,0.0,0.73,26.1,31.8,20.4,48.0,0.0,0.0,64.4,546.0,28.36,74.96,0.89,1.19,0.0,0.0,0.69
2016-02-10,0.0,0.69,27.2,33.7,20.6,47.5,0.0,0.0,39.8,535.1,24.11,67.47,0.73,0.89,0.0,0.0,0.69
2016-02-11,0.0,0.69,26.9,33.4,22.4,52.5,0.0,0.0,35.5,522.8,20.49,60.72,0.69,0.73,0.0,0.0,1.17
2016-02-12,2.3,1.17,23.7,30.6,18.8,68.5,2.3,2.3,2.3,479.3,17.42,54.65,0.69,0.69,0.0,0.0,4.33
2016-02-13,14.0,4.33,23.5,27.5,18.8,71.3,16.3,16.3,16.3,490.1,16.76,51.25,1.17,0.69,2.3,0.0,9.02
2016-02-14,0.0,9.02,25.6,31.4,20.6,61.3,16.3,16.3,16.3,473.6,26.15,58.73,4.33,1.17,14.0,2.3,7.79
2016-02-15,0.0,7.79,24.8,31.7,21.6,64.3,14.0,16.3,16.3,426.8,22.23,52.86,9.02,4.33,0.0,14.0,6.85
2016-02-16,0.0,6.85,26.1,31.9,20.1,57.3,0.0,16.3,16.3,297.2,18.89,47.57,7.79,9.02,0.0,0.0,5.46
2016-02-17,0.0,5.46,27.5,32.8,22.2,50.3,0.0,16.3,16.3,250.7,16.06,42.81,6.85,7.79,0.0,0.0,4.33
2016-02-18,13.0,4.33,24.7,29.8,18.6,57.8,13.0,29.3,29.3,241.9,13.65,38.53,5.46,6.85,0.0,0.0,3.47
2016-02-19,0.0,3.47,24.8,30.3,21.2,65.0,13.0,27.0,29.3,202.4,22.65,46.38,4.33,5.46,13.0,0.0,2.5
2016-02-20,0.0,2.5,26.6,32.0,21.0,45.5,13.0,13.0,29.3,202.1,19.25,41.74,3.47,4.33,0.0,13.0,1.74
2016-02-21,0.0,1.74,26.1,31.1,21.6,56.5,0.0,13.0,29.3,202.1,16.37,37.57,2.5,3.47,0.0,0.0,1.25
2016-02-22,0.0,1.25,24.9,29.0,20.9,58.5,0.0,13.0,29.3,202.1,13.91,33.81,1.74,2.5,0.0,0.0,0.99
2016-02-23,0.0,0.99,25.3,29.5,20.6,52.0,0.0,13.0,29.3,197.8,11.82,30.43,1.25,1.74,0.0,0.0,0.83
2016-02-24,0.0,0.83,25.6,31.1,20.7,54.5,0.0,13.0,29.3,132.9,10.05,27.39,0.99,1.25,0.0,0.0,0.78
2016-02-25,0.0,0.78,23.2,32.1,18.0,67.5,0.0,0.0,29.3,93.7,8.54,24.65,0.83,0.99,0.0,0.0,0.86
2016-02-26,21.5,0.86,22.3,28.8,18.0,75.5,21.5,21.5,48.5,90.6,7.26,22.18,0.78,0.83,0.0,0.0,0.91
2016-02-27,5.8,0.91,24.1,32.0,18.8,70.3,27.3,27.3,40.3,92.1,24.45,39.31,0.86,0.78,21.5,0.0,0.86
2016-02-28,49.3,0.86,23.8,30.4,20.2,74.3,76.6,76.6,89.6,105.9,25.71,40.6,0.91,0.86,5.8,21.5,1.08
2016-02-29,12.2,1.08,23.9,29.7,19.7,71.3,67.3,88.8,101.8,118.1,63.76,80.91,0.86,0.91,49.3,5.8,1.9
2016-03-01,0.0,1.9,23.8,28.4,19.0,65.0,61.5,88.8,101.8,118.1,64.56,83.8,1.08,0.86,12.2,49.3,1.44
2016-03-02,0.0,1.44,24.4,29.2,19.9,58.0,12.2,88.8,101.8,118.1,54.88,75.42,1.9,1.08,0.0,12.2,1.06
2016-03-03,0.0,1.06,24.3,29.0,20.2,68.5,0.0,88.8,88.8,118.1,46.65,67.88,1.44,1.9,0.0,0.0,0.92
2016-03-04,3.6,0.92,22.9,28.1,19.0,77.3,3.6,70.9,92.4,121.7,39.65,61.09,1.06,1.44,0.0,0.0,0.95
2016-03-05,38.1,0.95,22.3,26.9,17.5,73.8,41.7,103.2,130.5,159.8,36.76,58.22,0.92,1.06,3.6,0.0,1.34
2016-03-06,0.0,1.34,24.7,29.4,19.2,66.0,41.7,53.9,130.5,159.8,63.63,86.69,0.95,0.92,38.1,3.6,2.5
2016-03-07,20.5,2.5,24.0,28.8,20.0,72.3,58.6,62.2,151.0,180.3,54.09,78.02,1.34,0.95,0.0,38.1,2.4
2016-03-08,0.0,2.4,24.4,29.7,19.9,55.5,20.5,62.2,151.0,180.3,63.4,88.67,2.5,1.34,20.5,0.0,1.67
2016-03-09,0.0,1.67,24.2,28.6,19.9,58.0,20.5,62.2,151.0,180.3,53.89,79.8,2.4,2.5,0.0,20.5,1.17
2016-03-10,0.0,1.17,25.7,31.5,20.2,53.0,0.0,62.2,151.0,180.3,45.81,71.82,1.67,2.4,0.0,0.0,0.92
2016-03-11,0.0,0.92,25.0,28.6,21.7,70.0,0.0,58.6,129.5,180.3,38.94,64.64,1.17,1.67,0.0,0.0,1.22
2016-03-12,1.2,1.22,22.4,25.0,20.1,83.8,1.2,21.7,124.9,181.5,33.1,58.18,0.92,1.17,0.0,0.0,2.39
2016-03-13,0.0,2.39,23.5,28.1,18.8,81.3,1.2,21.7,75.6,179.2,29.15,53.44,1.22,0.92,1.2,0.0,3.22
2016-03-14,18.5,3.22,23.0,26.9,19.2,76.0,19.7,19.7,81.9,183.7,24.78,48.09,2.39,1.22,0.0,1.2,3.19
2016-03-15,0.0,3.19,23.3,28.2,18.7,61.0,18.5,19.7,81.9,183.7,36.79,59.93,3.22,2.39,18.5,0.0,2.5
2016-03-16,0.0,2.5,23.9,27.9,18.4,56.0,18.5,19.7,81.9,183.7,31.27,53.94,3.19,3.22,0.0,18.5,1.81
2016-03-17,0.0,1.81,23.4,27.8,19.2,61.3,0.0,19.7,81.9,183.7,26.58,48.55,2.5,3.19,0.0,0.0,1.47
2016-03-18,0.0,1.47,23.5,29.3,18.7,63.0,0.0,19.7,78.3,183.7,22.59,43.69,1.81,2.5,0.0,0.0,1.72
2016-03-19,0.0,1.72,24.4,29.3,18.8,61.0,0.0,18.5,40.2,170.7,19.2,39.32,1.47,1.81,0.0,0.0,1.34
2016-03-20,0.0,1.34,24.6,30.0,19.4,56.8,0.0,18.5,40.2,170.7,16.32,35.39,1.72,1.47,0.0,0.0,1.06
2016-03-21,0.0,1.06,24.0,29.7,18.5,59.3,0.0,0.0,19.7,170.7,13.87,31.85,1.34,1.72,0.0,0.0,0.91
2016-03-22,0.0,0.91,25.6,31.3,19.2,53.5,0.0,0.0,19.7,170.7,11.79,28.67,1.06,1.34,0.0,0.0,0.87
2016-03-23,0.0,0.87,25.4,30.9,20.6,62.3,0.0,0.0,19.7,170.7,10.02,25.8,0.91,1.06,0.0,0.0,1.06
2016-03-24,18.0,1.06,22.7,27.8,17.3,71.0,18.0,18.0,37.7,188.7,8.52,23.22,0.87,0.91,0.0,0.0,1.5
2016-03-25,2.8,1.5,24.1,29.2,18.2,63.0,20.8,20.8,40.5,191.5,22.54,37.1,1.06,0.87,18.0,0.0,1.31
2016-03-26,0.0,1.31,23.3,28.2,20.9,78.3,20.8,20.8,39.3,191.5,21.54,35.91,1.5,1.06,2.8,18.0,1.28
2016-03-27,50.0,1.28,24.7,29.8,19.4,62.3,52.8,70.8,89.3,220.0,18.31,32.32,1.31,1.5,0.0,2.8,1.12
2016-03-28,0.0,1.12,24.7,29.1,20.3,57.5,50.0,70.8,70.8,214.2,58.06,74.09,1.28,1.31,50.0,0.0,0.94
2016-03-29,0.0,0.94,25.2,29.5,20.6,55.0,50.0,70.8,70.8,164.9,49.35,66.68,1.12,1.28,0.0,50.0,0.91
2016-03-30,0.0,0.91,24.7,29.0,20.2,59.5,0.0,70.8,70.8,152.7,41.95,60.01,0.94,1.12,0.0,0.0,0.91
2016-03-31,0.0,0.91,24.6,29.4,20.3,60.3,0.0,52.8,70.8,152.7,35.66,54.01,0.91,0.94,0.0,0.0,0.97
2016-04-01,0.0,0.97,25.0,30.1,19.3,55.8,0.0,50.0,70.8,152.7,30.31,48.61,0.91,0.91,0.0,0.0,0.94
2016-04-02,0.0,0.94,24.1,29.5,20.1,65.5,0.0,50.0,70.8,152.7,25.76,43.75,0.97,0.91,0.0,0.0,0.91
2016-04-03,0.0,0.91,25.2,30.3,20.3,59.3,0.0,0.0,70.8,149.1,21.9,39.37,0.94,0.97,0.0,0.0,0.87
2016-04-04,0.0,0.87,25.5,30.3,20.2,61.5,0.0,0.0,70.8,111.0,18.61,35.43,0.91,0.94,0.0,0.0,0.87
2016-04-05,0.0,0.87,24.7,29.2,20.0,53.8,0.0,0.0,70.8,111.0,15.82,31.89,0.87,0.91,0.0,0.0,0.87
2016-04-06,0.0,0.87,23.9,29.0,18.8,57.3,0.0,0.0,70.8,90.5,13.45,28.7,0.87,0.87,0.0,0.0,0.85
2016-04-07,0.0,0.85,24.8,30.3,19.8,54.8,0.0,0.0,52.8,90.5,11.43,25.83,0.87,0.87,0.0,0.0,0.85
2016-04-08,0.0,0.85,25.7,31.4,20.2,47.8,0.0,0.0,50.0,90.5,9.72,23.25,0.85,0.87,0.0,0.0,0.85
2016-04-09,0.0,0.85,25.6,31.2,20.4,48.0,0.0,0.0,50.0,90.5,8.26,20.92,0.85,0.85,0.0,0.0,0.85
2016-04-10,0.0,0.85,25.6,30.8,20.0,45.8,0.0,0.0,0.0,90.5,7.02,18.83,0.85,0.85,0.0,0.0,0.85
2016-04-11,0.0,0.85,24.4,29.5,19.9,47.8,0.0,0.0,0.0,89.3,5.97,16.95,0.85,0.85,0.0,0.0,0.81
2016-04-12,0.0,0.81,24.5,30.2,19.1,53.3,0.0,0.0,0.0,89.3,5.07,15.25,0.85,0.85,0.0,0.0,0.81
2016-04-13,0.0,0.81,24.3,29.0,19.7,56.0,0.0,0.0,0.0,70.8,4.31,13.73,0.81,0.85,0.0,0.0,0.81
2016-04-14,0.0,0.81,24.6,29.6,19.4,51.5,0.0,0.0,0.0,70.8,3.66,12.36,0.81,0.81,0.0,0.0,0.81
2016-04-15,0.0,0.81,24.8,30.2,19.0,48.3,0.0,0.0,0.0,70.8,3.11,11.12,0.81,0.81,0.0,0.0,0.81
2016-04-16,0.0,0.81,24.0,28.9,19.9,50.5,0.0,0.0,0.0,70.8,2.65,10.01,0.81,0.81,0.0,0.0,0.78
2016-04-17,0.0,0.78,23.6,28.4,19.4,60.3,0.0,0.0,0.0,70.8,2.25,9.01,0.81,0.81,0.0,0.0,0.78
2016-04-18,0.0,0.78,23.8,28.5,18.9,58.3,0.0,0.0,0.0,70.8,1.91,8.11,0.78,0.81,0.0,0.0,0.78
2016-04-19,0.0,0.78,23.5,28.6,18.9,54.5,0.0,0.0,0.0,70.8,1.63,7.3,0.78,0.78,0.0,0.0,0.78
2016-04-20,0.0,0.78,23.4,28.0,18.6,59.0,0.0,0.0,0.0,70.8,1.38,6.57,0.78,0.78,0.0,0.0,0.78
2016-04-21,0.0,0.78,24.1,28.7,19.4,56.5,0.0,0.0,0.0,70.8,1.17,5.91,0.78,0.78,0.0,0.0,0.78
2016-04-22,0.0,0.78,24.8,30.2,20.0,54.0,0.0,0.0,0.0,70.8,1.0,5.32,0.78,0.78,0.0,0.0,0.75
2016-04-23,0.0,0.75,24.1,29.1,19.6,47.3,0.0,0.0,0.0,52.8,0.85,4.79,0.78,0.78,0.0,0.0,0.75
2016-04-24,0.0,0.75,22.6,28.5,18.0,52.3,0.0,0.0,0.0,50.0,0.72,4.31,0.75,0.78,0.0,0.0,0.75
2016-04-25,0.0,0.75,24.1,30.4,17.9,50.5,0.0,0.0,0.0,50.0,0.61,3.88,0.75,0.75,0.0,0.0,0.75
2016-04-26,0.0,0.75,24.7,30.1,18.4,50.5,0.0,0.0,0.0,0.0,0.52,3.49,0.75,0.75,0.0,0.0,0.78
2016-04-27,0.0,0.78,23.2,26.9,20.4,69.5,0.0,0.0,0.0,0.0,0.44,3.14,0.75,0.75,0.0,0.0,1.0
2016-04-28,1.8,1.0,21.4,27.2,17.8,78.0,1.8,1.8,1.8,1.8,0.38,2.83,0.78,0.75,0.0,0.0,1.62
2016-04-29,3.2,1.62,18.4,20.5,15.9,88.5,5.0,5.0,5.0,5.0,1.85,4.16,1.0,0.78,1.8,0.0,2.28
2016-04-30,26.8,2.28,19.2,23.1,15.0,81.3,31.8,31.8,31.8,31.8,4.29,6.63,1.62,1.0,3.2,1.8,2.06
2016-05-01,0.0,2.06,21.0,27.4,15.1,56.8,30.0,31.8,31.8,31.8,26.43,30.08,2.28,1.62,26.8,3.2,1.4
2016-05-02,0.0,1.4,19.9,25.1,17.2,62.5,26.8,31.8,31.8,31.8,22.46,27.08,2.06,2.28,0.0,26.8,1.0
2016-05-03,0.0,1.0,20.7,27.1,14.9,53.3,0.0,31.8,31.8,31.8,19.09,24.37,1.4,2.06,0.0,0.0,0.85
2016-05-04,0.0,0.85,21.5,27.6,15.4,56.0,0.0,31.8,31.8,31.8,16.23,21.93,1.0,1.4,0.0,0.0,0.81
2016-05-05,0.0,0.81,22.6,28.0,16.5,54.8,0.0,30.0,31.8,31.8,13.8,19.74,0.85,1.0,0.0,0.0,0.81
2016-05-06,0.0,0.81,21.4,26.2,17.0,63.8,0.0,26.8,31.8,31.8,11.73,17.76,0.81,0.85,0.0,0.0,0.78
2016-05-07,0.0,0.78,21.4,27.0,16.2,61.0,0.0,0.0,31.8,31.8,9.97,15.99,0.81,0.81,0.0,0.0,0.78
2016-05-08,0.0,0.78,22.7,28.1,16.6,55.8,0.0,0.0,31.8,31.8,8.47,14.39,0.78,0.81,0.0,0.0,0.75
2016-05-09,0.0,0.75,22.6,27.1,18.1,60.3,0.0,0.0,31.8,31.8,7.2,12.95,0.78,0.78,0.0,0.0,0.75
2016-05-10,0.0,0.75,23.8,29.3,18.2,53.0,0.0,0.0,31.8,31.8,6.12,11.66,0.75,0.78,0.0,0.0,0.75
2016-05-11,0.0,0.75,23.6,28.7,18.5,54.8,0.0,0.0,31.8,31.8,5.2,10.49,0.75,0.75,0.0,0.0,0.75
2016-05-12,0.0,0.75,23.1,28.5,18.2,63.8,0.0,0.0,30.0,31.8,4.42,9.44,0.75,0.75,0.0,0.0,0.81
2016-05-13,0.0,0.81,20.8,26.0,16.5,65.3,0.0,0.0,26.8,31.8,3.76,8.5,0.75,0.75,0.0,0.0,0.78
2016-05-14,0.0,0.78,19.1,23.5,15.8,70.3,0.0,0.0,0.0,31.8,3.2,7.65,0.81,0.75,0.0,0.0,0.78
2016-05-15,0.0,0.78,19.7,24.8,15.4,69.0,0.0,0.0,0.0,31.8,2.72,6.88,0.78,0.81,0.0,0.0,0.75
2016-05-16,0.0,0.75,21.8,27.7,14.5,63.0,0.0,0.0,0.0,31.8,2.31,6.19,0.78,0.78,0.0,0.0,0.75
2016-05-17,0.0,0.75,23.1,29.4,16.5,61.0,0.0,0.0,0.0,31.8,1.96,5.57,0.75,0.78,0.0,0.0,0.75
2016-05-18,0.0,0.75,24.0,30.4,17.2,54.0,0.0,0.0,0.0,31.8,1.67,5.02,0.75,0.75,0.0,0.0,0.75
2016-05-19,0.0,0.75,22.7,27.5,19.2,68.8,0.0,0.0,0.0,31.8,1.42,4.52,0.75,0.75,0.0,0.0,0.75
2016-05-20,0.0,0.75,21.5,25.8,17.7,73.3,0.0,0.0,0.0,31.8,1.21,4.06,0.75,0.75,0.0,0.0,0.75
2016-05-21,0.0,0.75,21.7,26.5,17.7,64.8,0.0,0.0,0.0,31.8,1.02,3.66,0.75,0.75,0.0,0.0,0.72
2016-05-22,0.0,0.72,22.2,28.8,17.0,63.8,0.0,0.0,0.0,31.8,0.87,3.29,0.75,0.75,0.0,0.0,0.72
2016-05-23,0.0,0.72,23.1,28.5,17.0,59.5,0.0,0.0,0.0,31.8,0.74,2.96,0.72,0.75,0.0,0.0,0.72
2016-05-24,0.0,0.72,18.7,23.8,15.4,60.3,0.0,0.0,0.0,31.8,0.63,2.67,0.72,0.72,0.0,0.0,0.72
2016-05-25,0.0,0.72,18.6,24.0,13.3,64.5,0.0,0.0,0.0,31.8,0.53,2.4,0.72,0.72,0.0,0.0,0.69
2016-05-26,0.0,0.69,20.1,24.8,15.8,63.0,0.0,0.0,0.0,31.8,0.45,2.16,0.72,0.72,0.0,0.0,0.69
2016-05-27,0.0,0.69,20.2,25.8,14.1,61.0,0.0,0.0,0.0,31.8,0.39,1.94,0.69,0.72,0.0,0.0,0.69
2016-05-28,0.0,0.69,18.8,22.3,15.0,63.3,0.0,0.0,0.0,30.0,0.33,1.75,0.69,0.69,0.0,0.0,0.69
2016-05-29,0.0,0.69,19.5,25.7,13.2,57.3,0.0,0.0,0.0,26.8,0.28,1.57,0.69,0.69,0.0,0.0,0.69
2016-05-30,0.0,0.69,21.5,28.9,14.3,56.8,0.0,0.0,0.0,0.0,0.24,1.42,0.69,0.69,0.0,0.0,0.66
2016-05-31,0.0,0.66,22.5,28.3,15.8,53.0,0.0,0.0,0.0,0.0,0.2,1.28,0.69,0.69,0.0,0.0,0.66
2016-06-01,0.0,0.66,22.0,28.0,16.2,69.8,0.0,0.0,0.0,0.0,0.17,1.15,0.66,0.69,0.0,0.0,0.66
2016-06-02,12.8,0.66,18.7,21.5,14.9,83.8,12.8,12.8,12.8,12.8,0.15,1.03,0.66,0.66,0.0,0.0,0.69
2016-06-03,26.5,0.69,18.2,20.4,15.3,87.8,39.3,39.3,39.3,39.3,11.0,12.45,0.66,0.66,12.8,0.0,0.94
2016-06-04,9.1,0.94,19.7,24.6,15.3,87.5,48.4,48.4,48.4,48.4,31.88,35.05,0.69,0.66,26.5,12.8,1.22
2016-06-05,0.5,1.22,22.2,28.6,16.5,70.0,36.1,48.9,48.9,48.9,34.83,39.74,0.94,0.69,9.1,26.5,0.91
2016-06-06,0.0,0.91,24.2,30.5,16.3,54.3,9.6,48.9,48.9,48.9,30.03,36.22,1.22,0.94,0.5,9.1,0.75
2016-06-07,0.0,0.75,22.2,27.1,18.5,71.0,0.5,48.9,48.9,48.9,25.53,32.59,0.91,1.22,0.0,0.5,0.75
2016-06-08,0.0,0.75,21.3,25.3,17.9,71.0,0.0,48.9,48.9,48.9,21.7,29.33,0.75,0.91,0.0,0.0,0.87
2016-06-09,0.2,0.87,19.9,25.7,15.7,65.0,0.2,36.3,49.1,49.1,18.44,26.4,0.75,0.75,0.0,0.0,0.87
2016-06-10,0.0,0.87,20.8,26.4,15.0,65.0,0.2,9.8,49.1,49.1,15.85,23.94,0.87,0.75,0.2,0.0,0.78
2016-06-11,0.0,0.78,18.8,23.4,14.8,42.8,0.2,0.7,49.1,49.1,13.47,21.55,0.87,0.87,0.0,0.2,0.72
2016-06-12,0.0,0.72,17.9,24.5,12.2,61.3,0.0,0.2,49.1,49.1,11.45,19.39,0.78,0.87,0.0,0.0,0.69
2016-06-13,0.0,0.69,15.9,20.1,11.7,72.8,0.0,0.2,49.1,49.1,9.73,17.45,0.72,0.78,0.0,0.0,0.69
2016-06-14,0.0,0.69,15.5,20.5,10.3,63.5,0.0,0.2,49.1,49.1,8.27,15.71,0.69,0.72,0.0,0.0,0.66
2016-06-15,0.0,0.66,17.5,23.9,10.9,57.8,0.0,0.2,49.1,49.1,7.03,14.14,0.69,0.69,0.0,0.0,0.66
2016-06-16,0.0,0.66,17.8,24.4,11.3,55.5,0.0,0.0,36.3,49.1,5.98,12.72,0.66,0.69,0.0,0.0,0.66
2016-06-17,0.0,0.66,18.0,24.0,11.2,50.0,0.0,0.0,9.8,49.1,5.08,11.45,0.66,0.66,0.0,0.0,0.64
2016-06-18,0.0,0.64,19.1,26.4,11.2,54.0,0.0,0.0,0.7,49.1,4.32,10.31,0.66,0.66,0.0,0.0,0.64
2016-06-19,0.0,0.64,19.2,25.4,13.4,52.5,0.0,0.0,0.2,49.1,3.67,9.28,0.64,0.66,0.0,0.0,0.63
2016-06-20,0.0,0.63,19.3,24.1,14.6,60.3,0.0,0.0,0.2,49.1,3.12,8.35,0.64,0.64,0.0,0.0,0.63
2016-06-21,0.0,0.63,18.7,23.6,14.7,65.3,0.0,0.0,0.2,49.1,2.65,7.51,0.63,0.64,0.0,0.0,0.63
2016-06-22,0.0,0.63,17.7,21.2,13.2,65.8,0.0,0.0,0.2,49.1,2.25,6.76,0.63,0.63,0.0,0.0,0.61
2016-06-23,0.0,0.61,19.7,26.3,12.6,58.8,0.0,0.0,0.0,49.1,1.92,6.09,0.63,0.63,0.0,0.0,0.61
2016-06-24,0.0,0.61,20.1,25.7,14.4,56.5,0.0,0.0,0.0,49.1,1.63,5.48,0.61,0.63,0.0,0.0,0.61
2016-06-25,0.0,0.61,18.4,23.0,14.3,57.5,0.0,0.0,0.0,49.1,1.38,4.93,0.61,0.61,0.0,0.0,0.59
2016-06-26,0.0,0.59,16.7,21.6,11.5,66.8,0.0,0.0,0.0,49.1,1.18,4.44,0.61,0.61,0.0,0.0,0.59
2016-06-27,0.0,0.59,16.8,21.4,12.0,62.3,0.0,0.0,0.0,49.1,1.0,3.99,0.59,0.61,0.0,0.0,0.59
2016-06-28,0.0,0.59,17.4,21.1,11.9,71.0,0.0,0.0,0.0,49.1,0.85,3.59,0.59,0.59,0.0,0.0,0.59
2016-06-29,0.0,0.59,18.8,23.9,12.2,59.5,0.0,0.0,0.0,49.1,0.72,3.23,0.59,0.59,0.0,0.0,0.58
2016-06-30,0.0,0.58,18.5,21.8,14.9,70.8,0.0,0.0,0.0,49.1,0.61,2.91,0.59,0.59,0.0,0.0,0.58
2016-07-01,0.0,0.58,19.2,23.8,14.0,59.3,0.0,0.0,0.0,49.1,0.52,2.62,0.58,0.59,0.0,0.0,0.58
2016-07-02,0.0,0.58,19.5,22.8,15.2,61.3,0.0,0.0,0.0,36.3,0.44,2.36,0.58,0.58,0.0,0.0,0.58
2016-07-03,0.0,0.58,19.4,24.0,14.9,55.3,0.0,0.0,0.0,9.8,0.38,2.12,0.58,0.58,0.0,0.0,0.56
2016-07-04,0.0,0.56,18.7,23.8,13.8,61.8,0.0,0.0,0.0,0.7,0.32,1.91,0.58,0.58,0.0,0.0,0.55
2016-07-05,0.0,0.55,19.3,24.4,14.8,61.3,0.0,0.0,0.0,0.2,0.27,1.72,0.56,0.58,0.0,0.0,0.53
2016-07-06,0.0,0.53,19.8,26.3,13.2,52.0,0.0,0.0,0.0,0.2,0.23,1.55,0.55,0.56,0.0,0.0,0.53
2016-07-07,0.0,0.53,21.7,27.7,14.4,48.5,0.0,0.0,0.0,0.2,0.2,1.39,0.53,0.55,0.0,0.0,0.53
2016-07-08,0.0,0.53,20.5,27.6,14.6,40.3,0.0,0.0,0.0,0.2,0.17,1.25,0.53,0.53,0.0,0.0,0.52
2016-07-09,0.0,0.52,19.6,26.1,14.1,62.8,0.0,0.0,0.0,0.0,0.14,1.13,0.53,0.53,0.0,0.0,0.52
2016-07-10,0.0,0.52,20.0,27.6,12.7,58.3,0.0,0.0,0.0,0.0,0.12,1.01,0.52,0.53,0.0,0.0,0.52
2016-07-11,0.0,0.52,21.1,28.5,14.4,52.3,0.0,0.0,0.0,0.0,0.1,0.91,0.52,0.52,0.0,0.0,0.5
2016-07-12,0.0,0.5,21.9,28.9,14.6,47.5,0.0,0.0,0.0,0.0,0.09,0.82,0.52,0.52,0.0,0.0,0.5
2016-07-13,0.0,0.5,22.1,28.7,15.8,43.0,0.0,0.0,0.0,0.0,0.07,0.74,0.5,0.52,0.0,0.0,0.5
2016-07-14,0.0,0.5,21.4,28.3,14.8,42.5,0.0,0.0,0.0,0.0,0.06,0.67,0.5,0.5,0.0,0.0,0.5
2016-07-15,0.0,0.5,22.4,29.5,14.2,39.5,0.0,0.0,0.0,0.0,0.05,0.6,0.5,0.5,0.0,0.0,0.49
2016-07-16,0.0,0.49,22.4,29.9,15.2,41.8,0.0,0.0,0.0,0.0,0.05,0.54,0.5,0.5,0.0,0.0,0.49
2016-07-17,0.0,0.49,20.5,27.4,15.8,36.0,0.0,0.0,0.0,0.0,0.04,0.49,0.49,0.5,0.0,0.0,0.49
2016-07-18,0.0,0.49,19.1,27.2,10.6,40.0,0.0,0.0,0.0,0.0,0.03,0.44,0.49,0.49,0.0,0.0,0.49
2016-07-19,0.0,0.49,19.4,25.5,14.0,63.0,0.0,0.0,0.0,0.0,0.03,0.39,0.49,0.49,0.0,0.0,0.49
2016-07-20,0.0,0.49,19.8,25.5,14.4,64.8,0.0,0.0,0.0,0.0,0.02,0.35,0.49,0.49,0.0,0.0,0.47
2016-07-21,0.0,0.47,20.0,26.2,14.0,53.8,0.0,0.0,0.0,0.0,0.02,0.32,0.49,0.49,0.0,0.0,0.47
2016-07-22,0.0,0.47,19.0,25.0,13.8,65.0,0.0,0.0,0.0,0.0,0.02,0.29,0.47,0.49,0.0,0.0,0.47
2016-07-23,0.0,0.47,18.9,24.3,14.1,61.0,0.0,0.0,0.0,0.0,0.01,0.26,0.47,0.47,0.0,0.0,0.47
2016-07-24,0.0,0.47,19.6,26.4,13.3,52.5,0.0,0.0,0.0,0.0,0.01,0.23,0.47,0.47,0.0,0.0,0.45
2016-07-25,0.0,0.45,20.5,27.0,13.0,44.8,0.0,0.0,0.0,0.0,0.01,0.21,0.47,0.47,0.0,0.0,0.45
2016-07-26,0.0,0.45,20.6,27.1,14.6,50.8,0.0,0.0,0.0,0.0,0.01,0.19,0.45,0.47,0.0,0.0,0.45
2016-07-27,0.0,0.45,22.4,29.1,14.8,37.0,0.0,0.0,0.0,0.0,0.01,0.17,0.45,0.45,0.0,0.0,0.45
2016-07-28,0.0,0.45,21.3,27.1,16.0,51.3,0.0,0.0,0.0,0.0,0.01,0.15,0.45,0.45,0.0,0.0,0.44
2016-07-29,0.0,0.44,19.0,24.0,15.0,61.0,0.0,0.0,0.0,0.0,0.01,0.14,0.45,0.45,0.0,0.0,0.44
2016-07-30,0.0,0.44,18.8,24.6,13.8,54.5,0.0,0.0,0.0,0.0,0.0,0.12,0.44,0.45,0.0,0.0,0.44
2016-07-31,0.0,0.44,18.1,21.1,13.6,61.3,0.0,0.0,0.0,0.0,0.0,0.11,0.44,0.44,0.0,0.0,0.44
2016-08-01,0.0,0.44,18.3,24.4,12.3,49.5,0.0,0.0,0.0,0.0,0.0,0.1,0.44,0.44,0.0,0.0,0.44
2016-08-02,0.0,0.44,20.0,26.4,11.7,42.8,0.0,0.0,0.0,0.0,0.0,0.09,0.44,0.44,0.0,0.0,0.41
2016-08-03,0.0,0.41,19.9,26.1,15.2,54.3,0.0,0.0,0.0,0.0,0.0,0.08,0.44,0.44,0.0,0.0,0.41
2016-08-04,0.0,0.41,19.2,24.6,14.6,61.3,0.0,0.0,0.0,0.0,0.0,0.07,0.41,0.44,0.0,0.0,0.41
2016-08-05,0.0,0.41,19.6,25.4,13.5,51.0,0.0,0.0,0.0,0.0,0.0,0.07,0.41,0.41,0.0,0.0,0.39
2016-08-06,0.0,0.39,20.5,26.9,13.8,46.3,0.0,0.0,0.0,0.0,0.0,0.06,0.41,0.41,0.0,0.0,0.39
2016-08-07,0.0,0.39,21.6,28.6,13.8,41.0,0.0,0.0,0.0,0.0,0.0,0.05,0.39,0.41,0.0,0.0,0.39
2016-08-08,0.0,0.39,23.3,30.7,15.2,37.8,0.0,0.0,0.0,0.0,0.0,0.05,0.39,0.39,0.0,0.0,0.37
2016-08-09,0.0,0.37,23.6,31.0,16.4,39.3,0.0,0.0,0.0,0.0,0.0,0.04,0.39,0.39,0.0,0.0,0.36
2016-08-10,0.0,0.36,23.8,31.5,16.0,38.8,0.0,0.0,0.0,0.0,0.0,0.04,0.37,0.39,0.0,0.0,0.36
2016-08-11,0.0,0.36,21.0,28.0,17.4,56.8,0.0,0.0,0.0,0.0,0.0,0.03,0.36,0.37,0.0,0.0,0.36
2016-08-12,0.0,0.36,19.2,25.9,12.1,43.8,0.0,0.0,0.0,0.0,0.0,0.03,0.36,0.36,0.0,0.0,0.36
2016-08-13,0.0,0.36,19.3,26.8,13.1,56.5,0.0,0.0,0.0,0.0,0.0,0.03,0.36,0.36,0.0,0.0,0.36
2016-08-14,0.8,0.36,22.1,29.9,14.1,49.3,0.8,0.8,0.8,0.8,0.0,0.03,0.36,0.36,0.0,0.0,0.34
2016-08-15,0.0,0.34,23.7,31.2,16.1,42.8,0.8,0.8,0.8,0.8,0.68,0.74,0.36,0.36,0.8,0.0,0.39
2016-08-16,0.0,0.39,19.8,24.6,15.5,72.5,0.8,0.8,0.8,0.8,0.58,0.67,0.34,0.36,0.0,0.8,0.37
2016-08-17,0.0,0.37,22.7,30.1,14.5,50.8,0.0,0.8,0.8,0.8,0.49,0.6,0.39,0.34,0.0,0.0,0.37
2016-08-18,0.0,0.37,25.2,32.3,16.7,31.8,0.0,0.8,0.8,0.8,0.42,0.54,0.37,0.39,0.0,0.0,0.36
2016-08-19,0.0,0.36,22.7,27.9,17.9,54.8,0.0,0.8,0.8,0.8,0.36,0.49,0.37,0.37,0.0,0.0,0.34
2016-08-20,0.0,0.34,22.8,29.4,16.4,54.8,0.0,0.8,0.8,0.8,0.3,0.44,0.36,0.37,0.0,0.0,0.33
2016-08-21,0.0,0.33,22.1,25.7,18.5,55.5,0.0,0.0,0.8,0.8,0.26,0.39,0.34,0.36,0.0,0.0,0.31
2016-08-22,0.0,0.31,18.4,24.4,13.9,57.5,0.0,0.0,0.8,0.8,0.22,0.36,0.33,0.34,0.0,0.0,0.31
2016-08-23,0.0,0.31,17.4,23.9,12.6,69.8,0.0,0.0,0.8,0.8,0.19,0.32,0.31,0.33,0.0,0.0,0.31
2016-08-24,0.0,0.31,19.4,26.8,13.5,53.8,0.0,0.0,0.8,0.8,0.16,0.29,0.31,0.31,0.0,0.0,0.31
2016-08-25,0.0,0.31,18.9,25.2,12.3,42.5,0.0,0.0,0.8,0.8,0.13,0.26,0.31,0.31,0.0,0.0,0.31
2016-08-26,0.0,0.31,19.2,26.2,11.9,39.3,0.0,0.0,0.8,0.8,0.11,0.23,0.31,0.31,0.0,0.0,0.3
2016-08-27,0.0,0.3,19.8,25.7,13.8,50.8,0.0,0.0,0.8,0.8,0.1,0.21,0.31,0.31,0.0,0.0,0.3
2016-08-28,0.0,0.3,20.9,27.7,14.1,47.0,0.0,0.0,0.0,0.8,0.08,0.19,0.3,0.31,0.0,0.0,0.3
2016-08-29,0.0,0.3,22.6,29.0,15.2,35.8,0.0,0.0,0.0,0.8,0.07,0.17,0.3,0.3,0.0,0.0,0.29
2016-08-30,0.0,0.29,22.8,29.4,16.2,51.0,0.0,0.0,0.0,0.8,0.06,0.15,0.3,0.3,0.0,0.0,0.29
2016-08-31,0.0,0.29,22.9,29.0,17.2,56.8,0.0,0.0,0.0,0.8,0.05,0.14,0.29,0.3,0.0,0.0,0.37
2016-09-01,13.8,0.37,20.7,25.8,15.7,68.0,13.8,13.8,13.8,14.6,0.04,0.12,0.29,0.29,0.0,0.0,0.35
2016-09-02,0.0,0.35,21.5,26.8,16.3,55.8,13.8,13.8,13.8,14.6,11.77,12.53,0.37,0.29,13.8,0.0,0.33
2016-09-03,0.0,0.33,20.6,25.9,15.0,52.0,13.8,13.8,13.8,14.6,10.0,11.28,0.35,0.37,0.0,13.8,0.31
2016-09-04,0.0,0.31,20.9,27.4,14.3,50.0,0.0,13.8,13.8,14.6,8.5,10.15,0.33,0.35,0.0,0.0,0.31
2016-09-05,0.0,0.31,21.3,27.1,15.0,45.3,0.0,13.8,13.8,14.6,7.23,9.14,0.31,0.33,0.0,0.0,0.3
2016-09-06,0.0,0.3,22.2,29.1,14.5,45.5,0.0,13.8,13.8,14.6,6.14,8.22,0.31,0.31,0.0,0.0,0.29
2016-09-07,0.0,0.29,24.0,31.0,16.8,38.0,0.0,13.8,13.8,14.6,5.22,7.4,0.3,0.31,0.0,0.0,0.28
2016-09-08,0.0,0.28,25.4,32.6,17.9,37.0,0.0,0.0,13.8,14.6,4.44,6.66,0.29,0.3,0.0,0.0,0.31
2016-09-09,0.0,0.31,22.8,30.6,18.0,52.8,0.0,0.0,13.8,14.6,3.77,5.99,0.28,0.29,0.0,0.0,0.32
2016-09-10,0.0,0.32,22.2,28.1,16.2,52.5,0.0,0.0,13.8,14.6,3.21,5.39,0.31,0.28,0.0,0.0,0.31
2016-09-11,0.0,0.31,22.3,28.4,16.0,41.0,0.0,0.0,13.8,14.6,2.73,4.85,0.32,0.31,0.0,0.0,0.29
2016-09-12,0.0,0.29,23.4,29.3,16.9,36.5,0.0,0.0,13.8,14.6,2.32,4.37,0.31,0.32,0.0,0.0,0.28
2016-09-13,0.0,0.28,23.8,31.0,15.8,40.5,0.0,0.0,13.8,13.8,1.97,3.93,0.29,0.31,0.0,0.0,0.27
2016-09-14,0.0,0.27,25.7,33.4,17.6,34.3,0.0,0.0,13.8,13.8,1.67,3.54,0.28,0.29,0.0,0.0,0.27
2016-09-15,0.0,0.27,27.4,34.4,18.7,33.5,0.0,0.0,0.0,13.8,1.42,3.19,0.27,0.28,0.0,0.0,0.26
2016-09-16,0.0,0.26,23.9,30.0,20.0,56.8,0.0,0.0,0.0,13.8,1.21,2.87,0.27,0.27,0.0,0.0,0.26
2016-09-17,0.0,0.26,22.5,28.0,16.8,57.0,0.0,0.0,0.0,13.8,1.03,2.58,0.26,0.27,0.0,0.0,0.26
2016-09-18,0.0,0.26,26.3,34.0,17.0,38.5,0.0,0.0,0.0,13.8,0.87,2.32,0.26,0.26,0.0,0.0,0.26
2016-09-19,0.0,0.26,25.1,33.9,19.3,52.5,0.0,0.0,0.0,13.8,0.74,2.09,0.26,0.26,0.0,0.0,0.46
2016-09-20,11.5,0.46,23.3,29.8,16.3,62.0,11.5,11.5,11.5,25.3,0.63,1.88,0.26,0.26,0.0,0.0,0.77
2016-09-21,0.0,0.77,19.2,24.5,15.9,60.8,11.5,11.5,11.5,25.3,10.31,12.04,0.46,0.26,11.5,0.0,0.6
2016-09-22,0.0,0.6,18.8,26.2,11.2,55.3,11.5,11.5,11.5,25.3,8.76,10.84,0.77,0.46,0.0,11.5,0.43
2016-09-23,0.0,0.43,22.7,30.5,14.3,46.5,0.0,11.5,11.5,25.3,7.45,9.75,0.6,0.77,0.0,0.0,0.35
2016-09-24,0.0,0.35,23.3,31.2,17.0,56.5,0.0,11.5,11.5,25.3,6.33,8.78,0.43,0.6,0.0,0.0,0.46
2016-09-25,11.8,0.46,22.0,28.0,15.8,60.3,11.8,23.3,23.3,37.1,5.38,7.9,0.35,0.43,0.0,0.0,0.77
2016-09-26,15.0,0.77,19.6,25.7,14.3,71.5,26.8,38.3,38.3,52.1,14.61,17.73,0.46,0.35,11.8,0.0,0.59
2016-09-27,0.0,0.59,20.8,27.2,14.8,62.8,26.8,26.8,38.3,52.1,25.16,29.46,0.77,0.46,15.0,11.8,0.45
2016-09-28,0.0,0.45,22.7,29.4,15.7,63.0,15.0,26.8,38.3,52.1,21.39,26.51,0.59,0.77,0.0,15.0,0.37
2016-09-29,0.0,0.37,24.2,31.5,16.5,44.3,0.0,26.8,38.3,52.1,18.18,23.86,0.45,0.59,0.0,0.0,0.36
2016-09-30,0.0,0.36,23.7,31.5,18.3,58.5,0.0,26.8,38.3,52.1,15.45,21.47,0.37,0.45,0.0,0.0,0.36
2016-10-01,0.0,0.36,20.7,25.7,16.1,69.8,0.0,26.8,38.3,38.3,13.14,19.33,0.36,0.37,0.0,0.0,0.38
2016-10-02,0.0,0.38,19.6,25.7,15.6,70.5,0.0,15.0,38.3,38.3,11.17,17.39,0.36,0.36,0.0,0.0,0.35
2016-10-03,0.0,0.35,19.5,24.6,14.7,66.8,0.0,0.0,38.3,38.3,9.49,15.66,0.38,0.36,0.0,0.0,0.84
2016-10-04,17.6,0.84,18.4,21.3,14.3,91.8,17.6,17.6,44.4,55.9,8.07,14.09,0.35,0.38,0.0,0.0,0.99
2016-10-05,4.8,0.99,20.3,24.9,18.0,79.0,22.4,22.4,49.2,60.7,21.82,28.52,0.84,0.35,17.6,0.0,0.89
2016-10-06,26.8,0.89,21.1,26.0,19.6,83.5,49.2,49.2,76.0,87.5,22.62,29.99,0.99,0.84,4.8,17.6,0.64
2016-10-07,0.0,0.64,21.1,27.1,16.1,45.0,31.6,49.2,76.0,87.5,42.01,51.11,0.89,0.99,26.8,4.8,0.45
2016-10-08,0.0,0.45,23.7,31.1,16.4,41.3,26.8,49.2,76.0,87.5,35.71,46.0,0.64,0.89,0.0,26.8,0.37
2016-10-09,0.0,0.37,24.8,30.8,19.4,48.5,0.0,49.2,64.2,87.5,30.35,41.4,0.45,0.64,0.0,0.0,0.35
2016-10-10,0.0,0.35,22.5,27.2,20.1,63.5,0.0,49.2,49.2,87.5,25.8,37.26,0.37,0.45,0.0,0.0,0.33
2016-10-11,0.0,0.33,22.5,27.9,18.7,57.5,0.0,31.6,49.2,87.5,21.93,33.53,0.35,0.37,0.0,0.0,0.31
2016-10-12,0.0,0.31,23.0,29.5,18.8,54.0,0.0,26.8,49.2,87.5,18.64,30.18,0.33,0.35,0.0,0.0,0.29
2016-10-13,0.0,0.29,22.5,28.2,18.5,59.8,0.0,0.0,49.2,87.5,15.84,27.16,0.31,0.33,0.0,0.0,0.28
2016-10-14,0.0,0.28,23.2,28.9,19.3,63.5,0.0,0.0,49.2,87.5,13.47,24.45,0.29,0.31,0.0,0.0,0.27
2016-10-15,0.0,0.27,24.6,29.0,20.2,58.5,0.0,0.0,49.2,87.5,11.45,22.0,0.28,0.29,0.0,0.0,0.26
2016-10-16,0.0,0.26,24.2,30.4,20.5,65.0,0.0,0.0,49.2,87.5,9.73,19.8,0.27,0.28,0.0,0.0,0.26
2016-10-17,0.0,0.26,25.9,31.7,20.8,50.5,0.0,0.0,49.2,87.5,8.27,17.82,0.26,0.27,0.0,0.0,0.26
2016-10-18,0.0,0.26,26.9,32.6,21.7,48.8,0.0,0.0,31.6,87.5,7.03,16.04,0.26,0.26,0.0,0.0,0.26
2016-10-19,0.0,0.26,28.2,34.0,21.9,43.5,0.0,0.0,26.8,87.5,5.98,14.43,0.26,0.26,0.0,0.0,0.25
2016-10-20,0.0,0.25,28.3,34.1,24.0,50.0,0.0,0.0,0.0,76.0,5.08,12.99,0.26,0.26,0.0,0.0,0.25
2016-10-21,0.0,0.25,27.9,33.9,23.6,48.3,0.0,0.0,0.0,76.0,4.32,11.69,0.25,0.26,0.0,0.0,0.26
2016-10-22,0.0,0.26,24.6,28.8,22.6,65.5,0.0,0.0,0.0,76.0,3.67,10.52,0.25,0.25,0.0,0.0,0.27
2016-10-23,0.0,0.27,24.3,27.8,21.9,60.0,0.0,0.0,0.0,76.0,3.12,9.47,0.26,0.25,0.0,0.0,0.26
2016-10-24,0.0,0.26,25.0,30.7,20.8,52.5,0.0,0.0,0.0,76.0,2.65,8.52,0.27,0.26,0.0,0.0,0.26
2016-10-25,0.0,0.26,24.8,30.3,21.4,61.8,0.0,0.0,0.0,64.2,2.25,7.67,0.26,0.27,0.0,0.0,0.25
2016-10-26,0.0,0.25,25.9,31.5,21.5,52.5,0.0,0.0,0.0,49.2,1.92,6.9,0.26,0.26,0.0,0.0,0.25
2016-10-27,0.0,0.25,27.6,33.5,22.7,44.3,0.0,0.0,0.0,49.2,1.63,6.21,0.25,0.26,0.0,0.0,0.26
2016-10-28,0.0,0.26,25.9,31.3,23.1,57.5,0.0,0.0,0.0,49.2,1.38,5.59,0.25,0.25,0.0,0.0,0.34
2016-10-29,0.0,0.34,20.5,26.1,18.7,71.5,0.0,0.0,0.0,49.2,1.18,5.03,0.26,0.25,0.0,0.0,0.32
2016-10-30,0.0,0.32,20.0,25.1,17.8,66.3,0.0,0.0,0.0,49.2,1.0,4.53,0.34,0.26,0.0,0.0,0.29
2016-10-31,0.0,0.29,22.2,28.8,17.9,57.3,0.0,0.0,0.0,49.2,0.85,4.08,0.32,0.34,0.0,0.0,0.27
2016-11-01,0.0,0.27,22.6,27.7,18.5,54.0,0.0,0.0,0.0,49.2,0.72,3.67,0.29,0.32,0.0,0.0,0.26
2016-11-02,0.0,0.26,22.3,26.1,19.9,66.3,0.0,0.0,0.0,49.2,0.61,3.3,0.27,0.29,0.0,0.0,0.25
2016-11-03,0.0,0.25,24.7,30.9,21.3,60.8,0.0,0.0,0.0,31.6,0.52,2.97,0.26,0.27,0.0,0.0,0.32
2016-11-04,0.0,0.32,22.2,28.0,20.1,81.3,0.0,0.0,0.0,26.8,0.44,2.67,0.25,0.26,0.0,0.0,0.33
2016-11-05,20.6,0.33,21.3,24.1,20.5,73.5,20.6,20.6,20.6,20.6,0.38,2.41,0.32,0.25,0.0,0.0,0.3
2016-11-06,0.0,0.3,21.0,23.6,19.9,59.3,20.6,20.6,20.6,20.6,17.83,20.71,0.33,0.32,20.6,0.0,0.31
2016-11-07,0.0,0.31,21.5,25.3,19.8,69.8,20.6,20.6,20.6,20.6,15.16,18.64,0.3,0.33,0.0,20.6,0.77
2016-11-08,0.5,0.77,22.3,26.2,20.5,67.5,0.5,21.1,21.1,21.1,12.88,16.77,0.31,0.3,0.0,0.0,0.76
2016-11-09,12.0,0.76,24.0,29.1,20.6,60.3,12.5,33.1,33.1,33.1,11.38,15.55,0.77,0.31,0.5,0.0,0.58
2016-11-10,3.8,0.58,23.4,27.1,20.6,68.0,16.3,36.9,36.9,36.9,19.87,24.79,0.76,0.77,12.0,0.5,0.52
2016-11-11,2.1,0.52,24.4,30.9,21.5,69.8,17.9,39.0,39.0,39.0,20.12,25.73,0.58,0.76,3.8,12.0,1.01
2016-11-12,3.1,1.01,23.6,28.5,21.5,76.5,9.0,21.5,42.1,42.1,18.89,25.05,0.52,0.58,2.1,3.8,1.73
2016-11-13,8.8,1.73,21.4,23.2,20.2,83.0,14.0,30.3,50.9,50.9,18.69,25.33,1.01,0.52,3.1,2.1,2.91
2016-11-14,19.2,2.91,20.4,22.0,19.6,93.5,31.1,49.5,70.1,70.1,23.36,30.72,1.73,1.01,8.8,3.1,3.94
2016-11-15,27.3,3.94,21.5,26.7,20.0,87.5,55.3,76.3,97.4,97.4,36.18,44.93,2.91,1.73,19.2,8.8,3.76
2016-11-16,35.8,3.76,22.7,27.4,19.0,76.5,82.3,100.1,133.2,133.2,53.96,65.01,3.94,2.91,27.3,19.2,2.92
2016-11-17,8.3,2.92,23.1,27.2,20.1,76.8,71.4,104.6,141.5,141.5,76.29,90.72,3.76,3.94,35.8,27.3,2.64
2016-11-18,5.1,2.64,22.8,29.2,20.7,78.3,49.2,107.6,146.6,146.6,71.91,89.12,2.92,3.76,8.3,35.8,2.73
2016-11-19,16.5,2.73,19.4,25.7,16.1,46.3,29.9,121.0,142.5,163.1,65.45,84.8,2.64,2.92,5.1,8.3,1.82
2016-11-20,0.0,1.82,20.5,28.1,13.2,53.3,21.6,112.2,142.5,163.1,69.66,91.17,2.73,2.64,16.5,5.1,1.06
2016-11-21,0.0,1.06,21.9,27.0,17.1,67.3,16.5,93.0,142.5,163.1,59.21,82.05,1.82,2.73,0.0,16.5,1.19
2016-11-22,0.0,1.19,22.2,27.3,19.9,78.5,0.0,65.7,142.0,163.1,50.33,73.85,1.06,1.82,0.0,0.0,3.3
2016-11-23,18.6,3.3,20.9,23.4,19.3,88.8,18.6,48.5,148.6,181.7,42.78,66.46,1.19,1.06,0.0,0.0,5.87
2016-11-24,29.8,5.87,23.7,29.5,19.9,73.3,48.4,70.0,174.6,211.5,52.17,76.56,3.3,1.19,18.6,0.0,5.71
2016-11-25,0.5,5.71,24.3,29.2,21.2,64.8,48.9,65.4,173.0,212.0,69.68,95.72,5.87,3.3,29.8,18.6,4.4
2016-11-26,0.0,4.4,24.4,29.4,21.0,59.8,30.3,48.9,169.9,212.0,59.65,86.6,5.71,5.87,0.5,29.8,3.3
2016-11-27,0.0,3.3,25.0,29.7,21.0,58.0,0.5,48.9,161.1,212.0,50.7,77.94,4.4,5.71,0.0,0.5,2.34
2016-11-28,0.0,2.34,25.3,31.2,21.5,61.0,0.0,48.9,141.9,212.0,43.1,70.15,3.3,4.4,0.0,0.0,1.53
2016-11-29,0.0,1.53,24.7,31.2,21.2,71.5,0.0,48.9,114.6,212.0,36.63,63.13,2.34,3.3,0.0,0.0,1.48
2016-11-30,51.3,1.48,22.1,27.3,20.3,74.8,51.3,81.6,130.1,263.3,31.14,56.82,1.53,2.34,0.0,0.0,2.08
2016-12-01,0.0,2.08,19.2,21.6,18.2,81.3,51.3,51.8,121.8,263.3,70.07,97.31,1.48,1.53,51.3,0.0,1.53
2016-12-02,1.6,1.53,22.2,26.6,17.9,67.8,52.9,52.9,118.3,264.9,59.56,87.58,2.08,1.48,0.0,51.3,1.08
2016-12-03,0.0,1.08,24.9,29.5,20.7,60.8,1.6,52.9,101.8,264.9,51.99,80.26,1.53,2.08,1.6,0.0,1.4
2016-12-04,12.8,1.4,21.5,26.2,19.8,83.5,14.4,65.7,114.6,277.7,44.19,72.23,1.08,1.53,0.0,1.6,4.3
2016-12-05,108.5,4.3,21.6,24.1,19.3,91.0,121.3,174.2,223.1,365.6,48.44,76.53,1.4,1.08,12.8,0.0,7.57
2016-12-06,32.5,7.57,25.8,32.0,20.7,55.0,153.8,206.7,255.6,398.1,133.4,166.53,4.3,1.4,108.5,12.8,6.06
2016-12-07,0.8,6.06,26.7,32.5,21.6,57.0,141.8,156.2,237.8,398.9,141.01,179.12,7.57,4.3,32.5,108.5,4.69
2016-12-08,0.0,4.69,24.4,29.8,21.9,66.8,33.3,156.2,208.0,398.4,120.54,161.93,6.06,7.57,0.8,32.5,3.89
2016-12-09,2.8,3.89,25.3,30.6,21.4,66.3,3.6,157.4,210.3,389.2,102.46,145.74,4.69,6.06,0.0,0.8,3.41
2016-12-10,9.6,3.41,23.2,26.2,21.3,81.8,12.4,167.0,219.9,395.0,89.47,133.68,3.89,4.69,2.8,0.0,3.58
2016-12-11,24.5,3.58,24.1,29.2,22.0,73.5,36.9,178.7,244.4,417.4,84.21,128.96,3.41,3.89,9.6,2.8,4.2
2016-12-12,7.8,4.2,23.6,29.7,21.3,78.0,41.9,78.0,252.2,422.1,92.4,138.11,3.58,3.41,24.5,9.6,4.31
2016-12-13,46.6,4.31,23.0,26.7,20.9,84.8,78.9,92.1,298.8,459.9,85.17,131.32,4.2,3.58,7.8,24.5,6.23
2016-12-14,78.5,6.23,21.4,23.9,20.0,97.5,132.9,169.8,326.0,519.2,112.01,160.13,4.31,4.2,46.6,7.8,12.06
2016-12-15,13.8,12.06,18.5,22.3,16.3,87.0,138.9,183.6,339.8,505.7,161.93,214.76,6.23,4.31,78.5,46.6,18.86
2016-12-16,26.5,18.86,18.2,21.9,16.5,78.0,118.8,207.3,364.7,496.4,149.37,205.71,12.06,6.23,13.8,78.5,15.79
2016-12-17,0.3,15.79,21.3,25.4,16.4,66.0,40.6,198.0,365.0,488.4,149.49,208.99,18.86,12.06,26.5,13.8,13.93
2016-12-18,0.0,13.93,22.2,26.9,19.4,61.3,26.8,173.5,352.2,483.3,127.32,188.36,15.79,18.86,0.3,26.5,11.94
2016-12-19,0.0,11.94,22.7,27.8,19.1,58.5,0.3,165.7,243.7,466.8,108.22,169.52,13.93,15.79,0.0,0.3,9.86
2016-12-20,0.0,9.86,23.5,28.8,19.7,54.8,0.0,119.1,211.2,466.8,91.99,152.57,11.94,13.93,0.0,0.0,8.1
2016-12-21,0.0,8.1,23.8,28.9,19.1,55.8,0.0,40.6,210.4,466.8,78.19,137.31,9.86,11.94,0.0,0.0,6.46
2016-12-22,0.0,6.46,25.4,31.1,21.4,56.8,0.0,26.8,210.4,466.8,66.46,123.58,8.1,9.86,0.0,0.0,5.11
2016-12-23,0.0,5.11,25.9,31.3,21.6,47.8,0.0,0.3,207.6,448.2,56.49,111.22,6.46,8.1,0.0,0.0,3.88
2016-12-24,0.0,3.88,27.4,33.3,22.3,40.5,0.0,0.0,198.0,418.4,48.02,100.1,5.11,6.46,0.0,0.0,2.86
2016-12-25,16.2,2.86,25.1,32.7,21.4,53.3,16.2,16.2,189.7,434.1,40.82,90.09,3.88,5.11,0.0,0.0,2.47
2016-12-26,19.8,2.47,26.5,32.0,21.5,57.5,36.0,36.0,201.7,453.9,48.46,95.66,2.86,3.88,16.2,0.0,1.81
2016-12-27,1.8,1.81,26.1,31.2,22.1,63.0,37.8,37.8,156.9,455.7,58.02,103.92,2.47,2.86,19.8,16.2,1.39
2016-12-28,2.3,1.39,23.7,31.5,20.1,71.8,23.9,40.1,80.7,458.0,50.85,95.14,1.81,2.47,1.8,19.8,0.99
2016-12-29,4.5,0.99,26.3,31.7,19.9,47.5,8.6,44.6,71.4,462.5,45.18,87.7,1.39,1.81,2.3,1.8,0.75
2016-12-30,0.0,0.75,26.8,32.0,22.7,48.8,6.8,44.6,44.9,411.2,42.23,82.98,0.99,1.39,4.5,2.3,0.67
2016-12-31,0.0,0.67,26.1,31.5,22.0,54.0,4.5,44.6,44.6,411.2,35.89,74.68,0.75,0.99,0.0,4.5,0.66
2017-01-01,0.0,0.66,27.1,33.2,21.8,43.0,0.0,28.4,44.6,409.6,30.51,67.21,0.67,0.75,0.0,0.0,0.66
2017-01-02,0.0,0.66,27.3,33.4,23.6,46.0,0.0,8.6,44.6,409.6,25.93,60.49,0.66,0.67,0.0,0.0,0.64
2017-01-03,1.2,0.64,27.1,32.3,23.9,51.0,1.2,8.0,45.8,398.0,22.04,54.44,0.66,0.66,0.0,0.0,0.64
2017-01-04,0.0,0.64,26.2,32.1,23.1,56.3,1.2,5.7,45.8,289.5,19.76,50.08,0.64,0.66,1.2,0.0,0.64
2017-01-05,0.0,0.64,26.6,32.2,22.2,55.3,1.2,1.2,45.8,257.0,16.79,45.07,0.64,0.64,0.0,1.2,0.63
2017-01-06,0.0,0.63,26.5,31.9,22.2,66.3,0.0,1.2,45.8,256.2,14.27,40.56,0.64,0.64,0.0,0.0,0.63
2017-01-07,0.0,0.63,26.2,31.3,22.3,55.8,0.0,1.2,45.8,256.2,12.13,36.51,0.63,0.64,0.0,0.0,0.63
2017-01-08,0.0,0.63,26.7,31.3,22.3,46.3,0.0,1.2,29.6,253.4,10.31,32.86,0.63,0.63,0.0,0.0,0.75
2017-01-09,0.0,0.75,26.2,31.4,23.0,51.3,0.0,1.2,9.8,243.8,8.77,29.57,0.63,0.63,0.0,0.0,1.2
2017-01-10,0.0,1.2,25.1,31.2,22.3,70.3,0.0,0.0,8.0,219.3,7.45,26.61,0.75,0.63,0.0,0.0,2.72
2017-01-11,7.2,2.72,24.8,32.0,21.8,70.0,7.2,7.2,12.9,218.7,6.33,23.95,1.2,0.75,0.0,0.0,4.22
2017-01-12,26.8,4.22,24.6,32.5,21.6,69.5,34.0,34.0,35.2,198.9,11.5,28.04,2.72,1.2,7.2,0.0,4.41
2017-01-13,55.5,4.41,23.1,26.0,19.7,74.3,89.5,89.5,90.7,175.9,32.56,49.35,4.22,2.72,26.8,7.2,5.12
2017-01-14,8.2,5.12,23.1,27.9,19.4,74.8,90.5,97.7,98.9,170.3,74.85,94.37,4.41,4.22,55.5,26.8,5.22
2017-01-15,41.5,5.22,22.1,26.5,19.2,77.0,105.2,139.2,140.4,185.3,70.59,92.31,5.12,4.41,8.2,55.5,5.34
2017-01-16,21.6,5.34,21.5,23.4,19.9,79.5,71.3,160.8,162.0,206.6,95.28,120.43,5.22,5.12,41.5,8.2,5.25
2017-01-17,0.3,5.25,23.2,27.5,20.3,61.8,63.4,161.1,161.1,206.9,99.35,127.83,5.34,5.22,21.6,41.5,4.0
2017-01-18,0.0,4.0,24.6,29.7,20.5,48.0,21.9,153.9,161.1,206.9,84.7,115.31,5.25,5.34,0.3,21.6,2.91
2017-01-19,0.0,2.91,25.0,30.4,20.4,55.3,0.3,127.1,161.1,206.9,71.99,103.78,4.0,5.25,0.0,0.3,2.0
2017-01-20,0.0,2.0,24.6,28.9,21.9,53.8,0.0,71.6,161.1,206.9,61.2,93.4,2.91,4.0,0.0,0.0,1.34
2017-01-21,0.0,1.34,24.3,28.4,21.7,54.5,0.0,63.4,161.1,206.9,52.02,84.06,2.0,2.91,0.0,0.0,0.97
2017-01-22,0.0,0.97,24.2,29.0,21.4,53.3,0.0,21.9,161.1,206.9,44.21,75.66,1.34,2.0,0.0,0.0,0.78
2017-01-23,0.0,0.78,24.8,29.0,20.5,53.8,0.0,0.3,161.1,206.9,37.58,68.09,0.97,1.34,0.0,0.0,0.75
2017-01-24,0.0,0.75,24.6,30.3,21.9,66.0,0.0,0.0,161.1,190.7,31.94,61.28,0.78,0.97,0.0,0.0,0.72
2017-01-25,0.0,0.72,25.7,29.5,21.9,56.0,0.0,0.0,153.9,170.9,27.15,55.15,0.75,0.78,0.0,0.0,0.72
2017-01-26,0.0,0.72,26.2,31.4,22.4,55.0,0.0,0.0,127.1,169.1,23.08,49.64,0.72,0.75,0.0,0.0,0.72
2017-01-27,0.0,0.72,25.4,30.3,22.1,51.5,0.0,0.0,71.6,166.8,19.62,44.68,0.72,0.72,0.0,0.0,0.69
2017-01-28,0.0,0.69,24.7,29.8,21.2,48.5,0.0,0.0,63.4,162.3,16.68,40.21,0.72,0.72,0.0,0.0,0.69
2017-01-29,0.0,0.69,24.5,29.4,21.4,60.3,0.0,0.0,21.9,162.3,14.17,36.19,0.69,0.72,0.0,0.0,0.69
2017-01-30,0.0,0.69,24.5,27.7,21.5,56.8,0.0,0.0,0.3,162.3,12.05,32.57,0.69,0.69,0.0,0.0,0.69
2017-01-31,0.0,0.69,24.7,29.7,21.1,54.5,0.0,0.0,0.0,162.3,10.24,29.31,0.69,0.69,0.0,0.0,0.69
2017-02-01,0.0,0.69,23.5,26.9,21.1,62.0,0.0,0.0,0.0,162.3,8.7,26.38,0.69,0.69,0.0,0.0,1.19
2017-02-02,0.0,1.19,23.7,28.3,21.5,71.0,0.0,0.0,0.0,161.1,7.4,23.74,0.69,0.69,0.0,0.0,2.4
2017-02-03,19.8,2.4,22.7,25.9,20.3,76.3,19.8,19.8,19.8,180.9,6.29,21.37,1.19,0.69,0.0,0.0,2.44
2017-02-04,13.9,2.44,22.9,29.7,20.5,77.3,33.7,33.7,33.7,194.8,22.18,37.05,2.4,1.19,19.8,0.0,3.0
2017-02-05,6.4,3.0,22.5,26.0,20.5,83.5,40.1,40.1,40.1,201.2,30.66,45.86,2.44,2.4,13.9,19.8,4.47
2017-02-06,45.5,4.47,22.9,28.2,19.2,79.5,65.8,85.6,85.6,246.7,31.5,47.03,3.0,2.44,6.4,13.9,4.43
2017-02-07,16.9,4.43,24.2,30.2,20.3,73.8,68.8,102.5,102.5,263.6,65.45,83.28,4.47,3.0,45.5,6.4,4.37
2017-02-08,3.8,4.37,24.2,28.2,21.5,73.8,66.2,106.3,106.3,267.4,70.0,90.16,4.43,4.47,16.9,45.5,4.87
2017-02-09,0.0,4.87,24.1,28.7,20.5,62.8,20.7,106.3,106.3,267.4,62.73,84.56,4.37,4.43,3.8,16.9,4.43
2017-02-10,0.0,4.43,23.0,26.5,20.7,66.8,3.8,86.5,106.3,260.2,53.32,76.11,4.87,4.37,0.0,3.8,3.62
2017-02-11,0.0,3.62,23.8,28.1,20.8,58.8,0.0,72.6,106.3,233.4,45.32,68.5,4.43,4.87,0.0,0.0,2.75
2017-02-12,0.0,2.75,23.7,27.6,20.9,54.8,0.0,66.2,106.3,177.9,38.52,61.65,3.62,4.43,0.0,0.0,1.97
2017-02-13,0.0,1.97,22.5,26.5,20.1,65.5,0.0,20.7,106.3,169.7,32.75,55.48,2.75,3.62,0.0,0.0,1.44
2017-02-14,0.0,1.44,23.5,27.9,19.7,56.5,0.0,3.8,106.3,128.2,27.83,49.93,1.97,2.75,0.0,0.0,1.12
2017-02-15,0.0,1.12,23.7,27.2,20.6,62.8,0.0,0.0,106.3,106.6,23.66,44.94,1.44,1.97,0.0,0.0,0.94
2017-02-16,0.0,0.94,24.3,28.7,20.5,56.0,0.0,0.0,106.3,106.3,20.11,40.45,1.12,1.44,0.0,0.0,0.81
2017-02-17,0.0,0.81,25.4,30.1,20.9,53.0,0.0,0.0,86.5,106.3,17.09,36.4,0.94,1.12,0.0,0.0,0.78
2017-02-18,0.0,0.78,25.8,30.7,22.3,55.0,0.0,0.0,72.6,106.3,14.53,32.76,0.81,0.94,0.0,0.0,0.78
2017-02-19,0.0,0.78,25.3,30.8,21.8,52.5,0.0,0.0,66.2,106.3,12.35,29.49,0.78,0.81,0.0,0.0,0.78
2017-02-20,0.0,0.78,25.1,30.1,20.0,50.0,0.0,0.0,20.7,106.3,10.5,26.54,0.78,0.78,0.0,0.0,0.75
2017-02-21,0.0,0.75,24.0,28.4,20.3,57.3,0.0,0.0,3.8,106.3,8.92,23.88,0.78,0.78,0.0,0.0,0.75
2017-02-22,0.0,0.75,23.5,27.9,19.9,59.8,0.0,0.0,0.0,106.3,7.58,21.49,0.75,0.78,0.0,0.0,0.75
2017-02-23,0.0,0.75,25.0,31.0,20.9,53.8,0.0,0.0,0.0,106.3,6.45,19.35,0.75,0.75,0.0,0.0,0.75
2017-02-24,0.0,0.75,25.1,30.5,20.6,54.3,0.0,0.0,0.0,106.3,5.48,17.41,0.75,0.75,0.0,0.0,0.75
2017-02-25,0.0,0.75,23.1,29.6,19.6,67.0,0.0,0.0,0.0,106.3,4.66,15.67,0.75,0.75,0.0,0.0,1.06
2017-02-26,0.0,1.06,20.7,24.1,19.6,88.5,0.0,0.0,0.0,106.3,3.96,14.1,0.75,0.75,0.0,0.0,1.72
2017-02-27,14.9,1.72,21.6,26.5,18.9,84.0,14.9,14.9,14.9,121.2,3.37,12.69,1.06,0.75,0.0,0.0,1.56
2017-02-28,1.5,1.56,21.9,26.6,20.2,80.0,16.4,16.4,16.4,122.7,15.53,24.83,1.72,1.06,14.9,0.0,1.38
2017-03-01,0.0,1.38,22.0,27.5,18.8,74.0,16.4,16.4,16.4,122.7,14.47,23.7,1.56,1.72,1.5,14.9,1.44
2017-03-02,0.0,1.44,25.0,30.5,20.2,63.0,1.5,16.4,16.4,122.7,12.3,21.33,1.38,1.56,0.0,1.5,1.25
2017-03-03,0.0,1.25,25.5,30.0,22.5,57.5,0.0,16.4,16.4,122.7,10.46,19.2,1.44,1.38,0.0,0.0,0.94
2017-03-04,0.0,0.94,25.8,31.6,21.0,53.3,0.0,16.4,16.4,122.7,8.89,17.28,1.25,1.44,0.0,0.0,0.85
2017-03-05,0.0,0.85,25.6,30.1,22.7,61.3,0.0,16.4,16.4,102.9,7.55,15.55,0.94,1.25,0.0,0.0,0.81
2017-03-06,0.0,0.81,27.0,32.2,22.2,53.8,0.0,1.5,16.4,89.0,6.42,13.99,0.85,0.94,0.0,0.0,0.78
2017-03-07,0.0,0.78,26.6,31.0,23.1,61.8,0.0,0.0,16.4,82.6,5.46,12.6,0.81,0.85,0.0,0.0,0.94
2017-03-08,0.0,0.94,23.2,29.8,20.2,78.3,0.0,0.0,16.4,37.1,4.64,11.34,0.78,0.81,0.0,0.0,1.03
2017-03-09,47.9,1.03,23.3,27.3,19.9,68.3,47.9,47.9,64.3,68.1,3.94,10.2,0.94,0.78,0.0,0.0,0.87
2017-03-10,0.0,0.87,24.6,29.8,20.9,61.5,47.9,47.9,64.3,64.3,44.07,52.29,1.03,0.94,47.9,0.0,0.81
2017-03-11,0.0,0.81,24.6,30.0,21.1,55.0,47.9,47.9,64.3,64.3,37.46,47.06,0.87,1.03,0.0,47.9,0.78
2017-03-12,0.0,0.78,24.3,28.9,21.2,51.8,0.0,47.9,64.3,64.3,31.84,42.36,0.81,0.87,0.0,0.0,0.78
2017-03-13,0.0,0.78,26.2,31.4,20.9,44.0,0.0,47.9,49.4,64.3,27.06,38.12,0.78,0.81,0.0,0.0,0.75
2017-03-14,0.0,0.75,25.0,29.6,22.0,53.0,0.0,47.9,47.9,64.3,23.0,34.31,0.78,0.78,0.0,0.0,0.75
2017-03-15,0.0,0.75,24.3,28.8,22.0,55.0,0.0,47.9,47.9,64.3,19.55,30.88,0.75,0.78,0.0,0.0,0.75
2017-03-16,0.0,0.75,24.0,28.9,20.7,55.0,0.0,0.0,47.9,64.3,16.62,27.79,0.75,0.75,0.0,0.0,0.75
2017-03-17,0.0,0.75,25.5,30.9,20.4,52.0,0.0,0.0,47.9,64.3,14.13,25.01,0.75,0.75,0.0,0.0,0.81
2017-03-18,0.0,0.81,26.0,31.3,22.4,58.8,0.0,0.0,47.9,64.3,12.01,22.51,0.75,0.75,0.0,0.0,0.81
2017-03-19,49.7,0.81,21.9,25.9,19.0,72.3,49.7,49.7,97.6,114.0,10.21,20.26,0.81,0.75,0.0,0.0,0.87
2017-03-20,2.9,0.87,21.4,25.6,19.8,77.3,52.6,52.6,100.5,116.9,50.92,62.96,0.81,0.81,49.7,0.0,0.87
2017-03-21,3.8,0.87,22.6,29.1,17.8,57.0,56.4,56.4,104.3,120.7,45.75,59.28,0.87,0.81,2.9,49.7,0.81
2017-03-22,0.0,0.81,22.9,28.4,18.3,51.5,6.7,56.4,104.3,120.7,42.12,56.77,0.87,0.87,3.8,2.9,0.75
2017-03-23,0.0,0.75,22.8,27.7,17.9,49.3,3.8,56.4,56.4,120.7,35.8,51.09,0.81,0.87,0.0,3.8,0.75
2017-03-24,0.0,0.75,24.0,29.7,19.1,48.3,0.0,56.4,56.4,120.7,30.43,45.98,0.75,0.81,0.0,0.0,0.72
2017-03-25,0.0,0.72,25.2,31.1,20.0,49.5,0.0,56.4,56.4,120.7,25.86,41.38,0.75,0.75,0.0,0.0,0.72
2017-03-26,0.0,0.72,25.5,31.5,20.7,54.8,0.0,6.7,56.4,120.7,21.98,37.25,0.72,0.75,0.0,0.0,1.4
2017-03-27,0.0,1.4,22.4,27.8,19.8,75.8,0.0,3.8,56.4,120.7,18.69,33.52,0.72,0.72,0.0,0.0,2.94
2017-03-28,37.5,2.94,20.6,23.5,19.8,77.5,37.5,37.5,93.9,158.2,15.88,30.17,1.4,0.72,0.0,0.0,3.38
2017-03-29,7.5,3.38,21.6,27.1,17.3,51.8,45.0,45.0,101.4,150.8,45.38,60.9,2.94,1.4,37.5,0.0,2.37
2017-03-30,0.0,2.37,22.4,28.5,17.0,53.8,45.0,45.0,101.4,149.3,44.94,61.56,3.38,2.94,7.5,37.5,1.62
2017-03-31,0.0,1.62,22.8,29.2,17.5,53.8,7.5,45.0,101.4,149.3,38.2,55.41,2.37,3.38,0.0,7.5,1.19
2017-04-01,0.0,1.19,21.5,28.0,16.5,51.3,0.0,45.0,101.4,149.3,32.47,49.87,1.62,2.37,0.0,0.0,0.91
2017-04-02,0.0,0.91,21.7,26.5,17.0,49.3,0.0,45.0,51.7,149.3,27.6,44.88,1.19,1.62,0.0,0.0,0.78
2017-04-03,0.0,0.78,23.2,28.9,18.7,49.5,0.0,45.0,48.8,149.3,23.46,40.39,0.91,1.19,0.0,0.0,0.75
2017-04-04,0.0,0.75,23.1,27.7,19.3,54.3,0.0,7.5,45.0,149.3,19.94,36.35,0.78,0.91,0.0,0.0,0.75
2017-04-05,0.0,0.75,23.8,29.7,19.8,54.3,0.0,0.0,45.0,149.3,16.95,32.72,0.75,0.78,0.0,0.0,0.72
2017-04-06,0.0,0.72,24.9,29.1,20.4,59.3,0.0,0.0,45.0,149.3,14.41,29.45,0.75,0.75,0.0,0.0,0.72
2017-04-07,0.0,0.72,24.7,28.6,21.7,62.3,0.0,0.0,45.0,149.3,12.25,26.5,0.72,0.75,0.0,0.0,0.72
2017-04-08,0.0,0.72,24.7,28.4,22.4,61.8,0.0,0.0,45.0,101.4,10.41,23.85,0.72,0.72,0.0,0.0,0.72
2017-04-09,0.0,0.72,23.8,28.0,21.6,63.0,0.0,0.0,45.0,101.4,8.85,21.47,0.72,0.72,0.0,0.0,0.72
2017-04-10,0.0,0.72,23.3,26.8,20.9,66.8,0.0,0.0,45.0,101.4,7.52,19.32,0.72,0.72,0.0,0.0,0.72
2017-04-11,0.0,0.72,24.5,29.6,19.9,60.0,0.0,0.0,7.5,101.4,6.39,17.39,0.72,0.72,0.0,0.0,0.72
2017-04-12,0.0,0.72,24.5,29.7,21.1,71.3,0.0,0.0,0.0,101.4,5.43,15.65,0.72,0.72,0.0,0.0,0.72
2017-04-13,0.0,0.72,22.4,27.0,19.9,67.8,0.0,0.0,0.0,101.4,4.62,14.08,0.72,0.72,0.0,0.0,0.69
2017-04-14,0.0,0.69,22.5,27.4,19.3,68.0,0.0,0.0,0.0,101.4,3.93,12.68,0.72,0.72,0.0,0.0,0.69
2017-04-15,0.0,0.69,22.6,27.3,19.8,70.8,0.0,0.0,0.0,101.4,3.34,11.41,0.69,0.72,0.0,0.0,0.69
2017-04-16,0.0,0.69,22.9,28.5,19.1,59.3,0.0,0.0,0.0,101.4,2.84,10.27,0.69,0.69,0.0,0.0,0.69
2017-04-17,0.0,0.69,25.1,30.8,19.3,48.8,0.0,0.0,0.0,101.4,2.41,9.24,0.69,0.69,0.0,0.0,0.69
2017-04-18,0.0,0.69,22.4,27.0,20.1,63.5,0.0,0.0,0.0,51.7,2.05,8.32,0.69,0.69,0.0,0.0,0.69
2017-04-19,0.0,0.69,20.1,24.5,18.5,70.5,0.0,0.0,0.0,48.8,1.74,7.48,0.69,0.69,0.0,0.0,0.66
2017-04-20,0.0,0.66,20.5,25.4,18.1,69.0,0.0,0.0,0.0,45.0,1.48,6.74,0.69,0.69,0.0,0.0,0.66
2017-04-21,0.0,0.66,21.5,26.9,17.5,64.8,0.0,0.0,0.0,45.0,1.26,6.06,0.66,0.69,0.0,0.0,0.69
2017-04-22,0.0,0.69,22.3,26.1,19.2,71.5,0.0,0.0,0.0,45.0,1.07,5.46,0.66,0.66,0.0,0.0,0.78
2017-04-23,0.0,0.78,21.9,26.6,19.7,69.3,0.0,0.0,0.0,45.0,0.91,4.91,0.69,0.66,0.0,0.0,0.78
2017-04-24,0.0,0.78,21.7,26.0,18.5,69.0,0.0,0.0,0.0,45.0,0.77,4.42,0.78,0.69,0.0,0.0,0.72
2017-04-25,0.0,0.72,22.6,27.2,19.5,67.0,0.0,0.0,0.0,45.0,0.66,3.98,0.78,0.78,0.0,0.0,0.69
2017-04-26,0.0,0.69,23.8,29.9,19.0,64.3,0.0,0.0,0.0,45.0,0.56,3.58,0.72,0.78,0.0,0.0,0.97
2017-04-27,5.8,0.97,23.8,29.5,20.4,72.5,5.8,5.8,5.8,13.3,0.47,3.22,0.69,0.72,0.0,0.0,1.38
2017-04-28,0.0,1.38,20.6,24.2,19.0,86.3,5.8,5.8,5.8,5.8,5.33,8.12,0.97,0.69,5.8,0.0,1.28
2017-04-29,8.8,1.28,20.1,23.1,19.0,77.8,14.6,14.6,14.6,14.6,4.53,7.31,1.38,0.97,0.0,5.8,0.94
2017-04-30,0.0,0.94,19.6,24.5,17.6,74.5,8.8,14.6,14.6,14.6,11.33,14.5,1.28,1.38,8.8,0.0,0.75
2017-05-01,0.0,0.75,19.8,25.1,15.7,65.5,8.8,14.6,14.6,14.6,9.63,13.05,0.94,1.28,0.0,8.8,0.72
2017-05-02,0.0,0.72,20.3,25.2,17.1,66.3,0.0,14.6,14.6,14.6,8.19,11.74,0.75,0.94,0.0,0.0,0.69
2017-05-03,0.0,0.69,20.5,24.8,17.9,65.3,0.0,14.6,14.6,14.6,6.96,10.57,0.72,0.75,0.0,0.0,0.69
2017-05-04,0.0,0.69,21.0,25.2,18.1,63.8,0.0,8.8,14.6,14.6,5.92,9.51,0.69,0.72,0.0,0.0,0.66
2017-05-05,0.0,0.66,21.5,27.2,17.1,61.3,0.0,8.8,14.6,14.6,5.03,8.56,0.69,0.69,0.0,0.0,0.66
2017-05-06,0.0,0.66,21.0,24.2,18.2,72.3,0.0,0.0,14.6,14.6,4.27,7.7,0.66,0.69,0.0,0.0,0.66
2017-05-07,3.0,0.66,21.7,28.0,17.5,60.3,3.0,3.0,17.6,17.6,3.63,6.93,0.66,0.66,0.0,0.0,0.66
2017-05-08,0.0,0.66,21.7,27.7,16.9,55.0,3.0,3.0,17.6,17.6,5.64,8.94,0.66,0.66,3.0,0.0,0.63
2017-05-09,0.0,0.63,22.7,28.5,18.1,55.5,3.0,3.0,17.6,17.6,4.79,8.05,0.66,0.66,0.0,3.0,0.63
2017-05-10,0.0,0.63,22.5,27.8,17.5,56.0,0.0,3.0,17.6,17.6,4.07,7.24,0.63,0.66,0.0,0.0,0.63
2017-05-11,0.0,0.63,21.4,26.5,18.0,60.0,0.0,3.0,11.8,17.6,3.46,6.52,0.63,0.63,0.0,0.0,0.63
2017-05-12,0.0,0.63,20.3,26.0,15.5,55.8,0.0,3.0,11.8,17.6,2.94,5.87,0.63,0.63,0.0,0.0,0.63
2017-05-13,0.0,0.63,20.5,27.1,16.3,58.8,0.0,3.0,3.0,17.6,2.5,5.28,0.63,0.63,0.0,0.0,0.59
2017-05-14,0.0,0.59,23.3,28.6,16.6,52.8,0.0,0.0,3.0,17.6,2.13,4.75,0.63,0.63,0.0,0.0,0.66
2017-05-15,0.0,0.66,22.1,25.5,19.2,73.3,0.0,0.0,3.0,17.6,1.81,4.28,0.59,0.63,0.0,0.0,0.85
2017-05-16,0.0,0.85,21.2,26.7,19.2,78.5,0.0,0.0,3.0,17.6,1.54,3.85,0.66,0.59,0.0,0.0,0.87
2017-05-17,0.0,0.87,19.7,22.9,17.9,75.3,0.0,0.0,3.0,17.6,1.31,3.46,0.85,0.66,0.0,0.0,0.75
2017-05-18,0.0,0.75,19.3,23.2,17.3,74.8,0.0,0.0,3.0,17.6,1.11,3.12,0.87,0.85,0.0,0.0,0.91
2017-05-19,0.0,0.91,18.8,20.1,17.4,80.3,0.0,0.0,3.0,17.6,0.94,2.81,0.75,0.87,0.0,0.0,1.88
2017-05-20,21.8,1.88,19.2,22.0,17.0,84.0,21.8,21.8,24.8,39.4,0.8,2.53,0.91,0.75,0.0,0.0,2.85
2017-05-21,0.0,2.85,20.6,24.0,18.2,80.0,21.8,21.8,21.8,39.4,19.21,21.89,1.88,0.91,21.8,0.0,2.18
2017-05-22,0.0,2.18,21.8,26.4,19.1,80.5,21.8,21.8,21.8,39.4,16.33,19.7,2.85,1.88,0.0,21.8,1.56
2017-05-23,9.5,1.56,21.5,27.0,18.3,71.5,9.5,31.3,31.3,48.9,13.88,17.73,2.18,2.85,0.0,0.0,1.09
2017-05-24,0.0,1.09,21.0,25.6,18.3,67.0,9.5,31.3,31.3,48.9,19.87,24.51,1.56,2.18,9.5,0.0,0.87
2017-05-25,0.0,0.87,21.2,26.1,18.5,68.3,9.5,31.3,31.3,48.9,16.89,22.06,1.09,1.56,0.0,9.5,0.72
2017-05-26,0.0,0.72,20.0,24.0,17.9,68.5,0.0,31.3,31.3,48.9,14.36,19.85,0.87,1.09,0.0,0.0,0.69
2017-05-27,0.0,0.69,20.4,25.3,16.7,60.8,0.0,9.5,31.3,43.1,12.2,17.87,0.72,0.87,0.0,0.0,0.66
2017-05-28,0.0,0.66,20.6,25.7,16.6,57.8,0.0,9.5,31.3,43.1,10.37,16.08,0.69,0.72,0.0,0.0,0.66
2017-05-29,0.0,0.66,20.4,26.0,16.6,58.3,0.0,9.5,31.3,34.3,8.82,14.47,0.66,0.69,0.0,0.0,0.63
2017-05-30,0.0,0.63,20.4,26.7,15.3,54.5,0.0,0.0,31.3,34.3,7.5,13.03,0.66,0.66,0.0,0.0,0.63
2017-05-31,0.0,0.63,20.7,27.1,15.5,52.5,0.0,0.0,31.3,34.3,6.37,11.72,0.63,0.66,0.0,0.0,0.63
2017-06-01,0.0,0.63,23.0,29.2,16.9,65.0,0.0,0.0,31.3,34.3,5.42,10.55,0.63,0.63,0.0,0.0,0.63
2017-06-02,0.0,0.63,22.6,28.6,18.9,51.3,0.0,0.0,31.3,34.3,4.6,9.5,0.63,0.63,0.0,0.0,0.63
2017-06-03,0.0,0.63,21.4,26.5,18.0,68.5,0.0,0.0,9.5,34.3,3.91,8.55,0.63,0.63,0.0,0.0,0.59
2017-06-05,0.0,0.59,22.0,27.6,19.0,63.8,0.0,0.0,9.5,34.3,2.83,6.92,0.59,0.63,0.0,0.0,0.59
2017-06-06,0.0,0.59,22.9,29.2,17.9,52.3,0.0,0.0,0.0,31.3,2.4,6.23,0.59,0.59,0.0,0.0,0.59
2017-06-07,0.0,0.59,23.4,30.0,18.1,51.0,0.0,0.0,0.0,31.3,2.04,5.61,0.59,0.59,0.0,0.0,0.59
2017-06-08,0.0,0.59,22.7,28.4,18.4,57.0,0.0,0.0,0.0,31.3,1.74,5.05,0.59,0.59,0.0,0.0,0.59
2017-06-09,0.0,0.59,23.8,29.3,18.3,48.5,0.0,0.0,0.0,31.3,1.48,4.54,0.59,0.59,0.0,0.0,0.56
2017-06-10,0.0,0.56,21.9,27.8,17.4,42.3,0.0,0.0,0.0,31.3,1.25,4.09,0.59,0.59,0.0,0.0,0.56
2017-06-11,0.0,0.56,20.9,26.2,17.4,68.8,0.0,0.0,0.0,31.3,1.07,3.68,0.56,0.59,0.0,0.0,0.53
2017-06-12,10.0,0.53,20.6,25.5,18.1,72.5,10.0,10.0,10.0,41.3,0.91,3.31,0.56,0.56,0.0,0.0,0.53
2017-06-13,8.0,0.53,20.7,25.3,16.7,66.3,18.0,18.0,18.0,49.3,9.27,11.98,0.53,0.56,10.0,0.0,0.53
2017-06-14,0.0,0.53,20.2,25.4,18.1,78.3,18.0,18.0,18.0,49.3,14.68,17.98,0.53,0.53,8.0,10.0,0.53
2017-06-15,0.0,0.53,19.1,24.2,16.6,64.3,8.0,18.0,18.0,49.3,12.48,16.18,0.53,0.53,0.0,8.0,0.53
2017-06-16,0.0,0.53,19.1,24.0,15.5,63.3,0.0,18.0,18.0,49.3,10.61,14.57,0.53,0.53,0.0,0.0,0.53
2017-06-17,0.0,0.53,19.1,23.9,15.4,60.5,0.0,18.0,18.0,49.3,9.02,13.11,0.53,0.53,0.0,0.0,0.53
2017-06-18,0.0,0.53,19.8,25.8,15.0,57.5,0.0,18.0,18.0,49.3,7.66,11.8,0.53,0.53,0.0,0.0,0.53
2017-06-19,0.0,0.53,20.7,26.5,15.4,44.0,0.0,8.0,18.0,27.5,6.51,10.62,0.53,0.53,0.0,0.0,0.5
2017-06-20,0.0,0.5,21.0,24.6,19.1,55.3,0.0,0.0,18.0,27.5,5.54,9.56,0.53,0.53,0.0,0.0,0.52
2017-06-21,0.0,0.52,18.6,22.8,16.5,65.0,0.0,0.0,18.0,27.5,4.71,8.6,0.5,0.53,0.0,0.0,0.5
2017-06-22,0.0,0.5,18.2,22.5,14.9,66.0,0.0,0.0,18.0,18.0,4.0,7.74,0.52,0.5,0.0,0.0,0.5
2017-06-23,0.0,0.5,18.5,23.1,14.9,60.3,0.0,0.0,18.0,18.0,3.4,6.97,0.5,0.52,0.0,0.0,0.5
2017-06-24,0.0,0.5,18.6,23.0,15.8,66.0,0.0,0.0,18.0,18.0,2.89,6.27,0.5,0.5,0.0,0.0,0.5
2017-06-25,0.0,0.5,17.7,23.1,13.6,62.0,0.0,0.0,18.0,18.0,2.46,5.64,0.5,0.5,0.0,0.0,0.49
2017-06-26,0.0,0.49,17.0,22.1,13.9,74.0,0.0,0.0,8.0,18.0,2.09,5.08,0.5,0.5,0.0,0.0,0.49
2017-06-27,0.0,0.49,18.0,22.2,13.5,65.0,0.0,0.0,0.0,18.0,1.77,4.57,0.49,0.5,0.0,0.0,0.49
2017-06-28,0.0,0.49,19.1,23.6,16.1,67.3,0.0,0.0,0.0,18.0,1.51,4.11,0.49,0.49,0.0,0.0,0.49
2017-06-29,0.0,0.49,18.7,23.5,15.1,56.3,0.0,0.0,0.0,18.0,1.28,3.7,0.49,0.49,0.0,0.0,0.47
2017-06-30,0.0,0.47,19.2,24.9,14.5,55.8,0.0,0.0,0.0,18.0,1.09,3.33,0.49,0.49,0.0,0.0,0.47
2017-07-01,0.0,0.47,18.8,25.2,14.4,58.3,0.0,0.0,0.0,18.0,0.93,3.0,0.47,0.49,0.0,0.0,0.47
2017-07-02,0.0,0.47,17.5,22.9,15.3,69.8,0.0,0.0,0.0,18.0,0.79,2.7,0.47,0.47,0.0,0.0,0.47
2017-07-03,0.0,0.47,14.5,19.7,11.8,49.0,0.0,0.0,0.0,18.0,0.67,2.43,0.47,0.47,0.0,0.0,0.47
2017-07-04,0.0,0.47,14.0,18.0,9.4,54.0,0.0,0.0,0.0,18.0,0.57,2.19,0.47,0.47,0.0,0.0,0.45
2017-07-05,0.0,0.45,15.3,18.8,12.4,63.8,0.0,0.0,0.0,18.0,0.48,1.97,0.47,0.47,0.0,0.0,0.45
2017-07-06,0.0,0.45,15.7,19.9,12.4,70.3,0.0,0.0,0.0,18.0,0.41,1.77,0.45,0.47,0.0,0.0,0.45
2017-07-07,0.0,0.45,16.2,20.2,13.4,67.5,0.0,0.0,0.0,18.0,0.35,1.59,0.45,0.45,0.0,0.0,0.45
2017-07-08,0.0,0.45,16.4,21.2,13.7,62.8,0.0,0.0,0.0,18.0,0.3,1.43,0.45,0.45,0.0,0.0,0.44
2017-07-09,0.0,0.44,17.4,22.6,13.9,63.5,0.0,0.0,0.0,18.0,0.25,1.29,0.45,0.45,0.0,0.0,0.44
2017-07-10,0.0,0.44,17.4,20.7,14.8,62.5,0.0,0.0,0.0,18.0,0.21,1.16,0.44,0.45,0.0,0.0,0.44
2017-07-11,0.0,0.44,18.4,23.3,15.0,61.8,0.0,0.0,0.0,18.0,0.18,1.05,0.44,0.44,0.0,0.0,0.44
2017-07-12,0.0,0.44,19.0,24.6,15.6,58.8,0.0,0.0,0.0,8.0,0.16,0.94,0.44,0.44,0.0,0.0,0.44
2017-07-13,0.0,0.44,18.4,23.7,15.4,60.0,0.0,0.0,0.0,0.0,0.13,0.85,0.44,0.44,0.0,0.0,0.42
2017-07-14,0.0,0.42,17.9,22.0,15.0,67.3,0.0,0.0,0.0,0.0,0.11,0.76,0.44,0.44,0.0,0.0,0.42
2017-07-15,0.0,0.42,17.3,22.3,14.0,64.5,0.0,0.0,0.0,0.0,0.1,0.69,0.42,0.44,0.0,0.0,0.42
2017-07-16,0.0,0.42,18.5,24.7,15.0,54.3,0.0,0.0,0.0,0.0,0.08,0.62,0.42,0.42,0.0,0.0,0.42
2017-07-17,0.0,0.42,19.4,26.0,14.4,55.3,0.0,0.0,0.0,0.0,0.07,0.56,0.42,0.42,0.0,0.0,0.41
2017-07-18,0.0,0.41,19.4,25.0,16.2,53.5,0.0,0.0,0.0,0.0,0.06,0.5,0.42,0.42,0.0,0.0,0.41
2017-07-19,0.0,0.41,18.2,23.0,15.2,52.0,0.0,0.0,0.0,0.0,0.05,0.45,0.41,0.42,0.0,0.0,0.41
2017-07-20,0.0,0.41,18.9,24.2,15.0,52.3,0.0,0.0,0.0,0.0,0.04,0.41,0.41,0.41,0.0,0.0,0.37
2017-07-21,0.0,0.37,19.9,25.4,15.8,51.3,0.0,0.0,0.0,0.0,0.04,0.36,0.41,0.41,0.0,0.0,0.37
2017-07-22,0.0,0.37,20.5,26.6,15.5,43.3,0.0,0.0,0.0,0.0,0.03,0.33,0.37,0.41,0.0,0.0,0.37
2017-07-23,0.0,0.37,19.1,23.5,16.0,38.5,0.0,0.0,0.0,0.0,0.03,0.3,0.37,0.37,0.0,0.0,0.37
2017-07-24,0.0,0.37,19.4,24.0,15.0,51.5,0.0,0.0,0.0,0.0,0.02,0.27,0.37,0.37,0.0,0.0,0.36
2017-07-25,0.0,0.36,18.8,23.7,16.2,50.3,0.0,0.0,0.0,0.0,0.02,0.24,0.37,0.37,0.0,0.0,0.36
2017-07-26,0.0,0.36,18.7,23.7,16.0,52.3,0.0,0.0,0.0,0.0,0.02,0.22,0.36,0.37,0.0,0.0,0.36
2017-07-27,0.0,0.36,17.8,22.7,14.6,54.3,0.0,0.0,0.0,0.0,0.01,0.19,0.36,0.36,0.0,0.0,0.33
2017-07-28,0.0,0.33,18.2,23.8,14.0,48.8,0.0,0.0,0.0,0.0,0.01,0.17,0.36,0.36,0.0,0.0,0.33
2017-07-29,0.0,0.33,16.8,19.9,14.0,68.5,0.0,0.0,0.0,0.0,0.01,0.16,0.33,0.36,0.0,0.0,0.31
2017-07-30,0.0,0.31,17.1,22.2,13.8,55.0,0.0,0.0,0.0,0.0,0.01,0.14,0.33,0.33,0.0,0.0,0.3
2017-07-31,0.0,0.3,17.1,21.9,14.4,49.3,0.0,0.0,0.0,0.0,0.01,0.13,0.31,0.33,0.0,0.0,0.3
2017-08-01,0.0,0.3,16.5,21.7,12.8,50.0,0.0,0.0,0.0,0.0,0.01,0.11,0.3,0.31,0.0,0.0,0.3
2017-08-02,0.0,0.3,17.9,23.9,12.7,52.0,0.0,0.0,0.0,0.0,0.01,0.1,0.3,0.3,0.0,0.0,0.3
2017-08-03,0.0,0.3,20.8,27.9,13.7,40.5,0.0,0.0,0.0,0.0,0.0,0.09,0.3,0.3,0.0,0.0,0.3
2017-08-04,0.0,0.3,21.6,28.2,18.0,38.3,0.0,0.0,0.0,0.0,0.0,0.08,0.3,0.3,0.0,0.0,0.28
2017-08-05,0.0,0.28,19.0,25.6,14.3,48.0,0.0,0.0,0.0,0.0,0.0,0.08,0.3,0.3,0.0,0.0,0.28
2017-08-06,0.0,0.28,17.5,22.9,13.3,58.8,0.0,0.0,0.0,0.0,0.0,0.07,0.28,0.3,0.0,0.0,0.28
2017-08-07,0.0,0.28,18.9,24.7,14.5,53.0,0.0,0.0,0.0,0.0,0.0,0.06,0.28,0.28,0.0,0.0,0.28
2017-08-08,0.0,0.28,21.0,28.7,14.7,42.8,0.0,0.0,0.0,0.0,0.0,0.05,0.28,0.28,0.0,0.0,0.28
2017-08-09,0.0,0.28,22.9,30.6,15.3,36.5,0.0,0.0,0.0,0.0,0.0,0.05,0.28,0.28,0.0,0.0,0.28
2017-08-10,0.0,0.28,25.0,31.9,17.9,33.3,0.0,0.0,0.0,0.0,0.0,0.04,0.28,0.28,0.0,0.0,0.28
2017-08-11,0.0,0.28,20.3,26.0,16.9,61.0,0.0,0.0,0.0,0.0,0.0,0.04,0.28,0.28,0.0,0.0,0.26
2017-08-12,0.0,0.26,20.5,26.4,16.3,55.5,0.0,0.0,0.0,0.0,0.0,0.04,0.28,0.28,0.0,0.0,0.26
2017-08-13,0.0,0.26,20.6,28.1,16.2,54.3,0.0,0.0,0.0,0.0,0.0,0.03,0.26,0.28,0.0,0.0,0.26
2017-08-14,0.0,0.26,23.4,31.4,16.1,44.0,0.0,0.0,0.0,0.0,0.0,0.03,0.26,0.26,0.0,0.0,0.26
2017-08-15,0.0,0.26,21.1,25.6,19.2,57.8,0.0,0.0,0.0,0.0,0.0,0.03,0.26,0.26,0.0,0.0,0.26
2017-08-16,0.0,0.26,21.5,27.2,16.7,48.8,0.0,0.0,0.0,0.0,0.0,0.02,0.26,0.26,0.0,0.0,0.26
2017-08-17,0.0,0.26,23.0,29.4,18.3,47.0,0.0,0.0,0.0,0.0,0.0,0.02,0.26,0.26,0.0,0.0,0.26
2017-08-18,0.0,0.26,21.7,27.4,18.5,55.5,0.0,0.0,0.0,0.0,0.0,0.02,0.26,0.26,0.0,0.0,0.26
2017-08-19,0.0,0.26,21.2,27.4,18.1,55.0,0.0,0.0,0.0,0.0,0.0,0.02,0.26,0.26,0.0,0.0,0.26
2017-08-20,0.0,0.26,23.6,30.8,18.0,44.3,0.0,0.0,0.0,0.0,0.0,0.02,0.26,0.26,0.0,0.0,0.26
2017-08-21,0.0,0.26,20.0,27.8,16.1,63.3,0.0,0.0,0.0,0.0,0.0,0.01,0.26,0.26,0.0,0.0,0.25
2017-08-22,0.0,0.25,18.6,23.4,14.5,55.5,0.0,0.0,0.0,0.0,0.0,0.01,0.26,0.26,0.0,0.0,0.25
2017-08-24,0.0,0.25,18.7,25.4,15.0,62.3,0.0,0.0,0.0,0.0,0.0,0.01,0.25,0.25,0.0,0.0,0.24
2017-08-25,0.0,0.24,17.6,23.5,13.9,48.5,0.0,0.0,0.0,0.0,0.0,0.01,0.25,0.25,0.0,0.0,0.24
2017-08-26,0.0,0.24,19.3,26.7,13.6,41.0,0.0,0.0,0.0,0.0,0.0,0.01,0.24,0.25,0.0,0.0,0.24
2017-08-27,0.0,0.24,20.3,27.0,14.8,42.3,0.0,0.0,0.0,0.0,0.0,0.01,0.24,0.24,0.0,0.0,0.24
2017-08-28,0.0,0.24,22.3,29.6,16.9,36.3,0.0,0.0,0.0,0.0,0.0,0.01,0.24,0.24,0.0,0.0,0.23
2017-08-29,0.0,0.23,21.5,28.4,17.1,37.0,0.0,0.0,0.0,0.0,0.0,0.01,0.24,0.24,0.0,0.0,0.23
2017-08-30,0.0,0.23,23.1,31.0,16.5,42.0,0.0,0.0,0.0,0.0,0.0,0.01,0.23,0.24,0.0,0.0,0.23
2017-08-31,0.0,0.23,25.0,32.1,18.9,39.0,0.0,0.0,0.0,0.0,0.0,0.0,0.23,0.23,0.0,0.0,0.23
2017-09-01,0.0,0.23,19.6,24.2,16.9,60.3,0.0,0.0,0.0,0.0,0.0,0.0,0.23,0.23,0.0,0.0,0.23
2017-09-02,0.0,0.23,18.3,24.0,13.2,46.3,0.0,0.0,0.0,0.0,0.0,0.0,0.23,0.23,0.0,0.0,0.23
2017-09-03,0.0,0.23,17.0,22.6,13.7,49.0,0.0,0.0,0.0,0.0,0.0,0.0,0.23,0.23,0.0,0.0,0.23
2017-09-04,0.0,0.23,17.8,22.9,13.3,50.0,0.0,0.0,0.0,0.0,0.0,0.0,0.23,0.23,0.0,0.0,0.23
2017-09-05,0.0,0.23,20.0,26.6,14.3,42.5,0.0,0.0,0.0,0.0,0.0,0.0,0.23,0.23,0.0,0.0,0.22
2017-09-06,0.0,0.22,21.7,28.6,15.1,40.8,0.0,0.0,0.0,0.0,0.0,0.0,0.23,0.23,0.0,0.0,0.22
2017-09-07,0.0,0.22,22.2,28.5,17.3,34.0,0.0,0.0,0.0,0.0,0.0,0.0,0.22,0.23,0.0,0.0,0.22
2017-09-08,0.0,0.22,20.6,27.1,16.3,45.3,0.0,0.0,0.0,0.0,0.0,0.0,0.22,0.22,0.0,0.0,0.21
2017-09-09,0.0,0.21,20.5,27.1,15.6,43.0,0.0,0.0,0.0,0.0,0.0,0.0,0.22,0.22,0.0,0.0,0.21
2017-09-10,0.0,0.21,21.2,27.0,17.2,51.0,0.0,0.0,0.0,0.0,0.0,0.0,0.21,0.22,0.0,0.0,0.21
2017-09-11,0.0,0.21,21.8,27.7,17.9,44.8,0.0,0.0,0.0,0.0,0.0,0.0,0.21,0.21,0.0,0.0,0.21
2017-09-12,0.0,0.21,21.2,27.9,16.3,99.3,0.0,0.0,0.0,0.0,0.0,0.0,0.21,0.21,0.0,0.0,0.19
2017-09-13,0.0,0.19,21.1,27.5,15.9,43.8,0.0,0.0,0.0,0.0,0.0,0.0,0.21,0.21,0.0,0.0,0.18
2017-09-14,0.0,0.18,22.6,29.5,16.7,41.5,0.0,0.0,0.0,0.0,0.0,0.0,0.19,0.21,0.0,0.0,0.18
2017-09-15,0.0,0.18,23.1,30.2,18.1,43.3,0.0,0.0,0.0,0.0,0.0,0.0,0.18,0.19,0.0,0.0,0.18
2017-09-16,0.0,0.18,21.6,27.9,17.2,45.5,0.0,0.0,0.0,0.0,0.0,0.0,0.18,0.18,0.0,0.0,0.17
2017-09-17,0.0,0.17,21.4,27.3,16.6,47.3,0.0,0.0,0.0,0.0,0.0,0.0,0.18,0.18,0.0,0.0,0.17
2017-09-18,0.0,0.17,21.1,26.5,17.1,45.8,0.0,0.0,0.0,0.0,0.0,0.0,0.17,0.18,0.0,0.0,0.17
2017-09-19,0.0,0.17,21.1,26.8,17.1,49.0,0.0,0.0,0.0,0.0,0.0,0.0,0.17,0.17,0.0,0.0,0.17
2017-09-20,0.0,0.17,21.1,26.9,16.9,41.8,0.0,0.0,0.0,0.0,0.0,0.0,0.17,0.17,0.0,0.0,0.17
2017-09-21,0.0,0.17,21.2,27.2,16.2,41.8,0.0,0.0,0.0,0.0,0.0,0.0,0.17,0.17,0.0,0.0,0.17
2017-09-22,0.0,0.17,20.3,26.5,16.2,46.0,0.0,0.0,0.0,0.0,0.0,0.0,0.17,0.17,0.0,0.0,0.16
2017-09-23,0.0,0.16,20.8,27.2,16.6,49.3,0.0,0.0,0.0,0.0,0.0,0.0,0.17,0.17,0.0,0.0,0.16
2017-09-24,0.0,0.16,21.7,27.9,17.4,41.0,0.0,0.0,0.0,0.0,0.0,0.0,0.16,0.17,0.0,0.0,0.16
2017-09-25,0.0,0.16,20.8,26.1,17.5,45.0,0.0,0.0,0.0,0.0,0.0,0.0,0.16,0.16,0.0,0.0,0.16
2017-09-26,0.0,0.16,21.1,26.9,16.5,48.3,0.0,0.0,0.0,0.0,0.0,0.0,0.16,0.16,0.0,0.0,0.16
2017-09-27,0.0,0.16,22.2,28.1,17.5,53.5,0.0,0.0,0.0,0.0,0.0,0.0,0.16,0.16,0.0,0.0,0.16
2017-09-28,0.0,0.16,25.2,32.6,18.3,44.5,0.0,0.0,0.0,0.0,0.0,0.0,0.16,0.16,0.0,0.0,0.16
2017-09-29,16.5,0.16,24.4,30.7,18.0,46.0,16.5,16.5,16.5,16.5,0.0,0.0,0.16,0.16,0.0,0.0,0.27
2017-09-30,0.1,0.27,19.0,24.6,17.0,90.3,16.6,16.6,16.6,16.6,14.03,14.85,0.16,0.16,16.5,0.0,0.45
2017-10-01,19.5,0.45,22.4,30.0,16.4,57.5,36.1,36.1,36.1,36.1,12.01,13.46,0.27,0.16,0.1,16.5,0.41
2017-10-02,0.0,0.41,24.5,32.2,19.6,73.3,19.6,36.1,36.1,36.1,26.78,29.66,0.45,0.27,19.5,0.1,0.63
2017-10-03,0.0,0.63,21.0,24.7,19.3,74.5,19.5,36.1,36.1,36.1,22.76,26.69,0.41,0.45,0.0,19.5,0.45
2017-10-04,0.0,0.45,21.2,24.8,18.5,72.8,0.0,36.1,36.1,36.1,19.35,24.02,0.63,0.41,0.0,0.0,0.32
2017-10-05,0.0,0.32,21.6,26.6,18.3,63.3,0.0,36.1,36.1,36.1,16.45,21.62,0.45,0.63,0.0,0.0,0.26
2017-10-06,0.0,0.26,24.2,30.8,18.2,44.8,0.0,19.6,36.1,36.1,13.98,19.46,0.32,0.45,0.0,0.0,0.22
2017-10-07,0.0,0.22,25.1,35.9,19.4,48.0,0.0,19.5,36.1,36.1,11.88,17.51,0.26,0.32,0.0,0.0,0.2
2017-10-08,0.0,0.2,22.8,28.6,19.0,46.8,0.0,0.0,36.1,36.1,10.1,15.76,0.22,0.26,0.0,0.0,0.19
2017-10-09,0.0,0.19,22.9,28.6,18.1,50.8,0.0,0.0,36.1,36.1,8.59,14.19,0.2,0.22,0.0,0.0,0.18
2017-10-10,0.0,0.18,25.3,31.8,20.4,40.0,0.0,0.0,36.1,36.1,7.3,12.77,0.19,0.2,0.0,0.0,0.17
2017-10-11,0.0,0.17,25.5,32.2,21.2,39.5,0.0,0.0,36.1,36.1,6.2,11.49,0.18,0.19,0.0,0.0,0.16
2017-10-12,0.0,0.16,26.3,32.8,21.3,33.5,0.0,0.0,36.1,36.1,5.27,10.34,0.17,0.18,0.0,0.0,0.16
2017-10-13,0.0,0.16,25.3,30.8,21.2,40.0,0.0,0.0,19.6,36.1,4.48,9.31,0.16,0.17,0.0,0.0,0.16
2017-10-14,0.0,0.16,26.9,33.8,20.6,32.5,0.0,0.0,19.5,36.1,3.81,8.38,0.16,0.16,0.0,0.0,0.16
2017-10-15,0.0,0.16,26.3,32.6,23.2,47.0,0.0,0.0,0.0,36.1,3.24,7.54,0.16,0.16,0.0,0.0,0.16
2017-10-16,0.0,0.16,23.1,27.3,20.3,58.3,0.0,0.0,0.0,36.1,2.75,6.79,0.16,0.16,0.0,0.0,0.16
2017-10-17,0.0,0.16,22.8,28.8,19.8,57.0,0.0,0.0,0.0,36.1,2.34,6.11,0.16,0.16,0.0,0.0,0.16
2017-10-18,0.0,0.16,22.2,28.8,17.5,42.0,0.0,0.0,0.0,36.1,1.99,5.5,0.16,0.16,0.0,0.0,0.15
2017-10-19,0.0,0.15,23.9,31.0,17.5,38.5,0.0,0.0,0.0,36.1,1.69,4.95,0.16,0.16,0.0,0.0,0.15
2017-10-20,0.0,0.15,26.8,32.7,19.7,26.0,0.0,0.0,0.0,36.1,1.44,4.45,0.15,0.16,0.0,0.0,0.14
2017-10-21,0.0,0.14,27.6,34.4,22.3,40.3,0.0,0.0,0.0,36.1,1.22,4.01,0.15,0.15,0.0,0.0,0.14
2017-10-22,0.0,0.14,26.9,34.4,20.8,43.0,0.0,0.0,0.0,36.1,1.04,3.61,0.14,0.15,0.0,0.0,0.31
2017-10-23,8.0,0.31,23.4,30.1,19.6,56.5,8.0,8.0,8.0,44.1,0.88,3.25,0.14,0.14,0.0,0.0,0.26
2017-10-24,0.0,0.26,22.5,27.1,19.7,57.8,8.0,8.0,8.0,44.1,7.55,10.12,0.31,0.14,8.0,0.0,0.22
2017-10-25,0.0,0.22,23.1,28.4,19.5,51.0,8.0,8.0,8.0,44.1,6.42,9.11,0.26,0.31,0.0,8.0,0.19
2017-10-26,0.0,0.19,24.6,31.4,19.8,50.0,0.0,8.0,8.0,44.1,5.45,8.2,0.22,0.26,0.0,0.0,0.26
2017-10-27,0.0,0.26,25.9,33.2,20.7,44.3,0.0,8.0,8.0,44.1,4.64,7.38,0.19,0.22,0.0,0.0,0.57
2017-10-28,23.5,0.57,22.3,27.1,18.0,70.3,23.5,31.5,31.5,67.6,3.94,6.64,0.26,0.19,0.0,0.0,0.42
2017-10-29,5.3,0.42,24.1,30.3,19.0,61.8,28.8,36.8,36.8,56.4,23.32,27.13,0.57,0.26,23.5,0.0,0.45
2017-10-30,0.0,0.45,22.9,26.6,20.0,62.5,28.8,28.8,36.8,56.3,24.33,29.18,0.42,0.57,5.3,23.5,0.56
2017-10-31,20.3,0.56,23.7,29.5,19.4,64.8,25.6,49.1,57.1,57.1,20.68,26.27,0.45,0.42,0.0,5.3,0.77
2017-11-01,0.0,0.77,19.8,24.1,18.4,74.5,20.3,49.1,57.1,57.1,34.83,41.91,0.56,0.45,20.3,0.0,0.49
2017-11-02,8.8,0.49,20.5,23.7,17.4,64.3,29.1,57.9,65.9,65.9,29.61,37.72,0.77,0.56,0.0,20.3,0.33
2017-11-03,0.0,0.33,21.7,27.3,17.7,60.5,8.8,57.9,65.9,65.9,32.65,41.87,0.49,0.77,8.8,0.0,0.26
2017-11-04,0.0,0.26,23.6,29.0,18.4,58.0,8.8,34.4,65.9,65.9,27.75,37.68,0.33,0.49,0.0,8.8,0.29
2017-11-05,0.0,0.29,25.0,29.0,21.2,58.5,0.0,29.1,65.9,65.9,23.59,33.91,0.26,0.33,0.0,0.0,0.39
2017-11-06,0.0,0.39,22.5,26.9,20.4,71.8,0.0,29.1,57.9,65.9,20.05,30.52,0.29,0.26,0.0,0.0,0.31
2017-11-07,0.0,0.31,20.1,23.2,17.9,69.5,0.0,8.8,57.9,65.9,17.04,27.47,0.39,0.29,0.0,0.0,0.25
2017-11-08,0.0,0.25,20.1,23.3,17.3,70.5,0.0,8.8,57.9,65.9,14.49,24.72,0.31,0.39,0.0,0.0,0.25
2017-11-09,0.0,0.25,19.3,22.4,17.3,85.0,0.0,0.0,57.9,65.9,12.31,22.25,0.25,0.31,0.0,0.0,0.24
2017-11-10,0.0,0.24,20.8,23.2,17.9,77.0,0.0,0.0,57.9,65.9,10.47,20.02,0.25,0.25,0.0,0.0,0.54
2017-11-11,12.8,0.54,20.8,23.7,18.4,85.3,12.8,12.8,47.2,78.7,8.9,18.02,0.24,0.25,0.0,0.0,0.57
2017-11-12,78.9,0.57,22.8,29.4,18.2,59.8,91.7,91.7,120.8,157.6,18.44,27.74,0.54,0.24,12.8,0.0,0.39
2017-11-13,0.0,0.39,25.3,32.0,19.4,36.8,91.7,91.7,120.8,157.6,82.74,95.98,0.57,0.54,78.9,12.8,0.28
2017-11-14,0.0,0.28,24.5,30.5,19.9,50.3,78.9,91.7,100.5,157.6,70.33,86.38,0.39,0.57,0.0,78.9,0.23
2017-11-15,0.0,0.23,23.7,30.0,19.8,54.0,0.0,91.7,100.5,157.6,59.78,77.74,0.28,0.39,0.0,0.0,0.2
2017-11-16,0.0,0.2,24.6,31.7,18.5,51.3,0.0,91.7,91.7,157.6,50.81,69.97,0.23,0.28,0.0,0.0,0.18
2017-11-17,0.0,0.18,25.8,32.4,20.2,45.8,0.0,91.7,91.7,157.6,43.19,62.97,0.2,0.23,0.0,0.0,0.23
2017-11-18,0.0,0.23,23.9,30.1,21.0,66.8,0.0,78.9,91.7,157.6,36.71,56.67,0.18,0.2,0.0,0.0,0.52
2017-11-19,58.1,0.52,22.7,29.7,18.5,81.0,58.1,58.1,149.8,215.7,31.21,51.01,0.23,0.18,0.0,0.0,0.55
2017-11-20,34.6,0.55,23.0,29.3,20.2,76.3,92.7,92.7,184.4,250.3,75.91,98.19,0.52,0.23,58.1,0.0,0.79
2017-11-21,3.7,0.79,22.1,25.6,19.9,85.0,96.4,96.4,188.1,254.0,93.93,119.52,0.55,0.52,34.6,58.1,1.01
2017-11-22,10.8,1.01,21.2,23.3,19.8,89.0,49.1,107.2,198.9,256.8,82.99,110.89,0.79,0.55,3.7,34.6,1.2
2017-11-23,23.7,1.2,21.0,24.5,19.5,81.3,38.2,130.9,222.6,280.5,79.72,109.52,1.01,0.79,10.8,3.7,1.55
2017-11-24,13.4,1.55,21.0,24.1,18.5,76.0,47.9,144.3,236.0,293.9,87.91,119.9,1.2,1.01,23.7,10.8,1.33
2017-11-25,0.0,1.33,23.0,27.5,18.8,64.8,37.1,144.3,223.2,293.9,86.11,119.97,1.55,1.2,13.4,23.7,0.73
2017-11-26,3.8,0.73,22.8,27.3,20.0,67.0,17.2,90.0,148.1,297.7,73.19,107.97,1.33,1.55,0.0,13.4,0.44
2017-11-27,0.2,0.44,24.1,28.8,20.7,63.5,4.0,55.6,148.3,274.4,65.45,100.6,0.73,1.33,3.8,0.0,0.78
2017-11-28,2.4,0.78,23.9,29.4,20.0,69.5,6.4,54.3,150.7,271.5,55.8,90.72,0.44,0.73,0.2,3.8,3.66
2017-11-29,1.5,3.66,23.1,28.9,20.0,65.3,4.1,45.0,152.2,273.0,49.47,83.81,0.78,0.44,2.4,0.2,5.58
2017-11-30,0.0,5.58,22.2,27.9,19.6,69.3,3.9,21.3,152.2,252.7,43.32,76.78,3.66,0.78,1.5,2.4,6.03
2017-12-01,20.4,6.03,19.9,21.4,19.5,93.0,21.9,28.3,172.6,273.1,36.82,69.1,5.58,3.66,0.0,1.5,7.3
2017-12-02,32.0,7.3,20.5,25.2,18.2,93.5,52.4,60.3,204.6,296.3,48.64,80.55,6.03,5.58,20.4,0.0,7.77
2017-12-03,15.2,7.77,21.5,25.8,19.4,88.8,67.6,71.7,161.7,311.5,68.54,101.29,7.3,6.03,32.0,20.4,7.05
2017-12-04,34.9,7.05,22.6,26.5,20.4,88.5,82.1,106.4,162.0,346.4,71.18,104.84,7.77,7.3,15.2,32.0,6.55
2017-12-05,2.8,6.55,24.2,29.1,21.2,71.0,52.9,106.8,161.1,349.2,90.17,125.77,7.05,7.77,34.9,15.2,6.06
2017-12-06,0.0,6.06,23.3,27.3,20.9,71.0,37.7,105.3,150.3,349.2,79.03,115.71,6.55,7.05,2.8,34.9,5.1
2017-12-07,0.1,5.1,21.5,24.5,20.3,80.3,2.9,105.4,126.7,349.3,67.17,104.14,6.06,6.55,0.0,2.8,4.98
2017-12-08,3.6,4.98,21.3,23.7,19.1,94.3,3.7,88.6,116.9,352.9,57.18,93.82,5.1,6.06,0.1,0.0,5.5
2017-12-09,88.0,5.5,24.6,30.1,19.8,66.5,91.7,144.6,204.9,440.9,51.66,87.68,4.98,5.1,3.6,0.1,4.73
2017-12-10,8.9,4.73,25.1,31.1,20.5,61.5,100.5,138.3,210.0,449.8,118.71,158.11,5.5,4.98,88.0,3.6,3.8
2017-12-11,0.0,3.8,22.0,24.9,20.8,82.0,96.9,103.4,209.8,437.0,108.47,150.31,4.73,5.5,8.9,88.0,3.17
2017-12-12,19.0,3.17,22.7,27.4,19.4,63.3,27.9,119.6,226.4,377.1,92.2,135.28,3.8,4.73,0.0,8.9,2.53
2017-12-13,0.0,2.53,21.2,24.8,19.1,72.8,19.0,119.6,224.9,377.1,94.52,138.85,3.17,3.8,19.0,0.0,1.84
2017-12-14,1.3,1.84,21.6,25.1,18.9,72.0,20.3,120.8,226.2,378.4,80.34,124.96,2.53,3.17,0.0,19.0,1.5
2017-12-15,0.5,1.5,22.6,27.1,19.0,71.0,1.8,117.7,206.3,378.9,69.4,113.64,1.84,2.53,1.3,0.0,1.34
2017-12-16,0.9,1.34,22.2,27.1,19.6,82.5,2.7,30.6,175.2,379.8,59.41,102.72,1.5,1.84,0.5,1.3,1.28
2017-12-17,9.1,1.28,24.0,28.4,20.2,61.8,10.5,30.8,169.1,388.9,51.27,93.26,1.34,1.5,0.9,0.5,0.89
2017-12-18,0.0,0.89,24.9,31.1,19.9,53.8,10.0,30.8,134.2,388.9,51.31,92.13,1.28,1.34,9.1,0.9,0.61
2017-12-19,0.0,0.61,24.4,29.4,20.3,50.8,9.1,11.8,131.4,330.8,43.61,82.91,0.89,1.28,0.0,9.1,0.47
2017-12-20,0.0,0.47,25.2,30.6,20.2,53.3,0.0,11.8,131.4,296.2,37.07,74.62,0.61,0.89,0.0,0.0,0.42
2017-12-21,0.0,0.42,24.8,29.7,21.1,56.3,0.0,10.5,131.3,292.5,31.51,67.16,0.47,0.61,0.0,0.0,0.39
2017-12-22,0.0,0.39,24.3,29.4,21.2,57.5,0.0,10.0,127.7,281.7,26.78,60.44,0.42,0.47,0.0,0.0,0.39
2017-12-23,0.0,0.39,25.9,31.8,21.0,49.8,0.0,9.1,39.7,258.0,22.77,54.4,0.39,0.42,0.0,0.0,0.37
2017-12-24,0.0,0.37,27.1,32.2,21.6,51.3,0.0,0.0,30.8,244.6,19.35,48.96,0.39,0.39,0.0,0.0,0.37
2017-12-25,0.0,0.37,27.2,29.7,22.7,53.5,0.0,0.0,30.8,244.6,16.45,44.06,0.37,0.39,0.0,0.0,0.39
2017-12-26,0.0,0.39,26.6,31.3,22.6,60.5,0.0,0.0,11.8,240.8,13.98,39.66,0.37,0.37,0.0,0.0,0.41
2017-12-27,0.0,0.41,26.1,30.7,22.3,60.0,0.0,0.0,11.8,240.6,11.88,35.69,0.39,0.37,0.0,0.0,0.45
2017-12-28,0.0,0.45,26.1,31.7,22.3,61.3,0.0,0.0,10.5,238.2,10.1,32.12,0.41,0.39,0.0,0.0,0.44
2017-12-29,0.0,0.44,26.0,31.0,21.8,57.8,0.0,0.0,10.0,236.7,8.59,28.91,0.45,0.41,0.0,0.0,0.55
2017-12-30,0.0,0.55,22.5,26.8,19.9,87.0,0.0,0.0,9.1,236.7,7.3,26.02,0.44,0.45,0.0,0.0,0.64
2017-12-31,20.1,0.64,23.6,27.9,19.9,71.8,20.1,20.1,20.1,236.4,6.2,23.42,0.55,0.44,0.0,0.0,0.61
2018-01-01,1.2,0.61,24.5,30.0,20.8,62.5,21.3,21.3,21.3,205.6,22.36,39.17,0.64,0.55,20.1,0.0,0.53
2018-01-02,3.5,0.53,25.1,29.8,20.8,61.5,24.8,24.8,24.8,193.9,20.02,36.33,0.61,0.64,1.2,20.1,0.87
2018-01-03,18.2,0.87,23.1,30.2,19.9,77.0,22.9,43.0,43.0,177.2,20.0,35.85,0.53,0.61,3.5,1.2,2.66
2018-01-04,11.2,2.66,21.0,22.9,19.3,90.8,32.9,54.2,54.2,185.6,32.47,48.64,0.87,0.53,18.2,3.5,5.28
2018-01-05,27.8,5.28,21.7,27.8,19.2,89.8,57.2,82.0,82.0,213.4,37.12,53.86,2.66,0.87,11.2,18.2,5.89
2018-01-06,30.5,5.89,23.0,26.7,19.0,72.0,69.5,112.5,112.5,243.8,55.18,73.49,5.28,2.66,27.8,11.2,5.58
2018-01-07,1.3,5.58,24.4,29.4,20.6,67.3,59.6,93.7,113.8,241.5,72.83,93.59,5.89,5.28,30.5,27.8,4.33
2018-01-08,0.0,4.33,24.0,29.2,19.8,51.5,31.8,92.5,113.8,153.5,63.01,85.4,5.58,5.89,1.3,30.5,3.14
2018-01-09,0.0,3.14,24.6,29.3,20.3,51.5,1.3,89.0,113.8,144.6,53.56,76.86,4.33,5.58,0.0,1.3,2.16
2018-01-10,0.0,2.16,24.5,29.2,20.4,47.5,0.0,70.8,113.8,144.6,45.52,69.18,3.14,4.33,0.0,0.0,1.38
2018-01-11,0.0,1.38,23.4,27.4,20.2,58.3,0.0,59.6,113.8,125.6,38.69,62.26,2.16,3.14,0.0,0.0,0.85
2018-01-12,0.0,0.85,24.5,29.9,20.7,55.8,0.0,31.8,113.8,125.6,32.89,56.03,1.38,2.16,0.0,0.0,0.61
2018-01-13,0.0,0.61,24.9,30.6,20.4,52.8,0.0,1.3,113.8,124.3,27.96,50.43,0.85,1.38,0.0,0.0,0.72
2018-01-14,0.0,0.72,22.1,28.2,18.3,77.0,0.0,0.0,93.7,123.8,23.76,45.39,0.61,0.85,0.0,0.0,1.06
2018-01-15,3.0,1.06,23.9,28.9,18.1,67.5,3.0,3.0,95.5,125.9,20.2,40.85,0.72,0.61,0.0,0.0,0.94
2018-01-16,0.0,0.94,25.4,30.8,20.2,56.3,3.0,3.0,92.0,116.8,19.72,39.46,1.06,0.72,3.0,0.0,0.66
2018-01-17,0.0,0.66,25.6,30.9,21.9,47.8,3.0,3.0,73.8,116.8,16.76,35.52,0.94,1.06,0.0,3.0,0.56
2018-01-18,0.0,0.56,26.0,31.9,21.1,41.0,0.0,3.0,62.6,116.8,14.25,31.97,0.66,0.94,0.0,0.0,0.53
2018-01-19,0.0,0.53,26.8,32.2,21.0,37.5,0.0,3.0,34.8,116.8,12.11,28.77,0.56,0.66,0.0,0.0,0.52
2018-01-20,0.0,0.52,27.6,33.1,22.2,30.8,0.0,3.0,4.3,116.8,10.29,25.89,0.53,0.56,0.0,0.0,0.5
2018-01-21,0.0,0.5,27.3,32.5,23.1,41.5,0.0,3.0,3.0,116.8,8.75,23.3,0.52,0.53,0.0,0.0,0.58
2018-01-22,0.0,0.58,25.3,30.2,20.2,59.8,0.0,0.0,3.0,116.8,7.44,20.97,0.5,0.52,0.0,0.0,0.64
2018-01-23,0.0,0.64,24.3,29.7,20.3,62.0,0.0,0.0,3.0,116.8,6.32,18.88,0.58,0.5,0.0,0.0,0.56
2018-01-24,0.0,0.56,25.3,30.6,21.8,54.8,0.0,0.0,3.0,116.8,5.37,16.99,0.64,0.58,0.0,0.0,0.52
2018-01-25,0.0,0.52,24.8,29.7,21.1,54.5,0.0,0.0,3.0,116.8,4.57,15.29,0.56,0.64,0.0,0.0,0.5
2018-01-26,0.0,0.5,26.1,31.3,21.2,45.3,0.0,0.0,3.0,116.8,3.88,13.76,0.52,0.56,0.0,0.0,0.5
2018-01-27,0.0,0.5,25.9,30.6,22.0,49.0,0.0,0.0,3.0,116.8,3.3,12.38,0.5,0.52,0.0,0.0,0.5
2018-01-28,0.0,0.5,26.5,32.0,22.0,50.3,0.0,0.0,3.0,116.8,2.8,11.15,0.5,0.5,0.0,0.0,0.75
2018-01-29,0.0,0.75,24.8,30.2,22.2,67.5,0.0,0.0,0.0,116.8,2.38,10.03,0.5,0.5,0.0,0.0,2.22
2018-01-30,6.5,2.22,23.0,29.0,20.3,80.3,6.5,6.5,6.5,103.2,2.03,9.03,0.75,0.5,0.0,0.0,5.15
2018-01-31,49.2,5.15,22.8,29.1,20.0,82.8,55.7,55.7,55.7,151.2,7.25,13.98,2.22,0.75,6.5,0.0,7.65
2018-02-01,16.8,7.65,21.3,25.0,18.9,88.0,72.5,72.5,72.5,164.5,47.98,56.86,5.15,2.22,49.2,6.5,8.91
2018-02-02,10.2,8.91,20.1,21.9,19.0,93.5,76.2,82.7,82.7,156.5,55.06,66.29,7.65,5.15,16.8,49.2,9.02
2018-02-03,25.8,9.02,21.6,25.9,19.0,80.0,52.8,108.5,108.5,171.1,55.47,68.84,8.91,7.65,10.2,16.8,7.71
2018-02-04,0.6,7.71,19.8,21.5,18.9,87.8,36.6,109.1,109.1,143.9,69.08,85.18,9.02,8.91,25.8,10.2,8.89
2018-02-05,36.5,8.89,19.2,22.0,17.1,93.3,62.9,145.6,145.6,149.9,59.23,77.2,7.71,9.02,0.6,25.8,14.35
2018-02-06,55.6,14.35,21.2,27.1,18.0,82.3,92.7,194.7,201.2,204.2,81.37,102.33,8.89,7.71,36.5,0.6,15.03
2018-02-07,6.8,15.03,22.9,28.2,19.2,73.0,98.9,152.3,208.0,211.0,116.43,142.14,14.35,8.89,55.6,36.5,12.61
2018-02-08,0.0,12.61,24.4,30.5,18.9,62.0,62.4,135.5,208.0,211.0,104.74,134.04,15.03,14.35,6.8,55.6,10.43
2018-02-09,9.1,10.43,25.2,24.8,21.0,71.5,15.9,134.4,217.1,220.1,89.03,120.64,12.61,15.03,0.0,6.8,9.02
2018-02-10,2.1,9.02,24.2,28.3,21.7,75.0,11.2,110.7,219.2,222.2,83.41,116.77,10.43,12.61,9.1,0.0,7.63
2018-02-11,0.0,7.63,25.1,30.7,21.1,58.8,11.2,110.1,219.2,222.2,72.68,106.98,9.02,10.43,2.1,9.1,6.03
2018-02-12,0.0,6.03,25.2,30.6,20.6,43.0,2.1,73.6,219.2,222.2,61.78,96.28,7.63,9.02,0.0,2.1,4.66
2018-02-13,0.0,4.66,25.6,30.0,21.2,48.0,0.0,18.0,212.7,222.2,52.51,86.65,6.03,7.63,0.0,0.0,3.47
2018-02-14,0.0,3.47,25.0,29.7,21.7,67.8,0.0,11.2,163.5,219.2,44.64,77.99,4.66,6.03,0.0,0.0,2.56
2018-02-15,0.0,2.56,24.0,28.6,20.2,55.8,0.0,11.2,146.7,219.2,37.94,70.19,3.47,4.66,0.0,0.0,1.81
2018-02-16,0.0,1.81,23.1,29.4,19.2,63.0,0.0,2.1,136.5,219.2,32.25,63.17,2.56,3.47,0.0,0.0,1.34
2018-02-17,3.1,1.34,23.6,27.4,21.3,62.3,3.1,3.1,113.8,222.3,27.41,56.85,1.81,2.56,0.0,0.0,1.0
2018-02-18,1.8,1.0,25.1,29.8,21.8,56.5,4.9,4.9,115.0,224.1,25.94,53.96,1.34,1.81,3.1,0.0,1.16
2018-02-19,0.0,1.16,23.8,28.1,23.1,76.0,4.9,4.9,78.5,224.1,23.58,50.18,1.0,1.34,1.8,3.1,2.4
2018-02-20,12.1,2.4,22.9,28.2,20.3,81.5,13.9,17.0,35.0,236.2,20.04,45.16,1.16,1.0,0.0,1.8,3.06
2018-02-21,6.8,3.06,23.5,27.9,21.3,79.5,18.9,23.8,35.0,243.0,27.32,51.54,2.4,1.16,12.1,0.0,3.69
2018-02-22,13.7,3.69,21.5,26.1,20.1,87.0,32.6,37.5,48.7,256.7,29.0,52.5,3.06,2.4,6.8,12.1,4.43
2018-02-23,16.8,4.43,23.3,27.5,19.5,71.8,37.3,54.3,56.4,273.5,36.3,59.58,3.69,3.06,13.7,6.8,4.6
2018-02-24,0.2,4.6,22.5,28.2,20.3,75.0,30.7,51.4,54.5,273.7,45.13,68.74,4.43,3.69,16.8,13.7,4.69
2018-02-25,81.5,4.69,23.3,27.4,20.4,68.3,98.5,131.1,136.0,355.2,38.53,62.05,4.6,4.43,0.2,16.8,3.72
2018-02-26,0.0,3.72,23.1,28.1,21.3,80.0,81.7,131.1,136.0,355.2,102.03,129.2,4.69,4.6,81.5,0.2,3.19
2018-02-27,1.6,3.19,25.2,29.6,20.9,60.8,83.1,120.6,137.6,356.8,86.72,116.28,3.72,4.69,0.0,81.5,2.94
2018-02-28,0.0,2.94,24.3,29.1,22.0,72.5,1.6,113.8,137.6,356.8,75.07,106.09,3.19,3.72,1.6,0.0,2.34
2018-03-01,23.7,2.34,25.9,30.8,20.8,63.8,25.3,123.8,161.3,374.0,63.81,95.48,2.94,3.19,0.0,1.6,1.94
2018-03-02,0.0,1.94,23.4,29.0,20.4,74.5,23.7,107.0,161.3,324.8,74.39,107.26,2.34,2.94,23.7,0.0,2.16
2018-03-03,0.0,2.16,24.7,31.5,20.8,72.3,23.7,106.8,158.2,308.0,63.23,96.54,1.94,2.34,0.0,23.7,2.56
2018-03-04,0.0,2.56,24.8,29.7,21.9,82.3,0.0,25.3,156.4,297.8,53.74,86.88,2.16,1.94,0.0,0.0,3.25
2018-03-05,39.5,3.25,23.7,30.0,20.4,76.8,39.5,64.8,195.9,311.5,45.68,78.19,2.56,2.16,0.0,0.0,3.44
2018-03-06,9.3,3.44,26.3,32.3,21.7,61.0,48.8,72.5,193.1,320.2,72.41,105.92,3.25,2.56,39.5,0.0,2.78
2018-03-07,8.1,2.78,25.3,30.6,21.0,72.0,56.9,80.6,194.4,291.8,69.45,103.7,3.44,3.25,9.3,39.5,3.5
2018-03-08,37.8,3.5,24.2,30.5,20.6,71.5,55.2,94.7,218.5,274.0,65.92,100.62,2.78,3.44,8.1,9.3,6.43
2018-03-09,25.0,6.43,21.8,24.8,20.2,84.0,70.9,119.7,226.7,292.2,88.16,124.58,3.5,2.78,37.8,8.1,7.57
2018-03-10,46.8,7.57,23.2,27.1,20.2,84.5,109.6,166.5,273.3,339.0,96.19,134.62,6.43,3.5,25.0,37.8,9.21
2018-03-11,26.3,9.21,22.9,27.0,20.6,89.8,98.1,192.8,218.1,356.2,121.54,163.28,7.57,6.43,46.8,25.0,9.91
2018-03-12,50.2,9.91,24.8,30.6,20.4,64.0,123.3,203.5,268.3,404.3,125.66,170.62,9.21,7.57,26.3,46.8,8.1
2018-03-13,0.0,8.1,26.3,32.2,20.9,59.3,76.5,194.2,266.7,404.3,149.48,198.74,9.91,9.21,50.2,26.3,6.46
2018-03-14,3.4,6.46,26.3,31.4,22.4,62.5,53.6,189.5,270.1,407.7,127.06,178.87,8.1,9.91,0.0,50.2,5.15
2018-03-15,0.0,5.15,27.3,32.4,22.8,57.3,3.4,151.7,246.4,407.7,110.89,164.04,6.46,8.1,3.4,0.0,4.41
2018-03-16,0.0,4.41,24.3,31.3,20.5,69.0,3.4,126.7,246.4,407.7,94.26,147.63,5.15,6.46,0.0,3.4,5.75
2018-03-17,7.3,5.75,22.5,28.6,20.1,82.5,7.3,87.2,253.7,415.0,80.12,132.87,4.41,5.15,0.0,0.0,6.78
2018-03-18,6.5,6.78,24.3,30.3,20.5,69.8,13.8,67.4,260.2,421.5,74.31,126.15,5.75,4.41,7.3,0.0,5.5
2018-03-19,0.0,5.5,25.6,31.3,20.5,57.5,13.8,17.2,220.7,418.4,68.69,119.39,6.78,5.75,6.5,7.3,4.25
2018-03-20,8.8,4.25,24.6,30.2,20.8,64.8,15.3,26.0,220.2,425.4,58.38,107.45,5.5,6.78,0.0,6.5,3.32
2018-03-21,0.0,3.32,23.7,27.2,21.2,72.8,8.8,22.6,212.1,425.4,57.11,104.62,4.25,5.5,8.8,0.0,2.91
2018-03-22,0.0,2.91,23.5,29.5,21.1,80.5,8.8,22.6,174.3,413.3,48.54,94.16,3.32,4.25,0.0,8.8,4.09
2018-03-23,28.3,4.09,23.0,27.1,19.4,65.5,28.3,50.9,177.6,434.8,41.26,84.75,2.91,3.32,0.0,0.0,4.81
2018-03-24,0.5,4.81,23.0,26.6,20.5,58.8,28.8,44.1,131.3,421.6,59.12,101.74,4.09,2.91,28.3,0.0,3.72
2018-03-25,0.0,3.72,22.8,27.1,19.7,68.0,28.8,37.6,105.0,404.8,50.68,92.02,4.81,4.09,0.5,28.3,2.94
2018-03-26,0.0,2.94,23.2,28.4,20.3,50.0,0.5,37.6,54.8,404.6,43.08,82.82,3.72,4.81,0.0,0.5,2.22
2018-03-27,0.0,2.22,23.2,27.8,20.4,51.5,0.0,28.8,54.8,323.1,36.62,74.53,2.94,3.72,0.0,0.0,1.65
2018-03-28,0.0,1.65,22.9,27.3,19.9,68.0,0.0,28.8,51.4,323.1,31.12,67.08,2.22,2.94,0.0,0.0,1.38
2018-03-29,0.0,1.38,23.0,28.0,20.1,57.3,0.0,28.8,51.4,321.5,26.46,60.37,1.65,2.22,0.0,0.0,1.12
2018-03-30,0.0,1.12,23.3,28.3,20.0,58.8,0.0,0.5,51.4,321.5,22.49,54.34,1.38,1.65,0.0,0.0,1.0
2018-03-31,0.0,1.0,23.1,28.2,20.0,64.8,0.0,0.0,44.1,297.8,19.11,48.9,1.12,1.38,0.0,0.0,0.94
2018-04-01,0.0,0.94,24.0,29.0,20.3,57.0,0.0,0.0,37.6,297.8,16.25,44.01,1.0,1.12,0.0,0.0,0.91
2018-04-02,0.0,0.91,24.5,29.4,20.8,64.0,0.0,0.0,37.6,297.8,13.81,39.61,0.94,1.0,0.0,0.0,0.91
2018-04-03,0.0,0.91,24.4,30.8,21.3,69.5,0.0,0.0,28.8,297.8,11.74,35.65,0.91,0.94,0.0,0.0,1.16
2018-04-04,12.8,1.16,24.1,30.2,21.4,72.3,12.8,12.8,41.6,271.1,9.98,32.08,0.91,0.91,0.0,0.0,2.28
2018-04-05,0.3,2.28,23.5,29.7,20.5,74.8,13.1,13.1,41.9,262.1,19.36,40.4,1.16,0.91,12.8,0.0,2.34
2018-04-06,15.8,2.34,22.3,26.1,20.6,66.5,28.9,28.9,29.4,269.8,16.71,36.63,2.28,1.16,0.3,12.8,2.5
2018-04-07,0.5,2.5,24.0,28.5,20.5,61.0,16.6,29.4,29.4,232.5,27.64,47.18,2.34,2.28,15.8,0.3,2.47
2018-04-08,0.0,2.47,23.2,27.1,20.4,65.3,16.3,29.4,29.4,207.5,23.91,42.92,2.5,2.34,0.5,15.8,1.94
2018-04-09,0.0,1.94,22.6,27.1,19.6,63.8,0.5,29.4,29.4,160.7,20.33,38.62,2.47,2.5,0.0,0.5,1.62
2018-04-10,0.0,1.62,22.5,27.1,20.2,62.5,0.0,29.4,29.4,134.4,17.28,34.76,1.94,2.47,0.0,0.0,1.34
2018-04-11,0.0,1.34,22.1,26.7,18.8,55.8,0.0,16.6,29.4,84.2,14.69,31.29,1.62,1.94,0.0,0.0,1.25
2018-04-12,0.0,1.25,21.5,24.5,19.0,64.3,0.0,16.3,29.4,84.2,12.48,28.16,1.34,1.62,0.0,0.0,1.38
2018-04-13,0.0,1.38,22.5,26.8,19.5,65.0,0.0,0.5,29.4,80.8,10.61,25.34,1.25,1.34,0.0,0.0,1.12
2018-04-14,0.0,1.12,23.5,28.1,19.4,60.0,0.0,0.0,29.4,80.8,9.02,22.81,1.38,1.25,0.0,0.0,1.03
2018-04-15,0.0,1.03,23.0,27.2,20.3,64.5,0.0,0.0,29.4,80.8,7.67,20.53,1.12,1.38,0.0,0.0,1.09
2018-04-16,0.0,1.09,20.4,23.9,19.1,69.3,0.0,0.0,29.4,73.5,6.52,18.47,1.03,1.12,0.0,0.0,1.19
2018-04-17,0.5,1.19,19.9,25.0,17.4,59.5,0.5,0.5,29.9,67.5,5.54,16.63,1.09,1.03,0.0,0.0,1.03
2018-04-18,0.0,1.03,19.8,24.2,15.9,60.8,0.5,0.5,17.1,67.5,5.13,15.41,1.19,1.09,0.5,0.0,1.0
2018-04-19,0.0,1.0,20.1,25.1,17.1,66.5,0.5,0.5,16.8,58.7,4.36,13.87,1.03,1.19,0.0,0.5,0.97
2018-04-20,0.0,0.97,21.5,25.9,17.5,59.3,0.0,0.5,1.0,58.7,3.71,12.49,1.0,1.03,0.0,0.0,0.97
2018-04-21,0.0,0.97,20.4,24.9,18.4,64.3,0.0,0.5,0.5,58.7,3.15,11.24,0.97,1.0,0.0,0.0,0.97
2018-04-22,0.0,0.97,20.2,24.1,17.6,60.0,0.0,0.5,0.5,30.4,2.68,10.11,0.97,0.97,0.0,0.0,0.97
2018-04-23,0.0,0.97,20.5,25.3,17.1,65.3,0.0,0.5,0.5,29.9,2.28,9.1,0.97,0.97,0.0,0.0,0.97
2018-04-24,0.0,0.97,21.2,25.5,18.2,67.8,0.0,0.0,0.5,29.9,1.94,8.19,0.97,0.97,0.0,0.0,0.97
2018-04-25,0.0,0.97,21.9,26.1,18.8,64.0,0.0,0.0,0.5,29.9,1.65,7.37,0.97,0.97,0.0,0.0,0.94
2018-04-26,0.0,0.94,22.7,27.1,19.3,63.0,0.0,0.0,0.5,29.9,1.4,6.64,0.97,0.97,0.0,0.0,0.94
2018-04-27,0.0,0.94,23.0,27.6,19.4,57.0,0.0,0.0,0.5,29.9,1.19,5.97,0.94,0.97,0.0,0.0,0.94
2018-04-28,0.0,0.94,22.1,26.7,19.3,60.3,0.0,0.0,0.5,29.9,1.01,5.37,0.94,0.94,0.0,0.0,0.94
2018-04-29,0.0,0.94,21.6,26.6,18.1,59.8,0.0,0.0,0.5,29.9,0.86,4.84,0.94,0.94,0.0,0.0,0.91
2018-04-30,0.0,0.91,21.7,27.3,18.0,53.3,0.0,0.0,0.5,29.9,0.73,4.35,0.94,0.94,0.0,0.0,0.91
2018-05-01,0.0,0.91,22.6,28.3,17.5,43.8,0.0,0.0,0.0,29.9,0.62,3.92,0.91,0.94,0.0,0.0,0.91
2018-05-02,0.0,0.91,22.0,27.4,17.4,40.0,0.0,0.0,0.0,29.9,0.53,3.53,0.91,0.91,0.0,0.0,0.91
2018-05-03,0.0,0.91,22.9,28.4,19.6,51.5,0.0,0.0,0.0,29.9,0.45,3.17,0.91,0.91,0.0,0.0,0.91
2018-05-04,0.0,0.91,22.6,27.9,18.7,61.3,0.0,0.0,0.0,17.1,0.38,2.86,0.91,0.91,0.0,0.0,0.87
2018-05-05,0.0,0.87,22.9,28.2,19.6,58.8,0.0,0.0,0.0,16.8,0.32,2.57,0.91,0.91,0.0,0.0,0.87
2018-05-06,0.0,0.87,22.0,27.2,18.8,66.8,0.0,0.0,0.0,1.0,0.28,2.31,0.87,0.91,0.0,0.0,0.87
2018-05-07,0.0,0.87,21.2,25.7,19.4,60.5,0.0,0.0,0.0,0.5,0.23,2.08,0.87,0.87,0.0,0.0,0.87
2018-05-08,0.0,0.87,21.1,25.7,17.8,61.3,0.0,0.0,0.0,0.5,0.2,1.87,0.87,0.87,0.0,0.0,0.87
2018-05-09,0.2,0.87,20.0,24.6,17.3,64.3,0.2,0.2,0.2,0.7,0.17,1.69,0.87,0.87,0.0,0.0,0.87
2018-05-10,0.0,0.87,19.4,24.7,15.4,62.0,0.2,0.2,0.2,0.7,0.31,1.7,0.87,0.87,0.2,0.0,0.85
2018-05-11,0.0,0.85,21.5,28.1,15.6,56.8,0.2,0.2,0.2,0.7,0.27,1.53,0.87,0.87,0.0,0.2,0.85
2018-05-12,0.0,0.85,22.1,28.1,17.6,55.0,0.0,0.2,0.2,0.7,0.23,1.38,0.85,0.87,0.0,0.0,0.85
2018-05-13,0.0,0.85,22.7,28.4,19.6,59.5,0.0,0.2,0.2,0.7,0.19,1.24,0.85,0.85,0.0,0.0,0.85
2018-05-14,0.0,0.85,21.8,26.3,19.9,65.0,0.0,0.2,0.2,0.7,0.16,1.11,0.85,0.85,0.0,0.0,0.85
2018-05-15,0.0,0.85,21.0,25.7,19.0,65.8,0.0,0.2,0.2,0.7,0.14,1.0,0.85,0.85,0.0,0.0,0.85
2018-05-16,0.0,0.85,22.3,28.4,17.8,65.0,0.0,0.0,0.2,0.7,0.12,0.9,0.85,0.85,0.0,0.0,0.87
2018-05-17,0.0,0.87,22.0,25.9,18.9,68.8,0.0,0.0,0.2,0.2,0.1,0.81,0.85,0.85,0.0,0.0,0.94
2018-05-18,0.0,0.94,21.7,26.0,19.6,68.5,0.0,0.0,0.2,0.2,0.09,0.73,0.87,0.85,0.0,0.0,1.22
2018-05-19,0.0,1.22,20.7,27.7,17.7,82.0,0.0,0.0,0.2,0.2,0.07,0.66,0.94,0.87,0.0,0.0,1.88
2018-05-20,6.0,1.88,15.4,19.4,12.7,65.3,6.0,6.0,6.2,6.2,0.06,0.59,1.22,0.94,0.0,0.0,1.56
2018-05-21,0.0,1.56,16.3,24.8,11.2,51.0,6.0,6.0,6.2,6.2,5.15,5.93,1.88,1.22,6.0,0.0,1.06
2018-05-22,0.0,1.06,19.4,26.8,13.1,56.3,6.0,6.0,6.2,6.2,4.38,5.34,1.56,1.88,0.0,6.0,0.94
2018-05-23,0.0,0.94,20.7,27.0,15.1,55.3,0.0,6.0,6.0,6.2,3.72,4.81,1.06,1.56,0.0,0.0,0.87
2018-05-24,0.0,0.87,19.1,22.8,16.4,68.3,0.0,6.0,6.0,6.2,3.16,4.33,0.94,1.06,0.0,0.0,0.91
2018-05-25,0.0,0.91,19.2,23.4,16.4,68.5,0.0,6.0,6.0,6.2,2.69,3.89,0.87,0.94,0.0,0.0,0.87
2018-05-26,0.0,0.87,18.6,23.0,15.7,68.8,0.0,6.0,6.0,6.2,2.29,3.5,0.91,0.87,0.0,0.0,0.87
2018-05-27,0.0,0.87,19.0,24.1,15.4,64.3,0.0,0.0,6.0,6.2,1.94,3.15,0.87,0.91,0.0,0.0,0.85
2018-05-28,0.0,0.85,18.6,23.9,15.2,50.8,0.0,0.0,6.0,6.2,1.65,2.84,0.87,0.87,0.0,0.0,0.85
2018-05-29,0.0,0.85,18.5,23.2,15.6,59.3,0.0,0.0,6.0,6.2,1.4,2.55,0.85,0.87,0.0,0.0,0.85
2018-05-30,0.0,0.85,18.3,23.8,15.1,57.5,0.0,0.0,6.0,6.2,1.19,2.3,0.85,0.85,0.0,0.0,0.81
2018-05-31,0.0,0.81,18.5,23.0,15.0,54.0,0.0,0.0,6.0,6.2,1.01,2.07,0.85,0.85,0.0,0.0,0.81
2018-06-01,0.0,0.81,19.1,24.5,16.0,59.0,0.0,0.0,6.0,6.2,0.86,1.86,0.81,0.85,0.0,0.0,0.81
2018-06-02,0.0,0.81,20.8,26.5,15.8,53.3,0.0,0.0,6.0,6.2,0.73,1.68,0.81,0.81,0.0,0.0,0.81
2018-06-03,0.0,0.81,21.8,28.8,16.8,53.0,0.0,0.0,0.0,6.2,0.62,1.51,0.81,0.81,0.0,0.0,0.81
2018-06-04,0.0,0.81,19.6,23.8,17.7,67.8,0.0,0.0,0.0,6.2,0.53,1.36,0.81,0.81,0.0,0.0,0.78
2018-06-05,0.0,0.78,20.0,25.4,16.1,64.8,0.0,0.0,0.0,6.2,0.45,1.22,0.81,0.81,0.0,0.0,0.78
2018-06-06,0.0,0.78,21.1,26.3,17.2,63.5,0.0,0.0,0.0,6.2,0.38,1.1,0.78,0.81,0.0,0.0,0.78
2018-06-07,0.0,0.78,22.5,27.3,17.9,58.0,0.0,0.0,0.0,6.2,0.33,0.99,0.78,0.78,0.0,0.0,0.78
2018-06-08,0.2,0.78,21.8,26.1,18.8,63.8,0.2,0.2,0.2,6.2,0.28,0.89,0.78,0.78,0.0,0.0,0.78
2018-06-09,0.0,0.78,20.8,25.0,18.1,72.0,0.2,0.2,0.2,6.2,0.4,0.98,0.78,0.78,0.2,0.0,0.78
2018-06-10,0.0,0.78,20.4,24.8,18.3,69.8,0.2,0.2,0.2,6.2,0.34,0.88,0.78,0.78,0.0,0.2,0.78
2018-06-11,0.0,0.78,20.0,25.0,16.6,71.5,0.0,0.2,0.2,6.2,0.29,0.79,0.78,0.78,0.0,0.0,0.75
2018-06-12,0.0,0.75,21.7,27.7,16.7,59.3,0.0,0.2,0.2,6.2,0.25,0.72,0.78,0.78,0.0,0.0,0.75
2018-06-13,0.0,0.75,22.7,29.0,17.7,58.5,0.0,0.2,0.2,6.2,0.21,0.64,0.75,0.78,0.0,0.0,0.75
2018-06-14,0.0,0.75,23.1,29.0,18.6,57.0,0.0,0.2,0.2,6.2,0.18,0.58,0.75,0.75,0.0,0.0,0.75
2018-06-15,0.0,0.75,21.1,25.2,19.4,64.3,0.0,0.0,0.2,6.2,0.15,0.52,0.75,0.75,0.0,0.0,0.75
2018-06-16,0.0,0.75,20.3,24.4,17.8,57.8,0.0,0.0,0.2,6.2,0.13,0.47,0.75,0.75,0.0,0.0,0.75
2018-06-17,0.0,0.75,19.5,23.8,16.6,64.5,0.0,0.0,0.2,6.2,0.11,0.42,0.75,0.75,0.0,0.0,0.72
2018-06-18,0.0,0.72,19.4,23.3,16.4,60.5,0.0,0.0,0.2,6.2,0.09,0.38,0.75,0.75,0.0,0.0,0.72
2018-06-19,0.0,0.72,17.9,20.7,15.8,72.8,0.0,0.0,0.2,0.2,0.08,0.34,0.72,0.75,0.0,0.0,0.72
2018-06-20,0.0,0.72,19.0,24.9,17.1,64.3,0.0,0.0,0.2,0.2,0.07,0.31,0.72,0.72,0.0,0.0,0.72
2018-06-21,0.0,0.72,19.7,26.3,14.4,52.5,0.0,0.0,0.2,0.2,0.06,0.28,0.72,0.72,0.0,0.0,0.72
2018-06-22,0.0,0.72,21.7,28.1,15.4,47.5,0.0,0.0,0.0,0.2,0.05,0.25,0.72,0.72,0.0,0.0,0.72
2018-06-23,0.0,0.72,20.5,25.9,15.4,58.3,0.0,0.0,0.0,0.2,0.04,0.22,0.72,0.72,0.0,0.0,0.72
2018-06-24,0.0,0.72,21.0,25.5,19.0,63.0,0.0,0.0,0.0,0.2,0.04,0.2,0.72,0.72,0.0,0.0,0.72
2018-06-25,0.0,0.72,20.5,24.8,16.3,57.5,0.0,0.0,0.0,0.2,0.03,0.18,0.72,0.72,0.0,0.0,0.69
2018-06-26,0.0,0.69,21.5,26.9,18.9,54.8,0.0,0.0,0.0,0.2,0.03,0.16,0.72,0.72,0.0,0.0,0.69
2018-06-27,0.0,0.69,21.6,25.9,18.8,53.0,0.0,0.0,0.0,0.2,0.02,0.15,0.69,0.72,0.0,0.0,0.69
2018-06-28,0.0,0.69,19.5,23.8,16.7,54.0,0.0,0.0,0.0,0.2,0.02,0.13,0.69,0.69,0.0,0.0,0.69
2018-06-29,0.0,0.69,18.8,24.5,13.2,56.0,0.0,0.0,0.0,0.2,0.02,0.12,0.69,0.69,0.0,0.0,0.69
2018-06-30,0.0,0.69,20.5,26.2,15.4,58.3,0.0,0.0,0.0,0.2,0.01,0.11,0.69,0.69,0.0,0.0,0.69
2018-07-01,0.0,0.69,20.5,27.1,16.2,60.8,0.0,0.0,0.0,0.2,0.01,0.1,0.69,0.69,0.0,0.0,0.67
2018-07-02,0.0,0.67,20.5,27.5,15.8,56.5,0.0,0.0,0.0,0.2,0.01,0.09,0.69,0.69,0.0,0.0,0.67
2018-07-03,0.0,0.67,21.8,27.9,16.0,45.5,0.0,0.0,0.0,0.2,0.01,0.08,0.67,0.69,0.0,0.0,0.66
2018-07-04,0.0,0.66,21.1,26.1,16.9,48.5,0.0,0.0,0.0,0.2,0.01,0.07,0.67,0.67,0.0,0.0,0.66
2018-07-05,0.0,0.66,20.4,25.4,17.0,55.0,0.0,0.0,0.0,0.2,0.01,0.06,0.66,0.67,0.0,0.0,0.66
2018-07-06,0.0,0.66,20.1,26.6,15.3,50.5,0.0,0.0,0.0,0.2,0.01,0.06,0.66,0.66,0.0,0.0,0.66
2018-07-07,0.0,0.66,20.1,26.4,15.6,50.3,0.0,0.0,0.0,0.2,0.0,0.05,0.66,0.66,0.0,0.0,0.64
2018-07-08,0.0,0.64,20.6,27.4,14.8,49.5,0.0,0.0,0.0,0.0,0.0,0.05,0.66,0.66,0.0,0.0,0.64
2018-07-09,0.0,0.64,21.7,28.4,15.8,42.0,0.0,0.0,0.0,0.0,0.0,0.04,0.64,0.66,0.0,0.0,0.64
2018-07-10,0.0,0.64,22.8,28.6,15.9,42.8,0.0,0.0,0.0,0.0,0.0,0.04,0.64,0.64,0.0,0.0,0.64
2018-07-11,1.1,0.64,19.2,24.9,15.7,70.5,1.1,1.1,1.1,1.1,0.0,0.03,0.64,0.64,0.0,0.0,0.64
2018-07-12,2.2,0.64,18.9,25.3,13.9,60.5,3.3,3.3,3.3,3.3,0.94,1.02,0.64,0.64,1.1,0.0,0.63
2018-07-13,0.0,0.63,19.5,24.8,15.4,64.5,3.3,3.3,3.3,3.3,2.67,2.9,0.64,0.64,2.2,1.1,0.63
2018-07-14,0.0,0.63,19.4,25.7,15.0,64.8,2.2,3.3,3.3,3.3,2.27,2.61,0.63,0.64,0.0,2.2,0.63
2018-07-15,0.0,0.63,19.4,25.3,15.2,55.0,0.0,3.3,3.3,3.3,1.93,2.35,0.63,0.63,0.0,0.0,0.61
2018-07-16,0.0,0.61,20.2,26.4,14.9,55.0,0.0,3.3,3.3,3.3,1.64,2.11,0.63,0.63,0.0,0.0,0.61
2018-07-17,0.0,0.61,19.7,24.7,15.2,58.3,0.0,3.3,3.3,3.3,1.39,1.9,0.61,0.63,0.0,0.0,0.61
2018-07-18,0.0,0.61,19.5,24.8,16.6,59.8,0.0,2.2,3.3,3.3,1.18,1.71,0.61,0.61,0.0,0.0,0.59
2018-07-19,0.0,0.59,19.4,25.2,15.0,59.0,0.0,0.0,3.3,3.3,1.01,1.54,0.61,0.61,0.0,0.0,0.59
2018-07-20,0.0,0.59,20.5,27.0,15.4,54.0,0.0,0.0,3.3,3.3,0.85,1.39,0.59,0.61,0.0,0.0,0.59
2018-07-21,0.0,0.59,21.6,28.7,15.1,52.5,0.0,0.0,3.3,3.3,0.73,1.25,0.59,0.59,0.0,0.0,0.58
2018-07-22,0.0,0.58,19.6,24.0,16.1,55.8,0.0,0.0,3.3,3.3,0.62,1.12,0.59,0.59,0.0,0.0,0.58
2018-07-23,0.0,0.58,18.9,24.3,16.0,58.8,0.0,0.0,3.3,3.3,0.52,1.01,0.58,0.59,0.0,0.0,0.58
2018-07-24,0.0,0.58,19.2,24.4,15.5,55.3,0.0,0.0,3.3,3.3,0.45,0.91,0.58,0.58,0.0,0.0,0.58
2018-07-25,0.0,0.58,18.9,24.3,15.0,50.3,0.0,0.0,2.2,3.3,0.38,0.82,0.58,0.58,0.0,0.0,0.56
2018-07-26,0.0,0.56,18.8,24.0,15.1,57.5,0.0,0.0,0.0,3.3,0.32,0.74,0.58,0.58,0.0,0.0,0.56
2018-07-27,0.0,0.56,18.9,24.9,15.2,57.8,0.0,0.0,0.0,3.3,0.27,0.66,0.56,0.58,0.0,0.0,0.56
2018-07-28,0.0,0.56,19.8,26.7,15.0,49.0,0.0,0.0,0.0,3.3,0.23,0.6,0.56,0.56,0.0,0.0,0.55
2018-07-29,0.0,0.55,19.9,27.0,15.4,52.8,0.0,0.0,0.0,3.3,0.2,0.54,0.56,0.56,0.0,0.0,0.55
2018-07-30,0.0,0.55,21.4,27.7,15.3,49.0,0.0,0.0,0.0,3.3,0.17,0.48,0.55,0.56,0.0,0.0,0.55
2018-07-31,0.0,0.55,21.8,27.4,16.2,47.8,0.0,0.0,0.0,3.3,0.14,0.44,0.55,0.55,0.0,0.0,0.55
2018-08-01,0.0,0.55,20.4,25.3,16.8,61.8,0.0,0.0,0.0,3.3,0.12,0.39,0.55,0.55,0.0,0.0,0.66
2018-08-02,0.0,0.66,19.5,25.2,17.1,78.3,0.0,0.0,0.0,3.3,0.1,0.35,0.55,0.55,0.0,0.0,0.73
2018-08-03,0.0,0.73,19.3,25.1,16.0,73.0,0.0,0.0,0.0,3.3,0.09,0.32,0.66,0.55,0.0,0.0,0.69
2018-08-04,0.5,0.69,18.9,22.9,16.8,83.0,0.5,0.5,0.5,3.8,0.07,0.29,0.73,0.66,0.0,0.0,0.63
2018-08-05,17.1,0.63,20.4,26.2,15.8,69.5,17.6,17.6,17.6,20.9,0.49,0.71,0.69,0.73,0.5,0.0,0.61
2018-08-06,0.0,0.61,21.6,25.5,17.9,69.8,17.6,17.6,17.6,20.9,14.95,16.03,0.63,0.69,17.1,0.5,0.95
2018-08-07,8.3,0.95,20.5,25.7,16.9,75.5,25.4,25.9,25.9,29.2,12.71,14.42,0.61,0.63,0.0,17.1,1.33
2018-08-08,0.0,1.33,22.1,28.0,18.0,61.8,8.3,25.9,25.9,29.2,17.86,20.45,0.95,0.61,8.3,0.0,0.92
2018-08-09,0.0,0.92,21.1,25.0,18.0,66.0,8.3,25.9,25.9,29.2,15.18,18.41,1.33,0.95,0.0,8.3,0.67
2018-08-10,0.0,0.67,21.7,27.2,17.4,65.5,0.0,25.9,25.9,28.1,12.9,16.57,0.92,1.33,0.0,0.0,0.61
2018-08-11,0.0,0.61,19.9,27.4,15.0,30.8,0.0,25.4,25.9,25.9,10.97,14.91,0.67,0.92,0.0,0.0,0.59
2018-08-12,0.0,0.59,19.9,27.8,13.8,40.0,0.0,8.3,25.9,25.9,9.32,13.42,0.61,0.67,0.0,0.0,0.58
2018-08-13,0.0,0.58,19.9,26.8,14.8,47.8,0.0,8.3,25.9,25.9,7.92,12.08,0.59,0.61,0.0,0.0,0.56
2018-08-14,0.0,0.56,20.7,28.2,14.9,44.8,0.0,0.0,25.9,25.9,6.73,10.87,0.58,0.59,0.0,0.0,0.55
2018-08-15,0.0,0.55,22.3,29.9,16.8,48.3,0.0,0.0,25.9,25.9,5.72,9.78,0.56,0.58,0.0,0.0,0.55
2018-08-16,0.0,0.55,19.6,23.2,17.4,64.8,0.0,0.0,25.9,25.9,4.87,8.8,0.55,0.56,0.0,0.0,0.61
2018-08-17,0.0,0.61,18.2,23.5,15.8,72.3,0.0,0.0,25.9,25.9,4.14,7.92,0.55,0.55,0.0,0.0,0.69
2018-08-18,35.3,0.69,18.5,22.9,15.4,67.3,35.3,35.3,60.7,61.2,3.52,7.13,0.61,0.55,0.0,0.0,0.67
2018-08-19,0.0,0.67,19.7,25.2,15.6,58.8,35.3,35.3,43.6,61.2,32.99,38.19,0.69,0.61,35.3,0.0,0.61
2018-08-20,0.0,0.61,20.7,26.9,15.1,43.0,35.3,35.3,43.6,61.2,28.04,34.37,0.67,0.69,0.0,35.3,0.55
2018-08-21,0.0,0.55,20.2,25.7,15.4,47.8,0.0,35.3,35.3,61.2,23.84,30.93,0.61,0.67,0.0,0.0,0.53
2018-08-22,0.0,0.53,20.6,25.9,15.8,45.5,0.0,35.3,35.3,61.2,20.26,27.84,0.55,0.61,0.0,0.0,0.52
2018-08-23,0.0,0.52,21.0,25.8,16.4,54.3,0.0,35.3,35.3,61.2,17.22,25.06,0.53,0.55,0.0,0.0,0.52
2018-08-24,0.0,0.52,21.8,26.8,17.6,51.3,0.0,35.3,35.3,61.2,14.64,22.55,0.52,0.53,0.0,0.0,0.5
2018-08-25,0.0,0.5,21.5,26.9,17.2,61.8,0.0,0.0,35.3,61.2,12.44,20.29,0.52,0.52,0.0,0.0,0.52
2018-08-26,0.0,0.52,22.2,28.0,18.5,59.8,0.0,0.0,35.3,61.2,10.58,18.27,0.5,0.52,0.0,0.0,0.52
2018-08-27,0.0,0.52,18.9,23.0,16.1,67.0,0.0,0.0,35.3,61.2,8.99,16.44,0.52,0.5,0.0,0.0,0.5
2018-08-28,0.0,0.5,18.3,21.9,15.3,68.8,0.0,0.0,35.3,61.2,7.64,14.79,0.52,0.52,0.0,0.0,0.5
2018-08-29,0.0,0.5,19.4,23.8,16.5,62.8,0.0,0.0,35.3,61.2,6.5,13.32,0.5,0.52,0.0,0.0,0.49
2018-08-30,0.0,0.49,19.7,25.0,16.0,59.5,0.0,0.0,35.3,61.2,5.52,11.98,0.5,0.5,0.0,0.0,0.49
2018-08-31,0.0,0.49,21.1,27.4,16.1,49.3,0.0,0.0,35.3,61.2,4.69,10.79,0.49,0.5,0.0,0.0,0.49
2018-09-01,0.0,0.49,22.9,29.8,16.2,47.3,0.0,0.0,0.0,61.2,3.99,9.71,0.49,0.49,0.0,0.0,0.47
2018-09-02,0.0,0.47,22.5,27.4,17.9,54.8,0.0,0.0,0.0,61.2,3.39,8.74,0.49,0.49,0.0,0.0,0.47
2018-09-03,0.0,0.47,24.0,30.7,18.0,44.3,0.0,0.0,0.0,60.7,2.88,7.86,0.47,0.49,0.0,0.0,0.47
2018-09-04,1.7,0.47,20.8,26.8,17.8,50.0,1.7,1.7,1.7,45.3,2.45,7.08,0.47,0.47,0.0,0.0,0.45
2018-09-05,0.0,0.45,19.4,27.4,12.9,37.0,1.7,1.7,1.7,45.3,3.53,7.9,0.47,0.47,1.7,0.0,0.45
2018-09-06,0.0,0.45,20.2,27.8,13.6,50.0,1.7,1.7,1.7,37.0,3.0,7.11,0.45,0.47,0.0,1.7,0.45
2018-09-07,0.0,0.45,21.3,29.0,15.7,47.3,0.0,1.7,1.7,37.0,2.55,6.4,0.45,0.45,0.0,0.0,0.45
2018-09-08,0.0,0.45,20.2,26.9,15.1,48.8,0.0,1.7,1.7,37.0,2.17,5.76,0.45,0.45,0.0,0.0,0.44
2018-09-09,0.0,0.44,21.0,28.4,15.8,42.5,0.0,1.7,1.7,37.0,1.84,5.18,0.45,0.45,0.0,0.0,0.44
2018-09-10,0.0,0.44,21.8,29.0,17.0,47.3,0.0,1.7,1.7,37.0,1.57,4.66,0.44,0.45,0.0,0.0,0.44
2018-09-11,0.0,0.44,22.5,29.6,17.4,47.3,0.0,0.0,1.7,37.0,1.33,4.2,0.44,0.44,0.0,0.0,0.44
2018-09-12,0.0,0.44,20.6,26.2,17.1,64.0,0.0,0.0,1.7,37.0,1.13,3.78,0.44,0.44,0.0,0.0,0.42
2018-09-13,0.0,0.42,19.8,25.5,16.4,59.0,0.0,0.0,1.7,37.0,0.96,3.4,0.44,0.44,0.0,0.0,0.42
2018-09-14,0.0,0.42,20.9,28.1,17.1,65.8,0.0,0.0,1.7,37.0,0.82,3.06,0.42,0.44,0.0,0.0,0.73
2018-09-15,22.1,0.73,19.3,22.0,16.4,82.5,22.1,22.1,23.8,59.1,0.69,2.75,0.42,0.42,0.0,0.0,1.28
2018-09-16,4.0,1.28,22.6,28.4,17.8,71.0,26.1,26.1,27.8,63.1,19.38,22.37,0.73,0.42,22.1,0.0,1.52
2018-09-17,3.5,1.52,20.3,23.3,18.3,84.0,29.6,29.6,31.3,31.3,19.87,23.73,1.28,0.73,4.0,22.1,1.45
2018-09-18,1.2,1.45,21.6,24.9,17.9,73.0,8.7,30.8,30.8,32.5,19.86,24.51,1.52,1.28,3.5,4.0,1.25
2018-09-19,1.1,1.25,23.2,29.2,19.1,63.0,5.8,31.9,31.9,33.6,17.9,23.14,1.45,1.52,1.2,3.5,1.89
2018-09-20,0.0,1.89,22.0,25.5,20.1,75.8,2.3,31.9,31.9,33.6,16.15,21.81,1.25,1.45,1.1,1.2,2.78
2018-09-21,10.3,2.78,22.0,28.2,18.4,72.0,11.4,42.2,42.2,43.9,13.73,19.63,1.89,1.25,0.0,1.1,2.24
2018-09-22,0.3,2.24,24.8,30.9,19.1,56.3,10.6,20.4,42.5,44.2,20.43,26.94,2.78,1.89,10.3,0.0,1.47
2018-09-23,0.0,1.47,24.7,30.5,19.7,52.3,10.6,16.4,42.5,44.2,17.62,24.52,2.24,2.78,0.3,10.3,1.0
2018-09-24,0.0,1.0,24.9,31.3,20.3,49.0,0.3,12.9,42.5,44.2,14.97,22.06,1.47,2.24,0.0,0.3,0.72
2018-09-25,0.0,0.72,24.9,30.4,21.1,42.8,0.0,11.7,42.5,44.2,12.73,19.86,1.0,1.47,0.0,0.0,0.56
2018-09-26,0.0,0.56,23.6,28.2,19.3,49.0,0.0,10.6,42.5,44.2,10.82,17.87,0.72,1.0,0.0,0.0,0.51
2018-09-27,0.0,0.51,25.0,31.8,19.2,50.8,0.0,10.6,42.5,44.2,9.2,16.08,0.56,0.72,0.0,0.0,0.49
2018-09-28,0.0,0.49,25.4,31.2,21.9,52.8,0.0,0.3,42.5,44.2,7.82,14.48,0.51,0.56,0.0,0.0,0.49
2018-09-29,0.0,0.49,23.7,29.4,20.8,71.5,0.0,0.0,20.4,44.2,6.64,13.03,0.49,0.51,0.0,0.0,0.49
2018-09-30,0.0,0.49,22.9,25.3,20.7,67.8,0.0,0.0,16.4,44.2,5.65,11.73,0.49,0.49,0.0,0.0,0.56
2018-10-01,0.0,0.56,22.4,29.8,18.8,72.5,0.0,0.0,12.9,44.2,4.8,10.55,0.49,0.49,0.0,0.0,0.58
2018-10-02,15.1,0.58,24.0,30.6,18.8,58.5,15.1,15.1,26.8,59.3,4.08,9.5,0.56,0.49,0.0,0.0,0.54
2018-10-03,0.0,0.54,26.1,32.1,20.2,49.3,15.1,15.1,25.7,59.3,16.3,22.14,0.58,0.56,15.1,0.0,0.53
2018-10-04,0.0,0.53,26.5,33.2,21.8,52.8,15.1,15.1,25.7,57.6,13.86,19.92,0.54,0.58,0.0,15.1,0.55
2018-10-05,0.0,0.55,24.7,30.0,21.1,62.3,0.0,15.1,15.4,57.6,11.78,17.93,0.53,0.54,0.0,0.0,0.53
2018-10-06,0.0,0.53,21.6,26.1,20.0,70.8,0.0,15.1,15.1,57.6,10.01,16.14,0.55,0.53,0.0,0.0,0.56
2018-10-07,0.0,0.56,21.3,24.8,18.8,69.8,0.0,15.1,15.1,57.6,8.51,14.52,0.53,0.55,0.0,0.0,0.53
2018-10-08,0.0,0.53,23.8,30.1,18.6,53.5,0.0,15.1,15.1,57.6,7.23,13.07,0.56,0.53,0.0,0.0,0.51
2018-10-09,0.0,0.51,24.4,30.0,19.8,55.5,0.0,0.0,15.1,57.6,6.15,11.77,0.53,0.56,0.0,0.0,0.49
2018-10-10,0.0,0.49,26.4,32.6,21.8,47.0,0.0,0.0,15.1,57.6,5.23,10.59,0.51,0.53,0.0,0.0,0.49
2018-10-11,0.0,0.49,25.3,31.1,22.7,60.8,0.0,0.0,15.1,57.6,4.44,9.53,0.49,0.51,0.0,0.0,0.48
2018-10-12,0.0,0.48,23.8,27.2,21.4,61.8,0.0,0.0,15.1,57.6,3.78,8.58,0.49,0.49,0.0,0.0,0.47
2018-10-13,0.0,0.47,26.7,34.1,20.3,49.8,0.0,0.0,15.1,57.6,3.21,7.72,0.48,0.49,0.0,0.0,0.57
2018-10-14,7.1,0.57,26.6,33.4,20.5,53.8,7.1,7.1,22.2,64.7,2.73,6.95,0.47,0.48,0.0,0.0,1.01
2018-10-15,0.0,1.01,23.1,28.9,21.0,78.5,7.1,7.1,22.2,42.6,8.35,12.64,0.57,0.47,7.1,0.0,1.38
2018-10-16,12.1,1.38,24.1,28.8,19.9,64.5,19.2,19.2,19.2,50.7,7.1,11.38,1.01,0.57,0.0,7.1,1.38
2018-10-17,0.0,1.38,24.0,28.1,21.2,71.0,12.1,19.2,19.2,47.2,16.32,21.13,1.38,1.01,12.1,0.0,1.35
2018-10-18,0.0,1.35,22.9,28.1,18.3,83.3,12.1,19.2,19.2,46.0,13.87,19.02,1.38,1.38,0.0,12.1,1.64
2018-10-19,8.0,1.64,22.2,28.3,18.3,81.0,8.0,27.2,27.2,52.9,11.79,17.12,1.35,1.38,0.0,0.0,1.94
2018-10-20,34.2,1.94,21.5,27.1,18.6,56.0,42.2,61.4,61.4,87.1,16.82,22.6,1.64,1.35,8.0,0.0,1.39
2018-10-21,0.0,1.39,19.0,24.7,15.1,66.5,42.2,54.3,61.4,76.8,43.37,51.12,1.94,1.64,34.2,8.0,0.96
2018-10-22,0.0,0.96,21.0,27.7,15.3,59.0,34.2,54.3,61.4,76.5,36.86,46.01,1.39,1.94,0.0,34.2,0.7
2018-10-23,0.0,0.7,23.4,30.0,16.8,49.3,0.0,42.2,61.4,76.5,31.33,41.41,0.96,1.39,0.0,0.0,0.56
2018-10-24,0.0,0.56,23.2,30.6,19.7,67.8,0.0,42.2,61.4,76.5,26.63,37.27,0.7,0.96,0.0,0.0,0.82
2018-10-25,28.6,0.82,21.6,25.7,18.2,82.8,28.6,70.8,90.0,105.1,22.64,33.54,0.56,0.7,0.0,0.0,1.42
2018-10-26,28.1,1.42,23.9,29.6,19.4,71.8,56.7,90.9,118.1,133.2,43.55,55.93,0.82,0.56,28.6,0.0,2.17
2018-10-27,1.3,2.17,22.7,29.5,19.5,85.8,58.0,58.0,119.4,134.5,60.91,75.63,1.42,0.82,28.1,28.6,2.31
2018-10-28,15.4,2.31,24.1,28.8,19.5,60.0,44.8,73.4,127.7,149.9,52.87,69.23,2.17,1.42,1.3,28.1,1.63
2018-10-29,3.5,1.63,20.6,24.6,18.5,81.0,20.2,76.9,131.2,153.4,58.03,76.17,2.31,2.17,15.4,1.3,1.21
2018-10-30,2.8,1.21,22.4,28.9,17.4,71.5,21.7,79.7,121.9,156.2,52.3,71.7,1.63,2.31,3.5,15.4,0.88
2018-10-31,0.0,0.88,24.1,29.6,18.8,60.8,6.3,79.7,121.9,156.2,46.84,67.05,1.21,1.63,2.8,3.5,0.74
2018-11-01,0.0,0.74,23.7,31.1,19.1,72.5,2.8,51.1,121.9,141.1,39.81,60.35,0.88,1.21,0.0,2.8,0.87
2018-11-02,0.9,0.87,24.7,30.2,18.8,56.3,0.9,23.9,114.8,142.0,33.84,54.31,0.74,0.88,0.0,0.0,0.98
2018-11-03,0.3,0.98,25.4,31.2,20.8,50.5,1.2,22.9,80.9,142.3,29.53,49.69,0.87,0.74,0.9,0.0,0.95
2018-11-04,0.0,0.95,23.7,28.4,21.6,69.5,1.2,7.5,80.9,142.3,25.35,44.99,0.98,0.87,0.3,0.9,1.3
2018-11-05,0.5,1.3,20.9,23.9,19.0,77.0,0.8,4.5,81.4,142.8,21.55,40.49,0.95,0.98,0.0,0.3,1.44
2018-11-06,2.9,1.44,21.3,25.7,17.7,67.0,3.4,4.6,84.3,145.7,18.74,36.89,1.3,0.95,0.5,0.0,1.05
2018-11-07,0.0,1.05,22.9,26.5,18.8,59.5,3.4,4.6,84.3,145.7,18.4,35.81,1.44,1.3,2.9,0.5,1.64
2018-11-08,10.8,1.64,18.3,23.5,16.0,87.5,13.7,15.4,66.5,156.5,15.64,32.23,1.05,1.44,0.0,2.9,3.7
2018-11-09,37.9,3.7,17.4,18.4,14.8,87.5,48.7,52.4,76.3,194.4,22.47,38.73,1.64,1.05,10.8,0.0,4.9
2018-11-10,19.2,4.9,19.5,22.7,16.8,79.0,67.9,71.3,94.2,213.6,51.32,68.97,3.7,1.64,37.9,10.8,4.07
2018-11-11,1.0,4.07,21.9,27.1,16.1,68.0,58.1,72.3,79.8,214.6,59.94,79.35,4.9,3.7,19.2,37.9,3.08
2018-11-12,0.0,3.08,23.9,29.2,18.8,61.3,20.2,71.8,76.3,214.6,51.8,72.31,4.07,4.9,1.0,19.2,2.23
2018-11-13,0.0,2.23,24.6,30.3,20.1,59.8,1.0,68.9,73.5,207.5,44.03,65.08,3.08,4.07,0.0,1.0,1.62
2018-11-14,0.0,1.62,25.4,31.3,20.5,58.3,0.0,68.9,73.5,207.5,37.42,58.58,2.23,3.08,0.0,0.0,1.25
2018-11-15,0.0,1.25,23.6,30.2,19.6,74.8,0.0,58.1,73.5,195.4,31.81,52.72,1.62,2.23,0.0,0.0,1.39
2018-11-16,16.9,1.39,23.6,28.6,19.6,72.5,16.9,37.1,89.5,212.3,27.04,47.45,1.25,1.62,0.0,0.0,1.55
2018-11-17,3.1,1.55,23.3,27.8,20.2,60.3,20.0,21.0,92.3,215.4,37.35,57.91,1.39,1.25,16.9,0.0,1.23
2018-11-18,0.0,1.23,23.5,28.2,19.9,64.0,20.0,20.0,92.3,207.4,34.38,54.91,1.55,1.39,3.1,16.9,1.3
2018-11-19,6.9,1.3,22.4,25.3,19.5,84.3,10.0,26.9,98.7,180.1,29.22,49.42,1.23,1.55,0.0,3.1,1.93
2018-11-20,12.8,1.93,20.2,23.0,18.2,90.0,19.7,39.7,108.6,192.9,30.71,50.69,1.3,1.23,6.9,0.0,3.39
2018-11-21,23.9,3.39,18.5,20.8,16.0,84.3,43.6,63.6,132.5,216.8,36.98,57.14,1.93,1.3,12.8,6.9,5.87
2018-11-22,39.6,5.87,20.7,24.8,16.1,73.0,76.3,103.2,161.3,256.4,51.75,72.93,3.39,1.93,23.9,12.8,5.64
2018-11-23,0.0,5.64,22.0,26.5,18.2,67.5,63.5,86.3,123.4,256.4,77.65,101.28,5.87,3.39,39.6,23.9,4.68
2018-11-24,2.8,4.68,23.1,24.9,18.8,61.8,42.4,86.0,107.0,230.6,66.0,91.15,5.64,5.87,0.0,39.6,4.81
2018-11-25,5.4,4.81,20.3,24.7,17.9,77.5,8.2,91.4,111.4,207.9,58.48,84.56,4.68,5.64,2.8,0.0,5.75
2018-11-26,0.2,5.75,22.8,27.6,17.2,53.8,8.4,84.7,111.6,206.8,54.3,80.96,4.81,4.68,5.4,2.8,4.61
2018-11-27,0.0,4.61,22.6,27.6,17.7,51.5,5.6,71.9,111.6,191.4,46.32,73.05,5.75,4.81,0.2,5.4,3.47
2018-11-28,0.0,3.47,22.9,28.6,18.6,51.3,0.2,48.0,111.6,187.9,39.37,65.74,4.61,5.75,0.0,0.2,2.5
2018-11-29,0.0,2.5,23.8,29.4,18.4,51.5,0.0,8.4,111.6,185.1,33.47,59.17,3.47,4.61,0.0,0.0,1.75
2018-11-30,0.0,1.75,25.1,31.1,19.5,55.8,0.0,8.4,94.7,185.1,28.45,53.25,2.5,3.47,0.0,0.0,1.7
2018-12-01,16.8,1.7,21.3,25.1,19.1,88.8,16.8,22.4,108.4,201.9,24.18,47.93,1.75,2.5,0.0,0.0,3.36
2018-12-02,21.3,3.36,22.3,26.9,19.1,84.0,38.1,38.3,129.7,222.3,34.83,58.25,1.7,1.75,16.8,0.0,5.24
2018-12-03,40.7,5.24,20.3,23.5,17.9,82.3,78.8,78.8,163.5,262.7,47.71,71.6,3.36,1.7,21.3,16.8,5.24
2018-12-04,8.8,5.24,22.7,28.0,18.0,70.0,70.8,87.6,159.5,271.5,75.15,101.07,5.24,3.36,40.7,21.3,4.15
2018-12-05,0.0,4.15,25.2,31.5,18.5,59.5,49.5,87.6,135.6,271.0,71.36,98.88,5.24,5.24,8.8,40.7,3.12
2018-12-06,0.0,3.12,23.5,31.8,18.4,70.8,8.8,87.6,96.0,268.1,60.65,88.99,4.15,5.24,0.0,8.8,2.85
2018-12-07,3.4,2.85,23.7,27.6,18.4,75.3,3.4,91.0,99.4,271.5,51.56,80.09,3.12,4.15,0.0,0.0,3.49
2018-12-08,14.2,3.49,20.9,26.9,18.2,63.0,17.6,88.4,110.8,274.9,46.71,75.14,2.85,3.12,3.4,0.0,3.72
2018-12-09,0.0,3.72,19.0,23.3,15.3,67.5,17.6,67.1,105.4,237.0,51.78,80.41,3.49,2.85,14.2,3.4,2.77
2018-12-10,0.0,2.77,21.3,26.8,15.9,63.8,14.2,26.4,105.2,217.8,44.01,72.37,3.72,3.49,0.0,14.2,2.06
2018-12-11,0.0,2.06,23.2,28.2,17.6,60.5,0.0,17.6,105.2,216.8,37.41,65.13,2.77,3.72,0.0,0.0,1.55
2018-12-12,0.0,1.55,24.7,30.5,19.1,57.3,0.0,17.6,105.2,216.8,31.8,58.62,2.06,2.77,0.0,0.0,1.25
2018-12-13,0.0,1.25,24.6,30.5,19.9,65.0,0.0,17.6,105.2,216.8,27.03,52.76,1.55,2.06,0.0,0.0,1.03
2018-12-14,0.4,1.03,26.0,32.0,19.6,45.3,0.4,14.6,105.6,217.2,22.97,47.48,1.25,1.55,0.0,0.0,0.87
2018-12-15,0.0,0.87,26.7,31.8,21.4,47.0,0.4,0.4,88.8,217.2,19.87,43.09,1.03,1.25,0.4,0.0,0.85
2018-12-16,0.0,0.85,26.2,31.5,21.9,48.0,0.4,0.4,67.5,200.3,16.89,38.78,0.87,1.03,0.0,0.4,0.83
2018-12-17,0.0,0.83,25.3,30.8,20.6,49.5,0.0,0.4,26.8,197.2,14.35,34.91,0.85,0.87,0.0,0.0,0.81
2018-12-18,0.0,0.81,27.2,32.7,20.7,50.8,0.0,0.4,18.0,197.2,12.2,31.41,0.83,0.85,0.0,0.0,0.81
2018-12-19,0.0,0.81,27.1,32.6,23.0,53.5,0.0,0.4,18.0,190.3,10.37,28.27,0.81,0.83,0.0,0.0,0.81
2018-12-20,0.0,0.81,27.2,33.6,22.2,51.3,0.0,0.4,18.0,177.5,8.82,25.45,0.81,0.81,0.0,0.0,0.85
2018-12-21,2.3,0.85,27.2,32.7,22.9,53.0,2.3,2.3,16.9,155.9,7.49,22.9,0.81,0.81,0.0,0.0,1.03
2018-12-22,10.0,1.03,25.2,32.2,19.5,72.0,12.3,12.3,12.7,126.3,8.32,22.68,0.85,0.81,2.3,0.0,1.25
2018-12-23,12.1,1.25,25.8,32.7,19.4,58.8,24.4,24.4,24.8,138.4,15.58,29.41,1.03,0.85,10.0,2.3,1.59
2018-12-24,2.6,1.59,23.2,32.0,18.6,72.3,24.7,27.0,27.4,138.2,23.52,37.36,1.25,1.03,12.1,10.0,2.98
2018-12-25,44.8,2.98,23.8,30.4,18.6,67.0,59.5,71.8,72.2,177.6,22.21,35.97,1.59,1.25,2.6,12.1,4.61
2018-12-26,8.0,4.61,22.4,27.7,19.7,79.8,55.4,79.8,80.2,185.4,56.95,72.69,2.98,1.59,44.8,2.6,5.49
2018-12-27,27.6,5.49,21.3,24.5,19.2,87.3,80.4,107.4,107.8,213.0,55.21,72.62,4.61,2.98,8.0,44.8,6.31
2018-12-28,22.5,6.31,21.3,25.2,18.4,86.5,58.1,127.6,129.9,235.5,70.39,90.2,5.49,4.61,27.6,8.0,7.97
2018-12-29,19.2,7.97,21.3,25.5,17.2,90.5,69.3,136.8,149.1,254.7,78.96,101.43,6.31,5.49,22.5,27.6,9.26
2018-12-30,42.5,9.26,22.4,27.8,17.9,78.5,84.2,167.2,191.6,297.2,83.43,108.57,7.97,6.31,19.2,22.5,9.42
2018-12-31,78.8,9.42,21.8,25.6,18.7,84.3,140.5,243.4,270.4,359.2,107.04,135.96,9.26,7.97,42.5,19.2,8.89
2019-01-01,14.8,8.89,22.1,27.8,18.4,86.3,136.1,213.4,285.2,352.7,157.97,193.28,9.42,9.26,78.8,42.5,7.79
2019-01-02,1.4,7.79,24.9,30.1,19.3,63.3,95.0,206.8,286.6,313.4,146.85,187.27,8.89,9.42,14.8,78.8,6.28
2019-01-03,8.8,6.28,25.2,30.8,20.6,63.0,25.0,188.0,295.4,313.4,126.01,169.81,7.79,8.89,1.4,14.8,5.07
2019-01-04,10.3,5.07,22.1,26.1,18.4,70.3,20.5,175.8,303.4,323.7,114.59,160.75,6.28,7.79,8.8,1.4,4.41
2019-01-05,6.8,4.41,25.0,29.9,19.1,58.8,25.9,163.4,300.2,330.5,106.16,153.94,5.07,6.28,10.3,8.8,3.41
2019-01-06,0.0,3.41,26.2,31.9,20.7,51.3,17.1,120.9,288.1,327.1,96.01,144.67,4.41,5.07,6.8,10.3,2.53
2019-01-07,0.0,2.53,26.2,31.4,21.4,53.8,6.8,42.1,285.5,312.9,81.61,130.2,3.41,4.41,0.0,6.8,1.94
2019-01-08,0.0,1.94,25.1,29.5,20.6,62.5,0.0,27.3,240.7,312.9,69.37,117.18,2.53,3.41,0.0,0.0,1.5
2019-01-09,0.0,1.5,23.8,29.2,20.2,51.0,0.0,25.9,232.7,312.9,58.96,105.46,1.94,2.53,0.0,0.0,1.22
2019-01-10,0.0,1.22,24.4,29.5,19.7,52.0,0.0,17.1,205.1,312.9,50.12,94.92,1.5,1.94,0.0,0.0,1.0
2019-01-11,0.0,1.0,25.0,29.7,20.5,56.0,0.0,6.8,182.6,312.9,42.6,85.42,1.22,1.5,0.0,0.0,0.94
2019-01-12,0.0,0.94,25.7,30.4,20.4,51.5,0.0,0.0,163.4,312.9,36.21,76.88,1.0,1.22,0.0,0.0,0.91
2019-01-13,0.0,0.91,24.9,30.8,20.4,53.3,0.0,0.0,120.9,312.5,30.78,69.19,0.94,1.0,0.0,0.0,0.91
2019-01-14,0.0,0.91,25.6,31.1,19.9,50.3,0.0,0.0,42.1,312.5,26.16,62.27,0.91,0.94,0.0,0.0,0.91
2019-01-15,0.0,0.91,26.5,32.1,20.9,51.5,0.0,0.0,27.3,312.5,22.24,56.05,0.91,0.91,0.0,0.0,0.91
2019-01-16,0.0,0.91,26.7,32.6,22.2,56.0,0.0,0.0,25.9,312.5,18.9,50.44,0.91,0.91,0.0,0.0,0.91
2019-01-17,0.0,0.91,25.6,32.4,21.8,59.0,0.0,0.0,17.1,312.5,16.07,45.4,0.91,0.91,0.0,0.0,0.91
2019-01-18,0.0,0.91,26.8,32.1,21.7,55.0,0.0,0.0,6.8,312.5,13.66,40.86,0.91,0.91,0.0,0.0,0.91
2019-01-19,0.0,0.91,27.1,32.1,21.7,42.0,0.0,0.0,0.0,312.5,11.61,36.77,0.91,0.91,0.0,0.0,0.87
2019-01-20,0.0,0.87,25.5,33.1,21.4,65.8,0.0,0.0,0.0,310.2,9.87,33.1,0.91,0.91,0.0,0.0,0.87
2019-01-21,0.0,0.87,26.0,31.1,21.1,59.5,0.0,0.0,0.0,300.2,8.39,29.79,0.87,0.91,0.0,0.0,0.87
2019-01-22,0.0,0.87,26.9,32.2,22.1,54.0,0.0,0.0,0.0,288.1,7.13,26.81,0.87,0.87,0.0,0.0,0.87
2019-01-23,0.0,0.87,26.2,32.0,21.8,50.8,0.0,0.0,0.0,285.5,6.06,24.13,0.87,0.87,0.0,0.0,0.87
2019-01-24,0.0,0.87,25.8,31.5,20.9,52.5,0.0,0.0,0.0,240.7,5.15,21.71,0.87,0.87,0.0,0.0,0.87
2019-01-25,0.0,0.87,24.8,30.0,20.8,57.0,0.0,0.0,0.0,232.7,4.38,19.54,0.87,0.87,0.0,0.0,0.87
2019-01-26,0.0,0.87,23.4,28.4,20.0,65.0,0.0,0.0,0.0,205.1,3.72,17.59,0.87,0.87,0.0,0.0,0.87
2019-01-27,0.0,0.87,25.0,30.7,19.7,51.8,0.0,0.0,0.0,182.6,3.16,15.83,0.87,0.87,0.0,0.0,0.87
2019-01-28,0.0,0.87,26.1,31.0,20.9,50.8,0.0,0.0,0.0,163.4,2.69,14.25,0.87,0.87,0.0,0.0,0.85
2019-01-29,0.0,0.85,27.0,32.9,21.6,44.5,0.0,0.0,0.0,120.9,2.29,12.82,0.87,0.87,0.0,0.0,0.85
2019-01-30,0.0,0.85,27.1,32.7,21.6,42.5,0.0,0.0,0.0,42.1,1.94,11.54,0.85,0.87,0.0,0.0,0.85
2019-01-31,0.0,0.85,27.6,33.0,21.8,40.8,0.0,0.0,0.0,27.3,1.65,10.39,0.85,0.85,0.0,0.0,0.85
2019-02-01,0.0,0.85,27.4,32.3,22.5,41.8,0.0,0.0,0.0,25.9,1.4,9.35,0.85,0.85,0.0,0.0,0.81
2019-02-02,0.0,0.81,27.7,32.8,22.2,42.3,0.0,0.0,0.0,17.1,1.19,8.41,0.85,0.85,0.0,0.0,0.81
2019-02-03,0.0,0.81,28.8,35.0,22.6,41.3,0.0,0.0,0.0,6.8,1.01,7.57,0.81,0.85,0.0,0.0,0.81
2019-02-04,0.0,0.81,24.1,30.8,19.2,61.3,0.0,0.0,0.0,0.0,0.86,6.81,0.81,0.81,0.0,0.0,1.38
2019-02-05,0.0,1.38,23.9,30.9,19.6,64.5,0.0,0.0,0.0,0.0,0.73,6.13,0.81,0.81,0.0,0.0,3.16
2019-02-06,21.9,3.16,21.7,26.8,19.2,88.8,21.9,21.9,21.9,21.9,0.62,5.52,1.38,0.81,0.0,0.0,4.81
2019-02-07,31.0,4.81,21.2,23.9,18.9,85.8,52.9,52.9,52.9,52.9,19.14,24.68,3.16,1.38,21.9,0.0,4.81
2019-02-08,33.0,4.81,24.3,31.0,18.2,63.3,85.9,85.9,85.9,85.9,42.62,50.11,4.81,3.16,31.0,21.9,4.06
2019-02-09,0.1,4.06,25.0,30.6,19.7,60.8,64.1,86.0,86.0,86.0,64.28,74.8,4.81,4.81,33.0,31.0,3.79
2019-02-10,0.0,3.79,25.8,31.8,20.8,58.0,33.1,86.0,86.0,86.0,54.72,67.41,4.06,4.81,0.1,33.0,2.97
2019-02-11,0.0,2.97,25.9,31.1,21.1,55.8,0.1,86.0,86.0,86.0,46.51,60.67,3.79,4.06,0.0,0.1,2.16
2019-02-12,0.0,2.16,26.1,31.1,21.4,56.0,0.0,86.0,86.0,86.0,39.54,54.6,2.97,3.79,0.0,0.0,1.78
2019-02-13,0.0,1.78,23.0,30.0,18.7,76.3,0.0,64.1,86.0,86.0,33.61,49.14,2.16,2.97,0.0,0.0,1.65
2019-02-14,8.9,1.65,22.4,28.1,18.5,72.8,8.9,42.0,94.9,94.9,28.57,44.23,1.78,2.16,0.0,0.0,1.38
2019-02-15,0.2,1.38,22.2,25.3,19.4,84.3,9.1,9.2,95.1,95.1,31.85,47.81,1.65,1.78,8.9,0.0,1.75
2019-02-16,21.0,1.75,21.8,25.6,19.2,87.3,30.1,30.1,116.1,116.1,27.24,43.21,1.38,1.65,0.2,8.9,3.32
2019-02-17,26.8,3.32,21.4,26.4,18.3,85.5,48.0,56.9,142.9,142.9,41.0,57.79,1.75,1.38,21.0,0.2,4.43
2019-02-18,28.2,4.43,22.2,27.1,18.8,84.5,76.0,85.1,171.1,171.1,57.63,76.13,3.32,1.75,26.8,21.0,4.87
2019-02-19,12.6,4.87,23.8,28.7,19.1,75.0,67.6,97.7,183.7,183.7,72.96,93.9,4.43,3.32,28.2,26.8,4.28
2019-02-20,1.8,4.28,25.5,29.6,21.0,69.5,42.6,99.5,163.6,185.5,72.72,95.85,4.87,4.43,12.6,28.2,3.59
2019-02-21,4.3,3.59,22.5,26.9,18.6,78.8,18.7,94.9,136.9,189.8,63.35,87.88,4.28,4.87,1.8,12.6,3.41
2019-02-22,14.2,3.41,25.6,31.9,18.5,57.0,20.3,108.9,118.1,204.0,57.5,82.97,3.59,4.28,4.3,1.8,2.5
2019-02-23,0.0,2.5,27.3,33.5,21.0,49.3,18.5,87.9,118.0,204.0,60.94,87.45,3.41,3.59,14.2,4.3,1.81
2019-02-24,0.0,1.81,27.7,33.8,21.8,46.5,14.2,61.1,118.0,204.0,51.8,78.7,2.5,3.41,0.0,14.2,1.38
2019-02-25,0.0,1.38,27.9,34.7,22.2,47.5,0.0,32.9,118.0,204.0,44.03,70.83,1.81,2.5,0.0,0.0,1.19
2019-02-26,0.8,1.19,25.1,34.5,19.9,68.3,0.8,21.1,118.8,204.8,37.43,63.75,1.38,1.81,0.0,0.0,1.19
2019-02-27,11.4,1.19,26.0,32.0,19.3,57.3,12.2,30.7,130.2,216.2,32.49,58.1,1.19,1.38,0.8,0.0,1.19
2019-02-28,0.0,1.19,23.9,27.7,19.9,74.5,12.2,26.4,121.3,216.2,37.31,62.55,1.19,1.19,11.4,0.8,1.34
2019-03-01,11.1,1.34,23.0,29.7,18.8,76.5,22.5,23.3,132.2,227.3,31.71,56.29,1.19,1.19,0.0,11.4,1.88
2019-03-02,6.8,1.88,22.0,24.4,19.0,81.0,17.9,30.1,118.0,234.1,36.39,60.65,1.34,1.19,11.1,0.0,2.18
2019-03-03,7.1,2.18,24.4,29.1,19.8,62.3,25.0,37.2,98.3,241.2,36.71,60.71,1.88,1.34,6.8,11.1,1.75
2019-03-04,0.0,1.75,24.3,29.2,20.0,59.5,13.9,37.2,70.1,241.2,37.24,61.03,2.18,1.88,7.1,6.8,1.31
2019-03-05,0.0,1.31,24.5,30.6,19.9,61.3,7.1,36.4,57.5,241.2,31.65,54.92,1.75,2.18,0.0,7.1,1.12
2019-03-06,0.0,1.12,24.2,29.5,20.1,69.3,0.0,25.0,55.7,241.2,26.91,49.43,1.31,1.75,0.0,0.0,1.03
2019-03-07,2.1,1.03,25.5,31.1,20.2,59.3,2.1,27.1,53.5,243.3,22.87,44.49,1.12,1.31,0.0,0.0,1.0
2019-03-08,0.0,1.0,26.3,32.2,20.6,56.8,2.1,16.0,39.3,221.4,21.22,41.93,1.03,1.12,2.1,0.0,0.97
2019-03-09,0.0,0.97,27.0,32.7,21.7,55.8,2.1,9.2,39.3,190.4,18.04,37.74,1.0,1.03,0.0,2.1,1.0
2019-03-10,0.0,1.0,26.2,31.3,21.7,65.0,0.0,2.1,39.3,157.4,15.33,33.96,0.97,1.0,0.0,0.0,1.09
2019-03-11,2.8,1.09,23.2,28.7,19.2,72.0,2.8,4.9,42.1,160.1,13.03,30.57,1.0,0.97,0.0,0.0,1.22
2019-03-12,1.2,1.22,24.8,29.3,20.1,68.0,4.0,6.1,42.5,161.3,13.46,30.03,1.09,1.0,2.8,0.0,1.12
2019-03-13,0.0,1.12,25.0,30.3,21.4,71.0,4.0,6.1,31.1,161.3,12.46,28.11,1.22,1.09,1.2,2.8,1.06
2019-03-14,2.5,1.06,25.9,32.4,21.0,57.5,3.7,6.5,33.6,163.8,10.59,25.3,1.12,1.22,0.0,1.2,1.28
2019-03-15,1.6,1.28,25.8,32.3,20.1,59.5,4.1,8.1,24.1,165.4,11.13,25.02,1.06,1.12,2.5,0.0,1.84
2019-03-16,2.8,1.84,24.9,30.2,20.6,69.3,6.9,10.9,20.1,159.3,10.82,23.95,1.28,1.06,1.6,2.5,2.06
2019-03-17,3.4,2.06,23.2,25.5,20.4,81.5,7.8,14.3,16.4,162.5,11.58,24.08,1.84,1.28,2.8,1.6,1.81
2019-03-18,0.3,1.81,24.5,31.1,19.8,78.5,6.5,11.8,16.7,141.8,12.73,24.73,2.06,1.84,3.4,2.8,1.78
2019-03-19,17.7,1.78,25.8,32.0,20.6,66.0,21.4,28.3,34.4,132.7,11.07,22.53,1.81,2.06,0.3,3.4,2.18
2019-03-20,26.5,2.18,25.5,29.6,20.9,72.0,44.5,54.8,60.9,131.0,24.46,36.21,1.78,1.81,17.7,0.3,2.66
2019-03-21,12.7,2.66,22.0,26.7,18.9,80.5,56.9,65.0,71.5,131.1,43.31,56.43,2.18,1.78,26.5,17.7,3.38
2019-03-22,41.2,3.38,19.3,21.8,17.2,84.0,80.4,104.6,112.7,170.5,47.61,62.22,2.66,2.18,12.7,26.5,4.09
2019-03-23,6.8,4.09,21.6,26.1,16.2,64.8,60.7,108.6,119.5,173.0,75.49,93.08,3.38,2.66,41.2,12.7,3.09
2019-03-24,0.0,3.09,23.1,27.7,18.8,72.0,48.0,105.2,119.5,158.8,69.95,89.89,4.09,3.38,6.8,41.2,2.28
2019-03-25,12.6,2.28,24.1,29.3,17.8,59.3,19.4,117.5,129.3,171.4,59.46,80.9,3.09,4.09,0.0,6.8,1.72
2019-03-26,0.0,1.72,24.7,29.8,19.2,54.5,12.6,99.8,128.1,171.4,61.25,84.15,2.28,3.09,12.6,0.0,1.38
2019-03-27,0.0,1.38,24.0,30.2,18.9,58.5,12.6,73.3,128.1,171.4,52.06,75.74,1.72,2.28,0.0,12.6,1.16
2019-03-28,0.0,1.16,22.9,28.3,17.7,56.5,0.0,60.6,125.6,170.6,44.25,68.16,1.38,1.72,0.0,0.0,1.03
2019-03-29,0.0,1.03,22.3,27.4,17.6,65.5,0.0,19.4,124.0,159.2,37.61,61.35,1.16,1.38,0.0,0.0,1.0
2019-03-30,0.0,1.0,23.0,27.8,17.1,61.8,0.0,12.6,121.2,159.2,31.97,55.21,1.03,1.16,0.0,0.0,1.0
2019-03-31,0.0,1.0,23.2,29.7,17.2,58.8,0.0,12.6,117.8,148.1,27.18,49.69,1.0,1.03,0.0,0.0,1.0
2019-04-01,0.0,1.0,22.6,28.8,19.6,69.8,0.0,0.0,117.5,141.3,23.1,44.72,1.0,1.0,0.0,0.0,1.0
2019-04-02,0.1,1.0,23.3,28.5,18.5,65.3,0.1,0.1,99.9,134.3,19.63,40.25,1.0,1.0,0.0,0.0,1.0
2019-04-03,0.0,1.0,23.5,28.2,19.0,76.3,0.1,0.1,73.4,134.3,16.77,36.31,1.0,1.0,0.1,0.0,1.0
2019-04-04,11.5,1.0,24.7,30.0,18.9,64.0,11.6,11.6,72.2,145.8,14.26,32.68,1.0,1.0,0.0,0.1,1.0
2019-04-05,0.0,1.0,25.2,30.3,20.7,70.5,11.5,11.6,31.0,145.8,21.89,39.76,1.0,1.0,11.5,0.0,1.09
2019-04-06,0.0,1.09,24.0,29.2,21.0,72.8,11.5,11.6,24.2,143.7,18.61,35.79,1.0,1.0,0.0,11.5,1.09
2019-04-07,0.0,1.09,24.6,30.2,20.5,65.3,0.0,11.6,24.2,143.7,15.82,32.21,1.09,1.0,0.0,0.0,1.03
2019-04-08,0.0,1.03,22.8,29.7,19.0,70.5,0.0,11.6,11.6,143.7,13.45,28.99,1.09,1.09,0.0,0.0,1.0
2019-04-09,6.7,1.0,23.1,28.2,18.1,69.8,6.7,18.2,18.3,150.4,11.43,26.09,1.03,1.09,0.0,0.0,1.03
2019-04-10,0.0,1.03,23.1,28.4,18.5,66.0,6.7,18.2,18.3,147.6,15.41,29.51,1.0,1.03,6.7,0.0,1.0
2019-04-11,0.0,1.0,23.5,29.0,18.2,68.0,6.7,6.7,18.3,146.4,13.1,26.56,1.03,1.0,0.0,6.7,1.0
2019-04-12,0.0,1.0,24.0,28.5,19.5,64.5,0.0,6.7,18.3,146.4,11.13,23.9,1.0,1.03,0.0,0.0,0.97
2019-04-13,0.0,0.97,24.5,29.1,20.1,64.8,0.0,6.7,18.3,143.9,9.46,21.51,1.0,1.0,0.0,0.0,0.97
2019-04-14,0.0,0.97,23.4,27.9,20.4,74.5,0.0,6.7,18.3,142.3,8.04,19.36,0.97,1.0,0.0,0.0,1.12
2019-04-15,0.0,1.12,23.1,27.7,20.3,77.5,0.0,6.7,18.3,139.5,6.84,17.43,0.97,0.97,0.0,0.0,1.34
2019-04-16,14.9,1.34,22.5,27.1,18.9,81.3,14.9,14.9,33.1,151.0,5.81,15.68,1.12,0.97,0.0,0.0,1.28
2019-04-17,21.8,1.28,22.0,25.1,17.8,83.5,36.7,36.7,54.9,172.5,17.6,27.52,1.34,1.12,14.9,0.0,1.19
2019-04-18,6.0,1.19,23.6,28.9,19.5,58.5,42.7,42.7,49.4,160.8,33.49,44.39,1.28,1.34,21.8,14.9,1.03
2019-04-19,0.0,1.03,23.4,29.4,16.6,51.0,27.8,42.7,49.4,134.3,33.57,45.35,1.19,1.28,6.0,21.8,1.0
2019-04-20,0.0,1.0,23.7,30.5,17.0,51.5,6.0,42.7,49.4,121.6,28.53,40.82,1.03,1.19,0.0,6.0,0.97
2019-04-21,0.0,0.97,24.7,30.8,18.3,61.3,0.0,42.7,49.4,80.4,24.25,36.74,1.0,1.03,0.0,0.0,0.97
2019-04-22,0.0,0.97,24.4,29.2,20.2,64.0,0.0,42.7,49.4,73.6,20.62,33.06,0.97,1.0,0.0,0.0,0.97
2019-04-23,6.7,0.97,24.1,29.1,19.4,65.0,6.7,34.5,49.4,80.3,17.52,29.76,0.97,0.97,0.0,0.0,0.97
2019-04-24,0.0,0.97,23.6,28.1,19.9,63.3,6.7,12.7,49.4,67.7,20.59,32.81,0.97,0.97,6.7,0.0,0.94
2019-04-25,0.0,0.94,22.8,27.1,19.0,67.8,6.7,6.7,49.4,67.7,17.5,29.53,0.97,0.97,0.0,6.7,0.94
2019-04-26,0.0,0.94,23.5,28.8,18.9,62.0,0.0,6.7,49.4,67.7,14.88,26.58,0.94,0.97,0.0,0.0,0.94
2019-04-27,0.0,0.94,23.6,29.2,19.3,62.3,0.0,6.7,49.4,67.7,12.64,23.92,0.94,0.94,0.0,0.0,0.91
2019-04-28,0.0,0.91,24.4,30.0,18.2,60.3,0.0,6.7,49.4,67.7,10.75,21.53,0.94,0.94,0.0,0.0,0.91
2019-04-29,1.5,0.91,23.7,29.1,19.0,63.3,1.5,8.2,50.9,69.2,9.14,19.37,0.91,0.94,0.0,0.0,0.91
2019-04-30,0.0,0.91,23.1,27.8,18.1,64.0,1.5,1.5,36.0,69.2,9.04,18.79,0.91,0.91,1.5,0.0,0.91
2019-05-01,0.0,0.91,23.8,29.1,18.9,66.0,1.5,1.5,14.2,69.2,7.68,16.91,0.91,0.91,0.0,1.5,1.12
2019-05-02,2.1,1.12,23.0,28.5,19.8,84.3,2.1,3.6,10.3,71.2,6.53,15.22,0.91,0.91,0.0,0.0,1.4
2019-05-03,0.0,1.4,22.7,27.6,18.4,76.0,2.1,3.6,10.3,71.2,7.34,15.59,1.12,0.91,2.1,0.0,1.34
2019-05-04,0.0,1.34,23.6,28.2,19.2,70.0,2.1,3.6,10.3,59.7,6.24,14.03,1.4,1.12,0.0,2.1,1.12
2019-05-05,0.0,1.12,22.7,26.9,19.4,64.5,0.0,3.6,10.3,59.7,5.3,12.62,1.34,1.4,0.0,0.0,0.97
2019-05-06,0.0,0.97,23.3,28.6,18.5,64.0,0.0,2.1,10.3,59.7,4.51,11.36,1.12,1.34,0.0,0.0,0.94
2019-05-07,1.2,0.94,24.5,30.4,18.4,59.8,1.2,3.3,4.8,60.9,3.83,10.23,0.97,1.12,0.0,0.0,1.12
2019-05-08,0.0,1.12,22.2,27.1,19.2,76.3,1.2,3.3,4.8,60.9,4.28,10.28,0.94,0.97,1.2,0.0,1.25
2019-05-09,0.0,1.25,20.2,24.4,16.7,77.0,1.2,1.2,4.8,54.2,3.63,9.25,1.12,0.94,0.0,1.2,1.06
2019-05-10,0.0,1.06,21.4,26.7,16.5,69.8,0.0,1.2,4.8,54.2,3.09,8.33,1.25,1.12,0.0,0.0,0.97
2019-05-11,0.0,0.97,21.3,25.4,16.7,70.0,0.0,1.2,4.8,54.2,2.63,7.5,1.06,1.25,0.0,0.0,0.94
2019-05-12,0.0,0.94,23.0,29.5,16.8,66.3,0.0,1.2,4.8,54.2,2.23,6.75,0.97,1.06,0.0,0.0,0.91
2019-05-13,0.0,0.91,23.9,29.6,18.0,61.0,0.0,1.2,3.3,54.2,1.9,6.07,0.94,0.97,0.0,0.0,0.91
2019-05-14,0.0,0.91,24.0,29.0,19.2,65.3,0.0,0.0,3.3,54.2,1.61,5.46,0.91,0.94,0.0,0.0,1.12
2019-05-15,0.0,1.12,21.5,27.2,17.8,79.5,0.0,0.0,3.3,54.2,1.37,4.92,0.91,0.91,0.0,0.0,1.28
2019-05-16,19.5,1.28,19.6,23.1,16.9,78.3,19.5,19.5,20.7,58.8,1.17,4.43,1.12,0.91,0.0,0.0,1.34
2019-05-17,1.1,1.34,18.6,20.8,16.1,79.3,20.6,20.6,21.8,38.1,17.57,21.53,1.28,1.12,19.5,0.0,1.53
2019-05-18,0.0,1.53,20.4,25.1,16.4,71.8,20.6,20.6,21.8,32.1,15.87,20.37,1.34,1.28,1.1,19.5,1.4
2019-05-19,0.0,1.4,20.5,25.3,15.6,67.8,1.1,20.6,21.8,32.1,13.49,18.33,1.53,1.34,0.0,1.1,1.16
2019-05-20,0.0,1.16,21.2,28.1,15.6,57.3,0.0,20.6,21.8,32.1,11.46,16.5,1.4,1.53,0.0,0.0,1.0
2019-05-21,0.0,1.0,21.8,28.8,15.6,53.3,0.0,20.6,20.6,32.1,9.74,14.85,1.16,1.4,0.0,0.0,0.94
2019-05-22,0.0,0.94,22.4,29.1,16.3,55.3,0.0,20.6,20.6,32.1,8.28,13.37,1.0,1.16,0.0,0.0,0.91
2019-05-23,0.0,0.91,23.3,29.2,17.1,53.8,0.0,1.1,20.6,25.4,7.04,12.03,0.94,1.0,0.0,0.0,0.91
2019-05-24,0.0,0.91,23.4,28.8,17.2,57.3,0.0,0.0,20.6,25.4,5.98,10.83,0.91,0.94,0.0,0.0,0.87
2019-05-25,0.0,0.87,22.0,27.1,18.0,62.3,0.0,0.0,20.6,25.4,5.09,9.74,0.91,0.91,0.0,0.0,0.87
2019-05-26,0.0,0.87,22.0,28.4,15.0,55.3,0.0,0.0,20.6,25.4,4.32,8.77,0.87,0.91,0.0,0.0,0.87
2019-05-27,0.0,0.87,22.2,28.3,17.1,65.5,0.0,0.0,20.6,25.4,3.67,7.89,0.87,0.87,0.0,0.0,0.87
2019-05-28,0.0,0.87,22.6,28.7,16.7,60.3,0.0,0.0,20.6,25.4,3.12,7.1,0.87,0.87,0.0,0.0,0.85
2019-05-29,0.0,0.85,23.3,29.2,17.6,57.5,0.0,0.0,20.6,23.9,2.65,6.39,0.87,0.87,0.0,0.0,0.85
2019-05-30,0.0,0.85,22.6,27.1,18.1,59.5,0.0,0.0,1.1,23.9,2.26,5.75,0.85,0.87,0.0,0.0,0.85
2019-05-31,0.0,0.85,22.7,28.8,17.0,55.3,0.0,0.0,0.0,23.9,1.92,5.18,0.85,0.85,0.0,0.0,0.85
2019-06-01,0.0,0.85,23.6,30.1,17.1,52.3,0.0,0.0,0.0,21.8,1.63,4.66,0.85,0.85,0.0,0.0,0.85
2019-06-02,0.0,0.85,23.2,30.1,17.1,58.8,0.0,0.0,0.0,21.8,1.39,4.19,0.85,0.85,0.0,0.0,0.81
2019-06-03,0.0,0.81,20.7,29.2,16.4,71.0,0.0,0.0,0.0,21.8,1.18,3.77,0.85,0.85,0.0,0.0,0.81
2019-06-04,3.4,0.81,19.1,25.8,14.8,61.5,3.4,3.4,3.4,25.2,1.0,3.4,0.81,0.85,0.0,0.0,0.81
2019-06-05,0.0,0.81,16.0,22.5,9.9,59.5,3.4,3.4,3.4,25.2,3.74,6.12,0.81,0.81,3.4,0.0,0.81
2019-06-06,0.0,0.81,16.9,21.8,11.9,58.8,3.4,3.4,3.4,24.0,3.18,5.51,0.81,0.81,0.0,3.4,0.81
2019-06-07,0.0,0.81,17.5,23.9,12.4,58.0,0.0,3.4,3.4,24.0,2.7,4.96,0.81,0.81,0.0,0.0,0.78
2019-06-08,0.0,0.78,18.3,25.1,12.0,58.5,0.0,3.4,3.4,24.0,2.3,4.46,0.81,0.81,0.0,0.0,0.78
2019-06-09,0.0,0.78,17.8,23.9,11.8,59.8,0.0,3.4,3.4,24.0,1.95,4.01,0.78,0.81,0.0,0.0,0.78
2019-06-10,0.0,0.78,18.4,24.1,13.1,66.8,0.0,3.4,3.4,24.0,1.66,3.61,0.78,0.78,0.0,0.0,0.78
2019-06-11,0.0,0.78,19.6,24.7,14.6,68.8,0.0,0.0,3.4,24.0,1.41,3.25,0.78,0.78,0.0,0.0,0.78
2019-06-12,0.0,0.78,20.3,24.3,16.1,68.3,0.0,0.0,3.4,24.0,1.2,2.93,0.78,0.78,0.0,0.0,0.78
2019-06-13,0.0,0.78,20.6,25.3,16.2,66.8,0.0,0.0,3.4,24.0,1.02,2.63,0.78,0.78,0.0,0.0,0.75
2019-06-14,0.0,0.75,20.6,26.3,15.4,54.8,0.0,0.0,3.4,24.0,0.87,2.37,0.78,0.78,0.0,0.0,0.75
2019-06-15,0.0,0.75,20.4,25.1,15.8,58.0,0.0,0.0,3.4,4.5,0.74,2.13,0.75,0.78,0.0,0.0,0.75
2019-06-16,0.0,0.75,20.2,26.1,16.0,58.5,0.0,0.0,3.4,3.4,0.63,1.92,0.75,0.75,0.0,0.0,0.75
2019-06-17,0.0,0.75,19.4,23.5,13.8,56.8,0.0,0.0,3.4,3.4,0.53,1.73,0.75,0.75,0.0,0.0,0.75
2019-06-18,0.0,0.75,20.1,25.6,14.6,56.8,0.0,0.0,0.0,3.4,0.45,1.55,0.75,0.75,0.0,0.0,0.75
2019-06-19,0.0,0.75,20.7,25.7,15.9,51.0,0.0,0.0,0.0,3.4,0.38,1.4,0.75,0.75,0.0,0.0,0.72
2019-06-20,0.0,0.72,20.4,26.3,14.8,54.0,0.0,0.0,0.0,3.4,0.33,1.26,0.75,0.75,0.0,0.0,0.72
2019-06-21,0.0,0.72,18.8,24.2,14.2,66.0,0.0,0.0,0.0,3.4,0.28,1.13,0.72,0.75,0.0,0.0,0.72
2019-06-22,0.0,0.72,18.7,23.3,13.9,65.8,0.0,0.0,0.0,3.4,0.24,1.02,0.72,0.72,0.0,0.0,0.72
2019-06-23,0.0,0.72,19.0,23.3,14.6,66.8,0.0,0.0,0.0,3.4,0.2,0.92,0.72,0.72,0.0,0.0,0.72
2019-06-24,0.0,0.72,20.8,26.7,14.9,61.0,0.0,0.0,0.0,3.4,0.17,0.83,0.72,0.72,0.0,0.0,0.72
2019-06-25,0.0,0.72,21.3,27.8,15.0,64.8,0.0,0.0,0.0,3.4,0.15,0.74,0.72,0.72,0.0,0.0,0.72
2019-06-26,0.0,0.72,22.8,28.8,17.1,53.0,0.0,0.0,0.0,3.4,0.12,0.67,0.72,0.72,0.0,0.0,0.69
2019-06-27,0.0,0.69,22.4,27.5,17.3,55.5,0.0,0.0,0.0,3.4,0.1,0.6,0.72,0.72,0.0,0.0,0.69
2019-06-28,0.0,0.69,20.9,25.9,17.1,54.0,0.0,0.0,0.0,3.4,0.09,0.54,0.69,0.72,0.0,0.0,0.69
2019-06-29,0.0,0.69,19.4,24.6,15.5,64.0,0.0,0.0,0.0,3.4,0.08,0.49,0.69,0.69,0.0,0.0,0.69
2019-06-30,0.0,0.69,20.6,27.1,14.7,56.5,0.0,0.0,0.0,3.4,0.06,0.44,0.69,0.69,0.0,0.0,0.66
2019-07-01,0.0,0.66,20.2,27.6,14.8,57.0,0.0,0.0,0.0,3.4,0.05,0.4,0.69,0.69,0.0,0.0,0.66
2019-07-02,0.0,0.66,20.7,26.8,14.5,48.3,0.0,0.0,0.0,3.4,0.05,0.36,0.66,0.69,0.0,0.0,0.66
2019-07-03,0.0,0.66,21.7,28.0,14.9,45.0,0.0,0.0,0.0,3.4,0.04,0.32,0.66,0.66,0.0,0.0,0.66
2019-07-04,0.0,0.66,22.3,28.7,14.7,40.8,0.0,0.0,0.0,0.0,0.03,0.29,0.66,0.66,0.0,0.0,0.63
2019-07-05,0.0,0.63,22.4,27.9,18.7,61.0,0.0,0.0,0.0,0.0,0.03,0.26,0.66,0.66,0.0,0.0,0.63
2019-07-06,0.0,0.63,17.8,24.1,14.4,41.0,0.0,0.0,0.0,0.0,0.02,0.23,0.63,0.66,0.0,0.0,0.63
2019-07-07,0.0,0.63,15.3,23.6,10.4,47.0,0.0,0.0,0.0,0.0,0.02,0.21,0.63,0.63,0.0,0.0,0.63
2019-07-08,0.0,0.63,15.6,20.8,10.9,51.5,0.0,0.0,0.0,0.0,0.02,0.19,0.63,0.63,0.0,0.0,0.63
2019-07-09,0.0,0.63,16.3,22.2,12.4,55.5,0.0,0.0,0.0,0.0,0.01,0.17,0.63,0.63,0.0,0.0,0.61
2019-07-10,0.0,0.61,16.8,22.4,12.1,51.8,0.0,0.0,0.0,0.0,0.01,0.15,0.63,0.63,0.0,0.0,0.61
2019-07-11,0.0,0.61,17.8,25.4,11.6,48.8,0.0,0.0,0.0,0.0,0.01,0.14,0.61,0.63,0.0,0.0,0.61
2019-07-12,0.0,0.61,18.9,26.9,13.0,54.3,0.0,0.0,0.0,0.0,0.01,0.12,0.61,0.61,0.0,0.0,0.61
2019-07-13,0.0,0.61,20.4,29.0,13.8,46.5,0.0,0.0,0.0,0.0,0.01,0.11,0.61,0.61,0.0,0.0,0.59
2019-07-14,0.0,0.59,21.0,28.6,15.4,46.5,0.0,0.0,0.0,0.0,0.01,0.1,0.61,0.61,0.0,0.0,0.59
2019-07-15,0.0,0.59,21.9,29.3,16.8,43.5,0.0,0.0,0.0,0.0,0.01,0.09,0.59,0.61,0.0,0.0,0.59
2019-07-16,0.0,0.59,21.6,28.6,16.4,48.3,0.0,0.0,0.0,0.0,0.0,0.08,0.59,0.59,0.0,0.0,0.58
2019-07-17,0.0,0.58,17.3,22.2,14.9,60.3,0.0,0.0,0.0,0.0,0.0,0.07,0.59,0.59,0.0,0.0,0.58
2019-07-18,0.0,0.58,16.2,21.5,12.2,53.5,0.0,0.0,0.0,0.0,0.0,0.07,0.58,0.59,0.0,0.0,0.58
2019-07-19,0.0,0.58,16.7,20.5,12.4,56.0,0.0,0.0,0.0,0.0,0.0,0.06,0.58,0.58,0.0,0.0,0.58
2019-07-20,0.0,0.58,16.3,20.9,13.5,63.3,0.0,0.0,0.0,0.0,0.0,0.05,0.58,0.58,0.0,0.0,0.56
2019-07-21,0.0,0.56,17.8,22.6,14.7,61.5,0.0,0.0,0.0,0.0,0.0,0.05,0.58,0.58,0.0,0.0,0.56
2019-07-22,0.0,0.56,18.3,22.2,15.3,60.5,0.0,0.0,0.0,0.0,0.0,0.04,0.56,0.58,0.0,0.0,0.56
2019-07-23,0.0,0.56,19.2,24.6,15.3,59.3,0.0,0.0,0.0,0.0,0.0,0.04,0.56,0.56,0.0,0.0,0.56
2019-07-24,0.0,0.56,20.8,26.7,16.2,50.0,0.0,0.0,0.0,0.0,0.0,0.04,0.56,0.56,0.0,0.0,0.55
2019-07-25,0.0,0.55,19.8,24.9,14.9,61.5,0.0,0.0,0.0,0.0,0.0,0.03,0.56,0.56,0.0,0.0,0.55
2019-07-26,0.0,0.55,19.7,25.0,16.7,49.8,0.0,0.0,0.0,0.0,0.0,0.03,0.55,0.56,0.0,0.0,0.55
2019-07-27,0.0,0.55,19.5,25.3,14.6,52.0,0.0,0.0,0.0,0.0,0.0,0.03,0.55,0.55,0.0,0.0,0.55
2019-07-28,0.0,0.55,20.4,26.5,15.1,41.0,0.0,0.0,0.0,0.0,0.0,0.02,0.55,0.55,0.0,0.0,0.53
2019-07-29,0.0,0.53,20.3,25.4,15.7,49.8,0.0,0.0,0.0,0.0,0.0,0.02,0.55,0.55,0.0,0.0,0.53
2019-07-30,0.0,0.53,20.0,26.3,15.9,58.0,0.0,0.0,0.0,0.0,0.0,0.02,0.53,0.55,0.0,0.0,0.53
2019-07-31,0.0,0.53,22.1,28.1,16.5,43.0,0.0,0.0,0.0,0.0,0.0,0.02,0.53,0.53,0.0,0.0,0.53
2019-08-01,0.0,0.53,21.5,27.2,18.0,53.5,0.0,0.0,0.0,0.0,0.0,0.02,0.53,0.53,0.0,0.0,0.52
2019-08-02,0.0,0.52,23.5,30.4,16.6,38.8,0.0,0.0,0.0,0.0,0.0,0.01,0.53,0.53,0.0,0.0,0.52
2019-08-03,0.0,0.52,22.4,27.6,17.8,48.8,0.0,0.0,0.0,0.0,0.0,0.01,0.52,0.53,0.0,0.0,0.52
2019-08-04,0.0,0.52,18.2,23.3,16.2,71.0,0.0,0.0,0.0,0.0,0.0,0.01,0.52,0.52,0.0,0.0,0.52
2019-08-05,0.0,0.52,17.5,21.8,13.0,62.8,0.0,0.0,0.0,0.0,0.0,0.01,0.52,0.52,0.0,0.0,0.5
2019-08-06,0.0,0.5,18.3,21.2,15.4,67.0,0.0,0.0,0.0,0.0,0.0,0.01,0.52,0.52,0.0,0.0,0.5
2019-08-07,0.0,0.5,20.5,23.9,17.1,61.5,0.0,0.0,0.0,0.0,0.0,0.01,0.5,0.52,0.0,0.0,0.5
2019-08-08,0.0,0.5,21.9,28.5,17.5,61.5,0.0,0.0,0.0,0.0,0.0,0.01,0.5,0.5,0.0,0.0,0.5
2019-08-09,0.0,0.5,22.2,28.4,17.0,53.5,0.0,0.0,0.0,0.0,0.0,0.01,0.5,0.5,0.0,0.0,0.49
2019-08-10,0.0,0.49,22.6,28.7,17.1,51.5,0.0,0.0,0.0,0.0,0.0,0.01,0.5,0.5,0.0,0.0,0.49
2019-08-11,0.0,0.49,23.0,29.3,17.7,48.0,0.0,0.0,0.0,0.0,0.0,0.01,0.49,0.5,0.0,0.0,0.49
2019-08-12,0.0,0.49,22.1,28.0,19.0,49.8,0.0,0.0,0.0,0.0,0.0,0.0,0.49,0.49,0.0,0.0,0.49
2019-08-13,0.0,0.49,23.3,30.5,16.1,41.0,0.0,0.0,0.0,0.0,0.0,0.0,0.49,0.49,0.0,0.0,0.49
2019-08-14,0.0,0.49,19.7,25.2,17.8,65.8,0.0,0.0,0.0,0.0,0.0,0.0,0.49,0.49,0.0,0.0,0.47
2019-08-15,0.0,0.47,17.4,24.1,13.2,56.0,0.0,0.0,0.0,0.0,0.0,0.0,0.49,0.49,0.0,0.0,0.47
2019-08-16,0.0,0.47,17.8,24.8,12.3,48.8,0.0,0.0,0.0,0.0,0.0,0.0,0.47,0.49,0.0,0.0,0.47
2019-08-17,0.0,0.47,17.8,24.5,12.4,42.0,0.0,0.0,0.0,0.0,0.0,0.0,0.47,0.47,0.0,0.0,0.45
2019-08-18,0.0,0.45,20.4,28.2,13.8,46.3,0.0,0.0,0.0,0.0,0.0,0.0,0.47,0.47,0.0,0.0,0.45
2019-08-19,0.0,0.45,23.4,30.7,16.4,40.5,0.0,0.0,0.0,0.0,0.0,0.0,0.45,0.47,0.0,0.0,0.45
2019-08-20,0.0,0.45,23.2,29.0,19.8,54.0,0.0,0.0,0.0,0.0,0.0,0.0,0.45,0.45,0.0,0.0,0.45
2019-08-21,0.0,0.45,22.4,29.3,18.3,59.0,0.0,0.0,0.0,0.0,0.0,0.0,0.45,0.45,0.0,0.0,0.45
2019-08-22,0.0,0.45,20.1,26.3,18.0,69.5,0.0,0.0,0.0,0.0,0.0,0.0,0.45,0.45,0.0,0.0,0.66
2019-08-23,0.0,0.66,19.3,24.7,16.4,72.8,0.0,0.0,0.0,0.0,0.0,0.0,0.45,0.45,0.0,0.0,0.63
2019-08-24,0.0,0.63,19.8,27.8,14.4,57.5,0.0,0.0,0.0,0.0,0.0,0.0,0.66,0.45,0.0,0.0,0.55
2019-08-25,0.0,0.55,19.8,25.7,14.8,54.3,0.0,0.0,0.0,0.0,0.0,0.0,0.63,0.66,0.0,0.0,0.5
2019-08-26,0.0,0.5,20.1,25.2,15.9,54.3,0.0,0.0,0.0,0.0,0.0,0.0,0.55,0.63,0.0,0.0,0.49
2019-08-27,0.0,0.49,20.3,26.9,15.8,55.5,0.0,0.0,0.0,0.0,0.0,0.0,0.5,0.55,0.0,0.0,0.47
2019-08-28,0.0,0.47,19.4,24.9,15.2,48.5,0.0,0.0,0.0,0.0,0.0,0.0,0.49,0.5,0.0,0.0,0.44
2019-08-29,0.0,0.44,18.4,23.7,14.5,54.5,0.0,0.0,0.0,0.0,0.0,0.0,0.47,0.49,0.0,0.0,0.41
2019-08-30,0.0,0.41,21.0,28.6,14.4,51.3,0.0,0.0,0.0,0.0,0.0,0.0,0.44,0.47,0.0,0.0,0.39
2019-08-31,0.0,0.39,23.2,30.7,16.3,47.0,0.0,0.0,0.0,0.0,0.0,0.0,0.41,0.44,0.0,0.0,0.37
2019-09-01,0.0,0.37,25.1,32.8,18.2,41.3,0.0,0.0,0.0,0.0,0.0,0.0,0.39,0.41,0.0,0.0,0.37
2019-09-02,0.0,0.37,24.7,31.1,19.4,49.5,0.0,0.0,0.0,0.0,0.0,0.0,0.37,0.39,0.0,0.0,0.37
2019-09-03,0.0,0.37,26.2,33.1,20.3,40.8,0.0,0.0,0.0,0.0,0.0,0.0,0.37,0.37,0.0,0.0,0.37
2019-09-04,0.0,0.37,26.7,33.3,21.4,34.3,0.0,0.0,0.0,0.0,0.0,0.0,0.37,0.37,0.0,0.0,0.37
2019-09-05,0.0,0.37,23.2,28.2,21.2,62.8,0.0,0.0,0.0,0.0,0.0,0.0,0.37,0.37,0.0,0.0,0.37
2019-09-06,0.0,0.37,20.9,25.0,18.3,64.3,0.0,0.0,0.0,0.0,0.0,0.0,0.37,0.37,0.0,0.0,0.34
2019-09-07,0.0,0.34,21.8,28.5,16.9,56.8,0.0,0.0,0.0,0.0,0.0,0.0,0.37,0.37,0.0,0.0,0.34
2019-09-08,0.0,0.34,21.1,26.1,17.4,58.5,0.0,0.0,0.0,0.0,0.0,0.0,0.34,0.37,0.0,0.0,0.33
2019-09-09,0.0,0.33,21.7,28.4,16.2,46.0,0.0,0.0,0.0,0.0,0.0,0.0,0.34,0.34,0.0,0.0,0.33
2019-09-10,0.0,0.33,25.3,33.2,17.6,39.8,0.0,0.0,0.0,0.0,0.0,0.0,0.33,0.34,0.0,0.0,0.32
2019-09-11,0.0,0.32,26.6,34.1,19.8,39.5,0.0,0.0,0.0,0.0,0.0,0.0,0.33,0.33,0.0,0.0,0.32
2019-09-12,0.0,0.32,27.5,35.1,19.8,36.3,0.0,0.0,0.0,0.0,0.0,0.0,0.32,0.33,0.0,0.0,0.32
2019-09-13,0.0,0.32,28.9,35.5,22.1,26.8,0.0,0.0,0.0,0.0,0.0,0.0,0.32,0.32,0.0,0.0,0.31
2019-09-14,0.0,0.31,24.1,30.6,19.8,51.8,0.0,0.0,0.0,0.0,0.0,0.0,0.32,0.32,0.0,0.0,0.31
2019-09-15,0.0,0.31,22.8,28.1,18.2,55.5,0.0,0.0,0.0,0.0,0.0,0.0,0.31,0.32,0.0,0.0,0.31
2019-09-16,0.0,0.31,23.0,28.0,19.4,52.8,0.0,0.0,0.0,0.0,0.0,0.0,0.31,0.31,0.0,0.0,0.31
2019-09-17,0.0,0.31,25.6,33.1,18.6,41.0,0.0,0.0,0.0,0.0,0.0,0.0,0.31,0.31,0.0,0.0,0.31
2019-09-18,0.0,0.31,26.5,33.8,20.2,31.3,0.0,0.0,0.0,0.0,0.0,0.0,0.31,0.31,0.0,0.0,0.31
2019-09-19,0.0,0.31,28.0,34.7,21.8,32.8,0.0,0.0,0.0,0.0,0.0,0.0,0.31,0.31,0.0,0.0,0.31
2019-09-20,0.0,0.31,27.4,34.4,21.8,45.5,0.0,0.0,0.0,0.0,0.0,0.0,0.31,0.31,0.0,0.0,0.3
2019-09-21,0.0,0.3,27.6,34.9,22.1,45.8,0.0,0.0,0.0,0.0,0.0,0.0,0.31,0.31,0.0,0.0,0.3
2019-09-22,0.0,0.3,24.0,30.5,20.9,62.3,0.0,0.0,0.0,0.0,0.0,0.0,0.3,0.31,0.0,0.0,0.3
2019-09-23,0.0,0.3,18.9,23.7,16.4,66.0,0.0,0.0,0.0,0.0,0.0,0.0,0.3,0.3,0.0,0.0,0.29
2019-09-24,0.0,0.29,20.5,28.5,14.3,50.3,0.0,0.0,0.0,0.0,0.0,0.0,0.3,0.3,0.0,0.0,0.37
2019-09-25,0.0,0.37,17.8,20.8,16.2,76.5,0.0,0.0,0.0,0.0,0.0,0.0,0.29,0.3,0.0,0.0,0.95
2019-09-26,2.8,0.95,17.0,18.5,15.9,91.5,2.8,2.8,2.8,2.8,0.0,0.0,0.37,0.29,0.0,0.0,1.15
2019-09-27,16.8,1.15,20.9,27.5,14.4,62.0,19.6,19.6,19.6,19.6,2.38,2.52,0.95,0.37,2.8,0.0,0.75
2019-09-28,0.8,0.75,21.1,26.9,17.1,65.8,20.4,20.4,20.4,20.4,16.3,17.39,1.15,0.95,16.8,2.8,0.53
2019-09-29,0.0,0.53,21.9,29.8,18.4,69.0,17.6,20.4,20.4,20.4,14.54,16.37,0.75,1.15,0.8,16.8,0.45
2019-09-30,0.0,0.45,23.3,31.0,18.0,58.0,0.8,20.4,20.4,20.4,12.36,14.73,0.53,0.75,0.0,0.8,0.39
2019-10-01,0.0,0.39,23.5,30.2,17.8,47.0,0.0,20.4,20.4,20.4,10.5,13.26,0.45,0.53,0.0,0.0,0.36
2019-10-02,0.0,0.36,23.7,32.1,17.1,42.5,0.0,20.4,20.4,20.4,8.93,11.93,0.39,0.45,0.0,0.0,0.34
2019-10-03,0.0,0.34,23.5,30.4,18.6,43.3,0.0,17.6,20.4,20.4,7.59,10.74,0.36,0.39,0.0,0.0,0.32
2019-10-04,0.0,0.32,22.7,28.6,17.9,47.3,0.0,0.8,20.4,20.4,6.45,9.67,0.34,0.36,0.0,0.0,0.31
2019-10-05,0.0,0.31,23.3,30.0,18.0,49.3,0.0,0.0,20.4,20.4,5.48,8.7,0.32,0.34,0.0,0.0,0.31
2019-10-06,0.0,0.31,23.6,30.1,18.5,55.0,0.0,0.0,20.4,20.4,4.66,7.83,0.31,0.32,0.0,0.0,0.3
2019-10-07,0.0,0.3,24.5,30.1,19.3,49.3,0.0,0.0,20.4,20.4,3.96,7.05,0.31,0.31,0.0,0.0,0.3
2019-10-08,0.0,0.3,24.4,30.8,20.4,58.5,0.0,0.0,20.4,20.4,3.37,6.34,0.3,0.31,0.0,0.0,0.29
2019-10-09,0.0,0.29,24.6,29.9,20.1,51.8,0.0,0.0,20.4,20.4,2.86,5.71,0.3,0.3,0.0,0.0,0.31
2019-10-10,0.0,0.31,22.9,27.7,19.5,64.3,0.0,0.0,17.6,20.4,2.43,5.14,0.29,0.3,0.0,0.0,0.31
2019-10-11,0.0,0.31,23.2,28.7,19.1,51.3,0.0,0.0,0.8,20.4,2.07,4.62,0.31,0.29,0.0,0.0,0.3
2019-10-12,0.0,0.3,25.2,32.5,19.3,47.8,0.0,0.0,0.0,20.4,1.76,4.16,0.31,0.31,0.0,0.0,0.29
2019-10-13,0.0,0.29,25.5,32.1,20.6,41.3,0.0,0.0,0.0,20.4,1.49,3.74,0.3,0.31,0.0,0.0,0.28
2019-10-14,0.0,0.28,25.3,32.5,19.9,35.0,0.0,0.0,0.0,20.4,1.27,3.37,0.29,0.3,0.0,0.0,0.28
2019-10-15,0.0,0.28,26.0,32.7,20.5,31.5,0.0,0.0,0.0,20.4,1.08,3.03,0.28,0.29,0.0,0.0,0.27
2019-10-16,0.0,0.27,24.8,30.3,19.6,42.3,0.0,0.0,0.0,20.4,0.92,2.73,0.28,0.28,0.0,0.0,0.27
2019-10-17,0.0,0.27,25.1,31.8,19.6,31.5,0.0,0.0,0.0,20.4,0.78,2.46,0.27,0.28,0.0,0.0,0.26
2019-10-18,0.0,0.26,27.1,33.5,20.3,31.5,0.0,0.0,0.0,20.4,0.66,2.21,0.27,0.27,0.0,0.0,0.26
2019-10-19,0.0,0.26,26.0,34.8,21.8,48.8,0.0,0.0,0.0,20.4,0.56,1.99,0.26,0.27,0.0,0.0,0.32
2019-10-20,1.8,0.32,25.3,31.7,19.8,55.3,1.8,1.8,1.8,22.2,0.48,1.79,0.26,0.26,0.0,0.0,0.54
2019-10-21,0.0,0.54,23.4,27.8,20.4,70.3,1.8,1.8,1.8,22.2,1.94,3.23,0.32,0.26,1.8,0.0,0.69
2019-10-22,0.0,0.69,24.5,30.1,19.8,63.0,1.8,1.8,1.8,22.2,1.65,2.91,0.54,0.32,0.0,1.8,0.69
2019-10-23,0.0,0.69,23.8,30.1,19.5,64.3,0.0,1.8,1.8,22.2,1.4,2.62,0.69,0.54,0.0,0.0,0.51
2019-10-24,0.0,0.51,23.8,29.7,19.4,60.8,0.0,1.8,1.8,22.2,1.19,2.36,0.69,0.69,0.0,0.0,0.41
2019-10-25,0.0,0.41,25.8,32.4,18.9,51.0,0.0,1.8,1.8,22.2,1.01,2.12,0.51,0.69,0.0,0.0,0.77
2019-10-26,0.0,0.77,23.2,33.0,16.5,59.0,0.0,1.8,1.8,19.4,0.86,1.91,0.41,0.51,0.0,0.0,0.65
2019-10-27,3.1,0.65,24.6,30.8,16.5,54.5,3.1,3.1,4.9,5.7,0.73,1.72,0.77,0.41,0.0,0.0,0.6
2019-10-28,0.0,0.6,24.6,31.7,20.8,64.0,3.1,3.1,4.9,4.9,3.26,4.34,0.65,0.77,3.1,0.0,0.86
2019-10-29,1.2,0.86,23.2,32.1,18.8,70.0,4.3,4.3,6.1,6.1,2.77,3.9,0.6,0.65,0.0,3.1,0.74
2019-10-30,75.3,0.74,23.8,31.0,17.9,61.3,76.5,79.6,81.4,81.4,3.37,4.59,0.86,0.6,1.2,0.0,0.52
2019-10-31,0.3,0.52,24.6,29.0,20.1,63.0,76.8,79.9,81.7,81.7,66.87,71.9,0.74,0.86,75.3,1.2,0.58
2019-11-01,0.0,0.58,23.1,29.4,18.9,75.3,75.6,79.9,81.7,81.7,57.1,64.98,0.52,0.74,0.3,75.3,0.56
2019-11-02,4.1,0.56,22.5,27.5,18.9,65.5,4.4,84.0,85.8,85.8,48.53,58.48,0.58,0.52,0.0,0.3,0.44
2019-11-03,0.0,0.44,25.4,32.5,18.8,52.8,4.1,80.9,84.0,85.8,44.74,56.33,0.56,0.58,4.1,0.0,0.37
2019-11-04,0.0,0.37,28.1,34.4,21.0,40.5,4.1,80.9,84.0,85.8,38.03,50.69,0.44,0.56,0.0,4.1,0.34
2019-11-05,0.0,0.34,27.8,34.9,22.8,54.0,0.0,79.7,84.0,85.8,32.32,45.62,0.37,0.44,0.0,0.0,0.34
2019-11-06,0.0,0.34,27.3,33.5,22.2,54.0,0.0,4.4,84.0,85.8,27.47,41.06,0.34,0.37,0.0,0.0,0.33
2019-11-07,0.0,0.33,25.7,30.8,21.6,55.5,0.0,4.1,84.0,85.8,23.35,36.96,0.34,0.34,0.0,0.0,0.53
2019-11-08,0.0,0.53,25.5,32.3,21.1,58.3,0.0,4.1,84.0,85.8,19.85,33.26,0.33,0.34,0.0,0.0,0.51
2019-11-09,22.4,0.51,25.5,33.5,21.0,58.5,22.4,22.4,106.4,108.2,16.87,29.93,0.53,0.33,0.0,0.0,0.39
2019-11-10,0.0,0.39,27.2,33.9,21.7,47.5,22.4,22.4,103.3,108.2,33.38,47.1,0.51,0.53,22.4,0.0,0.34
2019-11-11,0.0,0.34,26.7,35.1,22.8,50.0,22.4,22.4,103.3,108.2,28.37,42.39,0.39,0.51,0.0,22.4,0.35
2019-11-12,7.6,0.35,22.2,26.3,18.9,67.3,7.6,30.0,109.7,115.8,24.12,38.15,0.34,0.39,0.0,0.0,0.34
2019-11-13,0.0,0.34,23.6,29.5,19.3,67.5,7.6,30.0,34.4,115.8,26.96,41.18,0.35,0.34,7.6,0.0,0.45
2019-11-14,0.0,0.45,22.7,29.3,19.8,75.8,7.6,30.0,34.1,115.8,22.92,37.06,0.34,0.35,0.0,7.6,0.8
2019-11-15,10.8,0.8,21.1,25.0,19.2,87.8,10.8,40.8,44.9,126.6,19.48,33.35,0.45,0.34,0.0,0.0,1.08
2019-11-16,17.6,1.08,22.2,27.1,18.4,74.5,28.4,36.0,58.4,144.2,25.74,39.74,0.8,0.45,10.8,0.0,1.06
2019-11-17,1.3,1.06,22.7,26.9,19.2,72.8,29.7,37.3,59.7,145.5,36.84,51.6,1.08,0.8,17.6,10.8,0.91
2019-11-18,0.0,0.91,20.4,22.8,18.7,89.5,18.9,37.3,59.7,145.5,32.42,47.61,1.06,1.08,1.3,17.6,1.33
2019-11-19,8.0,1.33,22.3,28.0,18.4,84.3,9.3,37.7,67.7,151.7,27.55,42.85,0.91,1.06,0.0,1.3,1.94
2019-11-20,0.0,1.94,21.6,24.0,19.1,70.0,8.0,37.7,67.7,151.7,30.22,45.77,1.33,0.91,8.0,0.0,1.99
2019-11-21,0.0,1.99,22.6,28.5,18.8,65.8,8.0,37.7,67.7,151.7,25.69,41.19,1.94,1.33,0.0,8.0,1.61
2019-11-22,3.0,1.61,22.9,27.1,18.6,79.5,3.0,29.9,70.7,154.7,21.83,37.07,1.99,1.94,0.0,0.0,1.47
2019-11-23,18.9,1.47,22.4,30.3,18.1,78.5,21.9,31.2,67.2,173.6,21.11,36.06,1.61,1.99,3.0,0.0,1.78
2019-11-24,12.9,1.78,21.6,26.6,18.3,86.8,34.8,42.8,80.1,186.5,34.01,49.47,1.47,1.61,18.9,3.0,1.78
2019-11-25,1.5,1.78,20.5,26.8,16.2,72.0,33.3,44.3,81.6,188.0,39.87,56.13,1.78,1.47,12.9,18.9,1.16
2019-11-26,0.0,1.16,22.3,28.7,17.5,66.3,14.4,36.3,74.0,184.9,35.17,51.87,1.78,1.78,1.5,12.9,0.75
2019-11-27,0.0,0.75,23.9,30.5,17.2,57.0,1.5,36.3,74.0,184.9,29.89,46.68,1.16,1.78,0.0,1.5,0.55
2019-11-28,0.0,0.55,23.6,31.3,19.3,71.5,0.0,36.3,74.0,183.7,25.41,42.01,0.75,1.16,0.0,0.0,1.31
2019-11-29,17.6,1.31,22.5,25.6,19.1,76.3,17.6,50.9,80.8,126.0,21.6,37.81,0.55,0.75,0.0,0.0,2.42
2019-11-30,4.8,2.42,22.8,28.1,18.9,80.0,22.4,36.8,68.0,130.5,33.32,49.87,1.31,0.55,17.6,0.0,2.77
2019-12-01,8.0,2.77,24.2,30.1,19.2,71.8,30.4,31.9,74.7,138.5,32.4,49.2,2.42,1.31,4.8,17.6,3.73
2019-12-02,21.5,3.73,23.1,29.8,18.7,76.8,34.3,51.9,96.2,155.9,34.34,51.48,2.77,2.42,8.0,4.8,4.2
2019-12-03,49.2,4.2,21.8,25.1,18.8,77.3,78.7,101.1,137.4,205.1,47.46,65.68,3.73,2.77,21.5,8.0,3.43
2019-12-04,0.0,3.43,22.4,26.6,18.3,73.5,70.7,101.1,137.4,205.1,82.16,103.4,4.2,3.73,49.2,21.5,2.85
2019-12-05,2.9,2.85,23.1,26.9,18.6,83.8,52.1,104.0,140.3,208.0,69.84,93.06,3.43,4.2,0.0,49.2,3.99
2019-12-06,23.6,3.99,22.4,28.8,19.1,82.0,26.5,110.0,160.9,231.6,61.83,86.36,2.85,3.43,2.9,0.0,6.4
2019-12-07,29.3,6.4,21.9,24.9,20.0,81.5,55.8,134.5,171.3,260.9,72.61,98.96,3.99,2.85,23.6,2.9,7.34
2019-12-08,11.1,7.34,20.5,23.9,18.0,76.3,64.0,137.6,169.5,272.0,86.63,115.44,6.4,3.99,29.3,23.6,6.1
2019-12-09,0.0,6.1,22.4,26.6,18.0,72.8,40.4,116.1,168.0,249.6,83.07,113.88,7.34,6.4,11.1,29.3,5.21
2019-12-10,4.4,5.21,22.0,25.7,19.4,84.0,15.5,71.3,172.4,254.0,70.61,102.5,6.1,7.34,0.0,11.1,5.08
2019-12-11,7.6,5.08,22.5,26.3,19.2,81.5,12.0,78.9,180.0,261.6,63.76,96.21,5.21,6.1,4.4,0.0,4.53
2019-12-12,2.8,4.53,22.3,27.3,18.8,82.0,14.8,78.8,182.8,256.8,60.65,93.43,5.08,5.21,7.6,4.4,3.94
2019-12-13,22.1,3.94,24.2,31.3,18.8,63.8,32.5,77.3,187.3,278.9,53.94,86.6,4.53,5.08,2.8,7.6,3.76
2019-12-14,14.4,3.76,24.6,29.9,19.8,61.5,39.3,62.4,196.9,293.3,64.63,97.83,3.94,4.53,22.1,2.8,2.86
2019-12-15,0.0,2.86,24.4,29.5,19.7,49.5,36.5,51.3,188.9,282.5,67.18,101.01,3.76,3.94,14.4,22.1,1.95
2019-12-16,0.0,1.95,24.0,29.8,18.3,52.8,14.4,51.3,167.4,264.9,57.1,90.91,2.86,3.76,0.0,14.4,1.33
2019-12-17,0.0,1.33,25.7,31.5,20.0,48.3,0.0,46.9,118.2,263.6,48.53,81.82,1.95,2.86,0.0,0.0,0.91
2019-12-18,0.0,0.91,26.6,33.6,20.2,47.8,0.0,39.3,118.2,263.6,41.25,73.64,1.33,1.95,0.0,0.0,0.85
2019-12-19,0.0,0.85,24.0,29.6,20.2,69.0,0.0,36.5,115.3,255.6,35.07,66.27,0.91,1.33,0.0,0.0,1.03
2019-12-20,0.0,1.03,25.0,30.5,20.3,59.3,0.0,14.4,91.7,255.6,29.81,59.65,0.85,0.91,0.0,0.0,0.78
2019-12-21,0.0,0.78,24.7,30.0,20.3,65.0,0.0,0.0,62.4,255.6,25.34,53.68,1.03,0.85,0.0,0.0,0.69
2019-12-22,0.6,0.69,26.5,33.3,21.0,54.3,0.6,0.6,51.9,253.2,21.53,48.31,0.78,1.03,0.0,0.0,0.83
2019-12-23,36.8,0.83,22.7,26.5,18.6,73.5,37.4,37.4,88.7,271.1,18.81,44.02,0.69,0.78,0.6,0.0,0.99
2019-12-24,1.3,0.99,21.1,24.4,17.2,81.3,38.7,38.7,85.6,259.5,47.27,72.74,0.83,0.69,36.8,0.6,0.85
2019-12-25,9.9,0.85,24.0,30.7,17.3,62.8,48.0,48.6,87.9,267.9,41.29,66.64,0.99,0.83,1.3,36.8,0.69
2019-12-26,0.0,0.69,25.4,30.6,20.4,50.0,11.2,48.6,85.1,267.9,43.51,68.88,0.85,0.99,9.9,1.3,0.63
2019-12-27,0.0,0.63,24.1,29.1,19.8,58.5,9.9,48.6,63.0,267.9,36.98,61.99,0.69,0.85,0.0,9.9,0.61
2019-12-28,0.0,0.61,24.1,28.6,19.9,58.0,0.0,48.6,48.6,267.9,31.43,55.79,0.63,0.69,0.0,0.0,0.61
2019-12-29,0.0,0.61,23.7,28.8,19.2,65.8,0.0,48.0,48.6,250.3,26.72,50.21,0.61,0.63,0.0,0.0,0.58
2019-12-30,0.0,0.58,23.7,29.3,18.0,55.0,0.0,11.2,48.6,245.5,22.71,45.19,0.61,0.61,0.0,0.0,0.56
2019-12-31,0.0,0.56,24.2,30.1,18.4,56.3,0.0,9.9,48.6,237.5,19.3,40.67,0.58,0.61,0.0,0.0,0.55
2020-01-01,0.0,0.55,25.4,31.1,19.8,58.5,0.0,0.0,48.6,216.0,16.41,36.61,0.56,0.58,0.0,0.0,0.58
2020-01-02,48.8,0.58,22.3,28.2,18.2,87.3,48.8,48.8,97.4,215.6,13.95,32.95,0.55,0.56,0.0,0.0,0.99
2020-01-03,19.9,0.99,22.4,26.0,19.6,90.3,68.7,68.7,117.3,235.5,53.34,73.57,0.58,0.55,48.8,0.0,2.55
2020-01-04,80.3,2.55,22.2,25.4,18.5,86.3,149.0,149.0,197.6,312.9,62.25,84.12,0.99,0.58,19.9,48.8,4.87
2020-01-05,25.8,4.87,23.1,28.5,19.1,81.5,126.0,174.8,222.8,315.1,121.17,147.98,2.55,0.99,80.3,19.9,6.06
2020-01-06,14.8,6.06,24.3,29.1,19.8,74.0,120.9,189.6,200.8,300.6,124.92,156.4,4.87,2.55,25.8,80.3,5.03
2020-01-07,0.0,5.03,23.7,31.1,20.2,80.5,40.6,189.6,199.5,289.5,118.76,154.08,6.06,4.87,14.8,25.8,4.37
2020-01-08,10.1,4.37,24.8,31.6,20.0,72.5,24.9,199.7,199.7,299.6,100.95,138.67,5.03,6.06,0.0,14.8,3.91
2020-01-09,0.0,3.91,25.6,32.5,20.9,70.8,10.1,150.9,199.7,295.2,94.39,133.9,4.37,5.03,10.1,0.0,3.5
2020-01-10,0.0,3.5,27.0,33.5,21.1,63.0,10.1,131.0,199.7,287.6,80.23,120.51,3.91,4.37,0.0,10.1,2.53
2020-01-11,0.0,2.53,27.3,32.8,21.4,54.8,0.0,50.7,199.7,284.8,68.2,108.46,3.5,3.91,0.0,0.0,1.75
2020-01-12,0.0,1.75,28.1,33.8,22.6,48.3,0.0,24.9,199.7,262.7,57.97,97.61,2.53,3.5,0.0,0.0,1.22
2020-01-13,0.0,1.22,27.1,33.7,22.1,54.8,0.0,10.1,199.7,248.3,49.27,87.85,1.75,2.53,0.0,0.0,1.09
2020-01-14,0.6,1.09,24.7,31.8,20.4,69.8,0.6,10.7,200.3,248.9,41.88,79.07,1.22,1.75,0.0,0.0,1.31
2020-01-15,0.1,1.31,25.4,31.5,20.7,67.3,0.7,0.7,200.4,249.0,36.11,71.7,1.09,1.22,0.6,0.0,1.4
2020-01-16,28.8,1.4,25.8,32.1,19.2,65.3,29.5,29.5,180.4,277.8,30.78,64.62,1.31,1.09,0.1,0.6,1.88
2020-01-17,44.5,1.88,22.7,28.4,19.2,83.3,73.4,74.0,205.0,322.3,50.64,84.08,1.4,1.31,28.8,0.1,3.56
2020-01-18,7.8,3.56,23.2,27.3,19.2,73.0,81.1,81.8,132.5,330.1,80.87,115.72,1.88,1.4,44.5,28.8,3.88
2020-01-19,0.0,3.88,23.7,29.3,20.0,76.8,52.3,81.8,106.7,330.1,75.37,111.17,3.56,1.88,7.8,44.5,5.0
2020-01-20,1.8,5.0,22.4,28.3,18.9,79.5,9.6,83.6,93.7,331.9,64.06,100.05,3.88,3.56,0.0,7.8,6.46
2020-01-21,8.2,6.46,22.8,27.8,18.8,78.3,10.0,91.2,101.9,339.5,55.98,91.67,5.0,3.88,1.8,0.0,7.04
2020-01-22,0.0,7.04,23.4,27.4,18.4,69.8,10.0,91.1,91.8,302.7,54.56,89.88,6.46,5.0,8.2,1.8,8.91
2020-01-23,0.0,8.91,21.1,24.0,18.7,94.5,8.2,62.3,91.8,301.4,46.37,80.89,7.04,6.46,0.0,8.2,15.98
2020-01-24,113.9,15.98,20.4,23.6,18.5,94.3,113.9,131.7,205.7,405.4,39.42,72.8,8.91,7.04,0.0,0.0,20.93
2020-01-25,152.8,20.93,21.9,28.1,18.2,82.8,266.7,276.7,358.5,558.2,130.32,168.03,15.98,8.91,113.9,0.0,20.18
2020-01-26,0.3,20.18,23.7,27.9,18.8,69.5,267.0,277.0,358.8,558.5,240.65,288.75,20.93,15.98,152.8,113.9,17.37
2020-01-27,0.0,17.37,23.5,28.8,19.9,81.8,153.1,275.2,358.8,558.5,204.81,260.14,20.18,20.93,0.3,152.8,14.81
2020-01-28,1.0,14.81,23.0,31.9,18.5,77.0,1.3,268.0,359.2,559.5,174.09,234.13,17.37,20.18,0.0,0.3,13.52
2020-01-29,45.8,13.52,22.3,26.0,18.0,83.5,46.8,313.8,404.9,605.3,148.82,211.62,14.81,17.37,1.0,0.0,11.33
2020-01-30,1.1,11.33,25.8,31.4,20.1,64.0,47.9,314.9,377.2,606.4,165.43,231.67,13.52,14.81,45.8,1.0,9.42
2020-01-31,0.0,9.42,26.6,32.1,21.5,69.0,46.9,201.0,332.7,606.4,141.55,209.5,11.33,13.52,1.1,45.8,7.95
2020-02-01,0.0,7.95,25.4,31.2,19.2,80.8,1.1,48.2,324.9,557.6,120.32,188.55,9.42,11.33,0.0,1.1,7.22
2020-02-02,0.0,7.22,25.1,32.4,19.2,63.8,0.0,47.9,324.9,537.7,102.27,169.69,7.95,9.42,0.0,0.0,6.31
2020-02-03,0.0,6.31,25.9,31.8,20.0,55.0,0.0,47.9,323.1,457.4,86.93,152.72,7.22,7.95,0.0,0.0,5.0
2020-02-04,0.0,5.0,25.7,31.3,20.2,60.3,0.0,46.9,314.9,431.6,73.89,137.45,6.31,7.22,0.0,0.0,4.36
2020-02-05,0.0,4.36,22.3,26.8,18.3,79.3,0.0,1.1,314.9,416.8,62.81,123.71,5.0,6.31,0.0,0.0,6.38
2020-02-06,12.2,6.38,20.5,25.8,17.0,86.5,12.2,12.2,327.1,429.0,53.39,111.34,4.36,5.0,0.0,0.0,8.57
2020-02-07,42.3,8.57,22.8,27.7,16.9,66.5,54.5,54.5,255.5,461.2,55.75,111.18,6.38,4.36,12.2,0.0,8.23
2020-02-08,0.0,8.23,22.0,28.0,18.2,77.5,54.5,54.5,102.7,461.2,83.34,138.13,8.57,6.38,42.3,12.2,7.97
2020-02-09,14.2,7.97,22.5,26.7,17.6,76.0,56.5,68.7,116.6,475.4,70.84,124.32,8.23,8.57,0.0,42.3,6.76
2020-02-10,4.0,6.76,25.0,30.0,19.7,63.0,18.2,72.7,120.6,479.4,72.28,124.67,7.97,8.23,14.2,0.0,6.64
2020-02-11,12.4,6.64,22.5,27.2,19.2,88.8,30.6,85.1,132.0,491.8,64.84,115.8,6.76,7.97,4.0,14.2,8.79
2020-02-12,46.9,8.79,21.6,25.7,18.4,84.8,63.3,132.0,133.1,538.7,65.66,115.38,6.64,6.76,12.4,4.0,11.36
2020-02-13,6.0,11.36,20.8,23.9,18.3,84.0,65.3,125.8,138.0,544.1,95.67,146.05,8.79,6.64,46.9,12.4,12.06
2020-02-14,9.2,12.06,23.5,29.6,17.4,67.5,62.1,92.7,147.2,553.2,86.42,136.85,11.36,8.79,6.0,46.9,9.99
2020-02-15,1.8,9.99,24.6,30.5,19.7,73.3,17.0,94.5,149.0,526.2,81.28,131.44,12.06,11.36,9.2,6.0,8.27
2020-02-16,0.0,8.27,24.5,29.2,20.9,70.3,11.0,80.3,149.0,481.7,70.62,119.92,9.99,12.06,1.8,9.2,7.71
2020-02-17,0.0,7.71,23.1,28.8,18.2,75.3,1.8,76.3,149.0,473.9,60.02,107.93,8.27,9.99,0.0,1.8,6.6
2020-02-18,16.2,6.6,24.7,29.7,19.3,63.5,16.2,80.1,165.2,490.1,51.02,97.13,7.71,8.27,0.0,0.0,5.37
2020-02-19,0.0,5.37,24.9,30.5,19.8,61.8,16.2,33.2,165.2,488.3,57.14,102.0,6.6,7.71,16.2,0.0,4.22
2020-02-20,0.0,4.22,25.3,30.0,19.8,61.5,16.2,27.2,153.0,480.1,48.57,91.8,5.37,6.6,0.0,16.2,3.32
2020-02-21,0.0,3.32,25.2,30.8,21.3,65.0,0.0,18.0,110.7,480.1,41.28,82.62,4.22,5.37,0.0,0.0,2.62
2020-02-22,0.9,2.62,23.8,30.4,19.9,74.3,0.9,17.1,111.6,481.0,35.09,74.36,3.32,4.22,0.0,0.0,2.22
2020-02-23,19.4,2.22,21.7,25.7,18.8,74.5,20.3,36.5,116.8,386.5,30.59,67.73,2.62,3.32,0.9,0.0,2.11
2020-02-24,3.9,2.11,21.6,25.3,18.8,80.8,24.2,40.4,116.7,237.6,42.49,78.42,2.22,2.62,19.4,0.9,2.06
2020-02-25,1.0,2.06,23.8,28.8,19.2,78.5,24.3,25.2,105.3,238.3,39.43,74.09,2.11,2.22,3.9,19.4,2.28
2020-02-26,1.6,2.28,23.6,28.5,20.1,81.5,6.5,26.8,60.0,239.9,34.37,67.58,2.06,2.11,1.0,3.9,2.64
2020-02-27,0.8,2.64,24.7,30.7,19.2,69.5,3.4,27.6,54.8,239.7,30.57,62.26,2.28,2.06,1.6,1.0,3.66
2020-02-28,32.5,3.66,21.7,25.1,19.2,88.5,34.9,60.1,78.1,226.4,26.67,56.75,2.64,2.28,0.8,1.6,7.97
2020-02-29,16.8,7.97,21.0,23.7,18.8,89.0,50.1,76.0,93.1,242.1,50.29,80.33,3.66,2.64,32.5,0.8,9.35
2020-03-01,2.8,9.35,21.6,26.8,18.1,82.3,52.1,59.4,95.9,244.9,57.03,87.42,7.97,3.66,16.8,32.5,14.92
2020-03-02,56.6,14.92,18.5,21.1,15.5,86.8,76.2,112.1,152.5,301.5,50.85,81.19,9.35,7.97,2.8,16.8,26.42
2020-03-03,13.8,26.42,20.3,23.7,16.4,90.3,73.2,124.9,150.1,315.3,91.34,124.02,14.92,9.35,56.6,2.8,23.66
2020-03-04,23.9,23.66,22.7,28.3,18.3,78.8,94.3,147.2,174.0,339.2,89.37,124.03,26.42,14.92,13.8,56.6,20.33
2020-03-05,23.8,20.33,22.8,29.4,18.6,74.3,61.5,170.2,197.8,363.0,96.28,133.14,23.66,26.42,23.9,13.8,17.58
2020-03-06,4.2,17.58,20.5,25.1,18.0,80.5,51.9,141.9,202.0,367.2,102.06,141.25,20.33,23.66,23.8,23.9,16.22
2020-03-07,3.4,16.22,20.2,24.2,16.9,81.3,31.4,128.5,204.5,358.4,90.32,130.9,17.58,20.33,4.2,23.8,16.14
2020-03-08,0.0,16.14,21.1,25.6,17.1,70.3,7.6,125.7,185.1,316.1,79.67,120.87,16.22,17.58,3.4,4.2,13.59
2020-03-09,0.0,13.59,22.8,28.4,17.7,64.8,3.4,69.1,181.2,316.1,67.72,108.78,16.14,16.22,0.0,3.4,11.3
2020-03-10,0.0,11.3,23.0,28.9,18.9,68.0,0.0,55.3,180.2,301.9,57.56,97.91,13.59,16.14,0.0,0.0,9.4
2020-03-11,4.5,9.4,23.5,30.3,17.8,63.5,4.5,35.9,183.1,302.4,48.92,88.12,11.3,13.59,0.0,0.0,7.79
2020-03-12,0.0,7.79,24.0,29.5,18.1,64.3,4.5,12.1,182.3,290.0,45.41,83.35,9.4,11.3,4.5,0.0,6.43
2020-03-13,0.0,6.43,23.9,28.7,19.8,67.3,4.5,7.9,149.8,243.1,38.6,75.02,7.79,9.4,0.0,4.5,5.75
2020-03-14,0.0,5.75,23.9,28.4,19.8,64.0,0.0,4.5,133.0,237.1,32.81,67.52,6.43,7.79,0.0,0.0,4.81
2020-03-15,0.0,4.81,23.9,29.4,19.8,59.8,0.0,4.5,130.2,227.9,27.89,60.76,5.75,6.43,0.0,0.0,3.75
2020-03-16,0.0,3.75,25.1,30.6,18.8,55.0,0.0,4.5,73.6,226.1,23.7,54.69,4.81,5.75,0.0,0.0,2.85
2020-03-17,0.0,2.85,23.3,30.1,18.9,67.0,0.0,4.5,59.8,226.1,20.15,49.22,3.75,4.81,0.0,0.0,2.5
2020-03-18,6.9,2.5,24.1,29.4,18.9,67.0,6.9,6.9,42.8,233.0,17.13,44.3,2.85,3.75,0.0,0.0,3.5
2020-03-19,2.5,3.5,23.6,29.7,19.3,83.3,9.4,9.4,21.5,219.3,20.42,46.08,2.5,2.85,6.9,0.0,3.88
2020-03-20,29.8,3.88,23.6,28.3,18.3,75.0,39.2,39.2,47.1,249.1,19.48,43.72,3.5,2.5,2.5,6.9,4.85
2020-03-21,67.8,4.85,22.0,26.3,18.4,86.8,100.1,107.0,111.5,316.9,41.89,66.17,3.88,3.5,29.8,2.5,6.94
2020-03-22,19.0,6.94,21.0,24.3,17.8,75.8,116.6,126.0,130.5,335.9,93.24,120.57,4.85,3.88,67.8,29.8,5.97
2020-03-23,1.0,5.97,21.3,26.2,17.5,66.8,87.8,127.0,131.5,336.0,95.4,125.61,6.94,4.85,19.0,67.8,4.78
2020-03-24,0.0,4.78,20.7,25.5,15.0,59.5,20.0,127.0,131.5,316.6,81.94,113.95,5.97,6.94,1.0,19.0,3.66
2020-03-25,0.0,3.66,20.9,25.9,15.9,64.0,1.0,120.1,127.0,312.7,69.65,102.56,4.78,5.97,0.0,1.0,2.81
2020-03-26,0.0,2.81,20.9,25.6,15.9,66.5,0.0,117.6,127.0,311.7,59.2,92.3,3.66,4.78,0.0,0.0,2.18
2020-03-27,0.0,2.18,21.2,25.2,17.6,67.5,0.0,87.8,127.0,310.1,50.32,83.07,2.81,3.66,0.0,0.0,1.72
2020-03-28,0.0,1.72,22.7,26.6,18.3,64.5,0.0,20.0,127.0,309.3,42.77,74.76,2.18,2.81,0.0,0.0,1.4
2020-03-29,0.0,1.4,24.4,30.1,18.3,62.8,0.0,1.0,127.0,276.8,36.36,67.29,1.72,2.18,0.0,0.0,1.22
2020-03-30,0.0,1.22,24.7,30.7,20.4,62.5,0.0,0.0,127.0,260.0,30.9,60.56,1.4,1.72,0.0,0.0,1.19
2020-04-01,0.0,1.34,24.0,27.4,19.3,70.8,0.0,0.0,120.1,200.6,22.33,49.05,1.19,1.22,0.0,0.0,2.03
2020-04-02,50.3,2.03,23.3,27.1,19.4,80.3,50.3,50.3,167.9,237.1,18.98,44.15,1.34,1.19,0.0,0.0,2.09
2020-04-03,3.1,2.09,23.6,29.1,19.3,81.8,53.4,53.4,141.2,216.3,58.89,85.0,2.03,1.34,50.3,0.0,2.5
2020-04-04,7.2,2.5,23.4,29.1,19.4,78.0,60.6,60.6,80.6,199.7,52.69,79.29,2.09,2.03,3.1,50.3,3.12
2020-04-05,2.2,3.12,24.2,31.2,19.4,70.8,12.5,62.8,63.8,197.7,50.91,77.84,2.5,2.09,7.2,3.1,2.53
2020-04-06,0.0,2.53,24.2,30.1,19.4,70.3,9.4,62.8,62.8,194.3,45.14,72.04,3.12,2.5,2.2,7.2,2.09
2020-04-07,2.7,2.09,24.9,30.2,19.8,72.3,4.9,65.5,65.5,197.0,38.37,64.84,2.53,3.12,0.0,2.2,2.06
2020-04-08,56.8,2.06,22.1,28.1,19.3,85.5,59.5,122.3,122.3,253.8,34.91,60.78,2.09,2.53,2.7,0.0,2.72
2020-04-09,18.0,2.72,21.6,26.3,17.2,76.0,77.5,90.0,140.3,271.8,77.95,105.82,2.06,2.09,56.8,2.7,2.53
2020-04-10,0.9,2.53,22.9,28.5,17.6,71.0,75.7,87.8,141.2,268.2,81.56,111.44,2.72,2.06,18.0,56.8,2.28
2020-04-11,2.3,2.28,23.3,29.2,19.1,72.0,21.2,82.9,143.5,270.5,70.09,101.11,2.53,2.72,0.9,18.0,2.22
2020-04-12,2.8,2.22,21.4,27.2,17.8,74.8,6.0,83.5,146.3,273.3,61.53,93.07,2.28,2.53,2.3,0.9,2.22
2020-04-13,3.3,2.22,21.1,26.3,16.1,70.5,8.4,86.8,149.6,276.6,54.68,86.28,2.22,2.28,2.8,2.3,1.78
2020-04-14,0.0,1.78,21.8,27.1,16.9,68.0,6.1,84.1,149.6,276.6,49.28,80.62,2.22,2.22,3.3,2.8,1.56
2020-04-15,0.0,1.56,21.1,27.4,17.8,81.0,3.3,27.3,149.6,276.6,41.89,72.56,1.78,2.22,0.0,3.3,2.18
2020-04-16,36.6,2.18,20.6,24.6,17.1,80.5,36.6,45.9,135.9,313.2,35.61,65.3,1.56,1.78,0.0,0.0,4.06
2020-04-17,0.3,4.06,22.5,27.4,18.8,73.8,36.9,45.3,133.1,306.6,61.38,91.71,2.18,1.56,36.6,0.0,3.69
2020-04-18,0.0,3.69,21.3,26.4,17.3,68.0,36.9,43.0,125.9,304.1,52.43,82.81,4.06,2.18,0.3,36.6,2.85
2020-04-19,0.0,2.85,20.3,23.4,16.5,69.3,0.3,40.2,123.7,274.3,44.56,74.53,3.69,4.06,0.0,0.3,2.06
2020-04-20,0.0,2.06,20.3,26.4,16.0,66.5,0.0,36.9,123.7,206.5,37.88,67.08,2.85,3.69,0.0,0.0,1.56
2020-04-21,0.0,1.56,21.5,27.0,15.5,56.0,0.0,36.9,121.0,187.5,32.2,60.37,2.06,2.85,0.0,0.0,1.34
2020-04-22,0.0,1.34,21.7,26.6,16.9,62.8,0.0,36.9,64.2,186.5,27.37,54.33,1.56,2.06,0.0,0.0,1.31
2020-04-23,0.0,1.31,21.8,27.0,17.2,66.8,0.0,0.3,46.2,186.5,23.26,48.9,1.34,1.56,0.0,0.0,1.28
2020-04-24,0.0,1.28,21.4,26.4,17.1,64.3,0.0,0.0,45.3,186.5,19.77,44.01,1.31,1.34,0.0,0.0,1.28
2020-04-25,0.0,1.28,21.3,26.4,15.8,58.0,0.0,0.0,43.0,186.5,16.81,39.61,1.28,1.31,0.0,0.0,1.28
2020-04-26,0.0,1.28,21.3,27.4,16.2,65.5,0.0,0.0,40.2,186.5,14.29,35.65,1.28,1.28,0.0,0.0,1.25
2020-04-27,0.0,1.25,20.5,25.5,16.2,59.3,0.0,0.0,36.9,186.5,12.14,32.08,1.28,1.28,0.0,0.0,1.25
2020-04-28,0.0,1.25,19.6,25.2,14.9,54.3,0.0,0.0,36.9,186.5,10.32,28.87,1.25,1.28,0.0,0.0,1.25
2020-04-29,0.0,1.25,19.6,25.1,15.1,59.5,0.0,0.0,36.9,186.5,8.77,25.99,1.25,1.25,0.0,0.0,1.22
2020-04-30,0.0,1.22,20.9,26.9,15.1,55.3,0.0,0.0,0.3,186.5,7.46,23.39,1.25,1.25,0.0,0.0,1.22
2020-05-01,0.0,1.22,21.0,27.1,14.2,55.5,0.0,0.0,0.0,186.5,6.34,21.05,1.22,1.25,0.0,0.0,1.22
2020-05-02,0.0,1.22,21.8,28.0,14.9,49.3,0.0,0.0,0.0,136.2,5.39,18.94,1.22,1.22,0.0,0.0,1.22
2020-05-03,0.0,1.22,21.3,28.0,15.9,57.8,0.0,0.0,0.0,133.1,4.58,17.05,1.22,1.22,0.0,0.0,1.22
2020-05-04,0.0,1.22,20.2,26.0,14.6,66.0,0.0,0.0,0.0,125.9,3.89,15.35,1.22,1.22,0.0,0.0,1.19
2020-05-05,0.0,1.19,21.0,27.4,15.6,68.5,0.0,0.0,0.0,123.7,3.31,13.81,1.22,1.22,0.0,0.0,1.19
2020-05-06,0.0,1.19,22.5,28.5,16.6,53.0,0.0,0.0,0.0,123.7,2.81,12.43,1.19,1.22,0.0,0.0,1.47
2020-05-07,0.2,1.47,18.7,23.5,15.5,77.0,0.2,0.2,0.2,121.2,2.39,11.19,1.19,1.19,0.0,0.0,2.34
2020-05-08,1.3,2.34,17.4,22.6,13.9,69.0,1.5,1.5,1.5,65.7,2.2,10.25,1.47,1.19,0.2,0.0,1.75
2020-05-09,0.0,1.75,17.5,22.3,12.7,58.5,1.5,1.5,1.5,47.7,2.98,10.39,2.34,1.47,1.3,0.2,1.31
2020-05-10,0.0,1.31,16.7,21.7,12.5,59.3,1.3,1.5,1.5,46.8,2.53,9.35,1.75,2.34,0.0,1.3,1.25
2020-05-11,0.0,1.25,17.6,24.5,12.0,59.8,0.0,1.5,1.5,44.5,2.15,8.42,1.31,1.75,0.0,0.0,1.22
2020-05-12,0.0,1.22,19.6,26.7,12.5,61.5,0.0,1.5,1.5,41.7,1.83,7.58,1.25,1.31,0.0,0.0,1.22
2020-05-13,0.0,1.22,20.4,26.4,14.4,67.0,0.0,1.5,1.5,38.4,1.55,6.82,1.22,1.25,0.0,0.0,1.19
2020-05-14,0.0,1.19,21.0,26.5,15.2,75.8,0.0,1.3,1.5,38.4,1.32,6.14,1.22,1.22,0.0,0.0,1.4
2020-05-15,19.6,1.4,20.0,24.4,16.7,81.0,19.6,19.6,21.1,58.0,1.12,5.52,1.19,1.22,0.0,0.0,2.69
2020-05-16,1.9,2.69,18.8,21.2,16.8,86.8,21.5,21.5,23.0,23.3,17.61,22.61,1.4,1.19,19.6,0.0,3.69
2020-05-17,4.0,3.69,20.3,26.3,14.4,67.0,25.5,25.5,27.0,27.0,16.59,22.06,2.69,1.4,1.9,19.6,2.94
2020-05-18,0.0,2.94,19.8,25.1,15.2,62.8,5.9,25.5,27.0,27.0,17.5,23.45,3.69,2.69,4.0,1.9,2.13
2020-05-19,0.0,2.13,19.3,23.8,15.1,67.3,4.0,25.5,27.0,27.0,14.87,21.11,2.94,3.69,0.0,4.0,1.56
2020-05-20,0.0,1.56,19.0,22.8,15.1,64.8,0.0,25.5,27.0,27.0,12.64,19.0,2.13,2.94,0.0,0.0,1.34
2020-05-21,0.0,1.34,19.2,23.3,15.2,66.5,0.0,25.5,26.8,27.0,10.75,17.1,1.56,2.13,0.0,0.0,1.25
2020-05-22,0.0,1.25,20.1,26.8,13.8,69.0,0.0,5.9,25.5,27.0,9.13,15.39,1.34,1.56,0.0,0.0,1.22
2020-05-23,0.0,1.22,21.5,27.6,14.8,67.8,0.0,4.0,25.5,27.0,7.76,13.85,1.25,1.34,0.0,0.0,1.25
2020-05-24,0.2,1.25,18.7,22.7,15.9,88.5,0.2,0.2,25.7,27.2,6.6,12.46,1.22,1.25,0.0,0.0,1.59
2020-05-25,9.6,1.59,18.5,22.8,14.9,79.5,9.8,9.8,35.3,36.8,5.78,11.4,1.25,1.22,0.2,0.0,2.37
2020-05-26,0.0,2.37,16.4,22.9,10.8,55.0,9.8,9.8,35.3,36.8,13.07,18.9,1.59,1.25,9.6,0.2,1.72
2020-05-27,0.0,1.72,17.1,24.3,10.3,47.8,9.6,9.8,35.3,36.8,11.11,17.01,2.37,1.59,0.0,9.6,1.34
2020-05-28,0.0,1.34,18.4,25.2,13.8,54.0,0.0,9.8,35.3,36.8,9.45,15.31,1.72,2.37,0.0,0.0,1.25
2020-05-29,0.0,1.25,17.8,24.5,12.0,52.5,0.0,9.8,15.7,36.8,8.03,13.78,1.34,1.72,0.0,0.0,1.22
2020-05-30,0.0,1.22,17.8,24.8,13.1,61.8,0.0,9.8,13.8,36.8,6.82,12.4,1.25,1.34,0.0,0.0,1.22
2020-05-31,0.0,1.22,17.5,23.9,12.7,69.3,0.0,9.6,9.8,36.8,5.8,11.16,1.22,1.25,0.0,0.0,1.19
2020-06-01,0.0,1.19,18.0,24.8,12.9,61.3,0.0,0.0,9.8,36.8,4.93,10.04,1.22,1.22,0.0,0.0,1.19
2020-06-02,0.0,1.19,19.5,26.2,13.9,61.5,0.0,0.0,9.8,36.8,4.19,9.04,1.19,1.22,0.0,0.0,1.19
2020-06-03,0.0,1.19,21.5,27.4,16.0,62.8,0.0,0.0,9.8,36.8,3.56,8.14,1.19,1.19,0.0,0.0,1.16
2020-06-04,0.0,1.16,21.1,25.3,18.8,66.5,0.0,0.0,9.8,36.8,3.03,7.32,1.19,1.19,0.0,0.0,1.16
2020-06-05,0.0,1.16,19.6,23.8,17.1,65.5,0.0,0.0,9.8,36.8,2.57,6.59,1.16,1.19,0.0,0.0,1.16
2020-06-06,0.0,1.16,19.9,25.9,15.4,66.8,0.0,0.0,9.8,36.6,2.19,5.93,1.16,1.16,0.0,0.0,1.16
2020-06-07,0.0,1.16,20.9,27.1,16.3,63.0,0.0,0.0,9.6,35.3,1.86,5.34,1.16,1.16,0.0,0.0,1.12
2020-06-08,0.0,1.12,22.4,29.1,17.5,58.8,0.0,0.0,0.0,35.3,1.58,4.8,1.16,1.16,0.0,0.0,1.12
2020-06-09,0.0,1.12,22.6,28.1,17.6,54.5,0.0,0.0,0.0,35.3,1.34,4.32,1.12,1.16,0.0,0.0,1.12
2020-06-10,0.0,1.12,22.3,28.5,17.1,50.8,0.0,0.0,0.0,35.3,1.14,3.89,1.12,1.12,0.0,0.0,1.12
2020-06-11,0.0,1.12,22.4,28.6,17.2,54.5,0.0,0.0,0.0,35.3,0.97,3.5,1.12,1.12,0.0,0.0,1.12
2020-06-12,0.0,1.12,22.8,28.8,17.2,55.3,0.0,0.0,0.0,35.3,0.83,3.15,1.12,1.12,0.0,0.0,1.09
2020-06-13,0.0,1.09,21.9,27.8,17.4,51.3,0.0,0.0,0.0,35.3,0.7,2.84,1.12,1.12,0.0,0.0,1.09
2020-06-14,0.0,1.09,21.7,27.4,17.6,54.5,0.0,0.0,0.0,15.7,0.6,2.55,1.09,1.12,0.0,0.0,1.09
2020-06-15,0.0,1.09,22.5,25.3,17.3,48.5,0.0,0.0,0.0,13.8,0.51,2.3,1.09,1.09,0.0,0.0,1.09
2020-06-16,2.5,1.09,19.3,24.9,16.9,70.3,2.5,2.5,2.5,12.3,0.43,2.07,1.09,1.09,0.0,0.0,1.09
2020-06-17,0.0,1.09,17.0,19.2,15.9,71.5,2.5,2.5,2.5,12.3,2.49,4.11,1.09,1.09,2.5,0.0,1.09
2020-06-18,0.0,1.09,17.6,22.9,13.9,63.3,2.5,2.5,2.5,12.3,2.12,3.7,1.09,1.09,0.0,2.5,1.06
2020-06-19,0.0,1.06,19.6,24.3,13.4,65.8,0.0,2.5,2.5,12.3,1.8,3.33,1.09,1.09,0.0,0.0,1.06
2020-06-20,0.0,1.06,21.2,26.6,18.6,63.5,0.0,2.5,2.5,12.3,1.53,3.0,1.06,1.09,0.0,0.0,1.06
2020-06-21,0.0,1.06,19.6,24.6,15.5,57.3,0.0,2.5,2.5,12.3,1.3,2.7,1.06,1.06,0.0,0.0,1.06
2020-06-22,0.0,1.06,19.2,25.7,14.5,51.3,0.0,2.5,2.5,12.3,1.11,2.43,1.06,1.06,0.0,0.0,1.06
2020-06-23,0.0,1.06,18.9,23.9,13.9,47.8,0.0,0.0,2.5,12.1,0.94,2.18,1.06,1.06,0.0,0.0,1.05
2020-06-24,0.0,1.05,18.7,25.5,13.4,54.8,0.0,0.0,2.5,2.5,0.8,1.97,1.06,1.06,0.0,0.0,1.05
2020-06-25,0.0,1.05,19.8,26.5,13.9,58.5,0.0,0.0,2.5,2.5,0.68,1.77,1.05,1.06,0.0,0.0,1.03
2020-06-26,0.0,1.03,21.0,28.1,15.1,56.5,0.0,0.0,2.5,2.5,0.58,1.59,1.05,1.05,0.0,0.0,1.03
2020-06-27,0.0,1.03,20.4,25.9,14.9,50.8,0.0,0.0,2.5,2.5,0.49,1.43,1.03,1.05,0.0,0.0,1.03
2020-06-28,0.0,1.03,20.3,26.3,16.2,59.5,0.0,0.0,2.5,2.5,0.42,1.29,1.03,1.03,0.0,0.0,1.01
2020-06-29,0.0,1.01,17.6,21.0,15.2,71.3,0.0,0.0,2.5,2.5,0.35,1.16,1.03,1.03,0.0,0.0,1.01
2020-06-30,0.0,1.01,19.1,23.7,15.4,70.8,0.0,0.0,0.0,2.5,0.3,1.04,1.01,1.03,0.0,0.0,1.01
2020-07-01,0.0,1.01,20.3,26.4,15.5,65.8,0.0,0.0,0.0,2.5,0.26,0.94,1.01,1.01,0.0,0.0,1.0
2020-07-02,0.0,1.0,20.8,26.1,17.0,65.8,0.0,0.0,0.0,2.5,0.22,0.85,1.01,1.01,0.0,0.0,1.0
2020-07-03,10.4,1.0,20.3,26.6,15.8,63.8,10.4,10.4,10.4,12.9,0.18,0.76,1.0,1.01,0.0,0.0,1.0
2020-07-04,0.0,1.0,20.6,26.4,16.4,64.5,10.4,10.4,10.4,12.9,9.0,10.05,1.0,1.0,10.4,0.0,0.99
2020-07-05,0.0,0.99,19.8,24.7,16.8,61.3,10.4,10.4,10.4,12.9,7.65,9.04,1.0,1.0,0.0,10.4,0.99
2020-07-06,0.0,0.99,20.4,27.3,15.1,57.0,0.0,10.4,10.4,12.9,6.5,8.14,0.99,1.0,0.0,0.0,0.99
2020-07-07,0.0,0.99,19.6,25.1,15.2,53.0,0.0,10.4,10.4,12.9,5.53,7.32,0.99,0.99,0.0,0.0,0.97
2020-07-08,0.0,0.97,21.1,26.8,17.0,48.5,0.0,10.4,10.4,12.9,4.7,6.59,0.99,0.99,0.0,0.0,0.97
2020-07-09,0.0,0.97,21.4,27.9,14.9,51.0,0.0,10.4,10.4,12.9,3.99,5.93,0.97,0.99,0.0,0.0,0.97
2020-07-10,0.0,0.97,19.8,23.7,17.2,65.0,0.0,0.0,10.4,12.9,3.39,5.34,0.97,0.97,0.0,0.0,0.95
2020-07-11,0.0,0.95,20.1,26.4,16.5,58.0,0.0,0.0,10.4,12.9,2.88,4.8,0.97,0.97,0.0,0.0,0.95
2020-07-12,0.0,0.95,19.9,26.5,14.9,58.8,0.0,0.0,10.4,12.9,2.45,4.32,0.95,0.97,0.0,0.0,0.94
2020-07-13,0.0,0.94,20.7,28.2,15.0,56.5,0.0,0.0,10.4,12.9,2.08,3.89,0.95,0.95,0.0,0.0,0.94
2020-07-14,0.0,0.94,22.5,28.7,16.3,51.0,0.0,0.0,10.4,12.9,1.77,3.5,0.94,0.95,0.0,0.0,0.94
2020-07-15,0.0,0.94,20.8,24.8,18.4,62.5,0.0,0.0,10.4,12.9,1.51,3.15,0.94,0.94,0.0,0.0,0.92
2020-07-16,0.0,0.92,20.0,24.6,17.4,63.0,0.0,0.0,10.4,10.4,1.28,2.84,0.94,0.94,0.0,0.0,0.92
2020-07-17,0.0,0.92,20.2,26.6,15.3,58.5,0.0,0.0,0.0,10.4,1.09,2.55,0.92,0.94,0.0,0.0,0.92
2020-07-18,0.0,0.92,18.3,22.4,14.6,60.8,0.0,0.0,0.0,10.4,0.92,2.3,0.92,0.92,0.0,0.0,0.91
2020-07-19,0.0,0.91,18.0,22.8,13.9,60.5,0.0,0.0,0.0,10.4,0.79,2.07,0.92,0.92,0.0,0.0,0.91
2020-07-20,0.0,0.91,20.0,24.6,15.9,62.0,0.0,0.0,0.0,10.4,0.67,1.86,0.91,0.92,0.0,0.0,0.91
2020-07-21,0.0,0.91,21.1,27.1,16.4,55.8,0.0,0.0,0.0,10.4,0.57,1.68,0.91,0.91,0.0,0.0,0.89
2020-07-22,0.0,0.89,20.9,26.1,15.7,55.5,0.0,0.0,0.0,10.4,0.48,1.51,0.91,0.91,0.0,0.0,0.89
2020-07-23,0.0,0.89,19.9,25.5,14.9,51.0,0.0,0.0,0.0,10.4,0.41,1.36,0.89,0.91,0.0,0.0,0.89
2020-07-24,0.0,0.89,18.8,24.1,16.0,69.0,0.0,0.0,0.0,10.4,0.35,1.22,0.89,0.89,0.0,0.0,0.87
2020-07-25,0.0,0.87,20.3,26.6,15.9,53.0,0.0,0.0,0.0,10.4,0.3,1.1,0.89,0.89,0.0,0.0,0.87
2020-07-26,0.0,0.87,20.1,26.2,14.3,59.3,0.0,0.0,0.0,10.4,0.25,0.99,0.87,0.89,0.0,0.0,0.87
2020-07-27,0.0,0.87,19.6,24.3,16.6,62.8,0.0,0.0,0.0,10.4,0.21,0.89,0.87,0.87,0.0,0.0,0.86
2020-07-28,0.0,0.86,20.8,27.8,15.5,55.0,0.0,0.0,0.0,10.4,0.18,0.8,0.87,0.87,0.0,0.0,0.86
2020-07-29,0.0,0.86,22.2,29.2,16.2,47.3,0.0,0.0,0.0,10.4,0.15,0.72,0.86,0.87,0.0,0.0,0.86
2020-07-30,0.0,0.86,20.8,25.8,18.1,56.5,0.0,0.0,0.0,10.4,0.13,0.65,0.86,0.86,0.0,0.0,0.85
2020-07-31,0.0,0.85,18.6,24.2,15.5,63.8,0.0,0.0,0.0,10.4,0.11,0.58,0.86,0.86,0.0,0.0,0.85
2020-08-01,0.0,0.85,17.7,21.9,15.1,69.3,0.0,0.0,0.0,10.4,0.1,0.53,0.85,0.86,0.0,0.0,0.85
2020-08-02,0.0,0.85,17.7,24.1,13.8,52.5,0.0,0.0,0.0,0.0,0.08,0.47,0.85,0.85,0.0,0.0,0.85
2020-08-03,0.0,0.85,17.4,23.3,12.5,52.5,0.0,0.0,0.0,0.0,0.07,0.43,0.85,0.85,0.0,0.0,0.83
2020-08-04,0.0,0.83,17.3,23.6,12.0,55.3,0.0,0.0,0.0,0.0,0.06,0.38,0.85,0.85,0.0,0.0,0.83
2020-08-05,0.0,0.83,18.0,23.2,13.5,51.8,0.0,0.0,0.0,0.0,0.05,0.34,0.83,0.85,0.0,0.0,0.81
2020-08-06,0.0,0.81,17.8,23.3,13.1,48.0,0.0,0.0,0.0,0.0,0.04,0.31,0.83,0.83,0.0,0.0,0.81
2020-08-07,0.0,0.81,18.8,24.9,14.2,50.0,0.0,0.0,0.0,0.0,0.04,0.28,0.81,0.83,0.0,0.0,0.81
2020-08-08,0.0,0.81,18.8,24.3,14.2,55.0,0.0,0.0,0.0,0.0,0.03,0.25,0.81,0.81,0.0,0.0,0.81
2020-08-09,0.0,0.81,19.3,23.5,15.0,53.8,0.0,0.0,0.0,0.0,0.03,0.23,0.81,0.81,0.0,0.0,0.8
2020-08-10,0.0,0.8,20.1,24.6,17.1,57.0,0.0,0.0,0.0,0.0,0.02,0.2,0.81,0.81,0.0,0.0,0.8
2020-08-11,0.0,0.8,19.9,25.7,14.9,57.5,0.0,0.0,0.0,0.0,0.02,0.18,0.8,0.81,0.0,0.0,0.8
2020-08-12,0.0,0.8,20.4,25.4,16.2,63.3,0.0,0.0,0.0,0.0,0.02,0.16,0.8,0.8,0.0,0.0,0.78
2020-08-13,0.0,0.78,21.1,26.5,16.8,59.0,0.0,0.0,0.0,0.0,0.01,0.15,0.8,0.8,0.0,0.0,0.78
2020-08-14,0.0,0.78,22.1,29.2,16.1,53.5,0.0,0.0,0.0,0.0,0.01,0.13,0.78,0.8,0.0,0.0,0.78
2020-08-15,0.0,0.78,21.4,28.5,16.3,56.0,0.0,0.0,0.0,0.0,0.01,0.12,0.78,0.78,0.0,0.0,0.77
2020-08-16,0.0,0.77,23.4,30.1,17.0,54.5,0.0,0.0,0.0,0.0,0.01,0.11,0.78,0.78,0.0,0.0,0.77
2020-08-17,0.0,0.77,22.8,27.9,18.8,55.0,0.0,0.0,0.0,0.0,0.01,0.1,0.77,0.78,0.0,0.0,0.77
2020-08-18,0.0,0.77,22.5,27.9,18.5,58.3,0.0,0.0,0.0,0.0,0.01,0.09,0.77,0.77,0.0,0.0,0.75
2020-08-19,0.0,0.75,23.4,30.3,17.4,53.8,0.0,0.0,0.0,0.0,0.01,0.08,0.77,0.77,0.0,0.0,0.75
2020-08-20,0.0,0.75,24.3,31.3,18.0,53.3,0.0,0.0,0.0,0.0,0.0,0.07,0.75,0.77,0.0,0.0,0.75
2020-08-21,0.0,0.75,17.0,24.1,14.1,80.8,0.0,0.0,0.0,0.0,0.0,0.06,0.75,0.75,0.0,0.0,1.06
2020-08-22,9.3,1.06,13.9,15.5,12.4,82.0,9.3,9.3,9.3,9.3,0.0,0.06,0.75,0.75,0.0,0.0,1.54
2020-08-23,5.8,1.54,15.2,19.2,12.0,69.5,15.1,15.1,15.1,15.1,7.91,8.42,1.06,0.75,9.3,0.0,1.08
2020-08-24,0.0,1.08,16.3,22.9,11.9,51.0,15.1,15.1,15.1,15.1,11.65,12.8,1.54,1.06,5.8,9.3,0.85
2020-08-25,0.0,0.85,16.9,24.4,11.2,42.8,5.8,15.1,15.1,15.1,9.9,11.52,1.08,1.54,0.0,5.8,0.8
2020-08-26,0.0,0.8,18.3,26.0,11.1,49.0,0.0,15.1,15.1,15.1,8.42,10.37,0.85,1.08,0.0,0.0,0.78
2020-08-27,0.0,0.78,20.2,26.3,13.8,49.0,0.0,15.1,15.1,15.1,7.16,9.33,0.8,0.85,0.0,0.0,0.77
2020-08-28,0.0,0.77,20.3,26.0,16.1,56.8,0.0,15.1,15.1,15.1,6.08,8.4,0.78,0.8,0.0,0.0,0.75
2020-08-29,0.0,0.75,21.1,27.3,16.4,53.3,0.0,5.8,15.1,15.1,5.17,7.56,0.77,0.78,0.0,0.0,0.74
2020-08-30,0.0,0.74,22.6,29.3,16.9,49.8,0.0,0.0,15.1,15.1,4.39,6.8,0.75,0.77,0.0,0.0,0.73
2020-08-31,0.0,0.73,23.6,29.3,17.9,48.8,0.0,0.0,15.1,15.1,3.74,6.12,0.74,0.75,0.0,0.0,0.73
2020-09-01,0.0,0.73,22.2,27.2,18.6,52.5,0.0,0.0,15.1,15.1,3.17,5.51,0.73,0.74,0.0,0.0,0.72
2020-09-02,0.0,0.72,21.0,26.1,17.2,50.8,0.0,0.0,15.1,15.1,2.7,4.96,0.73,0.73,0.0,0.0,0.72
2020-09-03,0.0,0.72,20.9,27.3,15.7,48.0,0.0,0.0,15.1,15.1,2.29,4.46,0.72,0.73,0.0,0.0,0.71
2020-09-04,0.0,0.71,23.2,31.2,16.0,40.8,0.0,0.0,15.1,15.1,1.95,4.02,0.72,0.72,0.0,0.0,0.7
2020-09-05,0.0,0.7,22.8,29.1,17.9,42.3,0.0,0.0,5.8,15.1,1.66,3.61,0.71,0.72,0.0,0.0,0.7
2020-09-06,0.0,0.7,23.1,30.5,17.3,43.5,0.0,0.0,0.0,15.1,1.41,3.25,0.7,0.71,0.0,0.0,0.69
2020-09-07,0.0,0.69,23.8,30.4,18.1,37.3,0.0,0.0,0.0,15.1,1.2,2.93,0.7,0.7,0.0,0.0,0.69
2020-09-08,0.0,0.69,24.7,32.3,17.9,44.0,0.0,0.0,0.0,15.1,1.02,2.64,0.69,0.7,0.0,0.0,0.68
2020-09-09,0.0,0.68,24.7,31.2,19.8,39.8,0.0,0.0,0.0,15.1,0.87,2.37,0.69,0.69,0.0,0.0,0.68
2020-09-10,0.0,0.68,24.5,32.1,18.6,39.0,0.0,0.0,0.0,15.1,0.74,2.13,0.68,0.69,0.0,0.0,0.67
2020-09-11,0.0,0.67,25.0,31.7,19.9,37.3,0.0,0.0,0.0,15.1,0.63,1.92,0.68,0.68,0.0,0.0,0.66
2020-09-12,0.0,0.66,24.4,31.0,19.2,37.8,0.0,0.0,0.0,15.1,0.53,1.73,0.67,0.68,0.0,0.0,0.66
2020-09-13,0.0,0.66,22.2,28.4,18.1,45.8,0.0,0.0,0.0,15.1,0.45,1.56,0.66,0.67,0.0,0.0,0.66
2020-09-14,0.0,0.66,23.9,30.4,18.5,43.3,0.0,0.0,0.0,15.1,0.38,1.4,0.66,0.66,0.0,0.0,0.66
2020-09-15,0.0,0.66,23.9,28.9,19.2,44.0,0.0,0.0,0.0,15.1,0.33,1.26,0.66,0.66,0.0,0.0,0.65
2020-09-16,0.0,0.65,23.2,29.7,18.6,43.8,0.0,0.0,0.0,15.1,0.28,1.13,0.66,0.66,0.0,0.0,0.64
2020-09-17,0.0,0.64,25.0,32.2,18.6,38.0,0.0,0.0,0.0,15.1,0.24,1.02,0.65,0.66,0.0,0.0,0.64
2020-09-18,0.0,0.64,26.5,34.5,19.4,34.0,0.0,0.0,0.0,15.1,0.2,0.92,0.64,0.65,0.0,0.0,0.63
2020-09-19,0.0,0.63,27.5,35.6,19.8,35.5,0.0,0.0,0.0,15.1,0.17,0.83,0.64,0.64,0.0,0.0,0.63
2020-09-20,0.0,0.63,24.9,33.4,20.6,58.0,0.0,0.0,0.0,15.1,0.14,0.74,0.63,0.64,0.0,0.0,0.63
2020-09-21,0.0,0.63,22.7,26.8,19.1,58.3,0.0,0.0,0.0,5.8,0.12,0.67,0.63,0.63,0.0,0.0,0.77
2020-09-22,0.0,0.77,19.7,23.5,17.8,79.5,0.0,0.0,0.0,0.0,0.1,0.6,0.63,0.63,0.0,0.0,0.78
2020-09-23,4.1,0.78,18.7,22.9,16.1,75.8,4.1,4.1,4.1,4.1,0.09,0.54,0.77,0.63,0.0,0.0,0.72
2020-09-24,1.1,0.72,21.4,27.2,15.7,59.5,5.2,5.2,5.2,5.2,3.56,4.18,0.78,0.77,4.1,0.0,0.68
2020-09-25,0.0,0.68,23.2,29.6,17.8,50.8,5.2,5.2,5.2,5.2,3.96,4.75,0.72,0.78,1.1,4.1,0.66
2020-09-26,0.0,0.66,24.3,30.9,17.3,39.8,1.1,5.2,5.2,5.2,3.37,4.28,0.68,0.72,0.0,1.1,0.64
2020-09-27,0.0,0.64,25.9,33.9,18.7,36.8,0.0,5.2,5.2,5.2,2.86,3.85,0.66,0.68,0.0,0.0,0.63
2020-09-28,0.0,0.63,28.6,36.5,20.6,29.3,0.0,5.2,5.2,5.2,2.43,3.46,0.64,0.66,0.0,0.0,0.62
2020-09-29,0.0,0.62,29.0,36.1,23.1,29.5,0.0,5.2,5.2,5.2,2.07,3.12,0.63,0.64,0.0,0.0,0.61
2020-09-30,0.0,0.61,28.5,35.0,23.2,37.3,0.0,1.1,5.2,5.2,1.76,2.81,0.62,0.63,0.0,0.0,0.6
2020-10-01,0.0,0.6,27.9,34.2,22.1,36.5,0.0,0.0,5.2,5.2,1.49,2.52,0.61,0.62,0.0,0.0,0.59
2020-10-02,0.0,0.59,28.7,34.9,22.1,27.8,0.0,0.0,5.2,5.2,1.27,2.27,0.6,0.61,0.0,0.0,0.59
2020-10-03,0.0,0.59,29.7,36.2,22.2,28.0,0.0,0.0,5.2,5.2,1.08,2.04,0.59,0.6,0.0,0.0,0.58
2020-10-04,0.0,0.58,26.9,32.3,22.2,51.0,0.0,0.0,5.2,5.2,0.92,1.84,0.59,0.59,0.0,0.0,0.58
2020-10-05,0.0,0.58,25.9,32.4,21.1,54.3,0.0,0.0,5.2,5.2,0.78,1.66,0.58,0.59,0.0,0.0,0.58
2020-10-06,0.0,0.58,28.5,36.6,21.4,43.3,0.0,0.0,5.2,5.2,0.66,1.49,0.58,0.58,0.0,0.0,0.57
2020-10-07,0.0,0.57,28.6,36.9,23.9,42.0,0.0,0.0,1.1,5.2,0.56,1.34,0.58,0.58,0.0,0.0,0.57
2020-10-08,0.0,0.57,28.2,34.5,23.4,46.5,0.0,0.0,0.0,5.2,0.48,1.21,0.57,0.58,0.0,0.0,0.56
2020-10-09,0.0,0.56,29.1,35.3,23.4,36.3,0.0,0.0,0.0,5.2,0.41,1.09,0.57,0.57,0.0,0.0,0.82
2020-10-10,3.9,0.82,25.9,33.4,21.8,56.0,3.9,3.9,3.9,9.1,0.35,0.98,0.56,0.57,0.0,0.0,0.9
2020-10-11,3.6,0.9,20.6,24.9,18.4,74.3,7.5,7.5,7.5,12.7,3.61,4.39,0.82,0.56,3.9,0.0,0.83
2020-10-12,0.0,0.83,20.7,26.8,16.7,71.5,7.5,7.5,7.5,12.7,6.13,7.19,0.9,0.82,3.6,3.9,0.71
2020-10-13,0.0,0.71,23.4,30.2,17.8,64.3,3.6,7.5,7.5,12.7,5.21,6.47,0.83,0.9,0.0,3.6,0.65
2020-10-14,0.0,0.65,23.0,32.8,19.1,69.8,0.0,7.5,7.5,12.7,4.43,5.82,0.71,0.83,0.0,0.0,0.87
2020-10-15,26.8,0.87,24.2,31.5,18.1,62.8,26.8,34.3,34.3,39.5,3.76,5.24,0.65,0.71,0.0,0.0,0.83
2020-10-16,0.0,0.83,21.5,26.5,19.6,73.8,26.8,34.3,34.3,39.5,25.98,28.84,0.87,0.65,26.8,0.0,0.73
2020-10-17,3.2,0.73,19.5,23.4,16.5,73.8,30.0,33.6,37.5,42.7,22.08,25.95,0.83,0.87,0.0,26.8,0.66
2020-10-18,0.0,0.66,19.3,23.5,15.9,69.3,3.2,30.0,37.5,42.7,21.49,26.24,0.73,0.83,3.2,0.0,0.69
2020-10-19,0.0,0.69,18.8,21.3,17.0,78.3,3.2,30.0,37.5,42.7,18.27,23.62,0.66,0.73,0.0,3.2,0.95
2020-10-20,0.0,0.95,19.7,24.3,17.1,88.3,0.0,30.0,37.5,42.7,15.53,21.25,0.69,0.66,0.0,0.0,1.35
2020-10-21,14.8,1.35,20.5,25.5,17.0,81.5,14.8,44.8,52.3,57.5,13.2,19.13,0.95,0.69,0.0,0.0,1.6
2020-10-22,0.2,1.6,21.6,25.5,18.0,69.8,15.0,18.2,52.5,57.7,23.8,30.54,1.35,0.95,14.8,0.0,1.38
2020-10-23,3.6,1.38,19.7,23.0,17.0,70.0,18.6,21.8,56.1,57.2,20.4,27.66,1.6,1.35,0.2,14.8,1.81
2020-10-24,0.0,1.81,19.2,21.5,17.8,91.3,3.8,18.6,52.2,56.1,20.4,28.14,1.38,1.6,3.6,0.2,3.37
2020-10-25,14.8,3.37,19.5,23.7,17.4,90.5,18.4,33.4,63.4,70.9,17.34,25.32,1.81,1.38,0.0,3.6,3.9
2020-10-26,13.9,3.9,22.3,29.2,15.1,60.5,28.7,47.3,77.3,84.8,27.32,36.11,3.37,1.81,14.8,0.0,2.83
2020-10-27,0.0,2.83,25.0,30.8,18.1,58.3,28.7,47.3,77.3,84.8,35.04,45.01,3.9,3.37,13.9,14.8,1.94
2020-10-28,0.0,1.94,26.5,32.7,21.2,56.3,13.9,32.5,77.3,84.8,29.78,40.51,2.83,3.9,0.0,13.9,1.3
2020-10-29,0.0,1.3,25.4,30.5,21.2,56.3,0.0,32.3,50.5,84.8,25.31,36.46,1.94,2.83,0.0,0.0,1.93
2020-10-30,0.0,1.93,23.4,29.6,20.4,77.3,0.0,28.7,50.5,84.8,21.52,32.81,1.3,1.94,0.0,0.0,3.72
2020-10-31,14.8,3.72,19.4,23.2,16.5,75.0,14.8,43.5,62.1,99.6,18.29,29.53,1.93,1.3,0.0,0.0,3.8
2020-11-01,0.7,3.8,19.9,24.0,16.9,67.8,15.5,29.4,62.8,100.3,28.13,39.9,3.72,1.93,14.8,0.0,2.81
2020-11-02,0.0,2.81,20.1,26.8,14.0,49.8,15.5,15.5,62.8,100.3,24.5,36.54,3.8,3.72,0.7,14.8,1.86
2020-11-03,0.0,1.86,19.3,24.8,16.2,74.3,0.7,15.5,62.8,100.3,20.83,32.88,2.81,3.8,0.0,0.7,1.3
2020-11-04,15.9,1.3,20.7,27.1,15.1,65.8,15.9,31.4,63.9,116.2,17.7,29.6,1.86,2.81,0.0,0.0,0.98
2020-11-05,0.0,0.98,22.6,28.8,17.3,56.0,15.9,31.4,63.7,116.2,28.56,40.95,1.3,1.86,15.9,0.0,0.8
2020-11-06,0.0,0.8,24.7,31.3,19.3,58.8,15.9,31.4,60.1,116.2,24.28,36.85,0.98,1.3,0.0,15.9,0.73
2020-11-07,0.0,0.73,25.2,30.5,20.0,58.0,0.0,16.6,60.1,116.2,20.64,33.17,0.8,0.98,0.0,0.0,0.7
2020-11-08,0.9,0.7,25.9,32.0,20.5,55.3,0.9,16.8,46.2,117.1,17.54,29.85,0.73,0.8,0.0,0.0,0.69
2020-11-09,0.0,0.69,25.5,32.3,20.8,52.8,0.9,16.8,32.3,113.2,15.67,27.67,0.7,0.73,0.9,0.0,0.84
2020-11-10,1.8,0.84,23.3,27.9,20.8,74.0,2.7,18.6,34.1,111.4,13.32,24.91,0.69,0.7,0.0,0.9,1.23
2020-11-11,0.5,1.23,23.9,30.6,20.6,78.3,2.3,3.2,34.6,111.9,12.85,24.04,0.84,0.69,1.8,0.0,1.99
2020-11-12,0.3,1.99,22.0,28.2,18.1,78.3,2.6,3.5,34.9,112.2,11.35,22.08,1.23,0.84,0.5,1.8,2.86
2020-11-13,20.1,2.86,21.9,24.9,19.1,85.8,20.9,23.6,55.0,132.3,9.9,20.14,1.99,1.23,0.3,0.5,3.2
2020-11-14,25.7,3.2,21.5,26.3,17.2,77.5,46.1,49.3,65.9,131.2,25.5,36.22,2.86,1.99,20.1,0.3,3.0
2020-11-15,12.6,3.0,24.4,29.5,19.5,69.0,58.4,61.0,77.8,143.8,43.52,55.73,3.2,2.86,25.7,20.1,2.61
2020-11-16,1.2,2.61,23.3,30.5,18.8,75.0,39.5,62.2,79.0,141.8,47.7,61.5,3.0,3.2,12.6,25.7,2.24
2020-11-17,5.1,2.24,24.1,31.8,18.8,62.3,18.9,65.5,84.1,146.9,41.57,56.43,2.61,3.0,1.2,12.6,2.03
2020-11-18,37.1,2.03,22.7,30.2,18.0,77.3,43.4,102.1,105.3,184.0,39.67,55.37,2.24,2.61,5.1,1.2,2.3
2020-11-19,52.8,2.3,22.8,27.3,19.3,80.5,95.0,154.6,158.1,236.8,65.25,83.23,2.03,2.24,37.1,5.1,2.5
2020-11-20,1.0,2.5,24.0,30.2,19.9,65.0,90.9,135.5,159.1,223.0,100.35,122.42,2.3,2.03,52.8,37.1,2.01
2020-11-21,0.0,2.01,22.1,27.5,18.3,68.8,53.8,109.8,159.1,222.8,86.14,111.08,2.5,2.3,1.0,52.8,1.52
2020-11-22,0.0,1.52,22.6,26.9,18.9,65.8,1.0,97.2,158.2,219.2,73.22,99.97,2.01,2.5,0.0,1.0,1.3
2020-11-23,0.0,1.3,22.3,26.8,18.6,65.0,0.0,96.0,158.2,219.2,62.24,89.98,1.52,2.01,0.0,0.0,1.08
2020-11-24,0.0,1.08,22.0,25.8,18.8,66.3,0.0,90.9,156.4,204.4,52.9,80.98,1.3,1.52,0.0,0.0,0.99
2020-11-25,0.0,0.99,22.5,27.1,18.9,64.3,0.0,53.8,155.9,190.5,44.97,72.88,1.08,1.3,0.0,0.0,0.91
2020-11-26,0.0,0.91,23.3,27.9,18.4,56.0,0.0,1.0,155.6,190.5,38.22,65.59,0.99,1.08,0.0,0.0,0.83
2020-11-27,0.0,0.83,23.6,28.5,18.5,54.0,0.0,0.0,135.5,190.5,32.49,59.03,0.91,0.99,0.0,0.0,0.79
2020-11-28,0.0,0.79,23.2,28.2,19.2,58.0,0.0,0.0,109.8,190.5,27.62,53.13,0.83,0.91,0.0,0.0,0.77
2020-11-29,0.0,0.77,23.6,29.1,18.6,60.3,0.0,0.0,97.2,190.5,23.47,47.82,0.79,0.83,0.0,0.0,0.77
2020-11-30,0.0,0.77,24.3,29.2,18.8,55.8,0.0,0.0,96.0,175.7,19.95,43.04,0.77,0.79,0.0,0.0,0.86
2020-12-01,0.0,0.86,24.9,29.6,20.6,59.5,0.0,0.0,90.9,175.0,16.96,38.73,0.77,0.77,0.0,0.0,1.03
2020-12-02,0.0,1.03,23.8,27.5,20.5,73.8,0.0,0.0,53.8,175.0,14.42,34.86,0.86,0.77,0.0,0.0,1.07
2020-12-03,5.6,1.07,23.6,26.9,20.0,73.5,5.6,5.6,6.6,180.6,12.25,31.37,1.03,0.86,0.0,0.0,1.03
2020-12-04,1.1,1.03,24.8,32.2,20.8,67.5,6.7,6.7,6.7,165.8,15.18,33.28,1.07,1.03,5.6,0.0,1.06
2020-12-05,0.0,1.06,24.7,29.8,20.9,69.3,6.7,6.7,6.7,165.8,13.83,30.94,1.03,1.07,1.1,5.6,1.94
2020-12-06,0.0,1.94,23.0,25.5,21.0,74.8,1.1,6.7,6.7,165.8,11.76,27.84,1.06,1.03,0.0,1.1,3.88
2020-12-07,2.8,3.88,22.9,25.8,20.3,82.3,2.8,9.5,9.5,168.6,10.0,25.06,1.94,1.06,0.0,0.0,4.79
2020-12-08,15.6,4.79,23.2,27.6,19.8,77.5,18.4,25.1,25.1,183.3,10.88,25.07,3.88,1.94,2.8,0.0,5.84
2020-12-09,65.7,5.84,21.1,26.4,17.6,86.5,84.1,90.8,90.8,249.0,22.5,36.61,4.79,3.88,15.6,2.8,6.24
2020-12-10,32.8,6.24,20.8,23.4,18.1,80.8,114.1,118.0,123.6,280.0,74.97,92.08,5.84,4.79,65.7,15.6,5.9
2020-12-11,13.7,5.9,23.3,28.8,18.8,69.8,112.2,130.6,137.3,293.2,91.61,112.39,6.24,5.84,32.8,65.7,4.92
2020-12-12,10.7,4.92,24.3,29.5,18.1,65.0,57.2,141.3,148.0,303.6,89.51,113.48,5.9,6.24,13.7,32.8,4.15
2020-12-13,0.0,4.15,25.1,30.3,20.1,60.3,24.4,141.3,148.0,283.5,85.18,111.76,4.92,5.9,10.7,13.7,3.1
2020-12-14,0.0,3.1,24.9,31.6,18.2,44.5,10.7,138.5,148.0,257.8,72.4,100.59,4.15,4.92,0.0,10.7,2.21
2020-12-15,0.0,2.21,25.6,32.1,19.9,50.8,0.0,122.9,148.0,245.2,61.54,90.53,3.1,4.15,0.0,0.0,1.59
2020-12-16,0.0,1.59,25.8,31.8,20.6,57.3,0.0,57.2,148.0,244.0,52.31,81.47,2.21,3.1,0.0,0.0,1.2
2020-12-17,0.0,1.2,23.6,30.6,20.2,65.5,0.0,24.4,142.4,238.9,44.46,73.33,1.59,2.21,0.0,0.0,1.19
2020-12-18,8.9,1.19,24.3,30.4,19.1,64.0,8.9,19.6,150.2,210.7,37.79,65.99,1.2,1.59,0.0,0.0,1.55
2020-12-19,7.7,1.55,24.9,31.4,19.0,60.8,16.6,16.6,157.9,165.6,39.69,67.4,1.19,1.2,8.9,0.0,1.75
2020-12-20,27.8,1.75,24.9,30.8,19.2,63.0,44.4,44.4,185.7,192.4,40.28,67.59,1.55,1.19,7.7,8.9,1.69
2020-12-21,0.0,1.69,25.2,30.7,20.7,64.3,35.5,44.4,182.9,192.4,57.87,85.85,1.75,1.55,27.8,7.7,1.97
2020-12-22,0.0,1.97,23.4,30.1,19.2,73.3,27.8,44.4,167.3,192.4,49.19,77.27,1.69,1.75,0.0,27.8,3.35
2020-12-23,5.0,3.35,22.8,27.3,19.3,75.0,5.0,49.4,106.6,197.4,41.81,69.54,1.97,1.69,0.0,0.0,4.75
2020-12-24,0.0,4.75,21.4,25.3,19.4,90.0,5.0,49.4,73.8,197.4,39.79,67.09,3.35,1.97,5.0,0.0,5.3
2020-12-25,27.8,5.3,22.0,24.8,19.4,72.0,32.8,68.3,87.9,225.2,33.82,60.38,4.75,3.35,0.0,5.0,4.69
2020-12-26,1.1,4.69,22.5,27.2,19.4,69.3,28.9,61.7,78.3,226.3,52.38,79.36,5.3,4.75,27.8,0.0,3.91
2020-12-27,0.6,3.91,23.8,28.8,19.0,62.5,29.5,34.5,78.9,226.9,45.46,72.42,4.69,5.3,1.1,27.8,3.0
2020-12-28,0.0,3.0,23.4,27.3,19.4,64.5,1.7,34.5,78.9,226.9,39.15,65.71,3.91,4.69,0.6,1.1,2.16
2020-12-29,0.0,2.16,23.8,29.1,19.6,55.8,0.6,34.5,78.9,226.9,33.28,59.14,3.0,3.91,0.0,0.6,1.58
2020-12-30,0.0,1.58,24.4,28.6,20.2,59.3,0.0,29.5,78.9,226.9,28.28,53.23,2.16,3.0,0.0,0.0,1.23
2020-12-31,0.0,1.23,23.6,31.7,19.5,68.0,0.0,29.5,78.9,226.9,24.04,47.91,1.58,2.16,0.0,0.0,1.28
2021-01-01,0.0,1.28,23.4,31.7,19.6,73.5,0.0,1.7,70.0,226.9,20.44,43.11,1.23,1.58,0.0,0.0,1.81
2021-01-02,15.7,1.81,22.8,28.3,19.1,72.5,15.7,16.3,78.0,237.0,17.37,38.8,1.28,1.23,0.0,0.0,2.94
2021-01-03,52.5,2.94,20.8,27.7,17.7,80.3,68.2,68.2,102.7,288.4,28.11,49.05,1.81,1.28,15.7,0.0,6.4
2021-01-04,23.0,6.4,22.3,27.2,17.9,68.8,91.2,91.2,125.7,311.4,68.52,91.4,2.94,1.81,52.5,15.7,8.82
2021-01-05,0.0,8.82,24.4,30.3,20.5,70.0,75.5,91.2,125.7,311.4,77.79,102.96,6.4,2.94,23.0,52.5,7.65
2021-01-06,0.0,7.65,24.1,30.1,20.1,78.8,23.0,91.2,120.7,308.6,66.12,92.66,8.82,6.4,0.0,23.0,7.69
2021-01-07,3.9,7.69,23.8,31.7,20.1,74.8,3.9,95.1,124.6,296.9,56.2,83.4,7.65,8.82,0.0,0.0,7.85
2021-01-08,13.8,7.85,25.3,30.7,19.9,65.8,17.7,108.9,110.6,245.0,51.09,78.57,7.69,7.65,3.9,0.0,8.08
2021-01-09,0.0,8.08,22.8,30.0,20.6,85.3,17.7,93.2,109.5,212.2,55.15,83.13,7.85,7.69,13.8,3.9,10.19
2021-01-10,7.9,10.19,24.4,29.5,20.9,73.3,21.7,48.6,116.8,206.4,46.88,74.82,8.08,7.85,0.0,13.8,9.62
2021-01-11,0.0,9.62,25.9,31.5,22.3,67.8,7.9,25.6,116.8,195.7,46.56,74.45,10.19,8.08,7.9,0.0,8.35
2021-01-12,0.0,8.35,24.8,30.2,20.5,68.5,7.9,25.6,116.8,195.7,39.58,67.0,9.62,10.19,0.0,7.9,7.07
2021-01-13,0.0,7.07,24.8,29.1,22.1,64.5,0.0,25.6,116.8,195.7,33.64,60.3,8.35,9.62,0.0,0.0,5.67
2021-01-14,0.0,5.67,24.7,29.7,20.8,56.5,0.0,21.7,116.8,195.7,28.6,54.27,7.07,8.35,0.0,0.0,4.5
2021-01-15,0.0,4.5,23.3,29.8,20.0,70.8,0.0,7.9,116.8,195.7,24.31,48.84,5.67,7.07,0.0,0.0,3.76
2021-01-16,0.0,3.76,23.1,26.8,20.0,68.3,0.0,7.9,101.1,195.7,20.66,43.96,4.5,5.67,0.0,0.0,3.03
2021-01-17,0.0,3.03,23.6,28.3,20.5,60.8,0.0,0.0,48.6,186.8,17.56,39.56,3.76,4.5,0.0,0.0,2.4
2021-01-18,0.0,2.4,24.7,29.9,20.0,48.8,0.0,0.0,25.6,179.1,14.93,35.61,3.03,3.76,0.0,0.0,1.86
2021-01-19,0.0,1.86,25.0,30.7,20.7,51.8,0.0,0.0,25.6,151.3,12.69,32.05,2.4,3.03,0.0,0.0,1.47
2021-01-20,0.0,1.47,24.7,29.8,20.8,44.0,0.0,0.0,25.6,151.3,10.79,28.84,1.86,2.4,0.0,0.0,1.22
2021-01-21,0.0,1.22,24.2,28.7,20.4,51.5,0.0,0.0,21.7,151.3,9.17,25.96,1.47,1.86,0.0,0.0,1.08
2021-01-22,0.0,1.08,24.3,29.5,20.1,51.0,0.0,0.0,7.9,146.3,7.79,23.36,1.22,1.47,0.0,0.0,1.03
2021-01-23,5.4,1.03,22.9,28.0,18.4,54.3,5.4,5.4,13.3,151.7,6.62,21.03,1.08,1.22,0.0,0.0,1.01
2021-01-24,0.0,1.01,23.9,28.8,19.4,55.3,5.4,5.4,5.4,123.9,10.22,23.78,1.03,1.08,5.4,0.0,1.01
2021-01-25,0.0,1.01,24.3,29.5,20.1,52.3,5.4,5.4,5.4,122.8,8.69,21.4,1.01,1.03,0.0,5.4,1.0
2021-01-26,0.0,1.0,24.6,29.4,20.8,56.3,0.0,5.4,5.4,122.2,7.38,19.26,1.01,1.01,0.0,0.0,1.0
2021-01-27,0.0,1.0,24.6,30.1,20.5,57.0,0.0,5.4,5.4,122.2,6.28,17.34,1.0,1.01,0.0,0.0,1.0
2021-01-28,0.0,1.0,25.4,31.0,20.1,42.0,0.0,5.4,5.4,122.2,5.33,15.6,1.0,1.0,0.0,0.0,0.99
2021-01-29,0.0,0.99,25.5,31.2,21.0,49.8,0.0,5.4,5.4,122.2,4.53,14.04,1.0,1.0,0.0,0.0,0.99
2021-01-30,0.0,0.99,25.8,31.7,21.5,51.5,0.0,0.0,5.4,122.2,3.85,12.64,0.99,1.0,0.0,0.0,0.97
2021-01-31,0.0,0.97,25.5,31.5,20.8,52.5,0.0,0.0,5.4,122.2,3.28,11.38,0.99,0.99,0.0,0.0,0.97
2021-02-01,0.0,0.97,24.2,29.2,20.3,59.8,0.0,0.0,5.4,106.5,2.78,10.24,0.97,0.99,0.0,0.0,0.97
2021-02-02,0.0,0.97,25.4,30.6,21.3,57.5,0.0,0.0,5.4,54.0,2.37,9.21,0.97,0.97,0.0,0.0,0.97
2021-02-03,0.0,0.97,26.0,31.0,22.0,52.0,0.0,0.0,5.4,31.0,2.01,8.29,0.97,0.97,0.0,0.0,0.97
2021-02-04,0.0,0.97,26.5,30.8,21.8,57.3,0.0,0.0,5.4,31.0,1.71,7.46,0.97,0.97,0.0,0.0,1.09
2021-02-05,3.9,1.09,23.0,30.8,20.3,89.8,3.9,3.9,9.3,34.9,1.45,6.72,0.97,0.97,0.0,0.0,2.34
2021-02-06,15.3,2.34,20.9,24.0,20.0,87.5,19.2,19.2,19.2,46.3,4.55,9.56,1.09,0.97,3.9,0.0,5.53
2021-02-07,40.1,5.53,19.2,21.7,18.3,95.5,59.3,59.3,59.3,72.6,16.87,22.37,2.34,1.09,15.3,3.9,8.59
2021-02-08,132.6,8.59,20.5,25.1,17.0,70.8,188.0,191.9,191.9,205.2,48.43,56.22,5.53,2.34,40.1,15.3,10.22
2021-02-09,0.0,10.22,21.9,27.4,18.5,69.8,172.7,191.9,191.9,197.3,153.87,169.94,8.59,5.53,132.6,40.1,9.72
2021-02-10,0.0,9.72,23.4,29.0,18.8,65.0,132.6,191.9,191.9,197.3,130.79,152.95,10.22,8.59,0.0,132.6,8.23
2021-02-11,0.0,8.23,23.2,28.9,18.9,76.8,0.0,191.9,191.9,197.3,111.17,137.65,9.72,10.22,0.0,0.0,7.22
2021-02-12,13.8,7.22,22.5,25.8,20.0,77.5,13.8,201.8,205.7,211.1,94.5,123.89,8.23,9.72,0.0,0.0,6.46
2021-02-13,1.2,6.46,23.5,27.2,20.2,68.0,15.0,187.7,206.9,212.3,92.05,123.92,7.22,8.23,13.8,0.0,5.31
2021-02-14,33.5,5.31,22.2,27.1,19.4,80.8,48.5,181.1,240.4,245.8,79.26,112.61,6.46,7.22,1.2,13.8,4.75
2021-02-15,1.8,4.75,23.9,28.7,20.5,71.8,36.5,50.3,242.2,247.6,95.85,131.5,5.31,6.46,33.5,1.2,4.25
2021-02-16,2.6,4.25,24.5,29.8,20.4,70.8,37.9,52.9,244.8,250.2,83.0,119.97,4.75,5.31,1.8,33.5,3.84
2021-02-17,39.0,3.84,22.9,28.6,19.2,76.3,43.4,91.9,283.8,289.2,72.76,110.31,4.25,4.75,2.6,1.8,3.72
2021-02-18,2.8,3.72,22.7,27.9,20.3,84.3,44.4,94.7,286.6,292.0,95.0,134.38,3.84,4.25,39.0,2.6,5.34
2021-02-19,23.9,5.34,22.7,27.2,20.9,85.5,65.7,104.8,306.6,315.9,83.13,123.46,3.72,3.84,2.8,39.0,6.91
2021-02-20,37.0,6.91,23.7,28.7,20.9,79.0,63.7,140.6,328.3,352.9,90.97,132.62,5.34,3.72,23.9,2.8,7.81
2021-02-21,0.1,7.81,22.9,29.2,20.1,75.8,61.0,107.2,288.3,353.0,108.78,152.66,6.91,5.34,37.0,23.9,8.31
2021-02-22,80.7,8.31,22.6,29.4,18.6,72.3,117.8,186.1,236.4,428.3,92.55,137.49,7.81,6.91,0.1,37.0,9.69
2021-02-23,6.9,9.69,22.7,29.8,18.5,70.0,87.7,190.4,243.3,435.2,147.26,196.37,8.31,7.81,80.7,0.1,8.46
2021-02-24,0.0,8.46,24.3,29.8,19.4,58.8,87.6,151.4,243.3,435.2,131.04,182.94,9.69,8.31,6.9,80.7,6.78
2021-02-25,0.0,6.78,24.7,30.6,19.6,59.8,6.9,148.6,243.3,435.2,111.38,164.65,8.46,9.69,0.0,6.9,5.75
2021-02-26,0.0,5.75,22.1,26.0,20.1,85.3,0.0,124.7,229.5,435.2,94.67,148.18,6.78,8.46,0.0,0.0,6.03
2021-02-27,6.5,6.03,21.4,24.3,19.6,72.3,6.5,94.2,234.8,441.7,80.47,133.36,5.75,6.78,0.0,0.0,4.97
2021-02-28,1.3,4.97,21.4,24.7,18.5,70.3,7.8,95.4,202.6,443.0,73.93,125.88,6.03,5.75,6.5,0.0,3.81
2021-03-01,0.0,3.81,22.3,27.4,19.2,62.5,7.8,14.7,200.8,443.0,63.94,114.46,4.97,6.03,1.3,6.5,2.94
2021-03-02,0.0,2.94,22.1,25.3,19.5,65.8,1.3,7.8,198.2,443.0,54.35,103.01,3.81,4.97,0.0,1.3,2.25
2021-03-03,0.0,2.25,24.1,29.7,19.7,56.8,0.0,7.8,159.2,443.0,46.2,92.71,2.94,3.81,0.0,0.0,1.72
2021-03-04,0.0,1.72,24.2,29.6,19.4,53.0,0.0,7.8,156.4,443.0,39.27,83.44,2.25,2.94,0.0,0.0,1.4
2021-03-05,0.0,1.4,25.7,30.8,20.4,52.8,0.0,7.8,132.5,443.0,33.38,75.1,1.72,2.25,0.0,0.0,1.22
2021-03-06,6.9,1.22,22.9,29.4,20.5,77.8,6.9,8.2,102.4,449.9,28.37,67.59,1.4,1.72,0.0,0.0,1.4
2021-03-07,15.0,1.4,22.2,26.2,18.7,73.8,21.9,21.9,117.3,461.0,29.98,67.04,1.22,1.4,6.9,0.0,2.25
2021-03-08,19.3,2.25,22.3,27.8,18.9,78.3,41.2,41.2,55.9,465.0,38.23,73.83,1.4,1.22,15.0,6.9,2.72
2021-03-09,0.0,2.72,21.8,26.8,19.7,86.0,34.3,41.2,49.0,424.9,48.9,83.82,2.25,1.4,19.3,15.0,3.0
2021-03-10,0.0,3.0,21.6,26.1,19.6,85.5,19.3,41.2,49.0,292.3,41.57,75.44,2.72,2.25,0.0,19.3,3.03
2021-03-11,0.0,3.03,23.7,29.5,19.7,73.5,0.0,41.2,49.0,292.3,35.33,67.9,3.0,2.72,0.0,0.0,2.81
2021-03-12,0.0,2.81,24.0,30.3,18.9,67.8,0.0,41.2,49.0,292.3,30.03,61.11,3.03,3.0,0.0,0.0,2.78
2021-03-13,0.0,2.78,24.6,29.7,20.8,64.0,0.0,34.3,42.5,292.3,25.53,55.0,2.81,3.03,0.0,0.0,2.44
2021-03-14,0.0,2.44,23.5,28.0,20.4,56.8,0.0,19.3,41.2,278.5,21.7,49.5,2.78,2.81,0.0,0.0,1.88
2021-03-15,0.0,1.88,24.0,29.1,19.5,58.3,0.0,0.0,41.2,277.3,18.44,44.55,2.44,2.78,0.0,0.0,1.5
2021-03-16,0.0,1.5,24.0,29.8,19.6,61.3,0.0,0.0,41.2,243.8,15.68,40.09,1.88,2.44,0.0,0.0,1.25
2021-03-17,0.0,1.25,24.5,30.8,19.4,60.5,0.0,0.0,41.2,242.0,13.33,36.08,1.5,1.88,0.0,0.0,1.19
2021-03-18,0.0,1.19,24.4,29.5,20.0,60.8,0.0,0.0,41.2,239.4,11.33,32.47,1.25,1.5,0.0,0.0,1.19
2021-03-19,0.0,1.19,24.0,28.6,20.9,60.8,0.0,0.0,41.2,200.4,9.63,29.23,1.19,1.25,0.0,0.0,1.19
2021-03-20,0.0,1.19,23.5,28.2,20.2,54.5,0.0,0.0,34.3,197.6,8.18,26.3,1.19,1.19,0.0,0.0,1.16
2021-03-21,0.0,1.16,22.6,26.8,19.4,60.3,0.0,0.0,19.3,173.7,6.96,23.67,1.19,1.19,0.0,0.0,1.16
2021-03-22,0.0,1.16,24.7,30.0,20.1,60.5,0.0,0.0,0.0,136.7,5.91,21.31,1.16,1.19,0.0,0.0,1.16
2021-03-23,0.0,1.16,25.6,30.8,20.0,52.3,0.0,0.0,0.0,136.6,5.03,19.18,1.16,1.16,0.0,0.0,1.12
2021-03-24,0.0,1.12,25.7,31.3,21.2,55.0,0.0,0.0,0.0,55.9,4.27,17.26,1.16,1.16,0.0,0.0,1.12
2021-03-25,0.0,1.12,25.8,31.4,20.8,53.3,0.0,0.0,0.0,49.0,3.63,15.53,1.12,1.16,0.0,0.0,1.12
2021-03-26,0.0,1.12,25.7,30.6,21.4,53.5,0.0,0.0,0.0,49.0,3.09,13.98,1.12,1.12,0.0,0.0,1.12
2021-03-27,0.0,1.12,25.9,31.5,21.5,59.3,0.0,0.0,0.0,49.0,2.62,12.58,1.12,1.12,0.0,0.0,1.12
2021-03-28,0.0,1.12,24.1,31.5,20.3,67.3,0.0,0.0,0.0,49.0,2.23,11.32,1.12,1.12,0.0,0.0,1.28
2021-03-29,13.3,1.28,24.0,30.5,19.5,75.5,13.3,13.3,13.3,55.8,1.9,10.19,1.12,1.12,0.0,0.0,1.72
2021-03-30,11.8,1.72,23.3,31.3,19.5,69.8,25.1,25.1,25.1,66.3,12.92,21.14,1.28,1.12,13.3,0.0,1.69
2021-03-31,33.5,1.69,24.6,30.3,19.4,56.8,58.6,58.6,58.6,99.8,21.01,29.65,1.72,1.28,11.8,13.3,1.69
2021-04-01,0.2,1.69,24.3,30.2,19.2,54.5,45.5,58.8,58.8,100.0,46.33,56.83,1.69,1.72,33.5,11.8,1.4
2021-04-02,0.0,1.4,23.2,27.8,18.9,69.0,33.7,58.8,58.8,100.0,39.55,51.33,1.69,1.69,0.2,33.5,1.4
2021-04-03,1.8,1.4,23.4,29.0,20.5,75.8,2.0,60.6,60.6,101.8,33.62,46.2,1.4,1.69,0.0,0.2,2.03
2021-04-04,22.8,2.03,23.2,28.9,19.6,66.0,24.6,83.4,83.4,124.6,30.11,43.2,1.4,1.4,1.8,0.0,2.66
2021-04-05,1.2,2.66,22.0,26.3,18.1,61.5,25.8,71.3,84.6,118.9,44.97,59.4,2.03,1.4,22.8,1.8,2.03
2021-04-06,0.0,2.03,22.2,27.1,18.2,66.0,24.0,59.5,84.6,103.9,39.25,54.54,2.66,2.03,1.2,22.8,1.75
2021-04-07,0.0,1.75,21.6,25.9,19.3,71.3,1.2,26.0,84.6,84.6,33.36,49.08,2.03,2.66,0.0,1.2,1.78
2021-04-08,0.0,1.78,20.8,25.9,17.1,57.8,0.0,25.8,84.6,84.6,28.35,44.18,1.75,2.03,0.0,0.0,1.47
2021-04-09,0.0,1.47,21.0,25.8,17.0,53.5,0.0,25.8,84.6,84.6,24.1,39.76,1.78,1.75,0.0,0.0,1.25
2021-04-10,0.0,1.25,22.0,27.3,17.1,54.8,0.0,24.0,84.6,84.6,20.49,35.78,1.47,1.78,0.0,0.0,1.19
2021-04-11,0.0,1.19,22.3,28.9,17.1,54.0,0.0,1.2,84.6,84.6,17.41,32.2,1.25,1.47,0.0,0.0,1.16
2021-04-12,0.0,1.16,23.4,30.1,17.3,44.3,0.0,0.0,71.3,84.6,14.8,28.98,1.19,1.25,0.0,0.0,1.16
2021-04-13,0.0,1.16,22.7,28.4,18.2,57.8,0.0,0.0,59.5,84.6,12.58,26.09,1.16,1.19,0.0,0.0,1.12
2021-04-14,0.0,1.12,21.7,28.1,18.3,58.3,0.0,0.0,26.0,84.6,10.69,23.48,1.16,1.16,0.0,0.0,1.12
2021-04-15,0.0,1.12,20.9,26.7,16.1,52.5,0.0,0.0,25.8,84.6,9.09,21.13,1.12,1.16,0.0,0.0,1.12
2021-04-16,0.0,1.12,20.6,26.1,16.2,54.8,0.0,0.0,25.8,84.6,7.73,19.02,1.12,1.12,0.0,0.0,1.12
2021-04-17,0.0,1.12,21.7,27.5,17.5,50.8,0.0,0.0,24.0,84.6,6.57,17.11,1.12,1.12,0.0,0.0,1.09
2021-04-18,0.0,1.09,22.8,27.5,18.9,58.3,0.0,0.0,1.2,84.6,5.58,15.4,1.12,1.12,0.0,0.0,1.09
2021-04-19,0.0,1.09,23.3,29.2,18.4,60.5,0.0,0.0,0.0,84.6,4.74,13.86,1.09,1.12,0.0,0.0,1.09
2021-04-20,0.0,1.09,22.1,28.1,17.8,53.0,0.0,0.0,0.0,84.6,4.03,12.48,1.09,1.09,0.0,0.0,1.09
2021-04-21,0.0,1.09,22.0,28.6,16.9,47.3,0.0,0.0,0.0,84.6,3.43,11.23,1.09,1.09,0.0,0.0,1.06
2021-04-22,0.0,1.06,22.9,29.5,17.5,44.8,0.0,0.0,0.0,84.6,2.91,10.11,1.09,1.09,0.0,0.0,1.06
2021-04-23,0.0,1.06,23.0,29.9,17.5,48.3,0.0,0.0,0.0,84.6,2.48,9.1,1.06,1.09,0.0,0.0,1.06
2021-04-24,0.0,1.06,23.7,30.2,18.1,52.8,0.0,0.0,0.0,84.6,2.11,8.19,1.06,1.06,0.0,0.0,1.06
2021-04-25,0.0,1.06,24.2,30.6,19.0,48.5,0.0,0.0,0.0,84.6,1.79,7.37,1.06,1.06,0.0,0.0,1.06
2021-04-26,0.0,1.06,24.8,31.1,18.8,46.3,0.0,0.0,0.0,84.6,1.52,6.63,1.06,1.06,0.0,0.0,1.16
2021-04-27,0.0,1.16,21.7,25.1,20.0,77.8,0.0,0.0,0.0,84.6,1.29,5.97,1.06,1.06,0.0,0.0,1.28
2021-04-28,0.0,1.28,22.3,27.5,18.1,69.5,0.0,0.0,0.0,71.3,1.1,5.37,1.16,1.06,0.0,0.0,1.25
2021-04-29,0.0,1.25,21.3,27.3,17.9,63.0,0.0,0.0,0.0,59.5,0.93,4.83,1.28,1.16,0.0,0.0,1.16
2021-04-30,0.0,1.16,19.6,25.7,15.4,60.3,0.0,0.0,0.0,26.0,0.79,4.35,1.25,1.28,0.0,0.0,1.09
2021-05-01,0.0,1.09,19.3,24.8,15.3,54.8,0.0,0.0,0.0,25.8,0.67,3.92,1.16,1.25,0.0,0.0,1.06
2021-05-02,0.0,1.06,18.8,23.4,15.0,67.5,0.0,0.0,0.0,25.8,0.57,3.52,1.09,1.16,0.0,0.0,1.06
2021-05-03,0.0,1.06,20.4,26.0,14.9,63.5,0.0,0.0,0.0,24.0,0.49,3.17,1.06,1.09,0.0,0.0,1.03
2021-05-04,0.0,1.03,20.9,26.6,16.3,63.8,0.0,0.0,0.0,1.2,0.41,2.85,1.06,1.06,0.0,0.0,1.03
2021-05-05,0.0,1.03,22.1,28.6,16.2,50.3,0.0,0.0,0.0,0.0,0.35,2.57,1.03,1.06,0.0,0.0,1.03
2021-05-06,0.0,1.03,22.8,29.2,17.7,55.8,0.0,0.0,0.0,0.0,0.3,2.31,1.03,1.03,0.0,0.0,1.03
2021-05-07,0.0,1.03,23.2,29.8,17.0,44.0,0.0,0.0,0.0,0.0,0.25,2.08,1.03,1.03,0.0,0.0,1.0
2021-05-08,0.0,1.0,20.6,26.0,17.5,67.5,0.0,0.0,0.0,0.0,0.22,1.87,1.03,1.03,0.0,0.0,1.0
2021-05-09,0.0,1.0,20.0,25.8,15.7,62.3,0.0,0.0,0.0,0.0,0.18,1.69,1.0,1.03,0.0,0.0,1.0
2021-05-10,0.0,1.0,18.7,24.4,14.4,60.8,0.0,0.0,0.0,0.0,0.16,1.52,1.0,1.0,0.0,0.0,1.0
2021-05-11,0.0,1.0,19.7,26.2,14.1,61.5,0.0,0.0,0.0,0.0,0.13,1.37,1.0,1.0,0.0,0.0,1.0
2021-05-12,0.0,1.0,20.6,26.3,14.9,56.5,0.0,0.0,0.0,0.0,0.11,1.23,1.0,1.0,0.0,0.0,0.97
2021-05-13,0.0,0.97,20.6,25.9,16.0,63.5,0.0,0.0,0.0,0.0,0.1,1.11,1.0,1.0,0.0,0.0,0.97
2021-05-14,0.0,0.97,19.3,24.2,15.2,67.3,0.0,0.0,0.0,0.0,0.08,1.0,0.97,1.0,0.0,0.0,0.97
2021-05-15,0.0,0.97,19.5,24.7,15.6,67.0,0.0,0.0,0.0,0.0,0.07,0.9,0.97,0.97,0.0,0.0,0.97
2021-05-16,0.0,0.97,19.7,24.2,16.2,68.3,0.0,0.0,0.0,0.0,0.06,0.81,0.97,0.97,0.0,0.0,0.97
2021-05-17,1.9,0.97,20.6,26.2,16.2,59.3,1.9,1.9,1.9,1.9,0.05,0.73,0.97,0.97,0.0,0.0,0.94
2021-05-18,0.0,0.94,20.5,26.5,16.4,52.8,1.9,1.9,1.9,1.9,1.66,2.36,0.97,0.97,1.9,0.0,0.94
2021-05-19,0.0,0.94,21.3,27.9,16.2,49.3,1.9,1.9,1.9,1.9,1.41,2.13,0.94,0.97,0.0,1.9,0.94
2021-05-20,0.0,0.94,21.3,28.2,15.6,46.8,0.0,1.9,1.9,1.9,1.2,1.91,0.94,0.94,0.0,0.0,0.94
2021-05-21,0.0,0.94,21.9,28.8,16.1,43.0,0.0,1.9,1.9,1.9,1.02,1.72,0.94,0.94,0.0,0.0,0.94
2021-05-22,0.0,0.94,23.6,30.4,17.2,46.0,0.0,1.9,1.9,1.9,0.87,1.55,0.94,0.94,0.0,0.0,0.94
2021-05-23,0.0,0.94,22.5,27.6,19.2,63.3,0.0,1.9,1.9,1.9,0.74,1.4,0.94,0.94,0.0,0.0,0.91
2021-05-24,0.0,0.91,22.5,27.8,18.3,61.0,0.0,0.0,1.9,1.9,0.63,1.26,0.94,0.94,0.0,0.0,0.91
2021-05-25,0.0,0.91,22.9,29.2,17.4,52.8,0.0,0.0,1.9,1.9,0.53,1.13,0.91,0.94,0.0,0.0,0.91
2021-05-26,0.0,0.91,22.8,28.6,18.9,68.8,0.0,0.0,1.9,1.9,0.45,1.02,0.91,0.91,0.0,0.0,0.91
2021-05-27,0.0,0.91,22.9,29.2,18.3,60.3,0.0,0.0,1.9,1.9,0.38,0.92,0.91,0.91,0.0,0.0,0.91
2021-05-28,0.0,0.91,22.7,27.8,19.0,63.3,0.0,0.0,1.9,1.9,0.33,0.82,0.91,0.91,0.0,0.0,0.91
2021-05-29,0.0,0.91,23.8,29.3,18.5,58.0,0.0,0.0,1.9,1.9,0.28,0.74,0.91,0.91,0.0,0.0,0.87
2021-05-30,0.0,0.87,23.2,28.1,19.2,66.5,0.0,0.0,1.9,1.9,0.24,0.67,0.91,0.91,0.0,0.0,0.91
2021-05-31,16.9,0.91,19.6,25.7,16.6,77.3,16.9,16.9,16.9,18.8,0.2,0.6,0.87,0.91,0.0,0.0,0.91
2021-06-01,0.0,0.91,20.5,25.6,16.1,71.3,16.9,16.9,16.9,18.8,14.54,15.75,0.91,0.87,16.9,0.0,0.91
2021-06-02,0.0,0.91,21.0,27.2,17.5,70.5,16.9,16.9,16.9,18.8,12.36,14.18,0.91,0.91,0.0,16.9,0.87
2021-06-03,6.6,0.87,21.8,27.6,17.4,57.3,6.6,23.5,23.5,25.4,10.5,12.76,0.91,0.91,0.0,0.0,0.87
2021-06-04,0.0,0.87,21.1,26.1,17.1,55.3,6.6,23.5,23.5,25.4,14.54,17.42,0.87,0.91,6.6,0.0,0.87
2021-06-05,0.0,0.87,19.8,24.5,16.0,64.5,6.6,23.5,23.5,25.4,12.36,15.68,0.87,0.87,0.0,6.6,0.87
2021-06-06,0.0,0.87,20.2,24.3,16.7,68.5,0.0,23.5,23.5,25.4,10.5,14.11,0.87,0.87,0.0,0.0,0.87
2021-06-07,0.0,0.87,21.7,27.5,16.7,57.8,0.0,6.6,23.5,25.4,8.93,12.7,0.87,0.87,0.0,0.0,0.85
2021-06-08,0.0,0.85,21.5,27.3,16.8,58.3,0.0,6.6,23.5,25.4,7.59,11.43,0.87,0.87,0.0,0.0,0.85
2021-06-09,0.0,0.85,21.1,26.2,17.3,66.5,0.0,6.6,23.5,25.4,6.45,10.29,0.85,0.87,0.0,0.0,0.85
2021-06-10,0.0,0.85,20.1,24.6,16.8,64.0,0.0,0.0,23.5,25.4,5.48,9.26,0.85,0.85,0.0,0.0,0.85
2021-06-11,0.0,0.85,21.0,26.2,16.1,63.5,0.0,0.0,23.5,25.4,4.66,8.33,0.85,0.85,0.0,0.0,0.87
2021-06-12,0.0,0.87,19.9,24.9,16.8,69.8,0.0,0.0,23.5,25.4,3.96,7.5,0.85,0.85,0.0,0.0,0.85
2021-06-13,0.0,0.85,18.6,25.1,15.8,61.5,0.0,0.0,23.5,25.4,3.37,6.75,0.87,0.85,0.0,0.0,0.85
2021-06-14,0.0,0.85,18.1,23.0,15.3,64.3,0.0,0.0,6.6,25.4,2.86,6.07,0.85,0.87,0.0,0.0,0.85
2021-06-15,0.0,0.85,18.7,25.4,12.6,59.8,0.0,0.0,6.6,25.4,2.43,5.47,0.85,0.85,0.0,0.0,0.81
2021-06-16,0.0,0.81,19.8,26.5,14.1,55.5,0.0,0.0,6.6,23.5,2.07,4.92,0.85,0.85,0.0,0.0,0.81
2021-06-17,0.0,0.81,19.6,26.2,14.7,54.8,0.0,0.0,0.0,23.5,1.76,4.43,0.81,0.85,0.0,0.0,0.81
2021-06-18,0.0,0.81,18.9,24.5,14.2,58.0,0.0,0.0,0.0,23.5,1.49,3.99,0.81,0.81,0.0,0.0,0.81
2021-06-19,0.0,0.81,18.2,22.8,14.7,59.8,0.0,0.0,0.0,23.5,1.27,3.59,0.81,0.81,0.0,0.0,0.81
2021-06-20,0.0,0.81,19.6,26.7,13.1,58.5,0.0,0.0,0.0,23.5,1.08,3.23,0.81,0.81,0.0,0.0,0.78
2021-06-21,0.0,0.78,20.8,27.6,15.1,53.8,0.0,0.0,0.0,23.5,0.92,2.91,0.81,0.81,0.0,0.0,0.78
2021-06-22,0.0,0.78,20.8,27.8,15.7,61.5,0.0,0.0,0.0,23.5,0.78,2.61,0.78,0.81,0.0,0.0,0.78
2021-06-23,0.0,0.78,18.2,23.5,14.8,63.3,0.0,0.0,0.0,23.5,0.66,2.35,0.78,0.78,0.0,0.0,0.78
2021-06-24,0.0,0.78,18.9,26.3,13.2,59.3,0.0,0.0,0.0,23.5,0.56,2.12,0.78,0.78,0.0,0.0,0.78
2021-06-25,0.0,0.78,20.4,27.5,14.1,55.8,0.0,0.0,0.0,23.5,0.48,1.91,0.78,0.78,0.0,0.0,0.78
2021-06-26,0.0,0.78,19.0,24.5,14.5,57.0,0.0,0.0,0.0,23.5,0.41,1.72,0.78,0.78,0.0,0.0,0.75
2021-06-27,0.0,0.75,17.9,24.2,13.4,57.8,0.0,0.0,0.0,23.5,0.35,1.54,0.78,0.78,0.0,0.0,0.75
2021-06-28,0.0,0.75,18.3,24.5,12.6,53.5,0.0,0.0,0.0,23.5,0.29,1.39,0.75,0.78,0.0,0.0,0.75
2021-06-29,0.0,0.75,19.3,25.8,13.7,51.0,0.0,0.0,0.0,23.5,0.25,1.25,0.75,0.75,0.0,0.0,0.75
2021-06-30,0.0,0.75,19.4,25.2,15.5,54.0,0.0,0.0,0.0,6.6,0.21,1.13,0.75,0.75,0.0,0.0,0.73
2021-07-01,0.0,0.73,16.9,22.3,13.2,66.5,0.0,0.0,0.0,6.6,0.18,1.01,0.75,0.75,0.0,0.0,0.73
2021-07-02,0.0,0.73,16.5,20.5,13.4,59.3,0.0,0.0,0.0,6.6,0.15,0.91,0.73,0.75,0.0,0.0,0.73
2021-07-03,0.0,0.73,17.3,23.2,12.6,48.5,0.0,0.0,0.0,0.0,0.13,0.82,0.73,0.73,0.0,0.0,0.72
2021-07-04,0.0,0.72,17.2,22.8,12.3,47.0,0.0,0.0,0.0,0.0,0.11,0.74,0.73,0.73,0.0,0.0,0.72
2021-07-05,0.0,0.72,17.3,22.6,12.7,48.5,0.0,0.0,0.0,0.0,0.09,0.66,0.72,0.73,0.0,0.0,0.72
2021-07-06,0.0,0.72,17.4,22.9,13.2,55.0,0.0,0.0,0.0,0.0,0.08,0.6,0.72,0.72,0.0,0.0,0.7
2021-07-07,0.0,0.7,17.4,22.9,13.7,54.5,0.0,0.0,0.0,0.0,0.07,0.54,0.72,0.72,0.0,0.0,0.7
2021-07-08,0.0,0.7,18.6,24.4,13.2,46.5,0.0,0.0,0.0,0.0,0.06,0.48,0.7,0.72,0.0,0.0,0.7
2021-07-09,0.0,0.7,18.3,24.3,13.9,47.0,0.0,0.0,0.0,0.0,0.05,0.44,0.7,0.7,0.0,0.0,0.7
2021-07-10,0.0,0.7,18.5,24.7,13.3,51.3,0.0,0.0,0.0,0.0,0.04,0.39,0.7,0.7,0.0,0.0,0.69
2021-07-11,0.0,0.69,18.9,24.9,13.8,47.0,0.0,0.0,0.0,0.0,0.04,0.35,0.7,0.7,0.0,0.0,0.69
2021-07-12,0.0,0.69,18.5,24.2,14.6,50.5,0.0,0.0,0.0,0.0,0.03,0.32,0.69,0.7,0.0,0.0,0.69
2021-07-13,0.0,0.69,21.3,25.3,15.5,42.0,0.0,0.0,0.0,0.0,0.03,0.29,0.69,0.69,0.0,0.0,0.67
2021-07-14,0.0,0.67,19.8,25.7,15.6,54.3,0.0,0.0,0.0,0.0,0.02,0.26,0.69,0.69,0.0,0.0,0.67
2021-07-15,0.0,0.67,20.5,25.5,15.0,52.5,0.0,0.0,0.0,0.0,0.02,0.23,0.67,0.69,0.0,0.0,0.67
2021-07-16,0.0,0.67,21.6,28.1,15.7,47.5,0.0,0.0,0.0,0.0,0.02,0.21,0.67,0.67,0.0,0.0,0.66
2021-07-17,0.0,0.66,21.9,28.9,17.3,46.5,0.0,0.0,0.0,0.0,0.01,0.19,0.67,0.67,0.0,0.0,0.66
2021-07-18,0.0,0.66,23.8,29.6,17.6,41.0,0.0,0.0,0.0,0.0,0.01,0.17,0.66,0.67,0.0,0.0,0.66
2021-07-19,0.0,0.66,20.8,27.7,17.8,26.0,0.0,0.0,0.0,0.0,0.01,0.15,0.66,0.66,0.0,0.0,0.64
2021-07-20,0.0,0.64,18.2,24.3,12.8,37.0,0.0,0.0,0.0,0.0,0.01,0.14,0.66,0.66,0.0,0.0,0.64
2021-07-21,0.0,0.64,19.8,27.5,15.3,58.5,0.0,0.0,0.0,0.0,0.01,0.12,0.64,0.66,0.0,0.0,0.64
2021-07-22,0.0,0.64,18.5,23.4,15.3,55.3,0.0,0.0,0.0,0.0,0.01,0.11,0.64,0.64,0.0,0.0,0.64
2021-07-23,0.0,0.64,17.8,23.2,14.0,53.0,0.0,0.0,0.0,0.0,0.01,0.1,0.64,0.64,0.0,0.0,0.63
2021-07-24,0.0,0.63,17.8,23.9,13.4,54.3,0.0,0.0,0.0,0.0,0.0,0.09,0.64,0.64,0.0,0.0,0.63
2021-07-25,0.0,0.63,18.2,24.0,14.0,54.8,0.0,0.0,0.0,0.0,0.0,0.08,0.63,0.64,0.0,0.0,0.63
2021-07-26,0.0,0.63,18.9,25.3,13.7,51.3,0.0,0.0,0.0,0.0,0.0,0.07,0.63,0.63,0.0,0.0,0.61
2021-07-27,0.0,0.61,19.9,26.9,14.3,46.5,0.0,0.0,0.0,0.0,0.0,0.07,0.63,0.63,0.0,0.0,0.61
2021-07-28,0.0,0.61,23.1,28.6,15.6,34.5,0.0,0.0,0.0,0.0,0.0,0.06,0.61,0.63,0.0,0.0,0.61
2021-07-29,0.0,0.61,17.4,24.9,13.3,33.3,0.0,0.0,0.0,0.0,0.0,0.05,0.61,0.61,0.0,0.0,0.59
2021-07-30,0.0,0.59,16.1,23.8,11.1,52.0,0.0,0.0,0.0,0.0,0.0,0.05,0.61,0.61,0.0,0.0,0.58
2021-07-31,0.0,0.58,15.3,20.5,10.8,51.8,0.0,0.0,0.0,0.0,0.0,0.04,0.59,0.61,0.0,0.0,0.56
2021-08-01,0.0,0.56,15.1,20.2,12.2,58.3,0.0,0.0,0.0,0.0,0.0,0.04,0.58,0.59,0.0,0.0,0.56
2021-08-02,0.0,0.56,17.7,24.2,12.6,48.3,0.0,0.0,0.0,0.0,0.0,0.03,0.56,0.58,0.0,0.0,0.56
2021-08-03,0.0,0.56,19.3,25.8,13.4,49.8,0.0,0.0,0.0,0.0,0.0,0.03,0.56,0.56,0.0,0.0,0.56
2021-08-04,0.0,0.56,17.6,22.4,14.3,58.5,0.0,0.0,0.0,0.0,0.0,0.03,0.56,0.56,0.0,0.0,0.55
2021-08-05,0.0,0.55,18.1,22.7,13.2,51.5,0.0,0.0,0.0,0.0,0.0,0.03,0.56,0.56,0.0,0.0,0.55
2021-08-06,0.0,0.55,17.8,22.7,14.8,54.3,0.0,0.0,0.0,0.0,0.0,0.02,0.55,0.56,0.0,0.0,0.55
2021-08-07,0.0,0.55,16.7,21.2,13.9,58.5,0.0,0.0,0.0,0.0,0.0,0.02,0.55,0.55,0.0,0.0,0.55
2021-08-08,0.0,0.55,17.7,22.9,14.4,63.3,0.0,0.0,0.0,0.0,0.0,0.02,0.55,0.55,0.0,0.0,0.53
2021-08-09,0.0,0.53,19.5,25.8,15.3,59.5,0.0,0.0,0.0,0.0,0.0,0.02,0.55,0.55,0.0,0.0,0.53
2021-08-10,0.0,0.53,20.5,27.6,15.2,52.8,0.0,0.0,0.0,0.0,0.0,0.01,0.53,0.55,0.0,0.0,0.53
2021-08-11,0.0,0.53,22.5,30.2,15.3,43.5,0.0,0.0,0.0,0.0,0.0,0.01,0.53,0.53,0.0,0.0,0.53
2021-08-12,0.0,0.53,20.2,24.5,17.4,54.8,0.0,0.0,0.0,0.0,0.0,0.01,0.53,0.53,0.0,0.0,0.52
2021-08-13,0.0,0.52,19.5,24.9,16.1,60.0,0.0,0.0,0.0,0.0,0.0,0.01,0.53,0.53,0.0,0.0,0.52
2021-08-14,0.0,0.52,21.8,28.3,17.1,54.0,0.0,0.0,0.0,0.0,0.0,0.01,0.52,0.53,0.0,0.0,0.52
2021-08-15,0.0,0.52,22.6,28.3,17.3,49.3,0.0,0.0,0.0,0.0,0.0,0.01,0.52,0.52,0.0,0.0,0.52
2021-08-16,0.0,0.52,21.6,26.9,18.6,57.8,0.0,0.0,0.0,0.0,0.0,0.01,0.52,0.52,0.0,0.0,0.52
2021-08-17,7.1,0.52,21.5,28.1,15.3,61.3,7.1,7.1,7.1,7.1,0.0,0.01,0.52,0.52,0.0,0.0,0.52
2021-08-18,0.0,0.52,20.9,25.3,18.6,55.8,7.1,7.1,7.1,7.1,6.04,6.4,0.52,0.52,7.1,0.0,0.5
2021-08-19,0.0,0.5,20.2,26.1,16.2,52.0,7.1,7.1,7.1,7.1,5.13,5.76,0.52,0.52,0.0,7.1,0.5
2021-08-20,0.0,0.5,20.9,27.7,15.9,44.3,0.0,7.1,7.1,7.1,4.36,5.18,0.5,0.52,0.0,0.0,0.5
2021-08-21,0.0,0.5,21.4,28.2,16.6,43.3,0.0,7.1,7.1,7.1,3.71,4.66,0.5,0.5,0.0,0.0,0.49
2021-08-22,0.0,0.49,21.1,26.5,17.0,47.0,0.0,7.1,7.1,7.1,3.15,4.2,0.5,0.5,0.0,0.0,0.49
2021-08-23,0.0,0.49,21.9,28.8,15.9,44.3,0.0,7.1,7.1,7.1,2.68,3.78,0.49,0.5,0.0,0.0,0.49
2021-08-24,0.0,0.49,22.5,29.2,17.4,41.8,0.0,0.0,7.1,7.1,2.28,3.4,0.49,0.49,0.0,0.0,0.48
2021-08-25,0.0,0.48,22.6,28.7,18.5,35.3,0.0,0.0,7.1,7.1,1.93,3.06,0.49,0.49,0.0,0.0,0.47
2021-08-26,0.0,0.47,22.0,28.0,17.0,48.8,0.0,0.0,7.1,7.1,1.64,2.75,0.48,0.49,0.0,0.0,0.47
2021-08-27,0.0,0.47,22.4,27.1,19.2,50.5,0.0,0.0,7.1,7.1,1.4,2.48,0.47,0.48,0.0,0.0,0.46
2021-08-28,0.0,0.46,20.7,26.0,17.4,53.8,0.0,0.0,7.1,7.1,1.19,2.23,0.47,0.47,0.0,0.0,0.47
2021-08-29,0.0,0.47,20.9,26.4,17.0,52.5,0.0,0.0,7.1,7.1,1.01,2.01,0.46,0.47,0.0,0.0,0.45
2021-08-30,0.0,0.45,20.6,27.1,16.4,47.8,0.0,0.0,7.1,7.1,0.86,1.81,0.47,0.46,0.0,0.0,0.45
2021-08-31,0.0,0.45,19.0,23.0,15.8,60.5,0.0,0.0,0.0,7.1,0.73,1.63,0.45,0.47,0.0,0.0,0.48
2021-09-01,0.0,0.48,19.5,25.9,15.1,59.5,0.0,0.0,0.0,7.1,0.62,1.46,0.45,0.45,0.0,0.0,0.49
2021-09-02,0.0,0.49,19.9,24.8,16.5,61.5,0.0,0.0,0.0,7.1,0.53,1.32,0.48,0.45,0.0,0.0,0.48
2021-09-03,0.0,0.48,21.7,28.6,16.4,54.0,0.0,0.0,0.0,7.1,0.45,1.19,0.49,0.48,0.0,0.0,0.46
2021-09-04,0.0,0.46,23.7,30.6,16.7,42.3,0.0,0.0,0.0,7.1,0.38,1.07,0.48,0.49,0.0,0.0,0.45
2021-09-05,0.0,0.45,24.4,33.2,14.5,85.3,0.0,0.0,0.0,7.1,0.32,0.96,0.46,0.48,0.0,0.0,0.45
2021-09-06,0.0,0.45,26.9,34.4,20.1,35.0,0.0,0.0,0.0,7.1,0.28,0.86,0.45,0.46,0.0,0.0,0.44
2021-09-07,0.0,0.44,24.6,31.5,19.7,54.3,0.0,0.0,0.0,7.1,0.23,0.78,0.45,0.45,0.0,0.0,0.43
2021-09-08,0.0,0.43,23.5,30.0,18.8,56.5,0.0,0.0,0.0,7.1,0.2,0.7,0.44,0.45,0.0,0.0,0.43
2021-09-09,0.0,0.43,26.0,33.6,19.8,41.8,0.0,0.0,0.0,7.1,0.17,0.63,0.43,0.44,0.0,0.0,0.42
2021-09-10,0.0,0.42,27.8,34.7,22.1,41.0,0.0,0.0,0.0,7.1,0.14,0.57,0.43,0.43,0.0,0.0,0.42
2021-09-11,0.0,0.42,26.1,32.2,22.0,48.0,0.0,0.0,0.0,7.1,0.12,0.51,0.42,0.43,0.0,0.0,0.41
2021-09-12,0.0,0.41,24.9,30.2,21.0,49.3,0.0,0.0,0.0,7.1,0.1,0.46,0.42,0.42,0.0,0.0,0.41
2021-09-13,0.0,0.41,26.7,34.0,21.6,34.5,0.0,0.0,0.0,7.1,0.09,0.41,0.41,0.42,0.0,0.0,0.41
2021-09-14,0.0,0.41,26.7,33.3,21.1,37.8,0.0,0.0,0.0,7.1,0.07,0.37,0.41,0.41,0.0,0.0,0.4
2021-09-15,0.0,0.4,28.8,35.7,21.7,30.5,0.0,0.0,0.0,7.1,0.06,0.33,0.41,0.41,0.0,0.0,0.4
2021-09-16,0.0,0.4,24.8,29.4,22.1,54.3,0.0,0.0,0.0,0.0,0.05,0.3,0.4,0.41,0.0,0.0,0.39
2021-09-17,0.0,0.39,23.3,27.7,20.1,56.3,0.0,0.0,0.0,0.0,0.05,0.27,0.4,0.4,0.0,0.0,0.37
2021-09-18,0.0,0.37,25.2,32.6,19.6,36.8,0.0,0.0,0.0,0.0,0.04,0.24,0.39,0.4,0.0,0.0,0.36
2021-09-19,0.0,0.36,28.3,34.9,20.8,33.3,0.0,0.0,0.0,0.0,0.03,0.22,0.37,0.39,0.0,0.0,0.36
2021-09-20,0.0,0.36,25.3,31.1,22.3,55.5,0.0,0.0,0.0,0.0,0.03,0.2,0.36,0.37,0.0,0.0,0.36
2021-09-21,0.0,0.36,27.6,36.0,20.0,40.8,0.0,0.0,0.0,0.0,0.02,0.18,0.36,0.36,0.0,0.0,0.35
2021-09-22,0.0,0.35,21.6,28.9,19.2,51.8,0.0,0.0,0.0,0.0,0.02,0.16,0.36,0.36,0.0,0.0,0.35
2021-09-23,0.0,0.35,18.8,25.2,14.7,60.0,0.0,0.0,0.0,0.0,0.02,0.14,0.35,0.36,0.0,0.0,0.34
2021-09-24,0.0,0.34,21.5,28.4,15.2,52.5,0.0,0.0,0.0,0.0,0.01,0.13,0.35,0.35,0.0,0.0,0.34
2021-09-25,0.0,0.34,21.4,27.3,16.9,57.3,0.0,0.0,0.0,0.0,0.01,0.12,0.34,0.35,0.0,0.0,0.35
2021-09-26,3.9,0.35,23.7,30.7,18.8,50.0,3.9,3.9,3.9,3.9,0.01,0.11,0.34,0.34,0.0,0.0,0.34
2021-09-27,0.0,0.34,23.0,30.5,19.8,59.5,3.9,3.9,3.9,3.9,3.32,3.6,0.35,0.34,3.9,0.0,0.34
2021-09-28,2.2,0.34,24.4,31.5,19.6,51.3,6.1,6.1,6.1,6.1,2.83,3.24,0.34,0.35,0.0,3.9,0.33
2021-09-29,0.0,0.33,23.9,33.2,20.2,62.0,2.2,6.1,6.1,6.1,4.27,4.9,0.34,0.34,2.2,0.0,0.31
2021-09-30,9.2,0.31,25.4,32.1,19.5,53.5,11.4,15.3,15.3,15.3,3.63,4.41,0.33,0.34,0.0,2.2,0.29
2021-10-01,0.3,0.29,26.7,33.5,20.4,48.5,9.5,15.6,15.6,15.6,10.91,12.25,0.31,0.33,9.2,0.0,0.41
2021-10-02,14.7,0.41,23.1,32.5,16.5,71.0,24.2,30.3,30.3,30.3,9.53,11.29,0.29,0.31,0.3,9.2,0.55
2021-10-03,2.8,0.55,25.3,32.0,19.7,60.0,17.8,29.2,33.1,33.1,20.59,23.39,0.41,0.29,14.7,0.3,0.45
2021-10-04,0.3,0.45,27.3,34.1,22.2,48.0,17.8,29.5,33.4,33.4,19.88,23.58,0.55,0.41,2.8,14.7,0.63
2021-10-05,1.8,0.63,26.2,33.1,22.0,60.8,4.9,29.1,35.2,35.2,17.16,21.49,0.45,0.55,0.3,2.8,0.52
2021-10-06,0.0,0.52,24.5,30.1,21.1,64.0,2.1,29.1,35.2,35.2,16.11,20.96,0.63,0.45,1.8,0.3,0.65
2021-10-07,0.0,0.65,21.8,25.1,18.8,70.3,1.8,19.9,35.2,35.2,13.7,18.86,0.52,0.63,0.0,1.8,0.56
2021-10-08,0.0,0.56,21.6,26.4,18.8,73.3,0.0,19.6,35.2,35.2,11.64,16.98,0.65,0.52,0.0,0.0,0.63
2021-10-09,0.8,0.63,20.9,25.2,19.2,74.5,0.8,5.7,36.0,36.0,9.89,15.28,0.56,0.65,0.0,0.0,1.4
2021-10-10,14.3,1.4,19.0,22.2,17.0,83.3,15.1,17.2,46.4,50.3,9.09,14.47,0.63,0.56,0.8,0.0,3.26
2021-10-11,17.8,3.26,17.7,19.8,16.5,91.3,32.9,34.7,64.2,68.1,19.88,25.89,1.4,0.63,14.3,0.8,3.73
2021-10-12,37.2,3.73,20.0,25.5,16.0,70.3,69.3,70.1,99.2,105.3,32.03,39.32,3.26,1.4,17.8,14.3,2.71
2021-10-13,0.3,2.71,23.1,29.0,18.2,58.0,55.3,70.4,99.5,105.6,58.85,68.87,3.73,3.26,37.2,17.8,1.73
2021-10-14,0.0,1.73,24.9,29.9,19.1,59.0,37.5,70.4,90.3,105.6,50.27,62.25,2.71,3.73,0.3,37.2,1.12
2021-10-15,0.0,1.12,24.3,29.4,19.4,62.8,0.3,70.4,90.0,105.6,42.73,56.03,1.73,2.71,0.0,0.3,0.77
2021-10-16,0.0,0.77,24.4,29.6,21.2,65.8,0.0,69.6,75.3,105.6,36.32,50.43,1.12,1.73,0.0,0.0,1.07
2021-10-17,3.1,1.07,23.7,30.1,20.8,76.0,3.1,58.4,75.6,108.7,30.87,45.38,0.77,1.12,0.0,0.0,1.86
2021-10-18,0.5,1.86,21.5,28.6,19.0,84.8,3.6,41.1,75.8,109.2,28.88,43.64,1.07,0.77,3.1,0.0,2.87
2021-10-19,119.2,2.87,20.6,24.9,18.5,88.5,122.8,123.1,193.2,228.4,24.97,39.72,1.86,1.07,0.5,3.1,3.6
2021-10-20,17.8,3.6,17.6,20.3,15.4,85.5,137.5,140.6,211.0,246.2,122.55,143.03,2.87,1.86,119.2,0.5,3.34
2021-10-21,13.9,3.34,18.6,23.9,14.4,76.5,150.9,154.5,224.9,260.1,119.29,144.75,3.6,2.87,17.8,119.2,2.33
2021-10-22,0.0,2.33,22.1,29.3,16.5,64.0,31.7,154.5,224.9,260.1,113.21,142.78,3.34,3.6,13.9,17.8,1.55
2021-10-23,0.0,1.55,23.7,29.6,18.0,56.5,13.9,154.5,224.1,260.1,96.23,128.5,2.33,3.34,0.0,13.9,1.08
2021-10-24,0.0,1.08,23.0,28.3,19.8,73.8,0.0,151.4,209.8,260.1,81.8,115.65,1.55,2.33,0.0,0.0,0.84
2021-10-25,0.0,0.84,23.2,29.1,20.2,70.5,0.0,150.9,192.0,260.1,69.53,104.09,1.08,1.55,0.0,0.0,0.69
2021-10-26,0.0,0.69,23.5,28.6,20.0,73.5,0.0,31.7,154.8,256.2,59.1,93.68,0.84,1.08,0.0,0.0,0.58
2021-10-27,0.0,0.58,24.4,29.4,20.5,54.3,0.0,13.9,154.5,256.2,50.23,84.31,0.69,0.84,0.0,0.0,0.52
2021-10-28,0.0,0.52,24.2,28.7,20.4,47.5,0.0,0.0,154.5,254.0,42.7,75.88,0.58,0.69,0.0,0.0,0.5
2021-10-29,0.0,0.5,22.6,26.7,19.4,56.3,0.0,0.0,154.5,254.0,36.29,68.29,0.52,0.58,0.0,0.0,0.56
2021-10-30,0.0,0.56,22.9,28.2,19.2,66.3,0.0,0.0,154.5,244.8,30.85,61.46,0.5,0.52,0.0,0.0,0.77
2021-10-31,0.0,0.77,21.5,24.5,19.6,72.3,0.0,0.0,151.4,244.5,26.22,55.32,0.56,0.5,0.0,0.0,2.8
2021-11-01,27.8,2.8,20.0,24.1,18.4,89.8,27.8,27.8,178.7,257.6,22.29,49.79,0.77,0.56,0.0,0.0,5.08
2021-11-02,69.3,5.08,22.0,28.1,16.9,70.0,97.1,97.1,128.8,324.1,42.58,69.83,2.8,0.77,27.8,0.0,4.04
2021-11-03,0.0,4.04,24.0,29.6,18.2,60.3,97.1,97.1,111.0,323.8,95.09,125.21,5.08,2.8,69.3,27.8,2.87
2021-11-04,0.0,2.87,25.1,31.3,20.3,60.0,69.3,97.1,97.1,322.0,80.83,112.69,4.04,5.08,0.0,69.3,2.01
2021-11-05,0.0,2.01,24.9,31.0,19.7,59.8,0.0,97.1,97.1,322.0,68.71,101.42,2.87,4.04,0.0,0.0,1.31
2021-11-06,0.0,1.31,25.8,32.7,20.3,56.5,0.0,97.1,97.1,322.0,58.4,91.28,2.01,2.87,0.0,0.0,1.21
2021-11-07,0.0,1.21,23.0,28.5,20.2,75.5,0.0,97.1,97.1,322.0,49.64,82.15,1.31,2.01,0.0,0.0,1.82
2021-11-08,27.5,1.82,22.4,28.6,19.4,78.5,27.5,96.8,124.6,348.7,42.19,73.94,1.21,1.31,0.0,0.0,2.03
2021-11-09,2.4,2.03,23.6,29.8,19.3,65.0,29.9,29.9,127.0,336.8,59.24,91.29,1.82,1.21,27.5,0.0,2.43
2021-11-10,3.6,2.43,23.9,28.8,21.0,70.3,33.5,33.5,130.6,322.6,52.39,84.32,2.03,1.82,2.4,27.5,3.72
2021-11-11,17.4,3.72,19.6,23.8,18.0,93.8,23.4,50.9,148.0,302.8,47.59,79.13,2.43,2.03,3.6,2.4,5.7
2021-11-12,29.5,5.7,17.9,21.3,15.8,80.3,50.5,80.4,177.5,332.0,55.25,86.88,3.72,2.43,17.4,3.6,6.78
2021-11-13,13.2,6.78,17.9,21.8,14.2,72.3,60.1,93.6,190.7,345.2,72.03,104.74,5.7,3.72,29.5,17.4,5.25
2021-11-14,0.0,5.25,19.5,25.0,15.1,66.5,42.7,93.6,190.7,345.2,72.45,106.15,6.78,5.7,13.2,29.5,4.04
2021-11-15,0.0,4.04,20.2,26.1,15.8,60.3,13.2,66.1,162.9,345.2,61.58,95.53,5.25,6.78,0.0,13.2,2.98
2021-11-16,0.0,2.98,21.7,27.3,16.7,57.8,0.0,63.7,93.6,342.1,52.34,85.98,4.04,5.25,0.0,0.0,2.09
2021-11-17,0.0,2.09,23.5,28.9,18.3,58.0,0.0,60.1,93.6,341.6,44.49,77.38,2.98,4.04,0.0,0.0,1.5
2021-11-18,0.0,1.5,23.1,28.1,19.5,73.0,0.0,42.7,93.6,222.4,37.82,69.64,2.09,2.98,0.0,0.0,1.47
2021-11-19,13.6,1.47,22.5,25.5,19.0,80.0,13.6,26.8,107.2,218.2,32.15,62.68,1.5,2.09,0.0,0.0,2.88
2021-11-20,30.6,2.88,21.0,24.7,19.2,87.8,44.2,44.2,137.8,234.9,38.88,68.65,1.47,1.5,13.6,0.0,5.04
2021-11-21,12.2,5.04,20.0,22.7,17.8,85.8,56.4,56.4,150.0,247.1,59.06,89.33,2.88,1.47,30.6,13.6,5.03
2021-11-22,0.3,5.03,22.7,29.3,17.7,69.8,43.1,56.7,122.8,247.4,60.57,91.37,5.04,2.88,12.2,30.6,3.89
2021-11-23,0.0,3.89,24.7,31.8,17.6,50.5,12.5,56.7,120.4,247.4,51.74,82.51,5.03,5.04,0.3,12.2,2.79
2021-11-24,0.0,2.79,25.8,31.0,20.4,46.0,0.3,56.7,116.8,247.4,43.98,74.26,3.89,5.03,0.0,0.3,1.88
2021-11-25,0.0,1.88,24.9,29.7,20.9,54.5,0.0,56.7,99.4,247.4,37.38,66.83,2.79,3.89,0.0,0.0,1.32
2021-11-26,0.0,1.32,25.1,30.4,20.2,55.3,0.0,43.1,69.9,247.4,31.78,60.15,1.88,2.79,0.0,0.0,1.94
2021-11-27,25.6,1.94,21.2,25.8,18.7,82.8,25.6,38.1,82.3,273.0,27.01,54.13,1.32,1.88,0.0,0.0,3.94
2021-11-28,0.5,3.94,22.4,28.3,17.9,73.0,26.1,26.4,82.8,273.5,44.72,71.76,1.94,1.32,25.6,0.0,3.35
2021-11-29,0.0,3.35,24.3,31.0,18.4,57.0,26.1,26.1,82.8,273.5,38.44,65.03,3.94,1.94,0.5,25.6,2.66
2021-11-30,0.0,2.66,23.0,28.7,19.7,80.3,0.5,26.1,82.8,273.5,32.67,58.53,3.35,3.94,0.0,0.5,2.73
2021-12-01,14.5,2.73,22.9,28.4,18.9,81.8,14.5,40.6,97.3,260.2,27.77,52.68,2.66,3.35,0.0,0.0,2.87
2021-12-02,15.6,2.87,24.4,31.6,19.4,56.0,30.1,56.2,112.9,206.5,35.93,60.46,2.73,2.66,14.5,0.0,2.42
2021-12-03,25.6,2.42,22.7,29.1,19.3,71.8,55.7,81.8,124.9,232.1,43.8,68.45,2.87,2.73,15.6,14.5,2.21
2021-12-04,26.8,2.21,22.0,27.5,18.1,91.3,68.0,83.0,121.1,258.9,58.99,84.65,2.42,2.87,25.6,15.6,1.7
2021-12-05,0.0,1.7,23.9,28.8,18.6,55.5,52.4,82.5,108.9,258.9,72.92,100.3,2.21,2.42,26.8,25.6,1.9
2021-12-06,19.8,1.9,19.2,24.5,17.0,94.0,46.6,102.3,128.4,278.7,61.98,90.27,1.7,2.21,0.0,26.8,4.69
2021-12-07,46.3,4.69,20.2,24.5,16.8,84.8,66.1,148.6,174.7,325.0,69.52,99.07,1.9,1.7,19.8,0.0,7.15
2021-12-08,14.9,7.15,17.6,20.0,15.3,82.0,81.0,149.0,189.6,312.4,98.44,130.83,4.69,1.9,46.3,19.8,5.97
2021-12-09,6.5,5.97,21.7,28.8,14.6,63.8,67.7,139.9,196.1,316.5,96.34,131.16,7.15,4.69,14.9,46.3,4.68
2021-12-10,0.0,4.68,24.1,30.6,18.0,55.8,21.4,114.3,196.1,312.9,87.42,123.89,5.97,7.15,6.5,14.9,3.58
2021-12-11,0.0,3.58,25.0,31.2,19.2,57.0,6.5,87.5,170.5,295.5,74.3,111.5,4.68,5.97,0.0,6.5,2.86
2021-12-12,0.0,2.86,24.7,29.6,21.2,64.8,0.0,87.5,170.0,266.0,63.16,100.35,3.58,4.68,0.0,0.0,3.02
2021-12-13,39.8,3.02,23.1,27.9,19.7,77.3,39.8,107.5,209.8,292.6,53.68,90.32,2.86,3.58,0.0,0.0,2.98
2021-12-14,14.6,2.98,23.0,28.2,19.6,75.8,54.4,75.8,224.4,307.2,79.46,117.1,3.02,2.86,39.8,0.0,4.05
2021-12-15,34.8,4.05,21.7,25.5,19.7,92.3,89.2,95.7,244.7,342.0,79.95,118.53,2.98,3.02,14.6,39.8,6.41
2021-12-16,4.9,6.41,24.0,28.7,19.7,74.8,54.3,94.1,234.0,346.9,97.54,138.0,4.05,2.98,34.8,14.6,7.81
2021-12-17,0.8,7.81,21.3,23.7,20.5,89.8,40.5,94.9,209.2,347.7,87.07,128.61,6.41,4.05,4.9,34.8,10.12
2021-12-18,2.9,10.12,23.9,29.8,19.3,64.8,8.6,97.8,185.3,350.6,74.69,116.47,7.81,6.41,0.8,4.9,10.89
2021-12-19,6.8,10.89,21.9,25.8,18.5,68.8,10.5,104.6,192.1,343.8,65.95,107.43,10.12,7.81,2.9,0.8,8.98
2021-12-20,0.0,8.98,20.9,25.6,17.2,91.5,9.7,64.8,172.3,313.2,61.84,102.81,10.89,10.12,6.8,2.9,7.28
2021-12-21,0.0,7.28,22.8,27.5,18.5,67.5,6.8,50.2,126.0,301.0,52.56,92.53,8.98,10.89,0.0,6.8,6.01
2021-12-22,0.0,6.01,24.9,31.0,18.4,57.3,0.0,15.4,111.1,300.7,44.68,83.28,7.28,8.98,0.0,0.0,5.68
2021-12-23,0.0,5.68,23.0,30.1,19.2,78.8,0.0,10.5,104.6,300.7,37.98,74.95,6.01,7.28,0.0,0.0,7.45
2021-12-24,36.6,7.45,21.0,25.4,17.3,65.8,36.6,46.3,141.2,337.3,32.28,67.45,5.68,6.01,0.0,0.0,6.05
2021-12-25,0.0,6.05,21.7,26.9,17.8,65.3,36.6,43.4,141.2,337.3,58.55,93.65,7.45,5.68,36.6,0.0,4.86
2021-12-26,0.0,4.86,23.1,29.6,18.0,56.0,36.6,36.6,141.2,337.3,49.77,84.28,6.05,7.45,0.0,36.6,3.81
2021-12-27,0.0,3.81,24.9,31.2,18.6,53.3,0.0,36.6,101.4,311.7,42.3,75.85,4.86,6.05,0.0,0.0,2.98
2021-12-28,0.0,2.98,22.7,31.4,18.2,72.5,0.0,36.6,86.8,311.2,35.96,68.27,3.81,4.86,0.0,0.0,3.75
2021-12-29,65.2,3.75,22.7,27.6,18.2,73.8,65.2,101.8,117.2,376.4,30.56,61.44,2.98,3.81,0.0,0.0,6.03
2021-12-30,5.8,6.03,20.8,23.7,19.0,88.8,71.0,107.6,118.1,382.2,81.4,113.98,3.75,2.98,65.2,0.0,7.41
2021-12-31,29.0,7.41,19.4,21.7,16.4,91.3,100.0,100.0,146.3,396.7,74.12,107.8,6.03,3.75,5.8,65.2,8.44
2022-01-01,12.6,8.44,20.1,23.2,18.2,96.3,47.4,112.6,156.0,393.7,87.65,123.12,7.41,6.03,29.0,5.8,11.88
2022-01-02,14.5,11.88,21.8,27.2,17.8,82.0,56.1,127.1,163.7,382.6,85.21,122.15,8.44,7.41,12.6,29.0,15.33
2022-01-03,2.3,15.33,22.2,26.1,18.7,83.3,29.4,129.4,166.0,358.1,84.76,122.98,11.88,8.44,14.5,12.6,14.35
2022-01-04,18.6,14.35,22.1,25.9,19.8,82.0,35.4,148.0,184.6,376.7,74.0,112.76,15.33,11.88,2.3,14.5,13.55
2022-01-05,7.9,13.55,21.8,25.0,19.2,87.0,28.8,90.7,192.5,364.8,78.71,118.22,14.35,15.33,18.6,2.3,13.0
2022-01-06,14.2,13.0,22.3,27.7,19.7,84.3,40.7,99.1,206.7,332.7,73.62,113.51,13.55,14.35,7.9,18.6,15.71
2022-01-07,17.8,15.71,21.0,23.7,19.2,94.8,39.9,87.9,187.9,335.6,74.64,114.94,13.0,13.55,14.2,7.9,26.23
2022-01-08,105.3,26.23,20.1,22.2,18.3,96.3,137.3,180.6,293.2,434.4,78.58,119.46,15.71,13.0,17.8,14.2,43.57
2022-01-09,97.8,43.57,19.8,21.8,18.1,95.3,220.9,263.9,391.0,532.2,156.3,202.29,26.23,15.71,105.3,17.8,48.55
2022-01-10,65.6,48.55,21.0,25.9,18.1,90.3,268.7,327.2,456.6,597.8,215.98,270.08,43.57,26.23,97.8,105.3,46.86
2022-01-11,27.8,46.86,21.6,25.4,18.2,84.3,191.2,336.4,484.4,625.6,239.34,302.11,48.55,43.57,65.6,97.8,42.75
2022-01-12,13.1,42.75,23.6,30.4,18.8,70.3,106.5,341.6,432.3,598.9,227.07,296.92,46.86,48.55,27.8,65.6,37.82
2022-01-13,0.0,37.82,25.3,30.9,20.3,61.5,40.9,327.4,426.5,584.3,204.15,279.02,42.75,46.86,13.1,27.8,32.11
2022-01-14,0.0,32.11,26.3,32.8,20.5,45.3,13.1,309.6,397.5,549.5,173.52,251.12,37.82,42.75,0.0,13.1,26.93
2022-01-15,0.0,26.93,25.3,30.3,20.2,59.3,0.0,204.3,384.9,544.6,147.5,226.0,32.11,37.82,0.0,0.0,22.93
2022-01-16,8.9,22.93,24.6,30.6,21.0,66.0,8.9,115.4,379.3,552.7,125.37,203.4,26.93,32.11,0.0,0.0,21.34
2022-01-17,0.0,21.34,25.5,31.1,19.9,57.0,8.9,49.8,377.0,549.8,114.13,191.07,22.93,26.93,8.9,0.0,18.1
2022-01-18,0.0,18.1,24.8,30.0,20.4,67.8,8.9,22.0,358.4,543.0,97.01,171.97,21.34,22.93,0.0,8.9,15.26
2022-01-19,0.0,15.26,26.0,31.7,20.8,57.5,0.0,8.9,350.5,543.0,82.46,154.77,18.1,21.34,0.0,0.0,12.74
2022-01-20,0.0,12.74,24.8,31.6,21.6,67.3,0.0,8.9,336.3,543.0,70.09,139.29,15.26,18.1,0.0,0.0,10.67
2022-01-22,5.8,9.4,25.3,31.3,19.9,53.3,21.4,30.3,234.6,564.4,63.9,126.87,10.67,12.74,15.6,0.0,7.65
2022-01-23,0.0,7.65,24.8,30.1,19.7,55.8,21.4,21.4,136.8,527.8,59.25,119.4,9.4,10.67,5.8,15.6,6.13
2022-01-24,0.0,6.13,24.5,30.0,19.8,56.8,5.8,21.4,71.2,527.8,50.36,107.46,7.65,9.4,0.0,5.8,4.81
2022-01-25,0.0,4.81,24.8,29.8,20.1,55.5,0.0,21.4,43.4,527.8,42.8,96.71,6.13,7.65,0.0,0.0,3.73
2022-01-26,0.0,3.73,24.5,29.6,19.8,57.8,0.0,21.4,30.3,527.8,36.38,87.04,4.81,6.13,0.0,0.0,2.95
2022-01-27,11.6,2.95,25.2,30.6,20.0,57.0,11.6,33.0,41.9,539.4,30.93,78.34,3.73,4.81,0.0,0.0,2.24
2022-01-28,0.0,2.24,25.0,30.7,20.9,69.3,11.6,17.4,41.9,474.2,36.15,80.94,2.95,3.73,11.6,0.0,2.18
2022-01-29,9.8,2.18,23.1,30.0,18.6,69.3,21.4,21.4,51.7,478.2,30.73,72.85,2.24,2.95,0.0,11.6,3.35
2022-01-30,19.3,3.35,23.1,28.6,18.1,99.0,29.1,40.7,62.1,468.5,34.45,74.39,2.18,2.24,9.8,0.0,3.3
2022-01-31,4.6,3.3,21.6,24.5,19.2,90.5,33.7,45.3,66.7,460.5,45.68,84.32,3.35,2.18,19.3,9.8,3.44
2022-02-01,19.9,3.44,22.8,28.8,19.2,77.8,43.8,65.2,86.6,465.9,42.74,80.02,3.3,3.35,4.6,19.3,3.36
2022-02-02,18.2,3.36,22.5,26.3,18.9,79.0,42.7,83.4,104.8,481.8,53.25,89.93,3.44,3.3,19.9,4.6,4.31
2022-02-03,7.9,4.31,23.1,28.0,19.2,78.3,46.0,79.7,112.7,471.1,60.73,97.32,3.36,3.44,18.2,19.9,5.31
2022-02-04,5.8,5.31,23.8,28.2,20.1,74.0,31.9,85.5,102.9,469.0,58.33,94.7,4.31,3.36,7.9,18.2,5.64
2022-02-05,3.9,5.64,22.8,27.1,19.9,84.8,17.6,79.6,101.0,458.7,54.51,90.45,5.31,4.31,5.8,7.9,8.62
2022-02-06,2.8,8.62,21.5,24.7,19.0,88.8,12.5,63.1,103.8,443.7,49.65,84.91,5.64,5.31,3.9,5.8,14.45
2022-02-07,1.9,14.45,21.2,24.5,19.3,94.5,8.6,60.4,105.7,340.3,44.58,78.94,8.62,5.64,2.8,3.9,16.42
2022-02-08,11.6,16.42,21.8,25.7,18.8,90.0,16.3,52.1,117.3,254.1,39.51,72.76,14.45,8.62,1.9,2.8,18.01
2022-02-09,1.3,18.01,20.6,23.5,19.0,91.8,14.8,35.2,118.6,189.8,43.44,75.92,16.42,14.45,11.6,1.9,21.65
2022-02-10,14.1,21.65,21.2,26.8,18.1,84.5,27.0,41.4,121.1,176.1,38.03,69.5,18.01,16.42,1.3,11.6,25.73
2022-02-11,34.3,25.73,21.4,27.2,17.9,81.8,49.7,69.9,155.4,197.3,44.31,75.24,21.65,18.01,14.1,1.3,26.04
2022-02-12,35.6,26.04,20.7,23.4,17.7,84.5,84.0,101.6,181.2,232.9,66.82,98.59,25.73,21.65,34.3,14.1,26.1
2022-02-13,3.5,26.1,22.7,27.9,18.6,75.5,73.4,102.3,165.4,236.4,87.06,120.77,26.04,25.73,35.6,34.3,22.82
2022-02-14,14.1,22.82,24.7,30.1,18.8,62.3,53.2,114.5,174.9,250.5,76.97,111.84,26.1,26.04,3.5,35.6,20.58
2022-02-15,34.6,20.58,22.6,27.5,19.1,80.3,52.2,137.5,189.6,276.2,77.41,113.35,22.82,26.1,14.1,3.5,19.32
2022-02-16,53.8,19.32,23.0,28.8,18.8,77.5,102.5,190.0,225.2,330.0,95.21,133.15,20.58,22.82,34.6,14.1,19.42
2022-02-17,7.9,19.42,22.9,28.4,18.2,67.5,96.3,183.8,225.2,337.9,126.66,168.26,19.32,20.58,53.8,34.6,19.46
2022-02-18,8.5,19.46,20.8,24.3,19.5,88.3,70.2,158.0,227.9,346.4,114.38,158.54,19.42,19.32,7.9,53.8,21.13
2022-02-19,7.0,21.13,23.3,27.5,19.6,69.3,23.4,129.4,231.0,353.4,104.44,150.34,19.46,19.42,8.5,7.9,20.68
2022-02-20,14.6,20.68,22.5,27.2,18.7,76.5,30.1,140.5,242.8,352.4,94.73,141.6,21.13,19.46,7.0,8.5,21.86
2022-02-21,1.8,21.86,22.3,28.4,20.0,80.5,23.4,128.2,242.7,348.4,92.93,140.58,20.68,21.13,14.6,7.0,22.12
2022-02-22,15.8,22.12,23.5,28.4,19.8,75.8,32.2,109.4,246.9,364.2,80.52,128.14,21.86,20.68,1.8,14.6,20.98
2022-02-23,2.6,20.98,25.0,30.9,19.1,56.0,20.2,58.2,248.2,366.8,81.87,129.55,22.12,21.86,15.8,1.8,18.23
2022-02-24,0.9,18.23,24.9,30.2,21.0,72.5,19.3,51.2,235.0,367.7,71.8,118.94,20.98,22.12,2.6,15.8,19.23
2022-02-25,0.0,19.23,25.1,30.0,20.8,58.3,3.5,42.7,200.7,367.7,61.8,107.85,18.23,20.98,0.9,2.6,16.3
2022-02-26,0.0,16.3,25.1,30.4,20.9,53.8,0.9,35.7,165.1,356.1,52.53,97.07,19.23,18.23,0.0,0.9,13.55
2022-02-27,0.0,13.55,24.2,29.1,20.8,64.8,0.0,21.1,161.6,356.1,44.65,87.36,16.3,19.23,0.0,0.0,11.5
2022-02-28,0.0,11.5,24.3,29.7,20.7,57.5,0.0,19.3,147.5,346.3,37.95,78.62,13.55,16.3,0.0,0.0,9.5
2022-03-01,0.0,9.5,24.4,29.1,20.7,56.5,0.0,3.5,112.9,327.0,32.26,70.76,11.5,13.55,0.0,0.0,7.87
2022-03-02,0.0,7.87,25.1,30.0,21.5,52.8,0.0,0.9,59.1,322.4,27.42,63.69,9.5,11.5,0.0,0.0,6.41
2022-03-03,0.0,6.41,25.0,30.0,21.1,56.8,0.0,0.0,51.2,302.5,23.31,57.32,7.87,9.5,0.0,0.0,5.1
2022-03-04,0.0,5.1,24.7,30.6,21.4,62.8,0.0,0.0,42.7,284.3,19.81,51.59,6.41,7.87,0.0,0.0,4.09
2022-03-05,0.0,4.09,24.5,28.7,20.8,57.8,0.0,0.0,35.7,276.4,16.84,46.43,5.1,6.41,0.0,0.0,3.29
2022-03-06,0.0,3.29,24.1,29.7,20.7,54.5,0.0,0.0,21.1,270.6,14.31,41.78,4.09,5.1,0.0,0.0,2.47
2022-03-07,0.0,2.47,24.7,30.2,20.8,53.5,0.0,0.0,19.3,266.7,12.17,37.61,3.29,4.09,0.0,0.0,1.94
2022-03-08,0.0,1.94,25.1,30.5,20.5,55.0,0.0,0.0,3.5,263.9,10.34,33.84,2.47,3.29,0.0,0.0,1.59
2022-03-09,0.0,1.59,25.1,30.7,20.9,61.3,0.0,0.0,0.9,262.0,8.79,30.46,1.94,2.47,0.0,0.0,1.4
2022-03-10,0.0,1.4,24.3,29.8,20.0,58.8,0.0,0.0,0.0,250.4,7.47,27.41,1.59,1.94,0.0,0.0,1.38
2022-03-11,0.0,1.38,25.4,31.8,20.8,57.0,0.0,0.0,0.0,249.1,6.35,24.67,1.4,1.59,0.0,0.0,1.38
2022-03-12,0.0,1.38,25.2,30.6,21.1,64.3,0.0,0.0,0.0,235.0,5.4,22.21,1.38,1.4,0.0,0.0,1.34
2022-03-13,0.0,1.34,25.8,30.8,21.5,58.3,0.0,0.0,0.0,200.7,4.59,19.99,1.38,1.38,0.0,0.0,1.34
2022-03-14,0.0,1.34,25.4,30.0,22.2,57.0,0.0,0.0,0.0,165.1,3.9,17.99,1.34,1.38,0.0,0.0,1.34
2022-03-15,0.0,1.34,25.8,31.1,21.2,57.0,0.0,0.0,0.0,161.6,3.32,16.19,1.34,1.34,0.0,0.0,1.34
2022-03-16,0.0,1.34,25.1,29.7,21.9,60.5,0.0,0.0,0.0,147.5,2.82,14.57,1.34,1.34,0.0,0.0,1.34
2022-03-17,0.0,1.34,25.0,29.3,21.3,62.0,0.0,0.0,0.0,112.9,2.4,13.11,1.34,1.34,0.0,0.0,1.34
2022-03-18,0.0,1.34,25.4,31.1,21.2,56.3,0.0,0.0,0.0,59.1,2.04,11.8,1.34,1.34,0.0,0.0,1.31
2022-03-19,0.0,1.31,25.5,31.1,21.1,56.3,0.0,0.0,0.0,51.2,1.73,10.62,1.34,1.34,0.0,0.0,1.31
2022-03-20,0.0,1.31,25.1,30.7,21.1,54.3,0.0,0.0,0.0,42.7,1.47,9.56,1.31,1.34,0.0,0.0,1.31
2022-03-21,2.6,1.31,20.9,27.0,19.2,74.0,2.6,2.6,2.6,38.3,1.25,8.6,1.31,1.31,0.0,0.0,1.31
2022-03-22,0.0,1.31,21.7,27.5,16.7,57.8,2.6,2.6,2.6,23.7,3.27,10.08,1.31,1.31,2.6,0.0,1.31
2022-03-23,0.0,1.31,22.1,27.4,18.4,65.8,2.6,2.6,2.6,21.9,2.78,9.07,1.31,1.31,0.0,2.6,1.28
2022-03-24,0.0,1.28,23.2,28.1,19.7,63.8,0.0,2.6,2.6,6.1,2.36,8.17,1.31,1.31,0.0,0.0,1.28
2022-03-25,0.0,1.28,25.0,31.1,19.3,57.5,0.0,2.6,2.6,3.5,2.01,7.35,1.28,1.31,0.0,0.0,1.28
2022-03-26,0.0,1.28,26.7,32.2,21.4,54.8,0.0,2.6,2.6,2.6,1.71,6.62,1.28,1.28,0.0,0.0,1.28
2022-03-27,0.0,1.28,26.8,32.4,22.2,55.5,0.0,2.6,2.6,2.6,1.45,5.95,1.28,1.28,0.0,0.0,1.28
2022-03-28,0.0,1.28,25.2,30.5,22.1,58.8,0.0,0.0,2.6,2.6,1.23,5.36,1.28,1.28,0.0,0.0,1.25
2022-03-29,0.0,1.25,24.4,29.4,22.0,65.0,0.0,0.0,2.6,2.6,1.05,4.82,1.28,1.28,0.0,0.0,1.25
2022-03-30,0.0,1.25,26.1,31.9,21.1,51.3,0.0,0.0,2.6,2.6,0.89,4.34,1.25,1.28,0.0,0.0,1.25
2022-03-31,0.0,1.25,27.3,33.0,22.1,47.3,0.0,0.0,2.6,2.6,0.76,3.91,1.25,1.25,0.0,0.0,1.25
2022-04-01,0.0,1.25,24.3,31.0,20.6,69.8,0.0,0.0,2.6,2.6,0.64,3.52,1.25,1.25,0.0,0.0,1.31
2022-04-02,0.0,1.31,23.9,29.5,20.5,69.8,0.0,0.0,2.6,2.6,0.55,3.16,1.25,1.25,0.0,0.0,1.56
2022-04-03,0.0,1.56,23.0,25.9,20.5,72.3,0.0,0.0,2.6,2.6,0.47,2.85,1.31,1.25,0.0,0.0,1.4
2022-04-04,2.6,1.4,23.5,28.6,20.4,67.0,2.6,2.6,2.6,5.2,0.4,2.56,1.56,1.31,0.0,0.0,1.28
2022-04-05,0.0,1.28,25.3,31.3,20.7,59.8,2.6,2.6,2.6,5.2,2.55,4.65,1.4,1.56,2.6,0.0,1.31
2022-04-06,0.0,1.31,24.9,29.5,22.1,63.8,2.6,2.6,2.6,5.2,2.16,4.18,1.28,1.4,0.0,2.6,1.38
2022-04-07,1.2,1.38,24.6,29.9,21.9,68.8,1.2,3.8,3.8,6.4,1.84,3.76,1.31,1.28,0.0,0.0,1.4
2022-04-08,0.0,1.4,24.7,30.2,21.1,66.5,1.2,3.8,3.8,6.4,2.58,4.47,1.38,1.31,1.2,0.0,1.34
2022-04-09,3.0,1.34,23.4,27.5,20.8,81.0,4.2,6.8,6.8,9.4,2.2,4.02,1.4,1.38,0.0,1.2,1.34
2022-04-10,30.1,1.34,25.0,31.4,20.4,65.5,33.1,36.9,36.9,39.5,4.42,6.32,1.34,1.4,3.0,0.0,1.4
2022-04-11,4.0,1.4,24.5,30.0,20.2,60.3,37.1,38.3,40.9,43.5,29.34,32.78,1.34,1.34,30.1,3.0,1.31
2022-04-12,0.0,1.31,24.8,30.2,21.2,64.8,34.1,38.3,40.9,43.5,28.34,33.1,1.4,1.34,4.0,30.1,1.38
2022-04-13,0.0,1.38,25.5,31.2,21.5,67.8,4.0,38.3,40.9,43.5,24.09,29.79,1.31,1.4,0.0,4.0,1.53
2022-04-14,6.8,1.53,24.5,31.1,21.0,69.3,6.8,43.9,47.7,50.3,20.47,26.81,1.38,1.31,0.0,0.0,1.53
2022-04-15,0.2,1.53,21.2,25.9,19.4,69.3,7.0,44.1,47.9,50.5,23.18,30.25,1.53,1.38,6.8,0.0,1.47
2022-04-16,0.0,1.47,20.7,26.9,15.6,57.3,7.0,41.1,47.9,50.5,19.88,27.4,1.53,1.53,0.2,6.8,1.34
2022-04-17,0.0,1.34,20.9,26.7,16.4,57.0,0.2,11.0,47.9,50.5,16.89,24.66,1.47,1.53,0.0,0.2,1.28
2022-04-18,0.0,1.28,20.6,26.2,16.2,60.8,0.0,7.0,45.3,50.5,14.36,22.2,1.34,1.47,0.0,0.0,1.28
2022-04-19,0.0,1.28,21.8,28.0,16.2,54.8,0.0,7.0,45.3,50.5,12.21,19.98,1.28,1.34,0.0,0.0,1.25
2022-04-20,0.0,1.25,22.7,28.3,17.8,53.0,0.0,7.0,45.3,47.9,10.38,17.98,1.28,1.28,0.0,0.0,1.25
2022-04-21,0.0,1.25,23.1,28.7,18.9,54.8,0.0,0.2,44.1,47.9,8.82,16.18,1.25,1.28,0.0,0.0,1.25
2022-04-22,0.0,1.25,23.4,29.8,18.6,46.0,0.0,0.0,44.1,47.9,7.5,14.56,1.25,1.25,0.0,0.0,1.22
2022-04-23,0.0,1.22,24.3,30.4,18.7,48.8,0.0,0.0,41.1,47.9,6.37,13.11,1.25,1.25,0.0,0.0,1.22
2022-04-24,0.0,1.22,25.7,30.7,20.4,51.5,0.0,0.0,11.0,47.9,5.42,11.8,1.22,1.25,0.0,0.0,1.22
2022-04-25,11.8,1.22,22.3,25.7,19.6,69.5,11.8,11.8,18.8,59.7,4.6,10.62,1.22,1.22,0.0,0.0,1.19
2022-04-26,0.0,1.19,23.4,28.1,19.5,62.5,11.8,11.8,18.8,59.7,13.94,20.18,1.22,1.22,11.8,0.0,1.19
2022-04-27,0.0,1.19,22.3,27.4,18.6,58.5,11.8,11.8,18.8,59.7,11.85,18.16,1.19,1.22,0.0,11.8,1.19
2022-04-28,0.0,1.19,23.5,29.0,19.6,53.8,0.0,11.8,12.0,59.7,10.07,16.34,1.19,1.19,0.0,0.0,1.19
2022-04-29,0.0,1.19,24.1,29.7,19.8,57.0,0.0,11.8,11.8,59.7,8.56,14.71,1.19,1.19,0.0,0.0,1.19
2022-04-30,4.4,1.19,22.6,27.4,19.0,54.3,4.4,16.2,16.2,64.1,7.28,13.24,1.19,1.19,0.0,0.0,1.16
2022-05-01,0.0,1.16,22.3,28.1,18.2,57.8,4.4,16.2,16.2,64.1,9.93,15.87,1.19,1.19,4.4,0.0,1.16
2022-05-02,0.0,1.16,23.0,29.2,18.8,54.3,4.4,4.4,16.2,64.1,8.44,14.29,1.16,1.19,0.0,4.4,1.16
2022-05-03,0.0,1.16,24.2,30.4,19.4,52.3,0.0,4.4,16.2,64.1,7.17,12.86,1.16,1.16,0.0,0.0,1.16
2022-05-04,0.0,1.16,22.6,29.7,20.1,70.0,0.0,4.4,16.2,61.5,6.1,11.57,1.16,1.16,0.0,0.0,1.19
2022-05-05,48.2,1.19,20.5,22.9,18.4,86.8,48.2,52.6,64.4,109.7,5.18,10.41,1.16,1.16,0.0,0.0,1.22
2022-05-06,11.3,1.22,22.1,26.9,18.5,70.0,59.5,63.9,75.7,121.0,45.37,52.75,1.19,1.16,48.2,0.0,1.19
2022-05-07,0.8,1.19,21.3,26.7,18.3,73.5,60.3,60.3,76.5,120.6,48.17,57.65,1.22,1.19,11.3,48.2,1.16
2022-05-08,0.0,1.16,20.8,26.4,17.2,66.3,12.1,60.3,76.5,120.6,41.63,52.6,1.19,1.22,0.8,11.3,1.16
2022-05-09,0.0,1.16,19.8,25.5,16.3,59.5,0.8,60.3,64.7,117.6,35.38,47.34,1.16,1.19,0.0,0.8,1.12
2022-05-10,0.0,1.12,19.6,25.3,14.8,55.8,0.0,60.3,64.7,87.5,30.08,42.61,1.16,1.16,0.0,0.0,1.12
2022-05-11,0.0,1.12,21.5,27.1,15.5,53.3,0.0,60.3,64.7,83.5,25.56,38.35,1.12,1.16,0.0,0.0,1.12
2022-05-12,0.0,1.12,21.8,26.9,18.5,60.8,0.0,12.1,64.7,83.5,21.73,34.51,1.12,1.12,0.0,0.0,1.12
2022-05-13,0.0,1.12,21.9,27.4,18.1,66.0,0.0,0.8,64.7,83.5,18.47,31.06,1.12,1.12,0.0,0.0,1.09
2022-05-14,0.0,1.09,21.9,26.6,18.8,59.5,0.0,0.0,60.3,76.7,15.7,27.96,1.12,1.12,0.0,0.0,1.09
2022-05-15,0.0,1.09,20.1,23.6,17.5,76.8,0.0,0.0,60.3,76.5,13.34,25.16,1.09,1.12,0.0,0.0,1.12
2022-05-16,0.0,1.12,20.9,26.2,18.6,68.5,0.0,0.0,60.3,76.5,11.34,22.64,1.09,1.09,0.0,0.0,1.09
2022-05-17,0.0,1.09,19.0,21.7,17.6,73.0,0.0,0.0,60.3,76.5,9.64,20.38,1.12,1.09,0.0,0.0,1.09
2022-05-18,0.0,1.09,13.2,18.5,10.2,41.0,0.0,0.0,60.3,76.5,8.2,18.34,1.09,1.12,0.0,0.0,1.09
2022-05-19,0.0,1.09,12.5,18.5,7.6,57.0,0.0,0.0,12.1,76.5,6.97,16.51,1.09,1.09,0.0,0.0,1.09
2022-05-20,0.0,1.09,15.4,21.9,9.6,49.3,0.0,0.0,0.8,76.5,5.92,14.86,1.09,1.09,0.0,0.0,1.06
2022-05-21,0.0,1.06,16.9,22.9,11.6,47.5,0.0,0.0,0.0,76.5,5.03,13.37,1.09,1.09,0.0,0.0,1.06
2022-05-22,0.0,1.06,18.0,23.5,13.4,48.8,0.0,0.0,0.0,76.5,4.28,12.03,1.06,1.09,0.0,0.0,1.06
2022-05-23,0.0,1.06,18.6,25.5,14.4,55.3,0.0,0.0,0.0,76.5,3.64,10.83,1.06,1.06,0.0,0.0,1.06
2022-05-24,0.0,1.06,18.5,23.5,15.0,51.3,0.0,0.0,0.0,76.5,3.09,9.75,1.06,1.06,0.0,0.0,1.03
2022-05-25,0.0,1.03,18.3,21.7,14.6,63.5,0.0,0.0,0.0,64.7,2.63,8.77,1.06,1.06,0.0,0.0,1.03
2022-05-26,0.0,1.03,19.4,23.9,16.6,59.0,0.0,0.0,0.0,64.7,2.23,7.9,1.03,1.06,0.0,0.0,1.03
2022-05-27,0.0,1.03,19.1,24.3,15.7,56.8,0.0,0.0,0.0,64.7,1.9,7.11,1.03,1.03,0.0,0.0,1.03
2022-05-28,0.0,1.03,19.0,24.5,14.2,59.3,0.0,0.0,0.0,64.7,1.61,6.4,1.03,1.03,0.0,0.0,1.03
2022-05-29,0.0,1.03,20.3,27.1,15.2,66.0,0.0,0.0,0.0,64.7,1.37,5.76,1.03,1.03,0.0,0.0,1.03
2022-05-30,0.0,1.03,21.3,29.2,15.8,57.5,0.0,0.0,0.0,60.3,1.17,5.18,1.03,1.03,0.0,0.0,1.0
2022-05-31,0.0,1.0,22.3,28.6,16.3,52.8,0.0,0.0,0.0,60.3,0.99,4.66,1.03,1.03,0.0,0.0,1.0
2022-06-01,0.0,1.0,22.4,26.3,19.6,63.3,0.0,0.0,0.0,60.3,0.84,4.2,1.0,1.03,0.0,0.0,1.0
2022-06-02,0.0,1.0,22.1,27.8,17.4,58.3,0.0,0.0,0.0,60.3,0.72,3.78,1.0,1.0,0.0,0.0,1.0
2022-06-03,0.0,1.0,22.9,29.4,17.4,54.5,0.0,0.0,0.0,60.3,0.61,3.4,1.0,1.0,0.0,0.0,1.0
2022-06-04,0.0,1.0,19.7,25.6,16.5,63.5,0.0,0.0,0.0,12.1,0.52,3.06,1.0,1.0,0.0,0.0,0.97
2022-06-05,0.0,0.97,18.6,24.5,14.5,54.8,0.0,0.0,0.0,0.8,0.44,2.75,1.0,1.0,0.0,0.0,0.97
2022-06-06,0.0,0.97,17.8,23.3,14.2,53.5,0.0,0.0,0.0,0.0,0.37,2.48,0.97,1.0,0.0,0.0,0.97
2022-06-07,0.0,0.97,19.4,26.0,13.7,52.3,0.0,0.0,0.0,0.0,0.32,2.23,0.97,0.97,0.0,0.0,0.97
2022-06-08,0.0,0.97,21.5,28.2,14.4,52.0,0.0,0.0,0.0,0.0,0.27,2.01,0.97,0.97,0.0,0.0,0.97
2022-06-09,0.0,0.97,21.5,26.3,17.8,54.5,0.0,0.0,0.0,0.0,0.23,1.81,0.97,0.97,0.0,0.0,0.94
2022-06-10,0.0,0.94,21.3,27.7,17.7,57.0,0.0,0.0,0.0,0.0,0.2,1.63,0.97,0.97,0.0,0.0,0.97
2022-06-11,0.0,0.97,21.5,26.1,18.8,66.3,0.0,0.0,0.0,0.0,0.17,1.46,0.94,0.97,0.0,0.0,0.94
2022-06-12,0.0,0.94,20.8,24.5,18.8,60.0,0.0,0.0,0.0,0.0,0.14,1.32,0.97,0.94,0.0,0.0,0.94
2022-06-13,0.0,0.94,18.5,26.3,14.2,41.5,0.0,0.0,0.0,0.0,0.12,1.19,0.94,0.97,0.0,0.0,0.94
2022-06-14,0.0,0.94,17.4,23.3,13.0,51.8,0.0,0.0,0.0,0.0,0.1,1.07,0.94,0.94,0.0,0.0,0.94
2022-06-15,0.0,0.94,16.9,21.7,14.9,64.0,0.0,0.0,0.0,0.0,0.09,0.96,0.94,0.94,0.0,0.0,0.94
2022-06-16,0.0,0.94,18.3,27.1,12.6,51.3,0.0,0.0,0.0,0.0,0.07,0.86,0.94,0.94,0.0,0.0,0.91
2022-06-17,0.0,0.91,18.8,26.2,13.2,53.5,0.0,0.0,0.0,0.0,0.06,0.78,0.94,0.94,0.0,0.0,0.91
2022-06-18,0.0,0.91,20.1,26.4,14.0,53.8,0.0,0.0,0.0,0.0,0.05,0.7,0.91,0.94,0.0,0.0,0.91
2022-06-19,0.0,0.91,20.1,24.9,16.6,59.0,0.0,0.0,0.0,0.0,0.05,0.63,0.91,0.91,0.0,0.0,0.91
2022-06-20,0.0,0.91,20.0,24.5,16.5,60.5,0.0,0.0,0.0,0.0,0.04,0.57,0.91,0.91,0.0,0.0,0.91
2022-06-21,0.0,0.91,19.1,24.3,16.2,65.5,0.0,0.0,0.0,0.0,0.03,0.51,0.91,0.91,0.0,0.0,0.91
2022-06-22,0.0,0.91,19.9,27.4,15.0,57.0,0.0,0.0,0.0,0.0,0.03,0.46,0.91,0.91,0.0,0.0,0.87
2022-06-23,0.0,0.87,20.0,26.9,14.7,48.0,0.0,0.0,0.0,0.0,0.02,0.41,0.91,0.91,0.0,0.0,0.87
2022-06-24,0.0,0.87,19.7,26.4,15.0,49.3,0.0,0.0,0.0,0.0,0.02,0.37,0.87,0.91,0.0,0.0,0.87
2022-06-25,0.0,0.87,20.5,27.5,14.9,46.5,0.0,0.0,0.0,0.0,0.02,0.33,0.87,0.87,0.0,0.0,0.87
2022-06-26,0.0,0.87,18.9,25.0,15.1,59.5,0.0,0.0,0.0,0.0,0.01,0.3,0.87,0.87,0.0,0.0,0.86
2022-06-27,0.0,0.86,16.7,21.8,14.4,64.3,0.0,0.0,0.0,0.0,0.01,0.27,0.87,0.87,0.0,0.0,0.86
2022-06-28,0.0,0.86,17.5,23.0,13.5,60.0,0.0,0.0,0.0,0.0,0.01,0.24,0.86,0.87,0.0,0.0,0.86
2022-06-29,0.0,0.86,18.8,25.7,12.6,57.3,0.0,0.0,0.0,0.0,0.01,0.22,0.86,0.86,0.0,0.0,0.85
2022-06-30,0.0,0.85,20.3,27.2,14.8,52.8,0.0,0.0,0.0,0.0,0.01,0.2,0.86,0.86,0.0,0.0,0.85
2022-07-01,0.0,0.85,18.5,23.4,15.5,61.0,0.0,0.0,0.0,0.0,0.01,0.18,0.85,0.86,0.0,0.0,0.85
2022-07-02,0.0,0.85,19.0,24.4,15.5,60.8,0.0,0.0,0.0,0.0,0.01,0.16,0.85,0.85,0.0,0.0,0.83
2022-07-03,0.0,0.83,19.0,24.3,15.1,62.0,0.0,0.0,0.0,0.0,0.0,0.14,0.85,0.85,0.0,0.0,0.83
2022-07-04,0.0,0.83,18.9,23.8,15.0,55.8,0.0,0.0,0.0,0.0,0.0,0.13,0.83,0.85,0.0,0.0,0.83
2022-07-05,0.0,0.83,18.8,23.9,14.8,60.0,0.0,0.0,0.0,0.0,0.0,0.12,0.83,0.83,0.0,0.0,0.81
2022-07-06,0.0,0.81,19.0,25.0,14.3,58.5,0.0,0.0,0.0,0.0,0.0,0.11,0.83,0.83,0.0,0.0,0.81
2022-07-07,0.0,0.81,18.8,24.7,14.6,53.8,0.0,0.0,0.0,0.0,0.0,0.09,0.81,0.83,0.0,0.0,0.8
2022-07-08,0.0,0.8,19.1,24.7,14.2,49.5,0.0,0.0,0.0,0.0,0.0,0.09,0.81,0.81,0.0,0.0,0.8
2022-07-09,0.0,0.8,19.3,22.9,16.6,56.8,0.0,0.0,0.0,0.0,0.0,0.08,0.8,0.81,0.0,0.0,0.8
2022-07-10,0.0,0.8,18.4,22.7,15.4,57.0,0.0,0.0,0.0,0.0,0.0,0.07,0.8,0.8,0.0,0.0,0.78
2022-07-11,0.0,0.78,19.1,24.7,15.5,55.5,0.0,0.0,0.0,0.0,0.0,0.06,0.8,0.8,0.0,0.0,0.78
2022-07-12,0.0,0.78,19.9,26.5,14.4,49.8,0.0,0.0,0.0,0.0,0.0,0.06,0.78,0.8,0.0,0.0,0.78
2022-07-13,0.0,0.78,20.2,26.5,14.0,52.3,0.0,0.0,0.0,0.0,0.0,0.05,0.78,0.78,0.0,0.0,0.77
2022-07-14,0.0,0.77,20.1,24.6,16.7,54.5,0.0,0.0,0.0,0.0,0.0,0.05,0.78,0.78,0.0,0.0,0.77
2022-07-15,0.0,0.77,20.2,26.5,16.2,59.0,0.0,0.0,0.0,0.0,0.0,0.04,0.77,0.78,0.0,0.0,0.77
2022-07-16,0.0,0.77,20.5,27.1,15.3,53.8,0.0,0.0,0.0,0.0,0.0,0.04,0.77,0.77,0.0,0.0,0.77
2022-07-17,0.0,0.77,21.9,28.7,15.7,52.0,0.0,0.0,0.0,0.0,0.0,0.03,0.77,0.77,0.0,0.0,0.75
2022-07-18,0.0,0.75,20.7,26.5,17.2,53.5,0.0,0.0,0.0,0.0,0.0,0.03,0.77,0.77,0.0,0.0,0.75
2022-07-19,0.0,0.75,20.2,25.6,16.5,54.8,0.0,0.0,0.0,0.0,0.0,0.03,0.75,0.77,0.0,0.0,0.75
2022-07-20,0.0,0.75,19.6,25.5,14.9,56.0,0.0,0.0,0.0,0.0,0.0,0.02,0.75,0.75,0.0,0.0,0.73
2022-07-21,0.0,0.73,19.9,25.4,15.3,55.3,0.0,0.0,0.0,0.0,0.0,0.02,0.75,0.75,0.0,0.0,0.73
2022-07-22,0.0,0.73,19.8,25.5,15.8,53.0,0.0,0.0,0.0,0.0,0.0,0.02,0.73,0.75,0.0,0.0,0.73
2022-07-23,0.0,0.73,20.5,26.4,15.1,49.5,0.0,0.0,0.0,0.0,0.0,0.02,0.73,0.73,0.0,0.0,0.72
2022-07-24,0.0,0.72,19.4,23.9,16.4,55.8,0.0,0.0,0.0,0.0,0.0,0.02,0.73,0.73,0.0,0.0,0.72
2022-07-25,0.0,0.72,19.7,24.8,15.9,53.5,0.0,0.0,0.0,0.0,0.0,0.01,0.72,0.73,0.0,0.0,0.72
2022-07-26,0.0,0.72,19.0,24.3,15.8,57.5,0.0,0.0,0.0,0.0,0.0,0.01,0.72,0.72,0.0,0.0,0.7
2022-07-27,0.0,0.7,18.9,24.4,14.3,56.3,0.0,0.0,0.0,0.0,0.0,0.01,0.72,0.72,0.0,0.0,0.7
2022-07-28,0.0,0.7,19.9,25.9,14.2,47.0,0.0,0.0,0.0,0.0,0.0,0.01,0.7,0.72,0.0,0.0,0.7
2022-07-29,0.0,0.7,21.4,28.5,15.3,45.0,0.0,0.0,0.0,0.0,0.0,0.01,0.7,0.7,0.0,0.0,0.69
2022-07-30,0.0,0.69,21.6,28.7,16.1,52.5,0.0,0.0,0.0,0.0,0.0,0.01,0.7,0.7,0.0,0.0,0.69
2022-07-31,0.0,0.69,20.9,26.1,17.5,64.0,0.0,0.0,0.0,0.0,0.0,0.01,0.69,0.7,0.0,0.0,0.69
2022-08-01,0.0,0.69,20.0,25.5,17.2,62.8,0.0,0.0,0.0,0.0,0.0,0.01,0.69,0.69,0.0,0.0,0.69
2022-08-02,0.0,0.69,21.9,27.8,17.2,51.5,0.0,0.0,0.0,0.0,0.0,0.01,0.69,0.69,0.0,0.0,0.69
2022-08-03,0.0,0.69,22.1,28.1,17.3,47.8,0.0,0.0,0.0,0.0,0.0,0.01,0.69,0.69,0.0,0.0,0.67
2022-08-04,0.0,0.67,21.7,28.0,17.6,46.0,0.0,0.0,0.0,0.0,0.0,0.0,0.69,0.69,0.0,0.0,0.67
2022-08-05,0.0,0.67,22.9,30.3,16.4,41.3,0.0,0.0,0.0,0.0,0.0,0.0,0.67,0.69,0.0,0.0,0.67
2022-08-06,0.0,0.67,23.0,28.7,18.6,48.3,0.0,0.0,0.0,0.0,0.0,0.0,0.67,0.67,0.0,0.0,0.66
2022-08-07,0.0,0.66,23.2,30.3,17.5,47.0,0.0,0.0,0.0,0.0,0.0,0.0,0.67,0.67,0.0,0.0,0.66
2022-08-08,0.0,0.66,23.2,29.7,18.3,48.5,0.0,0.0,0.0,0.0,0.0,0.0,0.66,0.67,0.0,0.0,0.66
2022-08-09,0.0,0.66,22.6,28.8,18.2,57.8,0.0,0.0,0.0,0.0,0.0,0.0,0.66,0.66,0.0,0.0,0.64
2022-08-10,0.0,0.64,19.1,25.2,16.4,57.0,0.0,0.0,0.0,0.0,0.0,0.0,0.66,0.66,0.0,0.0,0.64
2022-08-11,0.0,0.64,17.3,25.1,10.7,45.0,0.0,0.0,0.0,0.0,0.0,0.0,0.64,0.66,0.0,0.0,0.64
2022-08-12,0.0,0.64,18.3,24.1,14.0,48.0,0.0,0.0,0.0,0.0,0.0,0.0,0.64,0.64,0.0,0.0,0.64
2022-08-13,0.0,0.64,18.7,24.8,14.6,53.8,0.0,0.0,0.0,0.0,0.0,0.0,0.64,0.64,0.0,0.0,0.63
2022-08-14,0.0,0.63,18.1,23.8,14.5,49.8,0.0,0.0,0.0,0.0,0.0,0.0,0.64,0.64,0.0,0.0,0.63
2022-08-15,0.0,0.63,18.1,23.7,13.4,49.0,0.0,0.0,0.0,0.0,0.0,0.0,0.63,0.64,0.0,0.0,0.63
2022-08-16,0.0,0.63,21.2,28.9,14.6,50.3,0.0,0.0,0.0,0.0,0.0,0.0,0.63,0.63,0.0,0.0,0.61
2022-08-17,0.0,0.61,22.8,30.2,17.4,45.5,0.0,0.0,0.0,0.0,0.0,0.0,0.63,0.63,0.0,0.0,0.61
2022-08-18,0.0,0.61,21.5,28.5,16.4,47.8,0.0,0.0,0.0,0.0,0.0,0.0,0.61,0.63,0.0,0.0,0.61
2022-08-19,0.0,0.61,22.0,30.1,16.9,48.3,0.0,0.0,0.0,0.0,0.0,0.0,0.61,0.61,0.0,0.0,0.59
2022-08-20,0.0,0.59,16.7,22.9,13.6,60.3,0.0,0.0,0.0,0.0,0.0,0.0,0.61,0.61,0.0,0.0,0.59
2022-08-21,0.0,0.59,16.0,20.5,12.9,62.0,0.0,0.0,0.0,0.0,0.0,0.0,0.59,0.61,0.0,0.0,0.59
2022-08-22,0.0,0.59,18.2,25.3,11.4,45.5,0.0,0.0,0.0,0.0,0.0,0.0,0.59,0.59,0.0,0.0,0.59
2022-08-23,0.0,0.59,19.4,25.7,15.0,51.5,0.0,0.0,0.0,0.0,0.0,0.0,0.59,0.59,0.0,0.0,0.58
2022-08-24,0.0,0.58,20.3,26.5,14.9,46.3,0.0,0.0,0.0,0.0,0.0,0.0,0.59,0.59,0.0,0.0,0.58
2022-08-25,0.0,0.58,20.2,24.3,16.8,55.3,0.0,0.0,0.0,0.0,0.0,0.0,0.58,0.59,0.0,0.0,0.58
2022-08-26,0.0,0.58,20.5,25.6,16.3,55.8,0.0,0.0,0.0,0.0,0.0,0.0,0.58,0.58,0.0,0.0,0.56
2022-08-27,0.0,0.56,21.7,27.1,16.8,44.3,0.0,0.0,0.0,0.0,0.0,0.0,0.58,0.58,0.0,0.0,0.56
2022-08-28,0.0,0.56,23.8,29.7,18.2,39.0,0.0,0.0,0.0,0.0,0.0,0.0,0.56,0.58,0.0,0.0,0.56
2022-08-29,0.0,0.56,20.4,26.4,17.8,56.8,0.0,0.0,0.0,0.0,0.0,0.0,0.56,0.56,0.0,0.0,0.56
2022-08-30,0.0,0.56,15.8,21.5,12.2,51.5,0.0,0.0,0.0,0.0,0.0,0.0,0.56,0.56,0.0,0.0,0.56
2022-08-31,0.0,0.56,15.2,22.7,10.6,52.8,0.0,0.0,0.0,0.0,0.0,0.0,0.56,0.56,0.0,0.0,0.55
2022-09-01,0.0,0.55,17.2,23.3,12.2,48.8,0.0,0.0,0.0,0.0,0.0,0.0,0.56,0.56,0.0,0.0,0.54
2022-09-02,0.0,0.54,19.0,25.9,13.2,43.5,0.0,0.0,0.0,0.0,0.0,0.0,0.55,0.56,0.0,0.0,0.54
2022-09-03,0.0,0.54,21.8,29.6,14.1,38.8,0.0,0.0,0.0,0.0,0.0,0.0,0.54,0.55,0.0,0.0,0.53
2022-09-04,0.0,0.53,22.7,29.7,17.8,42.3,0.0,0.0,0.0,0.0,0.0,0.0,0.54,0.54,0.0,0.0,0.53
2022-09-05,0.0,0.53,19.2,24.6,16.4,65.5,0.0,0.0,0.0,0.0,0.0,0.0,0.53,0.54,0.0,0.0,0.52
2022-09-06,0.0,0.52,18.9,23.5,15.6,53.8,0.0,0.0,0.0,0.0,0.0,0.0,0.53,0.53,0.0,0.0,0.52
2022-09-07,0.0,0.52,18.2,23.6,13.4,51.0,0.0,0.0,0.0,0.0,0.0,0.0,0.52,0.53,0.0,0.0,0.52
2022-09-08,0.0,0.52,21.7,29.1,15.2,49.0,0.0,0.0,0.0,0.0,0.0,0.0,0.52,0.52,0.0,0.0,0.51
2022-09-09,0.0,0.51,23.7,31.2,17.2,36.8,0.0,0.0,0.0,0.0,0.0,0.0,0.52,0.52,0.0,0.0,0.51
2022-09-10,0.0,0.51,25.0,33.3,17.6,36.5,0.0,0.0,0.0,0.0,0.0,0.0,0.51,0.52,0.0,0.0,0.5
2022-09-11,0.0,0.5,26.3,33.2,20.8,38.3,0.0,0.0,0.0,0.0,0.0,0.0,0.51,0.51,0.0,0.0,0.5
2022-09-12,0.0,0.5,22.7,29.3,18.2,52.3,0.0,0.0,0.0,0.0,0.0,0.0,0.5,0.51,0.0,0.0,0.49
2022-09-13,0.0,0.49,25.0,32.4,18.6,43.8,0.0,0.0,0.0,0.0,0.0,0.0,0.5,0.5,0.0,0.0,0.49
2022-09-14,0.0,0.49,27.1,35.4,19.4,32.5,0.0,0.0,0.0,0.0,0.0,0.0,0.49,0.5,0.0,0.0,0.49
2022-09-15,0.0,0.49,24.0,30.1,19.8,52.8,0.0,0.0,0.0,0.0,0.0,0.0,0.49,0.49,0.0,0.0,0.49
2022-09-16,0.0,0.49,21.5,27.6,19.0,66.5,0.0,0.0,0.0,0.0,0.0,0.0,0.49,0.49,0.0,0.0,0.62
2022-09-17,0.0,0.62,16.9,21.8,15.2,68.8,0.0,0.0,0.0,0.0,0.0,0.0,0.49,0.49,0.0,0.0,0.77
2022-09-18,0.0,0.77,17.8,23.4,14.1,61.3,0.0,0.0,0.0,0.0,0.0,0.0,0.62,0.49,0.0,0.0,0.66
2022-09-19,0.0,0.66,20.3,28.4,15.6,60.8,0.0,0.0,0.0,0.0,0.0,0.0,0.77,0.62,0.0,0.0,0.58
2022-09-20,0.0,0.58,23.3,29.5,17.5,56.8,0.0,0.0,0.0,0.0,0.0,0.0,0.66,0.77,0.0,0.0,0.55
2022-09-21,0.0,0.55,24.9,30.8,20.6,64.8,0.0,0.0,0.0,0.0,0.0,0.0,0.58,0.66,0.0,0.0,0.58
2022-09-22,13.9,0.58,21.7,24.7,19.6,78.5,13.9,13.9,13.9,13.9,0.0,0.0,0.55,0.58,0.0,0.0,0.63
2022-09-23,6.8,0.63,24.0,30.3,19.7,46.5,20.7,20.7,20.7,20.7,11.82,12.51,0.58,0.55,13.9,0.0,0.58
2022-09-24,0.0,0.58,22.8,30.4,18.2,55.5,20.7,20.7,20.7,20.7,15.82,17.38,0.63,0.58,6.8,13.9,0.54
2022-09-25,0.0,0.54,21.9,28.6,18.4,61.8,6.8,20.7,20.7,20.7,13.45,15.64,0.58,0.63,0.0,6.8,0.52
2022-09-26,0.0,0.52,23.9,30.2,18.3,54.8,0.0,20.7,20.7,20.7,11.43,14.08,0.54,0.58,0.0,0.0,0.49
2022-09-27,0.0,0.49,21.2,24.7,18.5,77.5,0.0,20.7,20.7,20.7,9.72,12.67,0.52,0.54,0.0,0.0,0.49
2022-09-28,6.5,0.49,22.2,25.7,18.5,74.3,6.5,27.2,27.2,27.2,8.26,11.4,0.49,0.52,0.0,0.0,0.59
2022-09-29,3.1,0.59,20.1,23.9,18.1,72.0,9.6,16.4,30.3,30.3,12.55,16.11,0.49,0.49,6.5,0.0,0.78
2022-09-30,0.0,0.78,20.8,25.0,17.7,70.3,9.6,9.6,30.3,30.3,13.3,17.29,0.59,0.49,3.1,6.5,0.67
2022-10-01,3.4,0.67,22.3,27.1,17.7,66.0,6.5,13.0,33.7,33.7,11.3,15.56,0.78,0.59,0.0,3.1,0.6
2022-10-02,0.0,0.6,23.4,31.6,19.4,61.0,3.4,13.0,33.7,33.7,12.5,17.07,0.67,0.78,3.4,0.0,0.54
2022-10-03,0.2,0.54,24.1,30.0,18.9,60.0,3.6,13.2,33.9,33.9,10.62,15.36,0.6,0.67,0.0,3.4,0.76
2022-10-04,21.3,0.76,21.5,29.0,17.0,66.0,21.5,34.5,55.2,55.2,9.2,14.0,0.54,0.6,0.2,0.0,1.03
2022-10-05,0.0,1.03,24.1,31.3,18.0,60.3,21.5,28.0,55.2,55.2,25.93,31.77,0.76,0.54,21.3,0.2,0.98
2022-10-06,0.0,0.98,23.9,28.7,20.8,65.0,21.3,24.9,41.3,55.2,22.04,28.6,1.03,0.76,0.0,21.3,0.7
2022-10-07,0.0,0.7,23.0,27.7,20.7,73.3,0.0,24.9,34.5,55.2,18.73,25.74,0.98,1.03,0.0,0.0,0.71
2022-10-08,3.2,0.71,23.5,29.0,18.8,62.0,3.2,24.7,37.7,58.4,15.92,23.16,0.7,0.98,0.0,0.0,0.63
2022-10-09,0.0,0.63,23.7,26.8,21.1,62.8,3.2,24.7,37.7,58.4,16.25,23.73,0.71,0.7,3.2,0.0,0.64
2022-10-10,0.0,0.64,24.4,29.1,20.8,58.0,3.2,24.5,37.7,58.4,13.82,21.35,0.63,0.71,0.0,3.2,0.57
2022-10-11,0.0,0.57,25.5,31.6,20.6,47.5,0.0,3.2,37.7,58.4,11.74,19.22,0.64,0.63,0.0,0.0,0.52
2022-10-12,0.0,0.52,25.9,32.1,21.1,38.3,0.0,3.2,31.2,58.4,9.98,17.3,0.57,0.64,0.0,0.0,0.49
2022-10-13,0.0,0.49,25.0,30.4,21.2,44.5,0.0,3.2,28.1,58.4,8.48,15.57,0.52,0.57,0.0,0.0,0.48
2022-10-14,0.0,0.48,24.3,29.4,20.8,51.8,0.0,3.2,28.1,58.4,7.21,14.01,0.49,0.52,0.0,0.0,0.46
2022-10-15,0.0,0.46,23.4,29.1,20.0,48.0,0.0,0.0,24.7,58.4,6.13,12.61,0.48,0.49,0.0,0.0,0.45
2022-10-16,0.0,0.45,22.4,27.9,18.2,40.3,0.0,0.0,24.7,58.4,5.21,11.35,0.46,0.48,0.0,0.0,0.45
2022-10-17,0.0,0.45,23.2,29.2,18.8,54.3,0.0,0.0,24.5,58.4,4.43,10.21,0.45,0.46,0.0,0.0,0.44
2022-10-18,0.0,0.44,23.7,29.0,19.8,47.8,0.0,0.0,3.2,58.4,3.76,9.19,0.45,0.45,0.0,0.0,0.43
2022-10-19,0.0,0.43,21.9,29.2,18.9,67.3,0.0,0.0,3.2,58.4,3.2,8.27,0.44,0.45,0.0,0.0,0.43
2022-10-20,13.8,0.43,23.4,29.1,18.6,59.8,13.8,13.8,17.0,72.2,2.72,7.45,0.43,0.44,0.0,0.0,0.42
2022-10-21,0.0,0.42,22.9,29.2,20.0,67.3,13.8,13.8,17.0,72.2,14.04,19.12,0.43,0.43,13.8,0.0,0.5
2022-10-22,1.9,0.5,22.2,27.7,18.7,72.5,15.7,15.7,15.7,60.2,11.94,17.21,0.42,0.43,0.0,13.8,0.69
2022-10-23,10.9,0.69,20.8,26.9,17.7,76.8,12.8,26.6,26.6,64.3,11.76,17.2,0.5,0.42,1.9,0.0,0.73
2022-10-24,7.0,0.73,21.3,29.4,17.6,71.0,19.8,33.6,33.6,71.3,19.26,25.29,0.69,0.5,10.9,1.9,0.69
2022-10-25,17.5,0.69,22.8,29.7,16.7,55.8,35.4,51.1,51.1,88.8,22.32,29.06,0.73,0.69,7.0,10.9,0.63
2022-10-26,0.0,0.63,23.7,29.6,18.3,51.5,24.5,51.1,51.1,88.8,33.85,41.9,0.69,0.73,17.5,7.0,0.55
2022-10-27,0.0,0.55,25.2,30.8,19.4,51.0,17.5,37.3,51.1,88.8,28.77,37.71,0.63,0.69,0.0,17.5,0.49
2022-10-28,0.0,0.49,24.4,31.7,21.3,57.5,0.0,37.3,51.1,82.3,24.46,33.94,0.55,0.63,0.0,0.0,0.47
2022-10-29,7.2,0.47,25.3,30.6,21.1,50.3,7.2,42.6,58.3,86.4,20.79,30.55,0.49,0.55,0.0,0.0,0.45
2022-10-30,8.3,0.45,23.4,29.2,20.7,71.0,15.5,40.0,66.6,94.7,23.79,33.97,0.47,0.49,7.2,0.0,0.54
2022-10-31,0.0,0.54,22.4,25.5,20.0,85.0,15.5,33.0,66.6,91.3,27.28,38.05,0.45,0.47,8.3,7.2,0.71
2022-11-01,0.0,0.71,23.3,30.4,20.6,74.0,8.3,15.5,66.6,91.3,23.18,34.24,0.54,0.45,0.0,8.3,0.87
2022-11-02,9.3,0.87,17.1,21.8,15.2,82.3,9.3,24.8,75.9,100.4,19.71,30.82,0.71,0.54,0.0,0.0,1.08
2022-11-03,28.6,1.08,15.2,18.0,13.4,77.0,37.9,53.4,90.7,107.7,24.66,36.11,0.87,0.71,9.3,0.0,1.43
2022-11-04,1.2,1.43,17.1,21.5,13.3,60.3,39.1,54.6,91.9,108.9,45.27,58.23,1.08,0.87,28.6,9.3,1.38
2022-11-05,0.0,1.38,19.0,25.5,13.2,50.3,29.8,47.4,90.0,108.9,39.5,53.49,1.43,1.08,1.2,28.6,0.85
2022-11-06,0.0,0.85,20.4,25.7,15.6,49.8,1.2,39.1,79.1,108.9,33.57,48.14,1.38,1.43,0.0,1.2,0.61
2022-11-07,0.0,0.61,20.8,27.5,17.3,67.3,0.0,39.1,72.1,105.7,28.54,43.33,0.85,1.38,0.0,0.0,0.53
2022-11-08,7.9,0.53,21.0,28.6,18.0,71.5,7.9,47.0,62.5,113.6,24.26,39.0,0.61,0.85,0.0,0.0,0.58
2022-11-09,33.8,0.58,21.5,27.6,17.2,73.3,41.7,71.5,96.3,147.4,27.33,42.21,0.53,0.61,7.9,0.0,0.77
2022-11-10,8.8,0.77,24.6,30.7,18.1,55.5,50.5,51.7,105.1,156.2,51.96,68.41,0.58,0.53,33.8,7.9,0.75
2022-11-11,0.0,0.75,23.1,32.0,18.6,63.0,42.6,50.5,105.1,156.2,51.65,69.48,0.77,0.58,8.8,33.8,0.99
2022-11-12,13.5,0.99,22.9,27.7,18.1,67.8,22.3,64.0,111.4,169.7,43.9,62.54,0.75,0.77,0.0,8.8,1.62
2022-11-13,0.0,1.62,25.3,31.5,20.5,57.0,13.5,64.0,103.1,169.7,48.79,68.43,0.99,0.75,13.5,0.0,1.75
2022-11-14,7.1,1.75,23.0,29.6,19.6,84.0,20.6,71.1,110.2,176.8,41.47,61.59,1.62,0.99,0.0,13.5,1.77
2022-11-15,11.6,1.77,22.5,26.6,19.5,83.5,18.7,74.8,121.8,188.4,41.29,61.82,1.75,1.62,7.1,0.0,2.75
2022-11-16,26.8,2.75,21.1,27.4,15.0,85.0,45.5,67.8,139.3,215.2,44.95,66.08,1.77,1.75,11.6,7.1,7.85
2022-11-17,8.8,7.85,22.1,28.1,15.0,54.0,47.2,67.8,119.5,224.0,60.99,83.59,2.75,1.77,26.8,11.6,12.15
2022-11-18,0.0,12.15,22.3,28.5,17.2,56.8,35.6,67.8,118.3,224.0,59.32,83.15,7.85,2.75,8.8,26.8,9.54
2022-11-19,0.0,9.54,22.1,26.7,18.2,60.8,8.8,54.3,118.3,210.2,50.42,74.84,12.15,7.85,0.0,8.8,7.43
2022-11-20,0.0,7.43,22.6,28.6,19.0,59.0,0.0,54.3,118.3,210.2,42.86,67.35,9.54,12.15,0.0,0.0,5.79
2022-11-21,0.0,5.79,23.5,29.0,18.9,48.8,0.0,47.2,118.3,208.3,36.43,60.62,7.43,9.54,0.0,0.0,4.52
2022-11-22,0.0,4.52,23.4,28.4,19.2,60.8,0.0,35.6,110.4,197.4,30.97,54.56,5.79,7.43,0.0,0.0,3.39
2022-11-23,0.0,3.39,22.1,25.9,19.3,72.8,0.0,8.8,76.6,190.4,26.32,49.1,4.52,5.79,0.0,0.0,2.64
2022-11-24,3.9,2.64,21.2,24.3,19.4,65.3,3.9,3.9,71.7,176.8,22.37,44.19,3.39,4.52,0.0,0.0,2.61
2022-11-25,23.1,2.61,22.6,28.5,16.6,53.8,27.0,27.0,94.8,199.9,22.33,43.28,2.64,3.39,3.9,0.0,3.32
2022-11-26,22.3,3.32,21.0,26.9,17.4,75.8,49.3,49.3,103.6,222.2,38.62,59.74,2.61,2.64,23.1,3.9,3.06
2022-11-27,74.5,3.06,22.4,27.6,17.8,65.3,119.9,123.8,178.1,296.7,51.78,73.84,3.32,2.61,22.3,23.1,3.36
2022-11-28,2.8,3.36,23.4,29.5,20.1,65.3,99.6,126.6,173.8,292.3,107.34,133.5,3.06,3.32,74.5,22.3,4.2
2022-11-29,23.6,4.2,23.1,29.8,17.1,62.5,100.9,150.2,185.8,307.6,93.62,122.67,3.36,3.06,2.8,74.5,5.28
2022-11-30,35.1,5.28,22.9,29.2,17.2,65.0,61.5,185.3,194.1,342.7,99.63,131.65,4.2,3.36,23.6,2.8,5.87
2022-12-01,0.0,5.87,23.5,28.7,20.3,68.8,58.7,181.4,185.3,342.7,114.52,150.07,5.28,4.2,35.1,23.6,5.95
2022-12-02,8.8,5.95,23.3,28.6,20.6,70.3,43.9,167.1,194.1,342.2,97.35,135.06,5.87,5.28,0.0,35.1,6.67
2022-12-03,0.0,6.67,22.3,25.2,20.5,72.8,8.8,144.8,194.1,313.6,90.22,129.48,5.95,5.87,8.8,0.0,6.53
2022-12-04,1.3,6.53,22.2,27.7,18.7,69.3,10.1,71.6,195.4,313.7,76.69,116.53,6.67,5.95,0.0,8.8,6.33
2022-12-05,0.0,6.33,21.8,24.8,19.8,66.5,1.3,68.8,195.4,313.7,66.29,106.05,6.53,6.67,1.3,0.0,5.79
2022-12-06,0.0,5.79,20.3,22.0,19.2,85.3,1.3,45.2,195.4,313.7,56.35,95.44,6.33,6.53,0.0,1.3,5.89
2022-12-07,13.2,5.89,21.2,25.5,18.8,87.5,13.2,23.3,208.6,326.9,47.9,85.9,5.79,6.33,0.0,0.0,6.76
2022-12-08,8.9,6.76,23.8,30.4,19.0,64.3,22.1,32.2,213.6,327.9,51.93,89.19,5.89,5.79,13.2,0.0,8.95
2022-12-09,0.0,8.95,26.0,32.3,20.5,56.5,22.1,23.4,190.5,294.1,51.71,88.28,6.76,5.89,8.9,13.2,8.02
2022-12-10,0.0,8.02,23.1,30.6,18.8,76.8,8.9,23.4,168.2,285.3,43.95,79.45,8.95,6.76,0.0,8.9,6.35
2022-12-11,39.2,6.35,24.1,30.2,18.8,68.3,39.2,61.3,132.9,324.5,37.36,71.51,8.02,8.95,0.0,0.0,6.23
2022-12-12,92.7,6.23,24.5,29.3,20.6,73.3,131.9,154.0,222.8,403.7,65.07,99.64,6.35,8.02,39.2,0.0,8.1
2022-12-13,27.9,8.1,21.9,26.8,19.4,90.3,159.8,181.9,227.1,431.6,134.11,173.1,6.23,6.35,92.7,39.2,8.46
2022-12-14,25.3,8.46,20.7,23.5,19.1,72.0,145.9,194.0,217.3,449.8,137.71,180.9,8.1,6.23,27.9,92.7,10.3
2022-12-15,1.2,10.3,20.1,24.1,18.1,72.0,54.4,186.3,218.5,439.4,138.56,185.58,8.46,8.1,25.3,27.9,8.82
2022-12-16,0.0,8.82,22.4,27.4,17.6,63.5,26.5,186.3,209.7,412.6,118.79,168.1,10.3,8.46,1.2,25.3,7.32
2022-12-17,0.0,7.32,20.9,26.3,18.2,85.8,1.2,186.3,209.7,403.8,100.97,151.29,8.82,10.3,0.0,1.2,6.26
2022-12-18,29.5,6.26,22.6,27.8,18.2,68.5,29.5,176.6,237.9,433.3,85.83,136.16,7.32,8.82,0.0,0.0,7.22
2022-12-19,10.5,7.22,21.1,23.0,19.7,83.3,40.0,94.4,248.4,443.8,98.03,149.1,6.26,7.32,29.5,0.0,7.51
2022-12-20,38.7,7.51,20.8,23.1,19.2,91.3,78.7,105.2,287.1,482.5,92.25,143.64,7.22,6.26,10.5,29.5,8.12
2022-12-21,103.2,8.12,21.4,27.1,18.2,79.3,152.4,183.1,377.1,585.7,111.31,164.1,7.51,7.22,38.7,10.5,12.49
2022-12-22,24.5,12.49,22.0,26.8,18.7,70.0,166.4,206.4,392.7,610.2,182.33,240.57,8.12,7.51,103.2,38.7,13.66
2022-12-23,0.0,13.66,21.2,25.5,17.8,65.0,127.7,206.4,392.7,610.2,175.81,238.57,12.49,8.12,24.5,103.2,11.47
2022-12-24,0.0,11.47,22.7,27.8,19.3,69.3,24.5,206.4,392.7,606.3,149.44,214.71,13.66,12.49,0.0,24.5,9.59
2022-12-25,2.6,9.59,22.6,28.3,18.7,69.3,2.6,179.5,356.1,585.8,127.02,193.24,11.47,13.66,0.0,0.0,8.68
2022-12-26,2.8,8.68,21.0,25.7,19.2,80.8,5.4,171.8,266.2,566.3,110.18,176.25,9.59,11.47,2.6,0.0,8.04
2022-12-27,24.1,8.04,23.0,28.7,18.3,76.5,29.5,157.2,262.4,515.9,96.03,161.15,8.68,9.59,2.8,2.6,8.42
2022-12-28,2.1,8.42,23.9,27.8,20.6,67.8,29.0,56.1,239.2,515.2,102.11,166.72,8.04,8.68,24.1,2.8,7.53
2022-12-29,1.3,7.53,23.5,28.1,21.2,71.3,27.5,32.9,239.3,492.9,88.58,151.94,8.42,8.04,2.1,24.1,6.18
2022-12-30,0.0,6.18,22.6,28.5,19.7,79.3,3.4,32.9,239.3,457.8,76.4,137.92,7.53,8.42,1.3,2.1,5.17
2022-12-31,27.7,5.17,22.1,26.7,18.9,77.0,29.0,60.6,267.0,485.5,64.94,124.13,6.18,7.53,0.0,1.3,4.85
2023-01-01,2.3,4.85,21.7,26.2,19.8,86.3,30.0,60.3,239.8,479.0,78.74,136.64,5.17,6.18,27.7,0.0,4.56
2023-01-02,9.5,4.56,21.5,25.6,18.8,79.8,39.5,67.0,238.8,488.5,68.89,125.05,4.85,5.17,2.3,27.7,5.87
2023-01-03,4.5,5.87,21.9,25.6,19.1,83.8,16.3,47.4,204.6,491.7,66.63,121.09,4.56,4.85,9.5,2.3,6.64
2023-01-04,21.6,6.64,21.6,26.5,18.4,82.0,35.6,66.9,123.0,513.3,60.46,113.03,5.87,4.56,4.5,9.5,7.81
2023-01-05,17.4,7.81,21.1,23.8,18.9,95.0,43.5,83.0,115.9,530.7,69.75,121.17,6.64,5.87,21.6,4.5,9.69
2023-01-06,26.9,9.69,20.7,23.7,19.2,95.0,65.9,109.9,142.8,544.4,74.08,124.71,7.81,6.64,17.4,21.6,14.7
2023-01-07,61.4,14.7,20.8,26.6,18.8,93.0,105.7,143.6,204.2,596.9,85.83,136.45,9.69,7.81,26.9,17.4,22.99
2023-01-08,56.4,22.99,21.2,24.1,19.2,85.5,144.7,197.7,258.0,653.3,125.15,178.07,14.7,9.69,61.4,26.9,32.34
2023-01-09,12.2,32.34,21.8,27.7,18.5,85.8,130.0,200.4,267.4,665.5,154.31,211.02,22.99,14.7,56.4,61.4,30.99
2023-01-10,3.2,30.99,22.6,29.1,18.8,76.5,71.8,199.1,246.5,629.5,141.54,200.9,32.34,22.99,12.2,56.4,28.11
2023-01-11,0.2,28.11,23.2,28.5,19.9,74.5,15.6,177.7,244.6,537.0,123.03,183.69,30.99,32.34,3.2,12.2,24.76
2023-01-12,12.3,24.76,22.2,25.7,19.4,73.8,15.7,172.6,255.6,521.4,104.74,165.5,28.11,30.99,0.2,3.2,21.96
2023-01-13,0.4,21.96,24.2,30.7,19.3,68.3,12.9,146.1,256.0,496.5,99.49,160.02,24.76,28.11,12.3,0.2,20.68
2023-01-14,32.6,20.68,24.5,30.4,20.4,69.8,45.3,117.3,260.9,527.9,84.9,144.38,21.96,24.76,0.4,12.3,17.54
2023-01-15,0.0,17.54,25.6,31.0,21.9,65.0,33.0,60.9,258.6,527.9,99.88,159.28,20.68,21.96,32.6,0.4,14.96
2023-01-16,0.0,14.96,24.8,30.4,21.0,53.5,32.6,48.7,249.1,527.9,84.9,143.35,17.54,20.68,0.0,32.6,12.37
2023-01-17,0.0,12.37,24.9,30.3,20.3,56.0,0.0,45.5,244.6,498.4,72.16,129.02,14.96,17.54,0.0,0.0,10.27
2023-01-18,0.0,10.27,24.9,30.1,21.0,59.5,0.0,45.3,223.0,487.9,61.34,116.12,12.37,14.96,0.0,0.0,9.54
2023-01-19,1.6,9.54,22.7,27.6,18.8,70.5,1.6,34.6,207.2,450.8,52.14,104.5,10.27,12.37,0.0,0.0,9.79
2023-01-20,0.0,9.79,21.4,26.8,18.7,84.3,1.6,34.2,180.3,347.6,45.68,95.49,9.54,10.27,1.6,0.0,11.42
2023-01-21,37.4,11.42,20.3,23.8,18.2,91.8,39.0,39.0,156.3,360.5,38.82,85.94,9.79,9.54,0.0,1.6,12.4
2023-01-22,36.4,12.4,22.0,28.2,19.1,85.5,73.8,75.4,136.3,396.9,64.79,111.01,11.42,9.79,37.4,0.0,14.1
2023-01-23,44.8,14.1,23.1,27.0,20.0,77.3,118.6,120.2,168.9,441.7,86.01,132.67,12.4,11.42,36.4,37.4,14.96
2023-01-24,5.9,14.96,21.8,27.7,19.8,86.5,87.1,126.1,171.6,445.0,111.19,159.72,14.1,12.4,44.8,36.4,16.5
2023-01-25,24.4,16.5,22.9,28.4,19.2,79.0,75.1,150.5,195.8,466.6,99.53,149.06,14.96,14.1,5.9,44.8,19.46
2023-01-26,3.0,19.46,23.2,28.4,20.4,73.8,33.3,151.9,186.5,445.5,105.34,156.11,16.5,14.96,24.4,5.9,19.09
2023-01-27,0.0,19.09,23.5,27.8,19.6,73.8,27.4,151.9,186.1,443.4,92.09,143.2,19.46,16.5,3.0,24.4,18.86
2023-01-28,1.9,18.86,23.4,29.6,20.8,69.8,4.9,116.4,155.4,444.0,78.27,128.88,19.09,19.46,0.0,3.0,16.82
2023-01-29,0.0,16.82,24.5,30.1,20.6,62.8,1.9,80.0,155.4,444.0,68.15,117.7,18.86,19.09,1.9,0.0,14.35
2023-01-30,3.7,14.35,22.9,27.9,19.1,76.5,5.6,38.9,159.1,420.0,57.93,105.93,16.82,18.86,0.0,1.9,12.9
2023-01-31,3.4,12.9,24.5,30.2,20.2,59.8,7.1,36.4,162.5,421.1,52.38,98.67,14.35,16.82,3.7,0.0,10.67
2023-02-01,0.0,10.67,24.8,29.7,20.3,56.0,7.1,12.0,162.5,411.6,47.41,91.86,12.9,14.35,3.4,3.7,8.71
2023-02-02,0.0,8.71,24.9,29.3,21.5,57.8,3.4,9.0,160.9,407.1,40.3,82.68,10.67,12.9,0.0,3.4,7.0
2023-02-03,0.0,7.0,26.0,31.7,21.2,54.8,0.0,9.0,160.9,385.5,34.26,74.41,8.71,10.67,0.0,0.0,5.61
2023-02-04,0.0,5.61,27.3,32.5,22.5,53.8,0.0,7.1,123.5,368.1,29.12,66.97,7.0,8.71,0.0,0.0,4.41
2023-02-05,0.0,4.41,27.4,32.7,23.1,54.8,0.0,7.1,87.1,341.2,24.75,60.27,5.61,7.0,0.0,0.0,3.69
2023-02-06,0.0,3.69,26.1,31.5,22.2,58.0,0.0,3.4,42.3,279.8,21.04,54.24,4.41,5.61,0.0,0.0,4.14
2023-02-07,0.0,4.14,23.5,29.8,20.3,72.5,0.0,0.0,36.4,223.4,17.88,48.82,3.69,4.41,0.0,0.0,5.44
2023-02-08,15.5,5.44,23.9,29.1,20.2,61.8,15.5,15.5,27.5,226.7,15.2,43.94,4.14,3.69,0.0,0.0,7.22
2023-02-09,1.3,7.22,23.3,29.0,19.4,70.3,16.8,16.8,25.8,224.8,26.1,53.49,5.44,4.14,15.5,0.0,7.97
2023-02-10,0.0,7.97,24.6,29.7,20.5,61.3,16.8,16.8,25.8,224.6,23.29,49.31,7.22,5.44,1.3,15.5,7.47
2023-02-11,0.0,7.47,25.8,30.3,21.5,51.0,1.3,16.8,23.9,212.3,19.79,44.38,7.97,7.22,0.0,1.3,6.01
2023-02-12,0.0,6.01,23.2,31.1,19.4,78.8,0.0,16.8,23.9,211.9,16.82,39.94,7.47,7.97,0.0,0.0,5.1
2023-02-13,33.1,5.1,24.0,30.1,19.4,66.0,33.1,49.9,53.3,212.4,14.3,35.95,6.01,7.47,0.0,0.0,4.42
2023-02-14,19.5,4.42,24.2,31.0,20.7,71.5,52.6,69.4,69.4,231.9,40.29,62.15,5.1,6.01,33.1,0.0,4.09
2023-02-15,27.4,4.09,25.8,30.9,20.1,61.8,80.0,81.3,96.8,259.3,50.82,73.48,4.42,5.1,19.5,33.1,3.58
2023-02-16,43.2,3.58,22.9,29.8,19.6,74.8,90.1,123.2,140.0,302.5,66.49,90.79,4.09,4.42,27.4,19.5,3.3
2023-02-17,0.0,3.3,24.2,30.9,20.9,71.3,70.6,123.2,140.0,302.5,93.24,120.59,3.58,4.09,43.2,27.4,3.91
2023-02-18,5.6,3.91,23.7,29.4,21.0,79.0,48.8,128.8,145.6,306.5,79.25,108.53,3.3,3.58,0.0,43.2,5.85
2023-02-19,0.0,5.85,24.4,28.4,21.0,60.8,5.6,128.8,145.6,306.5,72.12,102.72,3.91,3.3,5.6,0.0,4.97
2023-02-20,3.4,4.97,23.7,29.1,20.3,62.0,9.0,99.1,149.0,272.5,61.3,92.45,5.85,3.91,0.0,5.6,4.47
2023-02-21,0.0,4.47,24.0,28.3,19.9,61.0,3.4,79.6,149.0,236.1,55.0,86.26,4.97,5.85,3.4,0.0,3.94
2023-02-22,0.0,3.94,25.3,30.0,20.8,56.8,3.4,52.2,133.5,191.3,46.75,77.64,4.47,4.97,0.0,3.4,3.35
2023-02-23,0.0,3.35,24.6,28.3,21.5,66.3,0.0,9.0,132.2,185.4,39.74,69.87,3.94,4.47,0.0,0.0,3.38
2023-02-24,0.0,3.38,25.1,29.5,22.0,60.5,0.0,9.0,132.2,161.0,33.78,62.89,3.35,3.94,0.0,0.0,2.66
2023-02-25,0.0,2.66,25.5,30.7,21.7,58.5,0.0,3.4,132.2,158.0,28.71,56.6,3.38,3.35,0.0,0.0,2.06
2023-02-26,0.0,2.06,25.9,30.7,22.0,60.5,0.0,3.4,132.2,158.0,24.4,50.94,2.66,3.38,0.0,0.0,1.65
2023-02-27,0.0,1.65,25.1,30.2,21.8,58.0,0.0,0.0,99.1,156.1,20.74,45.84,2.06,2.66,0.0,0.0,1.4
2023-02-28,0.0,1.4,25.4,30.5,21.1,52.5,0.0,0.0,79.6,156.1,17.63,41.26,1.65,2.06,0.0,0.0,1.31
2023-03-01,0.0,1.31,25.3,30.6,21.2,58.0,0.0,0.0,52.2,152.4,14.99,37.13,1.4,1.65,0.0,0.0,1.28
2023-03-02,0.0,1.28,25.0,30.5,22.1,64.0,0.0,0.0,9.0,149.0,12.74,33.42,1.31,1.4,0.0,0.0,1.25
2023-03-03,0.0,1.25,25.3,29.7,22.3,60.5,0.0,0.0,9.0,149.0,10.83,30.08,1.28,1.31,0.0,0.0,1.25
2023-03-04,0.0,1.25,25.2,30.3,20.6,52.8,0.0,0.0,3.4,149.0,9.2,27.07,1.25,1.28,0.0,0.0,1.25
2023-03-05,0.0,1.25,26.1,32.3,21.5,53.3,0.0,0.0,3.4,149.0,7.82,24.36,1.25,1.25,0.0,0.0,1.22
2023-03-06,0.0,1.22,25.7,29.8,22.2,57.0,0.0,0.0,0.0,149.0,6.65,21.93,1.25,1.25,0.0,0.0,1.25
2023-03-07,0.0,1.25,25.1,30.2,21.6,61.5,0.0,0.0,0.0,149.0,5.65,19.73,1.22,1.25,0.0,0.0,1.31
2023-03-08,0.0,1.31,24.4,29.7,21.7,64.8,0.0,0.0,0.0,149.0,4.8,17.76,1.25,1.22,0.0,0.0,1.31
2023-03-09,5.7,1.31,24.7,29.6,21.2,58.5,5.7,5.7,5.7,154.7,4.08,15.98,1.31,1.25,0.0,0.0,1.28
2023-03-10,0.0,1.28,24.8,29.4,21.6,63.8,5.7,5.7,5.7,139.2,8.32,19.52,1.31,1.31,5.7,0.0,1.25
2023-03-11,0.0,1.25,24.4,28.1,21.2,60.0,5.7,5.7,5.7,137.9,7.07,17.56,1.28,1.31,0.0,5.7,1.28
2023-03-12,46.0,1.28,23.6,28.4,19.0,64.5,46.0,51.7,51.7,183.9,6.01,15.81,1.25,1.28,0.0,0.0,1.28
2023-03-13,0.0,1.28,23.7,27.1,21.0,64.5,46.0,51.7,51.7,183.9,44.21,55.63,1.28,1.25,46.0,0.0,1.25
2023-03-14,0.0,1.25,23.2,26.7,20.8,65.5,46.0,51.7,51.7,183.9,37.58,50.06,1.28,1.28,0.0,46.0,1.25
2023-03-15,0.0,1.25,23.7,28.8,19.5,61.5,0.0,51.7,51.7,150.8,31.94,45.06,1.25,1.28,0.0,0.0,1.22
2023-03-16,3.9,1.22,23.6,29.4,19.8,62.0,3.9,49.9,55.6,135.2,27.15,40.55,1.25,1.25,0.0,0.0,1.22
2023-03-17,0.0,1.22,23.5,29.1,18.9,55.3,3.9,49.9,55.6,107.8,26.39,40.01,1.22,1.25,3.9,0.0,1.22
2023-03-18,0.0,1.22,24.1,29.4,20.4,61.5,3.9,49.9,55.6,64.6,22.43,36.01,1.22,1.22,0.0,3.9,1.25
2023-03-19,0.0,1.25,23.9,30.2,20.8,68.8,0.0,3.9,55.6,64.6,19.07,32.41,1.22,1.22,0.0,0.0,1.22
2023-03-20,9.6,1.22,23.9,28.8,20.6,64.0,9.6,13.5,65.2,68.6,16.21,29.17,1.25,1.22,0.0,0.0,1.22
2023-03-21,0.0,1.22,24.9,29.9,20.6,61.3,9.6,13.5,65.2,68.6,21.94,34.89,1.22,1.25,9.6,0.0,1.22
2023-03-22,0.0,1.22,24.9,29.4,21.6,59.5,9.6,13.5,65.2,65.2,18.65,31.4,1.22,1.22,0.0,9.6,1.22
2023-03-23,0.0,1.22,24.7,29.4,21.2,52.8,0.0,9.6,59.5,65.2,15.85,28.26,1.22,1.22,0.0,0.0,1.19
2023-03-24,0.0,1.19,25.4,30.4,20.9,50.5,0.0,9.6,59.5,65.2,13.47,25.43,1.22,1.22,0.0,0.0,1.19
2023-03-25,0.0,1.19,26.1,31.2,21.2,42.5,0.0,9.6,59.5,65.2,11.45,22.89,1.19,1.22,0.0,0.0,1.19
2023-03-26,0.0,1.19,26.3,31.2,22.3,51.3,0.0,9.6,13.5,65.2,9.73,20.6,1.19,1.19,0.0,0.0,1.19
2023-03-27,0.0,1.19,26.3,31.8,21.6,58.5,0.0,0.0,13.5,65.2,8.27,18.54,1.19,1.19,0.0,0.0,1.19
2023-03-28,0.0,1.19,24.9,29.9,21.5,62.5,0.0,0.0,13.5,65.2,7.03,16.69,1.19,1.19,0.0,0.0,1.19
2023-03-29,0.0,1.19,24.9,29.4,21.6,54.3,0.0,0.0,13.5,65.2,5.98,15.02,1.19,1.19,0.0,0.0,1.19
2023-03-30,0.0,1.19,25.1,30.2,21.2,48.3,0.0,0.0,9.6,65.2,5.08,13.52,1.19,1.19,0.0,0.0,1.16
2023-03-31,0.0,1.16,25.6,31.9,20.2,40.3,0.0,0.0,9.6,65.2,4.32,12.16,1.19,1.19,0.0,0.0,1.16
2023-04-01,0.0,1.16,26.1,31.2,21.7,53.8,0.0,0.0,9.6,65.2,3.67,10.95,1.16,1.19,0.0,0.0,1.19
2023-04-02,0.0,1.19,24.3,28.8,21.4,65.0,0.0,0.0,9.6,65.2,3.12,9.85,1.16,1.16,0.0,0.0,1.19
2023-04-03,0.0,1.19,22.5,28.6,20.0,68.3,0.0,0.0,0.0,65.2,2.65,8.87,1.19,1.16,0.0,0.0,1.16
2023-04-04,6.6,1.16,23.4,28.7,19.4,57.3,6.6,6.6,6.6,71.8,2.25,7.98,1.19,1.19,0.0,0.0,1.16
2023-04-05,0.0,1.16,24.1,29.0,19.9,58.3,6.6,6.6,6.6,71.8,7.53,13.12,1.16,1.19,6.6,0.0,1.25
2023-04-06,0.0,1.25,24.2,29.1,21.0,61.0,6.6,6.6,6.6,71.8,6.4,11.81,1.16,1.16,0.0,6.6,1.62
2023-04-07,0.0,1.62,23.8,30.0,20.9,75.3,0.0,6.6,6.6,71.8,5.44,10.63,1.25,1.16,0.0,0.0,2.03
2023-04-08,10.7,2.03,23.6,29.4,20.2,76.5,10.7,17.3,17.3,76.8,4.62,9.57,1.62,1.25,0.0,0.0,2.13
2023-04-09,3.9,2.13,21.4,27.1,19.6,81.8,14.6,21.2,21.2,80.7,13.02,18.24,2.03,1.62,10.7,0.0,1.88
2023-04-10,13.3,1.88,21.8,27.1,18.6,71.3,27.9,34.5,34.5,94.0,14.39,19.93,2.13,2.03,3.9,10.7,1.59
2023-04-11,0.0,1.59,21.7,26.0,18.1,68.8,17.2,27.9,34.5,48.0,23.53,29.9,1.88,2.13,13.3,3.9,1.38
2023-04-12,0.0,1.38,21.8,26.5,19.8,77.0,13.3,27.9,34.5,48.0,20.0,26.91,1.59,1.88,0.0,13.3,1.31
2023-04-13,0.0,1.31,24.1,29.6,20.0,67.5,0.0,27.9,34.5,48.0,17.0,24.22,1.38,1.59,0.0,0.0,1.56
2023-04-14,0.0,1.56,22.9,28.7,20.4,75.3,0.0,27.9,34.5,48.0,14.45,21.8,1.31,1.38,0.0,0.0,2.03
2023-04-15,23.5,2.03,23.3,28.6,19.4,70.8,23.5,40.7,58.0,67.6,12.28,19.62,1.56,1.31,0.0,0.0,1.81
2023-04-16,0.0,1.81,22.3,27.2,19.2,67.0,23.5,36.8,58.0,67.6,30.42,38.81,2.03,1.56,23.5,0.0,1.4
2023-04-17,0.0,1.4,23.9,30.2,19.2,60.8,23.5,23.5,58.0,67.6,25.85,34.93,1.81,2.03,0.0,23.5,1.25
2023-04-18,0.0,1.25,24.5,31.0,20.0,64.8,0.0,23.5,51.4,67.6,21.98,31.43,1.4,1.81,0.0,0.0,1.34
2023-04-19,0.0,1.34,22.9,27.1,21.2,86.0,0.0,23.5,51.4,58.0,18.68,28.29,1.25,1.4,0.0,0.0,1.44
2023-04-20,5.4,1.44,22.3,27.6,19.0,50.5,5.4,28.9,56.8,63.4,15.88,25.46,1.34,1.25,0.0,0.0,1.25
2023-04-21,0.0,1.25,19.2,22.6,16.4,65.3,5.4,28.9,56.8,63.4,18.09,27.78,1.44,1.34,5.4,0.0,1.22
2023-04-22,0.0,1.22,20.1,23.3,17.0,67.8,5.4,5.4,46.1,63.4,15.37,25.0,1.25,1.44,0.0,5.4,1.19
2023-04-23,0.0,1.19,20.1,23.7,17.8,73.5,0.0,5.4,42.2,63.4,13.07,22.5,1.22,1.25,0.0,0.0,1.19
2023-04-24,0.0,1.19,20.4,25.0,16.4,62.0,0.0,5.4,28.9,63.4,11.11,20.25,1.19,1.22,0.0,0.0,1.16
2023-04-25,0.0,1.16,21.8,26.9,17.4,65.5,0.0,5.4,28.9,63.4,9.44,18.22,1.19,1.19,0.0,0.0,1.16
2023-04-26,0.0,1.16,22.7,27.8,18.8,65.8,0.0,5.4,28.9,63.4,8.02,16.4,1.16,1.19,0.0,0.0,1.16
2023-04-27,0.0,1.16,23.8,29.2,19.7,66.5,0.0,0.0,28.9,63.4,6.82,14.76,1.16,1.16,0.0,0.0,1.34
2023-04-28,4.6,1.34,22.9,28.4,19.2,75.5,4.6,4.6,33.5,68.0,5.8,13.28,1.16,1.16,0.0,0.0,1.69
2023-04-29,14.6,1.69,20.8,25.9,17.1,78.5,19.2,19.2,24.6,82.6,8.84,16.1,1.34,1.16,4.6,0.0,1.56
2023-04-30,0.0,1.56,21.3,26.4,17.6,68.0,19.2,19.2,24.6,82.6,19.92,27.63,1.69,1.34,14.6,4.6,1.31
2023-05-01,0.0,1.31,21.7,27.6,18.1,57.3,14.6,19.2,24.6,82.6,16.93,24.86,1.56,1.69,0.0,14.6,1.22
2023-05-02,1.8,1.22,21.7,27.7,17.0,56.5,1.8,21.0,26.4,84.4,14.39,22.38,1.31,1.56,0.0,0.0,1.19
2023-05-03,1.4,1.19,22.8,27.1,18.2,55.3,3.2,22.4,27.8,85.8,13.76,21.76,1.22,1.31,1.8,0.0,1.16
2023-05-04,0.0,1.16,23.3,28.4,19.2,57.3,3.2,22.4,22.4,79.2,12.89,20.84,1.19,1.22,1.4,1.8,1.16
2023-05-05,0.0,1.16,23.3,29.1,18.9,56.8,1.4,17.8,22.4,79.2,10.96,18.76,1.16,1.19,0.0,1.4,1.12
2023-05-06,0.0,1.12,21.7,27.8,18.2,64.8,0.0,3.2,22.4,79.2,9.31,16.88,1.16,1.16,0.0,0.0,1.12
2023-05-07,0.0,1.12,21.5,26.5,18.2,63.5,0.0,3.2,22.4,79.2,7.92,15.2,1.12,1.16,0.0,0.0,1.12
2023-05-08,0.0,1.12,21.6,26.1,18.1,68.0,0.0,3.2,22.4,68.5,6.73,13.68,1.12,1.12,0.0,0.0,1.12
2023-05-09,0.0,1.12,22.4,27.2,18.8,63.5,0.0,1.4,22.4,64.6,5.72,12.31,1.12,1.12,0.0,0.0,1.09
2023-05-10,0.0,1.09,22.0,26.1,18.8,68.8,0.0,0.0,22.4,51.3,4.86,11.08,1.12,1.12,0.0,0.0,1.09
2023-05-11,0.0,1.09,23.2,28.8,18.9,64.8,0.0,0.0,22.4,51.3,4.13,9.97,1.09,1.12,0.0,0.0,1.09
2023-05-12,0.0,1.09,22.3,27.4,18.6,62.0,0.0,0.0,17.8,51.3,3.51,8.97,1.09,1.09,0.0,0.0,1.09
2023-05-13,0.0,1.09,21.2,27.8,17.6,70.5,0.0,0.0,3.2,51.3,2.99,8.08,1.09,1.09,0.0,0.0,1.09
2023-05-14,0.0,1.09,21.7,27.8,16.8,67.5,0.0,0.0,3.2,51.3,2.54,7.27,1.09,1.09,0.0,0.0,1.06
2023-05-15,0.0,1.06,21.7,27.7,16.5,65.5,0.0,0.0,3.2,27.8,2.16,6.54,1.09,1.09,0.0,0.0,1.06
2023-05-16,0.0,1.06,22.4,27.8,17.8,51.8,0.0,0.0,1.4,27.8,1.83,5.89,1.06,1.09,0.0,0.0,1.06
2023-05-17,0.0,1.06,20.2,26.9,15.8,60.5,0.0,0.0,0.0,27.8,1.56,5.3,1.06,1.06,0.0,0.0,1.06
2023-05-18,0.0,1.06,19.4,26.2,14.6,64.3,0.0,0.0,0.0,27.8,1.32,4.77,1.06,1.06,0.0,0.0,1.06
2023-05-19,0.0,1.06,18.5,25.5,13.6,66.3,0.0,0.0,0.0,27.8,1.13,4.29,1.06,1.06,0.0,0.0,1.03
2023-05-20,0.0,1.03,18.3,23.3,13.4,66.3,0.0,0.0,0.0,22.4,0.96,3.86,1.06,1.06,0.0,0.0,1.03
2023-05-21,0.0,1.03,19.0,23.9,14.7,66.3,0.0,0.0,0.0,22.4,0.81,3.48,1.03,1.06,0.0,0.0,1.03
2023-05-22,0.0,1.03,19.2,22.5,16.6,70.8,0.0,0.0,0.0,22.4,0.69,3.13,1.03,1.03,0.0,0.0,1.03
2023-05-23,0.0,1.03,18.4,22.5,16.4,78.5,0.0,0.0,0.0,22.4,0.59,2.82,1.03,1.03,0.0,0.0,1.03
2023-05-24,0.0,1.03,19.5,22.1,17.0,77.8,0.0,0.0,0.0,22.4,0.5,2.53,1.03,1.03,0.0,0.0,1.0
2023-05-25,0.0,1.0,19.6,23.3,16.9,70.8,0.0,0.0,0.0,22.4,0.42,2.28,1.03,1.03,0.0,0.0,1.0
2023-05-26,0.0,1.0,19.6,23.9,16.2,74.5,0.0,0.0,0.0,22.4,0.36,2.05,1.0,1.03,0.0,0.0,1.0
2023-05-27,0.0,1.0,20.3,26.7,16.2,67.5,0.0,0.0,0.0,22.4,0.31,1.85,1.0,1.0,0.0,0.0,1.0
2023-05-28,0.0,1.0,20.9,26.5,16.8,67.0,0.0,0.0,0.0,17.8,0.26,1.66,1.0,1.0,0.0,0.0,1.0
2023-05-29,0.0,1.0,19.5,23.7,16.8,79.3,0.0,0.0,0.0,3.2,0.22,1.5,1.0,1.0,0.0,0.0,1.0
2023-05-30,0.0,1.0,19.4,22.5,16.6,71.8,0.0,0.0,0.0,3.2,0.19,1.35,1.0,1.0,0.0,0.0,0.97
2023-05-31,0.0,0.97,20.7,25.2,16.7,70.5,0.0,0.0,0.0,3.2,0.16,1.21,1.0,1.0,0.0,0.0,0.97
2023-06-01,0.0,0.97,20.5,25.4,17.6,71.0,0.0,0.0,0.0,1.4,0.14,1.09,0.97,1.0,0.0,0.0,0.97
2023-06-02,0.0,0.97,19.2,25.1,16.2,67.0,0.0,0.0,0.0,0.0,0.12,0.98,0.97,0.97,0.0,0.0,0.97
2023-06-03,0.0,0.97,18.9,23.7,15.2,67.0,0.0,0.0,0.0,0.0,0.1,0.88,0.97,0.97,0.0,0.0,0.97
2023-06-04,0.0,0.97,18.5,24.1,14.4,68.8,0.0,0.0,0.0,0.0,0.08,0.8,0.97,0.97,0.0,0.0,0.97
2023-06-05,0.0,0.97,19.0,25.5,13.8,63.0,0.0,0.0,0.0,0.0,0.07,0.72,0.97,0.97,0.0,0.0,0.94
2023-06-06,0.0,0.94,17.9,22.7,14.0,64.3,0.0,0.0,0.0,0.0,0.06,0.64,0.97,0.97,0.0,0.0,0.94
2023-06-07,0.0,0.94,18.5,23.9,14.6,60.3,0.0,0.0,0.0,0.0,0.05,0.58,0.94,0.97,0.0,0.0,0.94
2023-06-08,0.0,0.94,19.3,25.3,15.0,60.0,0.0,0.0,0.0,0.0,0.04,0.52,0.94,0.94,0.0,0.0,0.94
2023-06-09,0.0,0.94,19.8,26.5,14.8,63.3,0.0,0.0,0.0,0.0,0.04,0.47,0.94,0.94,0.0,0.0,0.94
2023-06-10,0.0,0.94,20.7,27.4,15.4,61.5,0.0,0.0,0.0,0.0,0.03,0.42,0.94,0.94,0.0,0.0,0.91
2023-06-11,0.0,0.91,21.4,27.8,16.0,60.8,0.0,0.0,0.0,0.0,0.03,0.38,0.94,0.94,0.0,0.0,0.92
2023-06-12,0.0,0.92,22.2,28.6,16.8,62.0,0.0,0.0,0.0,0.0,0.02,0.34,0.91,0.94,0.0,0.0,0.91
2023-06-13,0.0,0.91,22.1,26.7,19.0,65.3,0.0,0.0,0.0,0.0,0.02,0.31,0.92,0.91,0.0,0.0,0.91
2023-06-14,0.0,0.91,20.7,24.4,18.4,69.0,0.0,0.0,0.0,0.0,0.02,0.28,0.91,0.92,0.0,0.0,0.91
2023-06-15,0.0,0.91,20.9,25.3,17.8,68.5,0.0,0.0,0.0,0.0,0.01,0.25,0.91,0.91,0.0,0.0,0.89
2023-06-16,0.0,0.89,21.0,26.1,17.6,72.5,0.0,0.0,0.0,0.0,0.01,0.22,0.91,0.91,0.0,0.0,1.09
2023-06-17,0.0,1.09,19.8,23.3,18.2,87.5,0.0,0.0,0.0,0.0,0.01,0.2,0.89,0.91,0.0,0.0,1.26
2023-06-18,0.0,1.26,19.6,25.5,15.4,71.8,0.0,0.0,0.0,0.0,0.01,0.18,1.09,0.89,0.0,0.0,1.01
2023-06-19,0.0,1.01,18.7,23.7,15.6,66.8,0.0,0.0,0.0,0.0,0.01,0.16,1.26,1.09,0.0,0.0,0.95
2023-06-20,0.0,0.95,17.9,22.7,14.4,68.5,0.0,0.0,0.0,0.0,0.01,0.15,1.01,1.26,0.0,0.0,0.92
2023-06-21,0.0,0.92,17.6,22.3,13.8,62.8,0.0,0.0,0.0,0.0,0.01,0.13,0.95,1.01,0.0,0.0,0.91
2023-06-22,0.0,0.91,17.8,23.6,13.6,63.3,0.0,0.0,0.0,0.0,0.0,0.12,0.92,0.95,0.0,0.0,0.89
2023-06-23,0.0,0.89,17.3,23.1,13.2,68.3,0.0,0.0,0.0,0.0,0.0,0.11,0.91,0.92,0.0,0.0,0.89
2023-06-24,0.0,0.89,18.3,23.9,13.6,66.8,0.0,0.0,0.0,0.0,0.0,0.1,0.89,0.91,0.0,0.0,0.87
2023-06-25,0.0,0.87,17.9,22.1,14.8,72.3,0.0,0.0,0.0,0.0,0.0,0.09,0.89,0.89,0.0,0.0,0.87
2023-06-26,0.0,0.87,19.4,25.5,14.1,69.5,0.0,0.0,0.0,0.0,0.0,0.08,0.87,0.89,0.0,0.0,0.86
2023-06-27,0.0,0.86,19.8,24.1,15.8,67.8,0.0,0.0,0.0,0.0,0.0,0.07,0.87,0.87,0.0,0.0,0.86
2023-06-28,0.0,0.86,19.6,26.5,14.4,56.8,0.0,0.0,0.0,0.0,0.0,0.06,0.86,0.87,0.0,0.0,0.85
2023-06-29,0.0,0.85,20.1,26.5,14.9,59.3,0.0,0.0,0.0,0.0,0.0,0.06,0.86,0.86,0.0,0.0,0.85
2023-06-30,0.0,0.85,19.8,24.5,16.0,60.8,0.0,0.0,0.0,0.0,0.0,0.05,0.85,0.86,0.0,0.0,0.85
2023-07-01,0.0,0.85,18.6,24.3,14.9,64.0,0.0,0.0,0.0,0.0,0.0,0.05,0.85,0.85,0.0,0.0,0.83
2023-07-02,0.0,0.83,19.4,25.8,14.2,59.8,0.0,0.0,0.0,0.0,0.0,0.04,0.85,0.85,0.0,0.0,0.83
2023-07-03,0.0,0.83,17.8,24.5,14.2,62.0,0.0,0.0,0.0,0.0,0.0,0.04,0.83,0.85,0.0,0.0,0.81
2023-07-04,0.0,0.81,17.0,22.7,12.3,59.8,0.0,0.0,0.0,0.0,0.0,0.03,0.83,0.83,0.0,0.0,0.81
2023-07-05,0.0,0.81,16.1,20.5,12.8,62.5,0.0,0.0,0.0,0.0,0.0,0.03,0.81,0.83,0.0,0.0,0.81
2023-07-06,0.0,0.81,16.0,22.2,11.6,63.8,0.0,0.0,0.0,0.0,0.0,0.03,0.81,0.81,0.0,0.0,0.8
2023-07-07,0.0,0.8,17.8,24.5,11.6,57.5,0.0,0.0,0.0,0.0,0.0,0.02,0.81,0.81,0.0,0.0,0.8
2023-07-08,0.0,0.8,19.1,26.5,13.4,54.8,0.0,0.0,0.0,0.0,0.0,0.02,0.8,0.81,0.0,0.0,0.8
2023-07-09,0.0,0.8,21.1,28.4,14.8,53.5,0.0,0.0,0.0,0.0,0.0,0.02,0.8,0.8,0.0,0.0,0.78
2023-07-10,0.0,0.78,21.7,28.0,17.2,63.0,0.0,0.0,0.0,0.0,0.0,0.02,0.8,0.8,0.0,0.0,0.78
2023-07-11,0.0,0.78,22.9,30.2,16.8,55.8,0.0,0.0,0.0,0.0,0.0,0.02,0.78,0.8,0.0,0.0,0.78
2023-07-12,0.0,0.78,23.6,30.1,17.8,51.8,0.0,0.0,0.0,0.0,0.0,0.01,0.78,0.78,0.0,0.0,0.77
2023-07-13,0.0,0.77,23.0,29.8,14.6,50.8,0.0,0.0,0.0,0.0,0.0,0.01,0.78,0.78,0.0,0.0,0.77
2023-07-14,0.0,0.77,19.3,25.5,17.2,64.0,0.0,0.0,0.0,0.0,0.0,0.01,0.77,0.78,0.0,0.0,0.77
2023-07-15,0.0,0.77,17.1,22.3,14.2,79.8,0.0,0.0,0.0,0.0,0.0,0.01,0.77,0.77,0.0,0.0,0.75
2023-07-16,0.0,0.75,19.8,26.3,15.6,73.8,0.0,0.0,0.0,0.0,0.0,0.01,0.77,0.77,0.0,0.0,0.75
2023-07-17,0.0,0.75,21.7,28.4,16.8,66.8,0.0,0.0,0.0,0.0,0.0,0.01,0.75,0.77,0.0,0.0,0.75
2023-07-18,0.0,0.75,22.8,29.4,17.4,60.5,0.0,0.0,0.0,0.0,0.0,0.01,0.75,0.75,0.0,0.0,0.75
2023-07-19,0.0,0.75,22.0,26.9,19.1,69.3,0.0,0.0,0.0,0.0,0.0,0.01,0.75,0.75,0.0,0.0,0.73
2023-07-20,0.0,0.73,19.5,23.1,17.6,71.8,0.0,0.0,0.0,0.0,0.0,0.01,0.75,0.75,0.0,0.0,0.73
2023-07-21,0.0,0.73,18.4,22.5,16.6,73.0,0.0,0.0,0.0,0.0,0.0,0.01,0.73,0.75,0.0,0.0,0.73
2023-07-22,0.0,0.73,18.8,23.5,15.2,66.3,0.0,0.0,0.0,0.0,0.0,0.01,0.73,0.73,0.0,0.0,0.72
2023-07-23,0.0,0.72,19.8,23.5,16.4,70.3,0.0,0.0,0.0,0.0,0.0,0.0,0.73,0.73,0.0,0.0,0.75
2023-07-24,0.0,0.75,19.9,24.5,17.8,72.3,0.0,0.0,0.0,0.0,0.0,0.0,0.72,0.73,0.0,0.0,0.73
2023-07-25,0.0,0.73,20.5,26.1,16.0,60.5,0.0,0.0,0.0,0.0,0.0,0.0,0.75,0.72,0.0,0.0,0.77
2023-07-26,0.0,0.77,20.9,26.9,17.6,67.8,0.0,0.0,0.0,0.0,0.0,0.0,0.73,0.75,0.0,0.0,0.75
2023-07-27,0.0,0.75,20.9,25.6,17.4,66.8,0.0,0.0,0.0,0.0,0.0,0.0,0.77,0.73,0.0,0.0,0.73
2023-07-28,0.0,0.73,21.0,26.2,16.8,62.0,0.0,0.0,0.0,0.0,0.0,0.0,0.75,0.77,0.0,0.0,0.72
2023-07-29,0.0,0.72,20.9,26.3,17.0,66.0,0.0,0.0,0.0,0.0,0.0,0.0,0.73,0.75,0.0,0.0,0.72
2023-07-30,0.0,0.72,19.5,25.5,17.0,72.5,0.0,0.0,0.0,0.0,0.0,0.0,0.72,0.73,0.0,0.0,0.7
2023-07-31,0.0,0.7,20.0,26.4,16.0,68.3,0.0,0.0,0.0,0.0,0.0,0.0,0.72,0.72,0.0,0.0,0.7
2023-08-01,0.0,0.7,20.1,26.1,15.8,61.8,0.0,0.0,0.0,0.0,0.0,0.0,0.7,0.72,0.0,0.0,0.69
2023-08-02,0.0,0.69,19.9,25.7,15.2,58.8,0.0,0.0,0.0,0.0,0.0,0.0,0.7,0.7,0.0,0.0,0.69
2023-08-03,0.0,0.69,21.2,29.2,14.6,51.0,0.0,0.0,0.0,0.0,0.0,0.0,0.69,0.7,0.0,0.0,0.69
2023-08-04,0.0,0.69,22.7,28.8,17.2,46.8,0.0,0.0,0.0,0.0,0.0,0.0,0.69,0.69,0.0,0.0,0.69
2023-08-05,0.0,0.69,22.8,30.4,17.2,48.8,0.0,0.0,0.0,0.0,0.0,0.0,0.69,0.69,0.0,0.0,0.67
2023-08-06,0.0,0.67,20.8,27.2,17.1,57.0,0.0,0.0,0.0,0.0,0.0,0.0,0.69,0.69,0.0,0.0,0.67
2023-08-07,0.0,0.67,21.3,29.2,15.2,45.8,0.0,0.0,0.0,0.0,0.0,0.0,0.67,0.69,0.0,0.0,0.67
2023-08-08,0.0,0.67,22.8,29.5,16.6,51.0,0.0,0.0,0.0,0.0,0.0,0.0,0.67,0.67,0.0,0.0,0.66
2023-08-09,0.0,0.66,19.8,23.8,17.4,69.8,0.0,0.0,0.0,0.0,0.0,0.0,0.67,0.67,0.0,0.0,0.66
2023-08-10,0.0,0.66,20.7,26.3,16.8,62.0,0.0,0.0,0.0,0.0,0.0,0.0,0.66,0.67,0.0,0.0,0.65
2023-08-11,0.0,0.65,22.2,29.4,16.0,56.3,0.0,0.0,0.0,0.0,0.0,0.0,0.66,0.66,0.0,0.0,0.65
2023-08-12,0.0,0.65,24.1,30.4,18.4,52.3,0.0,0.0,0.0,0.0,0.0,0.0,0.65,0.66,0.0,0.0,0.64
2023-08-13,0.0,0.64,21.3,25.9,18.6,63.5,0.0,0.0,0.0,0.0,0.0,0.0,0.65,0.65,0.0,0.0,0.64
2023-08-14,0.0,0.64,21.5,25.7,18.2,64.8,0.0,0.0,0.0,0.0,0.0,0.0,0.64,0.65,0.0,0.0,0.63
2023-08-15,0.0,0.63,20.9,24.7,18.4,66.0,0.0,0.0,0.0,0.0,0.0,0.0,0.64,0.64,0.0,0.0,0.63
2023-08-16,0.0,0.63,20.0,23.8,17.8,69.3,0.0,0.0,0.0,0.0,0.0,0.0,0.63,0.64,0.0,0.0,0.63
2023-08-17,0.0,0.63,20.7,25.5,17.2,61.8,0.0,0.0,0.0,0.0,0.0,0.0,0.63,0.63,0.0,0.0,0.62
2023-08-18,0.0,0.62,21.7,28.6,15.8,59.8,0.0,0.0,0.0,0.0,0.0,0.0,0.63,0.63,0.0,0.0,0.62
2023-08-19,0.0,0.62,23.7,30.8,17.2,51.5,0.0,0.0,0.0,0.0,0.0,0.0,0.62,0.63,0.0,0.0,0.61
2023-08-20,0.0,0.61,22.5,29.2,19.4,60.5,0.0,0.0,0.0,0.0,0.0,0.0,0.62,0.62,0.0,0.0,0.61
2023-08-21,0.0,0.61,18.4,22.9,15.2,73.5,0.0,0.0,0.0,0.0,0.0,0.0,0.61,0.62,0.0,0.0,0.62
2023-08-22,0.0,0.62,22.4,30.2,15.4,49.5,0.0,0.0,0.0,0.0,0.0,0.0,0.61,0.61,0.0,0.0,0.63
2023-08-23,0.0,0.63,24.2,32.6,17.0,41.0,0.0,0.0,0.0,0.0,0.0,0.0,0.62,0.61,0.0,0.0,0.6
2023-08-24,0.0,0.6,25.7,33.0,19.0,44.0,0.0,0.0,0.0,0.0,0.0,0.0,0.63,0.62,0.0,0.0,0.59
2023-08-25,0.0,0.59,25.7,30.6,21.4,50.0,0.0,0.0,0.0,0.0,0.0,0.0,0.6,0.63,0.0,0.0,0.59
2023-08-26,0.0,0.59,23.9,30.5,20.4,63.0,0.0,0.0,0.0,0.0,0.0,0.0,0.59,0.6,0.0,0.0,0.62
2023-08-27,12.6,0.62,18.0,22.0,16.1,80.5,12.6,12.6,12.6,12.6,0.0,0.0,0.59,0.59,0.0,0.0,0.71
2023-08-28,0.0,0.71,18.5,21.1,15.9,81.3,12.6,12.6,12.6,12.6,10.71,11.34,0.62,0.59,12.6,0.0,1.2
2023-08-29,6.8,1.2,20.6,26.3,17.0,78.0,19.4,19.4,19.4,19.4,9.1,10.21,0.71,0.62,0.0,12.6,1.28
2023-08-30,3.4,1.28,22.0,27.4,17.6,70.0,10.2,22.8,22.8,22.8,13.52,15.31,1.2,0.71,6.8,0.0,0.83
2023-08-31,0.0,0.83,23.1,29.8,18.3,66.5,10.2,22.8,22.8,22.8,14.38,16.83,1.28,1.2,3.4,6.8,0.89
2023-09-01,0.0,0.89,22.9,28.1,19.8,65.0,3.4,22.8,22.8,22.8,12.22,15.15,0.83,1.28,0.0,3.4,0.73
2023-09-02,0.0,0.73,22.8,28.0,19.1,67.5,0.0,22.8,22.8,22.8,10.39,13.64,0.89,0.83,0.0,0.0,0.71
2023-09-03,0.0,0.71,23.1,28.8,18.4,71.3,0.0,10.2,22.8,22.8,8.83,12.27,0.73,0.89,0.0,0.0,0.66
2023-09-04,0.0,0.66,23.8,30.6,18.6,62.8,0.0,10.2,22.8,22.8,7.51,11.05,0.71,0.73,0.0,0.0,0.64
2023-09-05,0.0,0.64,24.0,31.6,19.2,68.0,0.0,3.4,22.8,22.8,6.38,9.94,0.66,0.71,0.0,0.0,0.63
2023-09-06,0.0,0.63,20.9,24.0,19.7,79.3,0.0,0.0,22.8,22.8,5.42,8.95,0.64,0.66,0.0,0.0,0.61
2023-09-07,0.0,0.61,21.2,25.8,18.2,59.3,0.0,0.0,22.8,22.8,4.61,8.05,0.63,0.64,0.0,0.0,0.63
2023-09-08,0.0,0.63,21.0,27.3,17.2,55.0,0.0,0.0,22.8,22.8,3.92,7.25,0.61,0.63,0.0,0.0,0.63
2023-09-09,0.0,0.63,22.3,28.4,17.0,49.3,0.0,0.0,22.8,22.8,3.33,6.52,0.63,0.61,0.0,0.0,0.6
2023-09-10,0.0,0.6,21.6,27.3,18.2,53.5,0.0,0.0,10.2,22.8,2.83,5.87,0.63,0.63,0.0,0.0,0.59
2023-09-11,0.0,0.59,21.5,26.5,17.6,54.3,0.0,0.0,10.2,22.8,2.41,5.28,0.6,0.63,0.0,0.0,0.58
2023-09-12,0.0,0.58,23.2,29.3,17.5,48.0,0.0,0.0,3.4,22.8,2.05,4.75,0.59,0.6,0.0,0.0,0.58
2023-09-13,0.0,0.58,24.0,31.2,18.8,57.0,0.0,0.0,0.0,22.8,1.74,4.28,0.58,0.59,0.0,0.0,0.57
2023-09-14,0.0,0.57,25.3,33.3,19.2,52.5,0.0,0.0,0.0,22.8,1.48,3.85,0.58,0.58,0.0,0.0,0.56
2023-09-15,0.0,0.56,23.3,29.0,20.8,67.8,0.0,0.0,0.0,22.8,1.26,3.47,0.57,0.58,0.0,0.0,0.58
2023-09-16,0.0,0.58,23.9,31.5,19.8,65.5,0.0,0.0,0.0,22.8,1.07,3.12,0.56,0.57,0.0,0.0,0.57
2023-09-17,0.0,0.57,24.3,30.4,20.0,55.5,0.0,0.0,0.0,22.8,0.91,2.81,0.58,0.56,0.0,0.0,0.59
2023-09-18,0.0,0.59,24.5,31.0,19.8,55.5,0.0,0.0,0.0,22.8,0.77,2.53,0.57,0.58,0.0,0.0,0.58
2023-09-19,0.0,0.58,24.9,32.4,20.2,56.3,0.0,0.0,0.0,22.8,0.66,2.27,0.59,0.57,0.0,0.0,0.56
2023-09-20,0.0,0.56,23.3,29.4,19.6,61.3,0.0,0.0,0.0,22.8,0.56,2.05,0.58,0.59,0.0,0.0,0.56
2023-09-21,0.0,0.56,22.5,28.4,18.8,55.0,0.0,0.0,0.0,22.8,0.47,1.84,0.56,0.58,0.0,0.0,0.54
2023-09-22,0.0,0.54,24.6,31.6,18.6,52.0,0.0,0.0,0.0,22.8,0.4,1.66,0.56,0.56,0.0,0.0,0.54
2023-09-23,0.0,0.54,26.8,33.4,20.4,47.0,0.0,0.0,0.0,22.8,0.34,1.49,0.54,0.56,0.0,0.0,0.53
2023-09-24,0.0,0.53,29.0,36.0,22.4,44.5,0.0,0.0,0.0,22.8,0.29,1.34,0.54,0.54,0.0,0.0,0.52
2023-09-25,0.0,0.52,30.6,37.5,24.2,45.5,0.0,0.0,0.0,22.8,0.25,1.21,0.53,0.54,0.0,0.0,0.52
2023-09-26,0.0,0.52,29.8,36.0,26.4,45.8,0.0,0.0,0.0,10.2,0.21,1.09,0.52,0.53,0.0,0.0,0.52
2023-09-27,0.0,0.52,27.9,33.1,25.1,55.3,0.0,0.0,0.0,10.2,0.18,0.98,0.52,0.52,0.0,0.0,0.51
2023-09-28,8.8,0.51,25.6,33.6,21.4,67.5,8.8,8.8,8.8,12.2,0.15,0.88,0.52,0.52,0.0,0.0,0.71
2023-09-29,3.7,0.71,21.2,26.3,19.0,76.0,12.5,12.5,12.5,12.5,7.61,8.71,0.51,0.52,8.8,0.0,0.73
2023-09-30,0.0,0.73,22.6,28.2,19.1,67.5,12.5,12.5,12.5,12.5,9.61,11.17,0.71,0.51,3.7,8.8,0.59
2023-10-01,0.0,0.59,20.8,23.2,19.4,87.5,3.7,12.5,12.5,12.5,8.17,10.05,0.73,0.71,0.0,3.7,0.67
2023-10-02,24.5,0.67,23.3,28.5,18.8,73.3,24.5,37.0,37.0,37.0,6.95,9.05,0.59,0.73,0.0,0.0,1.08
2023-10-03,3.4,1.08,25.4,32.3,20.8,68.5,27.9,40.4,40.4,40.4,26.73,30.19,0.67,0.59,24.5,0.0,1.08
2023-10-04,0.0,1.08,27.4,34.0,21.8,59.0,27.9,40.4,40.4,40.4,25.61,30.23,1.08,0.67,3.4,24.5,0.76
2023-10-05,1.4,0.76,27.6,32.8,23.2,61.5,4.8,33.0,41.8,41.8,21.77,27.21,1.08,1.08,0.0,3.4,0.69
2023-10-06,21.3,0.69,25.5,31.4,20.4,67.0,22.7,50.6,63.1,63.1,19.69,25.75,0.76,1.08,1.4,0.0,0.63
2023-10-07,0.0,0.63,27.9,34.0,22.4,55.5,22.7,50.6,63.1,63.1,34.84,42.35,0.69,0.76,21.3,1.4,0.58
2023-10-08,0.0,0.58,26.9,32.3,23.6,61.8,21.3,50.6,63.1,63.1,29.62,38.11,0.63,0.69,0.0,21.3,0.56
2023-10-09,0.0,0.56,26.2,29.9,22.4,61.0,0.0,26.1,63.1,63.1,25.17,34.3,0.58,0.63,0.0,0.0,0.54
2023-10-10,0.0,0.54,25.5,30.8,22.6,69.3,0.0,22.7,63.1,63.1,21.4,30.87,0.56,0.58,0.0,0.0,0.54
2023-10-11,0.0,0.54,25.7,31.1,21.8,61.8,0.0,22.7,63.1,63.1,18.19,27.78,0.54,0.56,0.0,0.0,0.53
2023-10-12,0.0,0.53,27.6,33.4,21.9,54.0,0.0,21.3,54.3,63.1,15.46,25.0,0.54,0.54,0.0,0.0,0.52
2023-10-13,0.0,0.52,27.0,33.4,21.9,57.5,0.0,0.0,50.6,63.1,13.14,22.5,0.53,0.54,0.0,0.0,0.76
2023-10-14,0.0,0.76,23.9,27.1,22.6,74.8,0.0,0.0,50.6,63.1,11.17,20.25,0.52,0.53,0.0,0.0,0.71
2023-10-15,0.0,0.71,23.5,27.2,21.0,67.8,0.0,0.0,50.6,63.1,9.49,18.23,0.76,0.52,0.0,0.0,0.52
2023-10-16,0.0,0.52,25.4,30.8,21.4,58.3,0.0,0.0,26.1,63.1,8.07,16.41,0.71,0.76,0.0,0.0,0.5
2023-10-17,0.0,0.5,26.6,32.4,21.2,52.0,0.0,0.0,22.7,63.1,6.86,14.76,0.52,0.71,0.0,0.0,0.48
2023-10-18,0.0,0.48,26.0,32.1,21.8,62.0,0.0,0.0,22.7,63.1,5.83,13.29,0.5,0.52,0.0,0.0,0.5
2023-10-19,4.7,0.5,23.9,28.8,21.2,72.8,4.7,4.7,26.0,67.8,4.96,11.96,0.48,0.5,0.0,0.0,0.5
2023-10-20,2.1,0.5,22.8,29.1,20.2,79.0,6.8,6.8,6.8,69.9,8.21,14.99,0.5,0.48,4.7,0.0,0.47
2023-10-21,0.0,0.47,22.0,25.5,20.0,75.5,6.8,6.8,6.8,69.9,8.76,15.38,0.5,0.5,2.1,4.7,0.49
2023-10-22,0.0,0.49,23.8,29.8,19.8,67.3,2.1,6.8,6.8,69.9,7.45,13.85,0.47,0.5,0.0,2.1,0.47
2023-10-23,0.0,0.47,25.1,32.3,19.1,56.5,0.0,6.8,6.8,69.9,6.33,12.46,0.49,0.47,0.0,0.0,0.48
2023-10-24,0.0,0.48,27.8,34.7,20.8,46.5,0.0,6.8,6.8,69.9,5.38,11.22,0.47,0.49,0.0,0.0,0.47
2023-10-25,2.6,0.47,24.1,32.4,21.2,75.8,2.6,9.4,9.4,72.5,4.57,10.09,0.48,0.47,0.0,0.0,0.46
2023-10-26,9.1,0.46,24.7,32.3,21.1,74.5,11.7,13.8,18.5,81.6,6.1,11.42,0.47,0.48,2.6,0.0,0.64
2023-10-27,36.8,0.64,24.1,29.8,20.4,73.8,48.5,48.5,55.3,118.4,12.92,18.47,0.46,0.47,9.1,2.6,1.01
2023-10-28,1.3,1.01,25.1,29.0,21.2,71.8,47.2,49.8,56.6,110.9,42.26,49.74,0.64,0.46,36.8,9.1,1.35
2023-10-29,1.1,1.35,25.8,32.9,22.8,70.5,39.2,50.9,57.7,108.3,37.03,45.94,1.01,0.64,1.3,36.8,1.93
2023-10-30,49.6,1.93,26.0,32.2,20.8,66.8,52.0,100.5,107.3,157.9,32.41,42.34,1.35,1.01,1.1,1.3,1.09
2023-10-31,0.5,1.09,23.7,31.2,20.8,82.0,51.2,101.0,107.8,158.4,69.71,82.74,1.93,1.35,49.6,1.1,1.4
2023-11-01,3.6,1.4,25.1,31.4,20.6,65.0,53.7,102.0,111.4,137.5,59.68,74.92,1.09,1.93,0.5,49.6,2.04
2023-11-02,0.0,2.04,24.0,28.3,21.4,82.5,4.1,92.9,106.7,134.1,53.78,70.67,1.4,1.09,3.6,0.5,1.75
2023-11-03,4.7,1.75,24.7,29.2,21.6,86.8,8.3,60.8,109.3,138.8,45.72,63.6,2.04,1.4,0.0,3.6,1.29
2023-11-04,0.0,1.29,23.6,29.4,19.8,78.0,4.7,59.5,109.3,137.4,42.85,61.47,1.75,2.04,4.7,0.0,0.88
2023-11-05,0.0,0.88,25.7,33.4,20.3,52.8,4.7,58.4,109.3,116.1,36.43,55.32,1.29,1.75,0.0,4.7,0.69
2023-11-06,0.0,0.69,23.2,29.2,19.4,63.8,0.0,8.8,109.3,116.1,30.96,49.79,0.88,1.29,0.0,0.0,0.68
2023-11-07,0.0,0.68,23.3,29.8,18.8,53.5,0.0,8.3,109.3,116.1,26.32,44.81,0.69,0.88,0.0,0.0,0.57
2023-11-08,0.0,0.57,23.3,29.4,18.6,54.8,0.0,4.7,106.7,116.1,22.37,40.33,0.68,0.69,0.0,0.0,0.54
2023-11-09,0.0,0.54,25.6,32.7,19.0,41.3,0.0,4.7,97.6,116.1,19.01,36.3,0.57,0.68,0.0,0.0,0.52
2023-11-10,0.0,0.52,27.6,32.9,20.6,42.0,0.0,0.0,60.8,116.1,16.16,32.67,0.54,0.57,0.0,0.0,0.5
2023-11-11,0.0,0.5,28.3,34.2,22.8,42.0,0.0,0.0,59.5,116.1,13.74,29.4,0.52,0.54,0.0,0.0,0.49
2023-11-12,0.0,0.49,30.0,35.5,23.4,44.0,0.0,0.0,58.4,116.1,11.68,26.46,0.5,0.52,0.0,0.0,0.48
2023-11-13,0.0,0.48,30.9,37.3,25.6,45.8,0.0,0.0,8.8,116.1,9.93,23.81,0.49,0.5,0.0,0.0,0.47
2023-11-14,0.0,0.47,31.5,36.6,27.0,42.8,0.0,0.0,8.3,116.1,8.44,21.43,0.48,0.49,0.0,0.0,0.47
2023-11-15,0.0,0.47,31.0,36.8,27.0,58.5,0.0,0.0,4.7,116.1,7.17,19.29,0.47,0.48,0.0,0.0,0.46
2023-11-16,0.0,0.46,29.6,37.0,24.0,57.8,0.0,0.0,4.7,116.1,6.1,17.36,0.47,0.47,0.0,0.0,0.45
2023-11-17,0.0,0.45,30.4,36.2,25.2,51.8,0.0,0.0,0.0,116.1,5.18,15.62,0.46,0.47,0.0,0.0,0.45
2023-11-18,0.0,0.45,31.7,37.2,27.0,47.3,0.0,0.0,0.0,111.4,4.4,14.06,0.45,0.46,0.0,0.0,0.45
2023-11-19,0.0,0.45,27.8,35.3,25.6,67.8,0.0,0.0,0.0,109.3,3.74,12.66,0.45,0.45,0.0,0.0,0.45
2023-11-20,55.7,0.45,21.9,26.3,19.2,72.0,55.7,55.7,55.7,165.0,3.18,11.39,0.45,0.45,0.0,0.0,1.9
2023-11-21,14.3,1.9,24.5,31.0,19.6,65.0,70.0,70.0,70.0,179.3,50.05,60.38,0.45,0.45,55.7,0.0,2.17
2023-11-22,0.0,2.17,27.2,32.9,22.4,55.5,70.0,70.0,70.0,179.3,54.7,67.21,1.9,0.45,14.3,55.7,0.61
2023-11-23,0.0,0.61,28.9,34.2,23.8,48.3,14.3,70.0,70.0,179.3,46.49,60.49,2.17,1.9,0.0,14.3,0.54
2023-11-24,11.1,0.54,25.5,33.2,22.0,69.5,11.1,81.1,81.1,187.8,39.52,54.44,0.61,2.17,0.0,0.0,0.64
2023-11-25,0.0,0.64,22.2,26.9,19.9,72.8,11.1,81.1,81.1,178.7,43.03,58.99,0.54,0.61,11.1,0.0,0.57
2023-11-26,0.0,0.57,23.0,28.6,19.0,64.3,11.1,81.1,81.1,141.9,36.57,53.09,0.64,0.54,0.0,11.1,0.58
2023-11-27,0.0,0.58,24.4,30.1,19.8,64.5,0.0,25.4,81.1,140.6,31.09,47.78,0.57,0.64,0.0,0.0,0.51
2023-11-28,0.0,0.51,25.8,30.9,22.1,65.3,0.0,11.1,81.1,139.5,26.42,43.0,0.58,0.57,0.0,0.0,0.49
2023-11-29,0.0,0.49,25.2,29.4,22.8,67.3,0.0,11.1,81.1,89.9,22.46,38.7,0.51,0.58,0.0,0.0,0.47
2023-11-30,0.0,0.47,26.8,32.2,22.8,63.3,0.0,11.1,81.1,89.4,19.09,34.83,0.49,0.51,0.0,0.0,0.51
2023-12-01,0.0,0.51,25.5,33.2,21.0,72.5,0.0,0.0,81.1,85.8,16.23,31.35,0.47,0.49,0.0,0.0,0.56
2023-12-02,17.4,0.56,25.6,30.6,20.6,72.8,17.4,17.4,98.5,103.2,13.79,28.21,0.51,0.47,0.0,0.0,0.68
2023-12-03,0.0,0.68,25.2,29.8,21.4,74.0,17.4,17.4,98.5,98.5,26.51,41.05,0.56,0.51,17.4,0.0,0.78
2023-12-04,2.4,0.78,25.2,31.7,22.2,80.5,19.8,19.8,45.2,100.9,22.54,36.95,0.68,0.56,0.0,17.4,0.78
2023-12-05,31.3,0.78,26.7,33.2,20.4,67.0,33.7,51.1,62.2,132.2,21.2,35.41,0.78,0.68,2.4,0.0,0.61
2023-12-06,0.0,0.61,26.4,31.4,23.4,61.5,33.7,51.1,62.2,132.2,44.62,60.04,0.78,0.78,31.3,2.4,0.51
2023-12-07,0.0,0.51,27.6,33.3,22.3,48.8,31.3,51.1,62.2,132.2,37.93,54.04,0.61,0.78,0.0,31.3,0.52
2023-12-08,0.0,0.52,28.2,33.8,23.4,53.0,0.0,51.1,51.1,132.2,32.24,48.63,0.51,0.61,0.0,0.0,0.49
2023-12-09,2.3,0.49,25.9,31.4,22.1,64.8,2.3,36.0,53.4,134.5,27.4,43.77,0.52,0.51,0.0,0.0,0.54
2023-12-10,0.0,0.54,24.8,29.6,21.4,67.3,2.3,36.0,53.4,134.5,25.25,41.46,0.49,0.52,2.3,0.0,0.52
2023-12-11,0.0,0.52,23.9,29.4,21.2,69.0,2.3,33.6,53.4,134.5,21.46,37.32,0.54,0.49,0.0,2.3,0.77
2023-12-12,0.0,0.77,24.1,31.2,20.4,72.5,0.0,2.3,53.4,134.5,18.24,33.59,0.52,0.54,0.0,0.0,0.89
2023-12-13,0.0,0.89,24.1,29.3,19.8,68.0,0.0,2.3,53.4,134.5,15.51,30.23,0.77,0.52,0.0,0.0,0.72
2023-12-14,0.0,0.72,24.5,29.6,19.8,66.8,0.0,2.3,53.4,134.5,13.18,27.2,0.89,0.77,0.0,0.0,0.91
2023-12-15,0.0,0.91,25.1,30.4,20.5,57.0,0.0,2.3,53.4,134.5,11.2,24.48,0.72,0.89,0.0,0.0,0.63
2023-12-16,0.0,0.63,25.9,30.6,21.3,49.8,0.0,0.0,36.0,134.5,9.52,22.04,0.91,0.72,0.0,0.0,0.53
2023-12-17,0.0,0.53,25.6,31.4,21.0,55.5,0.0,0.0,36.0,134.5,8.09,19.83,0.63,0.91,0.0,0.0,0.49
2023-12-18,0.0,0.49,25.6,33.4,22.0,60.3,0.0,0.0,33.6,134.5,6.88,17.85,0.53,0.63,0.0,0.0,0.59
2023-12-19,0.0,0.59,25.5,31.1,21.8,57.0,0.0,0.0,2.3,134.5,5.85,16.06,0.49,0.53,0.0,0.0,0.56
2023-12-20,0.0,0.56,23.8,30.0,19.4,70.8,0.0,0.0,2.3,78.8,4.97,14.46,0.59,0.49,0.0,0.0,0.46
2023-12-21,0.0,0.46,25.1,29.6,22.4,75.5,0.0,0.0,2.3,64.5,4.23,13.01,0.56,0.59,0.0,0.0,1.03
2023-12-22,0.0,1.03,23.4,28.8,21.2,81.8,0.0,0.0,2.3,64.5,3.59,11.71,0.46,0.56,0.0,0.0,1.48
2023-12-23,6.4,1.48,22.9,26.3,20.2,84.5,6.4,6.4,6.4,70.9,3.05,10.54,1.03,0.46,0.0,0.0,1.16
2023-12-24,8.5,1.16,23.8,27.8,20.4,79.5,14.9,14.9,14.9,68.3,8.03,15.25,1.48,1.03,6.4,0.0,0.95
2023-12-25,0.0,0.95,25.3,32.2,21.6,78.3,14.9,14.9,14.9,68.3,14.05,21.37,1.16,1.48,8.5,6.4,1.31
2023-12-26,2.3,1.31,26.1,33.0,21.4,81.8,10.8,17.2,17.2,70.6,11.95,19.23,0.95,1.16,0.0,8.5,1.28
2023-12-27,11.1,1.28,24.5,29.3,21.6,85.0,13.4,28.3,28.3,81.7,12.11,19.38,1.31,0.95,2.3,0.0,1.65
2023-12-28,6.4,1.65,24.4,29.8,20.9,81.3,19.8,34.7,34.7,88.1,19.73,27.43,1.28,1.31,11.1,2.3,1.9
2023-12-29,0.0,1.9,27.6,33.6,21.2,70.3,17.5,34.7,34.7,88.1,22.21,30.45,1.65,1.28,6.4,11.1,1.75
2023-12-30,15.5,1.75,25.0,30.7,21.0,83.0,21.9,43.8,50.2,103.6,18.88,27.4,1.9,1.65,0.0,6.4,1.2
2023-12-31,9.2,1.2,23.4,28.0,21.0,85.0,24.7,44.5,59.4,112.8,29.22,38.61,1.75,1.9,15.5,0.0,1.12
2024-01-01,41.4,1.12,20.8,23.3,19.6,89.3,66.1,85.9,100.8,136.8,32.66,43.03,1.2,1.75,9.2,15.5,1.94
2024-01-02,8.5,1.94,22.6,27.3,19.7,85.0,59.1,92.1,109.3,145.3,62.95,75.99,1.12,1.2,41.4,9.2,2.06
2024-01-03,0.0,2.06,21.7,24.6,20.8,94.8,49.9,81.0,109.3,142.9,60.73,76.04,1.94,1.12,8.5,41.4,3.03
2024-01-04,26.8,3.03,22.1,25.1,20.2,93.0,35.3,101.4,136.1,138.4,51.62,68.44,2.06,1.94,0.0,8.5,4.83
2024-01-05,20.9,4.83,25.2,31.1,20.0,74.5,47.7,122.3,157.0,159.3,66.66,85.71,3.03,2.06,26.8,0.0,3.82
2024-01-06,2.8,3.82,24.8,31.1,21.0,74.5,50.5,109.6,153.4,162.1,74.42,95.95,4.83,3.03,20.9,26.8,3.86
2024-01-07,11.1,3.86,25.5,29.9,21.9,75.0,34.8,111.5,156.0,173.2,65.64,88.88,3.82,4.83,2.8,20.9,3.04
2024-01-08,0.6,3.04,25.2,31.2,22.0,77.0,14.5,70.7,156.6,171.5,65.23,89.98,3.86,3.82,11.1,2.8,2.33
2024-01-09,3.6,2.33,24.2,29.6,21.2,78.0,15.3,65.8,157.9,175.1,55.96,81.52,3.04,3.86,0.6,11.1,3.49
2024-01-10,0.0,3.49,25.3,30.2,22.4,77.0,4.2,65.8,146.8,175.1,50.62,76.61,2.33,3.04,3.6,0.6,3.65
2024-01-11,4.1,3.65,25.4,31.2,22.4,76.5,7.7,43.1,144.5,179.2,43.03,68.95,3.49,2.33,0.0,3.6,2.39
2024-01-12,7.8,2.39,24.8,30.2,21.4,79.8,11.9,30.0,152.3,187.0,40.06,65.74,3.65,3.49,4.1,0.0,2.67
2024-01-13,21.5,2.67,24.4,29.4,20.8,81.8,33.4,48.7,158.3,208.5,40.68,66.19,2.39,3.65,7.8,4.1,3.4
2024-01-14,131.4,3.4,24.1,29.2,19.6,76.5,160.7,169.0,280.5,339.9,52.85,78.92,2.67,2.39,21.5,7.8,5.14
2024-01-15,0.0,5.14,23.0,27.8,19.0,77.5,152.9,168.4,239.1,339.9,156.62,189.29,3.4,2.67,131.4,21.5,6.66
2024-01-16,11.3,6.66,27.0,33.8,20.6,69.5,142.7,176.1,241.9,351.2,133.12,170.36,5.14,3.4,0.0,131.4,7.13
2024-01-17,0.0,7.13,27.1,33.8,23.0,70.8,11.3,176.1,241.9,351.2,122.76,163.49,6.66,5.14,11.3,0.0,5.17
2024-01-18,0.0,5.17,27.7,33.4,21.2,61.5,11.3,172.0,215.1,351.2,104.35,147.14,7.13,6.66,0.0,11.3,4.09
2024-01-19,0.0,4.09,25.8,32.4,23.4,67.8,0.0,164.2,194.2,351.2,88.69,132.43,5.17,7.13,0.0,0.0,3.02
2024-01-20,0.0,3.02,26.8,33.3,22.0,67.8,0.0,142.7,191.4,351.2,75.39,119.19,4.09,5.17,0.0,0.0,2.42
2024-01-21,0.0,2.42,25.1,29.1,23.0,85.8,0.0,11.3,180.3,351.2,64.08,107.27,3.02,4.09,0.0,0.0,2.67
2024-01-22,5.8,2.67,25.4,30.7,21.4,73.8,5.8,17.1,185.5,350.6,54.47,96.54,2.42,3.02,0.0,0.0,2.3
2024-01-23,9.4,2.3,22.7,29.2,21.3,85.8,15.2,15.2,191.3,351.5,51.23,92.11,2.67,2.42,5.8,0.0,1.58
2024-01-24,40.2,1.58,22.2,27.8,18.0,86.3,55.4,55.4,231.5,391.7,51.53,91.36,2.3,2.67,9.4,5.8,3.49
2024-01-25,28.2,3.49,23.8,29.6,20.2,79.8,77.8,83.6,255.6,417.6,77.97,118.4,1.58,2.3,40.2,9.4,5.89
2024-01-26,3.3,5.89,23.2,28.6,20.4,86.3,71.7,86.9,251.1,409.8,90.25,131.94,3.49,1.58,28.2,40.2,4.33
2024-01-27,21.2,4.33,23.7,27.9,20.2,80.8,52.7,108.1,250.8,424.6,79.52,121.72,5.89,3.49,3.3,28.2,5.17
2024-01-28,0.0,5.17,24.6,29.0,22.2,81.5,24.5,108.1,119.4,424.6,85.61,128.62,4.33,5.89,21.2,3.3,5.67
2024-01-29,37.4,5.67,25.0,29.6,20.8,76.8,58.6,139.7,156.8,446.5,72.77,115.76,5.17,4.33,0.0,21.2,6.69
2024-01-30,2.4,6.69,26.1,30.5,20.6,70.3,39.8,132.7,147.9,439.7,93.64,137.85,5.67,5.17,37.4,0.0,4.28
2024-01-31,0.0,4.28,22.8,28.8,22.0,80.8,39.8,92.5,147.9,398.3,81.64,126.22,6.69,5.67,2.4,37.4,4.0
2024-02-01,12.7,4.0,24.5,30.4,18.4,79.5,15.1,77.0,160.6,402.5,69.39,113.6,4.28,6.69,0.0,2.4,4.47
2024-02-02,0.0,4.47,24.9,29.8,21.8,67.3,12.7,73.7,160.6,402.5,69.78,113.67,4.0,4.28,12.7,0.0,4.4
2024-02-03,0.0,4.4,25.1,30.1,21.3,73.5,12.7,52.5,160.6,375.7,59.31,102.3,4.47,4.0,0.0,12.7,4.0
2024-02-04,0.0,4.0,25.2,30.2,22.1,73.5,0.0,52.5,160.6,354.8,50.41,92.07,4.4,4.47,0.0,0.0,2.62
2024-02-05,0.0,2.62,25.9,30.0,22.2,69.8,0.0,15.1,154.8,352.0,42.85,82.87,4.0,4.4,0.0,0.0,1.95
2024-02-06,17.7,1.95,22.5,29.4,18.6,91.5,17.7,30.4,163.1,358.6,36.42,74.58,2.62,4.0,0.0,0.0,1.69
2024-02-07,2.2,1.69,24.1,29.6,20.2,83.3,19.9,32.6,125.1,360.2,46.01,83.05,1.95,2.62,17.7,0.0,2.21
2024-02-08,0.0,2.21,22.8,27.8,21.0,89.8,19.9,19.9,96.9,356.6,40.97,76.73,1.69,1.95,2.2,17.7,2.64
2024-02-09,0.4,2.64,24.0,28.6,19.2,76.0,2.6,20.3,94.0,357.0,34.83,69.05,2.21,1.69,0.0,2.2,3.44
2024-02-10,0.0,3.44,23.6,27.4,19.8,75.5,0.4,20.3,72.8,352.9,29.94,62.51,2.64,2.21,0.4,0.0,2.3
2024-02-11,0.0,2.3,24.3,28.8,21.2,78.8,0.4,20.3,72.8,345.1,25.45,56.26,3.44,2.64,0.0,0.4,1.97
2024-02-12,0.0,1.97,25.0,30.0,20.6,74.0,0.0,20.3,35.4,323.6,21.63,50.63,2.3,3.44,0.0,0.0,1.92
2024-02-13,0.0,1.92,26.8,33.2,21.2,69.8,0.0,2.6,33.0,192.2,18.39,45.57,1.97,2.3,0.0,0.0,1.25
2024-02-14,0.0,1.25,25.4,33.2,22.6,76.3,0.0,0.4,33.0,192.2,15.63,41.01,1.92,1.97,0.0,0.0,1.03
2024-02-15,0.0,1.03,23.6,29.2,21.4,83.3,0.0,0.4,20.3,180.9,13.29,36.91,1.25,1.92,0.0,0.0,0.97
2024-02-16,12.6,0.97,23.3,28.2,20.6,84.8,12.6,12.6,32.9,193.5,11.29,33.22,1.03,1.25,0.0,0.0,1.77
2024-02-17,4.0,1.77,23.9,29.8,21.4,93.0,16.6,16.6,36.9,197.5,20.31,41.24,0.97,1.03,12.6,0.0,4.26
2024-02-18,1.3,4.26,24.0,27.8,20.2,81.3,17.9,17.9,38.2,198.8,20.66,40.71,1.77,0.97,4.0,12.6,4.05
2024-02-19,0.0,4.05,23.3,27.8,21.8,87.8,5.3,17.9,38.2,198.8,18.67,37.81,4.26,1.77,1.3,4.0,2.81
2024-02-20,3.8,2.81,22.1,24.5,20.8,93.8,5.1,21.7,24.3,202.6,15.87,34.03,4.05,4.26,0.0,1.3,2.78
2024-02-21,10.3,2.78,22.4,24.3,20.4,89.0,14.1,32.0,32.4,207.1,16.72,34.05,2.81,4.05,3.8,0.0,5.0
2024-02-22,3.4,5.0,22.0,25.1,20.6,92.5,17.5,35.4,35.8,201.1,22.97,39.91,2.78,2.81,10.3,3.8,8.77
2024-02-23,18.8,8.77,22.3,27.4,20.0,91.8,32.5,41.6,54.2,179.7,22.41,38.98,5.0,2.78,3.4,10.3,10.32
2024-02-24,6.4,10.32,25.2,30.8,20.2,82.3,28.6,44.0,60.6,157.9,35.03,52.0,8.77,5.0,18.8,3.4,6.43
2024-02-25,1.2,6.43,26.0,31.2,21.4,77.5,26.4,43.9,61.8,155.8,35.21,52.56,10.32,8.77,6.4,18.8,5.52
2024-02-26,0.0,5.52,25.6,31.2,22.0,71.8,7.6,43.9,61.8,134.6,30.95,48.39,6.43,10.32,1.2,6.4,5.59
2024-02-27,0.0,5.59,26.0,31.7,21.4,72.3,1.2,40.1,61.8,134.6,26.31,43.55,5.52,6.43,0.0,1.2,4.22
2024-02-28,0.0,4.22,27.3,32.8,21.8,70.8,0.0,29.8,61.8,97.2,22.36,39.19,5.59,5.52,0.0,0.0,3.16
2024-02-29,0.0,3.16,26.9,33.0,23.8,78.3,0.0,26.4,61.8,94.8,19.01,35.27,4.22,5.59,0.0,0.0,2.36
2024-03-01,0.0,2.36,26.5,33.4,23.2,80.5,0.0,7.6,49.2,94.8,16.16,31.75,3.16,4.22,0.0,0.0,2.17
2024-03-02,31.1,2.17,25.1,29.8,21.4,78.3,31.1,32.3,76.3,113.2,13.73,28.57,2.36,3.16,0.0,0.0,2.14
2024-03-03,9.3,2.14,23.5,29.2,20.8,88.5,40.4,40.4,84.3,122.5,38.11,53.7,2.17,2.36,31.1,0.0,2.61
2024-03-04,0.0,2.61,24.0,31.2,21.2,84.0,40.4,40.4,84.3,122.5,40.3,56.7,2.14,2.17,9.3,31.1,1.86
2024-03-05,0.0,1.86,24.5,29.2,20.4,82.0,9.3,40.4,80.5,122.5,34.25,51.03,2.61,2.14,0.0,9.3,1.74
2024-03-06,0.0,1.74,24.7,30.9,22.4,83.0,0.0,40.4,70.2,122.5,29.11,45.93,1.86,2.61,0.0,0.0,1.82
2024-03-07,0.0,1.82,24.3,30.4,21.4,85.0,0.0,40.4,66.8,104.8,24.75,41.34,1.74,1.86,0.0,0.0,2.11
2024-03-08,0.0,2.11,25.5,30.8,21.8,77.0,0.0,40.4,48.0,102.6,21.04,37.2,1.82,1.74,0.0,0.0,2.61
2024-03-09,0.0,2.61,25.7,30.2,22.4,80.3,0.0,9.3,41.6,102.6,17.88,33.48,2.11,1.82,0.0,0.0,3.32
2024-03-10,0.0,3.32,24.4,28.2,21.4,88.0,0.0,0.0,40.4,102.2,15.2,30.13,2.61,2.11,0.0,0.0,2.62
2024-03-11,0.0,2.62,25.7,31.2,22.6,83.5,0.0,0.0,40.4,102.2,12.92,27.12,3.32,2.61,0.0,0.0,2.31
2024-03-12,15.0,2.31,25.7,31.0,21.6,81.0,15.0,15.0,55.4,117.2,10.98,24.41,2.62,3.32,0.0,0.0,2.89
2024-03-13,0.0,2.89,26.1,31.4,22.2,77.8,15.0,15.0,55.4,117.2,22.08,35.47,2.31,2.62,15.0,0.0,2.25
2024-03-14,0.0,2.25,26.6,32.1,22.1,73.5,15.0,15.0,55.4,117.2,18.77,31.92,2.89,2.31,0.0,15.0,1.74
2024-03-15,0.0,1.74,27.5,32.8,22.4,69.8,0.0,15.0,55.4,117.2,15.96,28.73,2.25,2.89,0.0,0.0,1.47
2024-03-16,0.0,1.47,27.6,32.9,23.0,71.3,0.0,15.0,24.3,117.2,13.56,25.86,1.74,2.25,0.0,0.0,1.22
2024-03-17,0.0,1.22,28.4,33.8,23.4,70.8,0.0,15.0,15.0,104.6,11.53,23.27,1.47,1.74,0.0,0.0,1.06
2024-03-18,0.0,1.06,27.6,32.3,24.8,77.3,0.0,15.0,15.0,100.6,9.8,20.94,1.22,1.47,0.0,0.0,1.05
2024-03-19,0.0,1.05,26.7,32.0,24.0,86.0,0.0,0.0,15.0,99.3,8.33,18.85,1.06,1.22,0.0,0.0,1.12
2024-03-20,1.5,1.12,23.9,30.0,20.4,87.5,1.5,1.5,16.5,100.8,7.08,16.96,1.05,1.06,0.0,0.0,1.38
2024-03-21,8.8,1.38,24.9,30.0,21.0,83.3,10.3,10.3,25.3,105.8,7.29,16.62,1.12,1.05,1.5,0.0,1.42
2024-03-22,0.0,1.42,25.9,31.8,22.4,80.0,10.3,10.3,25.3,95.5,13.68,22.88,1.38,1.12,8.8,1.5,2.03
2024-03-23,24.9,2.03,22.0,25.7,20.2,86.3,33.7,35.2,50.2,117.0,11.63,20.59,1.42,1.38,0.0,8.8,3.86
2024-03-24,0.0,3.86,23.1,28.2,19.8,86.0,24.9,35.2,50.2,98.2,31.05,40.94,2.03,1.42,24.9,0.0,8.93
2024-03-25,0.0,8.93,23.4,27.8,20.9,82.5,24.9,35.2,50.2,91.8,26.39,36.85,3.86,2.03,0.0,24.9,4.96
2024-03-26,7.8,4.96,22.2,26.7,20.0,89.8,7.8,43.0,43.0,98.4,22.43,33.16,8.93,3.86,0.0,0.0,3.97
2024-03-27,0.0,3.97,23.3,28.0,20.2,82.5,7.8,41.5,43.0,98.4,25.7,36.87,4.96,8.93,7.8,0.0,3.35
2024-03-28,0.0,3.35,23.1,26.8,21.1,84.5,7.8,32.7,43.0,98.4,21.84,33.18,3.97,4.96,0.0,7.8,3.55
2024-03-29,0.0,3.55,25.3,30.2,21.0,74.8,0.0,32.7,43.0,98.4,18.57,29.86,3.35,3.97,0.0,0.0,3.0
2024-03-30,0.0,3.0,24.9,30.4,21.8,78.5,0.0,7.8,43.0,98.4,15.78,26.87,3.55,3.35,0.0,0.0,2.5
2024-03-31,0.0,2.5,25.6,30.8,21.5,76.8,0.0,7.8,43.0,98.4,13.41,24.19,3.0,3.55,0.0,0.0,2.25
2024-04-01,0.0,2.25,24.8,30.0,20.6,75.8,0.0,7.8,43.0,67.3,11.4,21.77,2.5,3.0,0.0,0.0,2.13
2024-04-02,0.0,2.13,23.7,29.6,21.6,83.3,0.0,0.0,43.0,58.0,9.69,19.59,2.25,2.5,0.0,0.0,1.72
2024-04-03,4.7,1.72,25.0,29.2,21.2,78.8,4.7,4.7,46.2,62.7,8.24,17.63,2.13,2.25,0.0,0.0,1.84
2024-04-04,0.0,1.84,25.7,30.8,21.6,78.5,4.7,4.7,37.4,62.7,11.0,20.1,1.72,2.13,4.7,0.0,1.67
2024-04-05,0.0,1.67,24.8,29.8,21.4,86.5,4.7,4.7,37.4,62.7,9.35,18.09,1.84,1.72,0.0,4.7,1.42
2024-04-06,0.0,1.42,24.2,30.1,20.2,77.3,0.0,4.7,12.5,62.7,7.95,16.28,1.67,1.84,0.0,0.0,1.17
2024-04-07,0.0,1.17,23.6,28.4,20.2,74.3,0.0,4.7,12.5,62.7,6.75,14.65,1.42,1.67,0.0,0.0,1.12
2024-04-08,0.0,1.12,23.0,27.4,19.8,77.8,0.0,4.7,12.5,62.7,5.74,13.19,1.17,1.42,0.0,0.0,1.11
2024-04-09,0.0,1.11,24.2,29.4,19.9,75.8,0.0,4.7,4.7,62.7,4.88,11.87,1.12,1.17,0.0,0.0,1.09
2024-04-10,0.0,1.09,25.7,30.6,21.0,71.5,0.0,0.0,4.7,62.7,4.15,10.68,1.11,1.12,0.0,0.0,1.08
2024-04-11,0.0,1.08,25.3,30.2,22.0,69.0,0.0,0.0,4.7,47.7,3.53,9.61,1.09,1.11,0.0,0.0,1.08
2024-04-12,0.0,1.08,24.3,29.3,22.0,80.5,0.0,0.0,4.7,47.7,3.0,8.65,1.08,1.09,0.0,0.0,1.08
2024-04-13,0.0,1.08,23.0,26.7,20.4,76.0,0.0,0.0,4.7,47.7,2.55,7.79,1.08,1.08,0.0,0.0,1.06
2024-04-14,0.0,1.06,23.4,28.4,20.1,78.3,0.0,0.0,4.7,47.7,2.17,7.01,1.08,1.08,0.0,0.0,1.06
2024-04-15,0.0,1.06,23.9,28.2,20.8,72.8,0.0,0.0,4.7,47.7,1.84,6.31,1.06,1.08,0.0,0.0,1.05
2024-04-16,0.0,1.05,23.2,27.8,20.0,78.8,0.0,0.0,4.7,47.7,1.56,5.68,1.06,1.06,0.0,0.0,1.05
2024-04-17,0.0,1.05,24.6,30.1,20.0,75.8,0.0,0.0,0.0,47.7,1.33,5.11,1.05,1.06,0.0,0.0,1.05
2024-04-18,0.0,1.05,23.4,29.0,21.2,86.0,0.0,0.0,0.0,47.7,1.13,4.6,1.05,1.05,0.0,0.0,1.28
2024-04-19,20.5,1.28,21.1,26.1,18.4,85.3,20.5,20.5,20.5,66.7,0.96,4.14,1.05,1.05,0.0,0.0,2.28
2024-04-20,0.0,2.28,22.0,26.9,18.5,81.5,20.5,20.5,20.5,57.9,18.24,22.17,1.28,1.05,20.5,0.0,1.34
2024-04-21,0.0,1.34,22.4,27.9,18.6,78.0,20.5,20.5,20.5,57.9,15.51,19.96,2.28,1.28,0.0,20.5,1.08
2024-04-22,0.0,1.08,23.6,29.5,18.4,76.0,0.0,20.5,20.5,33.0,13.18,17.96,1.34,2.28,0.0,0.0,1.06
2024-04-23,0.0,1.06,24.9,30.6,19.9,73.8,0.0,20.5,20.5,33.0,11.2,16.17,1.08,1.34,0.0,0.0,1.05
2024-04-24,0.0,1.05,24.9,31.0,20.0,74.0,0.0,20.5,20.5,33.0,9.52,14.55,1.06,1.08,0.0,0.0,1.03
2024-04-25,0.0,1.03,24.9,29.4,21.2,74.5,0.0,20.5,20.5,25.2,8.09,13.09,1.05,1.06,0.0,0.0,1.03
2024-04-26,0.0,1.03,24.3,29.2,21.2,76.5,0.0,0.0,20.5,25.2,6.88,11.78,1.03,1.05,0.0,0.0,1.03
2024-04-27,0.0,1.03,23.8,27.1,20.8,76.0,0.0,0.0,20.5,25.2,5.85,10.61,1.03,1.03,0.0,0.0,1.01
2024-04-28,0.0,1.01,24.5,30.4,19.1,72.8,0.0,0.0,20.5,25.2,4.97,9.55,1.03,1.03,0.0,0.0,1.01
2024-04-29,0.0,1.01,25.1,30.4,20.6,69.8,0.0,0.0,20.5,25.2,4.23,8.59,1.01,1.03,0.0,0.0,1.0
2024-04-30,0.0,1.0,25.2,30.8,21.0,73.5,0.0,0.0,20.5,25.2,3.59,7.73,1.01,1.01,0.0,0.0,1.0
2024-05-01,0.0,1.0,25.5,31.4,20.4,71.3,0.0,0.0,20.5,25.2,3.05,6.96,1.0,1.01,0.0,0.0,0.99
2024-05-02,0.0,0.99,25.4,31.8,20.4,71.3,0.0,0.0,20.5,25.2,2.59,6.26,1.0,1.0,0.0,0.0,0.99
2024-05-03,0.0,0.99,25.9,32.4,20.6,66.8,0.0,0.0,0.0,20.5,2.21,5.64,0.99,1.0,0.0,0.0,0.97
2024-05-04,0.0,0.97,24.1,29.0,20.0,72.5,0.0,0.0,0.0,20.5,1.87,5.07,0.99,0.99,0.0,0.0,0.97
2024-05-05,0.0,0.97,23.2,28.5,20.0,80.3,0.0,0.0,0.0,20.5,1.59,4.57,0.97,0.99,0.0,0.0,0.97
2024-05-06,0.0,0.97,22.8,26.0,20.0,82.8,0.0,0.0,0.0,20.5,1.35,4.11,0.97,0.97,0.0,0.0,0.95
2024-05-07,0.0,0.95,22.9,27.4,19.7,76.8,0.0,0.0,0.0,20.5,1.15,3.7,0.97,0.97,0.0,0.0,0.95
2024-05-08,0.0,0.95,23.4,28.0,20.2,78.0,0.0,0.0,0.0,20.5,0.98,3.33,0.95,0.97,0.0,0.0,0.95
2024-05-09,0.0,0.95,23.5,28.7,18.8,75.3,0.0,0.0,0.0,20.5,0.83,3.0,0.95,0.95,0.0,0.0,0.94
2024-05-10,0.0,0.94,24.1,28.4,19.4,76.0,0.0,0.0,0.0,20.5,0.71,2.7,0.95,0.95,0.0,0.0,0.94
2024-05-11,0.0,0.94,25.1,30.8,20.2,75.3,0.0,0.0,0.0,20.5,0.6,2.43,0.94,0.95,0.0,0.0,0.92
2024-05-12,0.0,0.92,25.1,31.2,20.8,71.8,0.0,0.0,0.0,20.5,0.51,2.18,0.94,0.94,0.0,0.0,0.92
2024-05-13,0.0,0.92,24.7,30.8,19.7,69.8,0.0,0.0,0.0,20.5,0.43,1.97,0.92,0.94,0.0,0.0,0.92
2024-05-14,0.0,0.92,24.3,31.1,19.6,67.5,0.0,0.0,0.0,20.5,0.37,1.77,0.92,0.92,0.0,0.0,0.91
2024-05-15,0.0,0.91,24.4,29.8,19.2,62.0,0.0,0.0,0.0,20.5,0.31,1.59,0.92,0.92,0.0,0.0,0.91
2024-05-16,0.0,0.91,23.3,27.4,20.6,62.3,0.0,0.0,0.0,20.5,0.27,1.43,0.91,0.92,0.0,0.0,0.91
2024-05-17,0.0,0.91,23.7,28.8,19.2,57.0,0.0,0.0,0.0,20.5,0.23,1.29,0.91,0.91,0.0,0.0,0.89
2024-05-18,0.0,0.89,23.6,29.3,18.8,55.0,0.0,0.0,0.0,20.5,0.19,1.16,0.91,0.91,0.0,0.0,0.89
2024-05-19,0.0,0.89,24.3,29.6,19.4,54.0,0.0,0.0,0.0,0.0,0.16,1.04,0.89,0.91,0.0,0.0,0.89
2024-05-20,0.0,0.89,23.4,29.1,18.8,54.0,0.0,0.0,0.0,0.0,0.14,0.94,0.89,0.89,0.0,0.0,0.87
2024-05-21,0.0,0.87,22.6,27.1,18.8,62.3,0.0,0.0,0.0,0.0,0.12,0.85,0.89,0.89,0.0,0.0,0.87
2024-05-22,0.0,0.87,21.5,25.8,18.8,63.0,0.0,0.0,0.0,0.0,0.1,0.76,0.87,0.89,0.0,0.0,0.87
2024-05-23,0.0,0.87,22.3,27.6,18.0,63.3,0.0,0.0,0.0,0.0,0.09,0.69,0.87,0.87,0.0,0.0,0.86
2024-05-24,0.0,0.86,22.8,29.4,18.2,59.8,0.0,0.0,0.0,0.0,0.07,0.62,0.87,0.87,0.0,0.0,0.86
2024-05-25,0.0,0.86,23.3,29.4,19.4,61.5,0.0,0.0,0.0,0.0,0.06,0.56,0.86,0.87,0.0,0.0,0.85
2024-05-26,0.0,0.85,22.0,26.5,20.0,68.0,0.0,0.0,0.0,0.0,0.05,0.5,0.86,0.86,0.0,0.0,0.85
2024-05-27,0.0,0.85,22.1,26.6,19.1,63.0,0.0,0.0,0.0,0.0,0.04,0.45,0.85,0.86,0.0,0.0,0.85
2024-05-28,0.0,0.85,23.3,29.0,18.8,54.0,0.0,0.0,0.0,0.0,0.04,0.4,0.85,0.85,0.0,0.0,0.85
2024-05-29,0.0,0.85,23.0,28.6,18.6,60.5,0.0,0.0,0.0,0.0,0.03,0.36,0.85,0.85,0.0,0.0,0.85
2024-05-30,0.0,0.85,21.3,28.0,17.8,62.0,0.0,0.0,0.0,0.0,0.03,0.33,0.85,0.85,0.0,0.0,0.83
2024-05-31,0.0,0.83,19.0,25.7,15.6,67.5,0.0,0.0,0.0,0.0,0.02,0.29,0.85,0.85,0.0,0.0,0.83
2024-06-01,0.0,0.83,18.7,23.9,14.8,62.0,0.0,0.0,0.0,0.0,0.02,0.27,0.83,0.85,0.0,0.0,0.83
2024-06-02,0.0,0.83,19.1,22.9,16.6,65.8,0.0,0.0,0.0,0.0,0.02,0.24,0.83,0.83,0.0,0.0,0.81
2024-06-03,0.0,0.81,21.5,27.6,15.8,54.0,0.0,0.0,0.0,0.0,0.01,0.22,0.83,0.83,0.0,0.0,0.81
2024-06-04,0.0,0.81,21.5,27.4,16.6,53.5,0.0,0.0,0.0,0.0,0.01,0.19,0.81,0.83,0.0,0.0,0.8
2024-06-05,0.0,0.8,20.6,25.5,16.8,58.0,0.0,0.0,0.0,0.0,0.01,0.17,0.81,0.81,0.0,0.0,0.8
2024-06-06,0.0,0.8,21.3,26.3,18.2,63.5,0.0,0.0,0.0,0.0,0.01,0.16,0.8,0.81,0.0,0.0,0.8
2024-06-07,0.0,0.8,20.9,26.5,17.6,69.8,0.0,0.0,0.0,0.0,0.01,0.14,0.8,0.8,0.0,0.0,0.78
2024-06-08,0.0,0.78,20.2,24.9,16.8,65.0,0.0,0.0,0.0,0.0,0.01,0.13,0.8,0.8,0.0,0.0,0.78
2024-06-09,0.0,0.78,20.3,24.7,17.2,63.8,0.0,0.0,0.0,0.0,0.01,0.11,0.78,0.8,0.0,0.0,0.78
2024-06-10,0.0,0.78,21.1,28.1,15.8,61.5,0.0,0.0,0.0,0.0,0.0,0.1,0.78,0.78,0.0,0.0,0.77
2024-06-11,0.0,0.77,22.1,28.8,17.4,55.3,0.0,0.0,0.0,0.0,0.0,0.09,0.78,0.78,0.0,0.0,0.77
2024-06-12,0.0,0.77,21.2,26.5,16.4,51.3,0.0,0.0,0.0,0.0,0.0,0.08,0.77,0.78,0.0,0.0,0.77
2024-06-13,0.0,0.77,20.0,25.7,16.9,54.0,0.0,0.0,0.0,0.0,0.0,0.07,0.77,0.77,0.0,0.0,0.75
2024-06-14,0.0,0.75,20.6,25.5,17.6,62.3,0.0,0.0,0.0,0.0,0.0,0.07,0.77,0.77,0.0,0.0,0.75
2024-06-15,0.0,0.75,20.6,26.7,15.0,54.3,0.0,0.0,0.0,0.0,0.0,0.06,0.75,0.77,0.0,0.0,0.75
2024-06-16,0.0,0.75,21.0,26.5,16.8,61.5,0.0,0.0,0.0,0.0,0.0,0.05,0.75,0.75,0.0,0.0,0.73
2024-06-17,0.0,0.73,20.3,25.7,16.8,59.0,0.0,0.0,0.0,0.0,0.0,0.05,0.75,0.75,0.0,0.0,0.73
2024-06-18,0.0,0.73,20.8,26.7,15.6,51.8,0.0,0.0,0.0,0.0,0.0,0.04,0.73,0.75,0.0,0.0,0.73
2024-06-19,0.0,0.73,21.9,27.7,17.8,54.3,0.0,0.0,0.0,0.0,0.0,0.04,0.73,0.73,0.0,0.0,0.73
2024-06-20,0.0,0.73,21.2,26.3,17.2,51.3,0.0,0.0,0.0,0.0,0.0,0.04,0.73,0.73,0.0,0.0,0.72
2024-06-21,0.0,0.72,20.5,25.3,16.8,59.3,0.0,0.0,0.0,0.0,0.0,0.03,0.73,0.73,0.0,0.0,0.72
2024-06-22,0.0,0.72,21.3,27.2,18.0,57.0,0.0,0.0,0.0,0.0,0.0,0.03,0.72,0.73,0.0,0.0,0.72
2024-06-23,0.0,0.72,21.1,26.6,16.7,63.8,0.0,0.0,0.0,0.0,0.0,0.03,0.72,0.72,0.0,0.0,0.7
2024-06-24,0.0,0.7,22.1,27.4,17.4,61.8,0.0,0.0,0.0,0.0,0.0,0.02,0.72,0.72,0.0,0.0,0.7
2024-06-25,0.0,0.7,23.2,29.3,17.2,51.5,0.0,0.0,0.0,0.0,0.0,0.02,0.7,0.72,0.0,0.0,0.7
2024-06-26,0.0,0.7,22.8,28.0,18.2,53.3,0.0,0.0,0.0,0.0,0.0,0.02,0.7,0.7,0.0,0.0,0.69
2024-06-27,0.0,0.69,22.5,29.0,17.4,51.0,0.0,0.0,0.0,0.0,0.0,0.02,0.7,0.7,0.0,0.0,0.69
2024-06-28,0.0,0.69,23.2,28.8,18.8,47.5,0.0,0.0,0.0,0.0,0.0,0.02,0.69,0.7,0.0,0.0,0.69
2024-06-29,0.0,0.69,22.5,29.2,17.6,48.0,0.0,0.0,0.0,0.0,0.0,0.01,0.69,0.69,0.0,0.0,0.67
2024-06-30,0.0,0.67,23.0,28.8,17.2,47.8,0.0,0.0,0.0,0.0,0.0,0.01,0.69,0.69,0.0,0.0,0.67
2024-07-01,0.0,0.67,21.1,25.8,18.6,64.8,0.0,0.0,0.0,0.0,0.0,0.01,0.67,0.69,0.0,0.0,0.67
2024-07-02,0.0,0.67,20.5,24.3,17.9,65.5,0.0,0.0,0.0,0.0,0.0,0.01,0.67,0.67,0.0,0.0,0.67
2024-07-03,0.0,0.67,20.7,25.4,17.2,56.3,0.0,0.0,0.0,0.0,0.0,0.01,0.67,0.67,0.0,0.0,0.66
2024-07-04,0.0,0.66,20.9,26.5,16.2,49.8,0.0,0.0,0.0,0.0,0.0,0.01,0.67,0.67,0.0,0.0,0.66
2024-07-05,0.0,0.66,20.7,26.1,16.1,51.8,0.0,0.0,0.0,0.0,0.0,0.01,0.66,0.67,0.0,0.0,0.66
2024-07-06,0.0,0.66,21.2,27.4,16.4,53.8,0.0,0.0,0.0,0.0,0.0,0.01,0.66,0.66,0.0,0.0,0.64
2024-07-07,0.0,0.64,21.2,26.9,17.0,56.8,0.0,0.0,0.0,0.0,0.0,0.01,0.66,0.66,0.0,0.0,0.64
2024-07-08,0.0,0.64,22.1,29.1,17.2,54.5,0.0,0.0,0.0,0.0,0.0,0.01,0.64,0.66,0.0,0.0,0.64
2024-07-09,0.0,0.64,22.8,29.1,18.8,53.3,0.0,0.0,0.0,0.0,0.0,0.0,0.64,0.64,0.0,0.0,0.63
2024-07-10,0.0,0.63,23.3,29.8,17.8,51.8,0.0,0.0,0.0,0.0,0.0,0.0,0.64,0.64,0.0,0.0,0.63
2024-07-11,0.0,0.63,23.6,29.0,18.9,44.8,0.0,0.0,0.0,0.0,0.0,0.0,0.63,0.64,0.0,0.0,0.63
2024-07-12,0.0,0.63,21.9,27.3,18.6,57.3,0.0,0.0,0.0,0.0,0.0,0.0,0.63,0.63,0.0,0.0,0.63
2024-07-13,0.0,0.63,20.2,25.4,17.4,61.0,0.0,0.0,0.0,0.0,0.0,0.0,0.63,0.63,0.0,0.0,0.61
2024-07-14,0.0,0.61,19.4,25.1,16.4,58.0,0.0,0.0,0.0,0.0,0.0,0.0,0.63,0.63,0.0,0.0,0.61
2024-07-15,0.0,0.61,20.5,26.2,15.4,49.5,0.0,0.0,0.0,0.0,0.0,0.0,0.61,0.63,0.0,0.0,0.61
2024-07-16,0.0,0.61,20.0,24.9,16.4,51.3,0.0,0.0,0.0,0.0,0.0,0.0,0.61,0.61,0.0,0.0,0.59
2024-07-17,0.0,0.59,20.6,26.5,15.2,50.3,0.0,0.0,0.0,0.0,0.0,0.0,0.61,0.61,0.0,0.0,0.59
2024-07-18,0.0,0.59,21.7,27.8,16.6,49.5,0.0,0.0,0.0,0.0,0.0,0.0,0.59,0.61,0.0,0.0,0.59
2024-07-19,0.0,0.59,21.1,26.9,17.2,51.8,0.0,0.0,0.0,0.0,0.0,0.0,0.59,0.59,0.0,0.0,0.58
2024-07-20,0.0,0.58,19.8,26.7,15.3,57.0,0.0,0.0,0.0,0.0,0.0,0.0,0.59,0.59,0.0,0.0,0.56
2024-07-21,0.0,0.56,19.7,26.3,14.4,56.0,0.0,0.0,0.0,0.0,0.0,0.0,0.58,0.59,0.0,0.0,0.55
2024-07-22,0.0,0.55,21.5,28.6,15.4,48.8,0.0,0.0,0.0,0.0,0.0,0.0,0.56,0.58,0.0,0.0,0.55
2024-07-23,0.0,0.55,21.1,27.2,16.0,46.3,0.0,0.0,0.0,0.0,0.0,0.0,0.55,0.56,0.0,0.0,0.55
2024-07-24,0.0,0.55,19.2,24.7,15.4,54.5,0.0,0.0,0.0,0.0,0.0,0.0,0.55,0.55,0.0,0.0,0.55
2024-07-25,0.0,0.55,19.4,25.7,15.6,53.0,0.0,0.0,0.0,0.0,0.0,0.0,0.55,0.55,0.0,0.0,0.53
2024-07-26,0.0,0.53,20.7,26.9,14.8,47.3,0.0,0.0,0.0,0.0,0.0,0.0,0.55,0.55,0.0,0.0,0.53
2024-07-27,0.0,0.53,21.8,27.4,16.4,53.8,0.0,0.0,0.0,0.0,0.0,0.0,0.53,0.55,0.0,0.0,0.53
2024-07-28,0.0,0.53,22.0,28.0,18.1,53.8,0.0,0.0,0.0,0.0,0.0,0.0,0.53,0.53,0.0,0.0,0.53
2024-07-29,0.0,0.53,21.7,28.2,16.6,50.8,0.0,0.0,0.0,0.0,0.0,0.0,0.53,0.53,0.0,0.0,0.52
2024-07-30,0.0,0.52,21.7,28.0,17.2,54.5,0.0,0.0,0.0,0.0,0.0,0.0,0.53,0.53,0.0,0.0,0.52
2024-07-31,0.0,0.52,19.6,23.9,16.6,65.0,0.0,0.0,0.0,0.0,0.0,0.0,0.52,0.53,0.0,0.0,0.52
2024-08-01,0.0,0.52,19.8,24.5,16.6,61.8,0.0,0.0,0.0,0.0,0.0,0.0,0.52,0.52,0.0,0.0,0.51
2024-08-02,0.0,0.51,20.4,25.3,16.4,50.3,0.0,0.0,0.0,0.0,0.0,0.0,0.52,0.52,0.0,0.0,0.5
2024-08-03,0.0,0.5,20.3,23.9,16.9,64.5,0.0,0.0,0.0,0.0,0.0,0.0,0.51,0.52,0.0,0.0,0.5
2024-08-04,0.0,0.5,20.6,26.1,17.9,65.8,0.0,0.0,0.0,0.0,0.0,0.0,0.5,0.51,0.0,0.0,0.51
2024-08-05,0.0,0.51,21.1,25.7,18.0,63.3,0.0,0.0,0.0,0.0,0.0,0.0,0.5,0.5,0.0,0.0,0.51
2024-08-06,0.0,0.51,21.4,27.1,17.4,45.0,0.0,0.0,0.0,0.0,0.0,0.0,0.51,0.5,0.0,0.0,0.49
2024-08-07,0.0,0.49,22.0,28.4,16.3,46.8,0.0,0.0,0.0,0.0,0.0,0.0,0.51,0.51,0.0,0.0,0.49
2024-08-08,0.0,0.49,22.1,27.6,18.4,53.5,0.0,0.0,0.0,0.0,0.0,0.0,0.49,0.51,0.0,0.0,0.49
2024-08-09,0.0,0.49,23.4,30.2,17.2,46.3,0.0,0.0,0.0,0.0,0.0,0.0,0.49,0.49,0.0,0.0,0.48
2024-08-10,0.0,0.48,20.9,26.9,19.2,61.3,0.0,0.0,0.0,0.0,0.0,0.0,0.49,0.49,0.0,0.0,0.48
2024-08-11,0.0,0.48,19.4,28.1,13.0,57.5,0.0,0.0,0.0,0.0,0.0,0.0,0.48,0.49,0.0,0.0,0.47
2024-08-12,0.0,0.47,20.4,28.6,14.8,37.0,0.0,0.0,0.0,0.0,0.0,0.0,0.48,0.48,0.0,0.0,0.47
2024-08-13,0.0,0.47,18.4,23.5,14.2,36.3,0.0,0.0,0.0,0.0,0.0,0.0,0.47,0.48,0.0,0.0,0.46
2024-08-14,0.0,0.46,19.1,24.5,14.9,58.5,0.0,0.0,0.0,0.0,0.0,0.0,0.47,0.47,0.0,0.0,0.46
2024-08-15,0.0,0.46,22.1,29.6,15.4,48.5,0.0,0.0,0.0,0.0,0.0,0.0,0.46,0.47,0.0,0.0,0.45
2024-08-16,0.0,0.45,24.1,31.1,17.6,41.8,0.0,0.0,0.0,0.0,0.0,0.0,0.46,0.46,0.0,0.0,0.45
2024-08-17,0.0,0.45,24.3,32.1,18.1,34.5,0.0,0.0,0.0,0.0,0.0,0.0,0.45,0.46,0.0,0.0,0.45
2024-08-18,0.0,0.45,24.7,31.0,19.4,31.5,0.0,0.0,0.0,0.0,0.0,0.0,0.45,0.45,0.0,0.0,0.45
2024-08-19,0.0,0.45,23.3,29.8,19.2,37.0,0.0,0.0,0.0,0.0,0.0,0.0,0.45,0.45,0.0,0.0,0.44
2024-08-20,0.0,0.44,24.3,31.2,17.2,37.5,0.0,0.0,0.0,0.0,0.0,0.0,0.45,0.45,0.0,0.0,0.44
2024-08-21,0.0,0.44,24.4,30.8,18.8,41.8,0.0,0.0,0.0,0.0,0.0,0.0,0.44,0.45,0.0,0.0,0.43
2024-08-22,0.0,0.43,22.5,27.8,18.0,47.5,0.0,0.0,0.0,0.0,0.0,0.0,0.44,0.44,0.0,0.0,0.43
2024-08-23,0.0,0.43,24.4,32.0,17.8,41.8,0.0,0.0,0.0,0.0,0.0,0.0,0.43,0.44,0.0,0.0,0.42
2024-08-24,0.0,0.42,24.1,30.9,19.4,44.3,0.0,0.0,0.0,0.0,0.0,0.0,0.43,0.43,0.0,0.0,0.42
2024-08-25,0.0,0.42,24.1,30.0,19.4,47.5,0.0,0.0,0.0,0.0,0.0,0.0,0.42,0.43,0.0,0.0,0.41
2024-08-26,0.0,0.41,20.8,26.1,18.8,64.8,0.0,0.0,0.0,0.0,0.0,0.0,0.42,0.42,0.0,0.0,0.41
2024-08-27,0.0,0.41,18.7,25.6,14.8,67.8,0.0,0.0,0.0,0.0,0.0,0.0,0.41,0.42,0.0,0.0,0.41
2024-08-28,0.0,0.41,20.6,27.1,15.8,52.3,0.0,0.0,0.0,0.0,0.0,0.0,0.41,0.41,0.0,0.0,0.41
2024-08-29,0.0,0.41,20.0,25.9,16.2,50.8,0.0,0.0,0.0,0.0,0.0,0.0,0.41,0.41,0.0,0.0,0.41
2024-08-30,0.0,0.41,21.8,29.4,16.0,38.3,0.0,0.0,0.0,0.0,0.0,0.0,0.41,0.41,0.0,0.0,0.4
2024-08-31,0.0,0.4,23.7,30.6,16.8,26.3,0.0,0.0,0.0,0.0,0.0,0.0,0.41,0.41,0.0,0.0,0.38
2024-09-01,0.0,0.38,23.9,31.4,18.6,34.8,0.0,0.0,0.0,0.0,0.0,0.0,0.4,0.41,0.0,0.0,0.37
2024-09-02,0.0,0.37,24.6,33.0,17.5,32.0,0.0,0.0,0.0,0.0,0.0,0.0,0.38,0.4,0.0,0.0,0.37
2024-09-03,0.0,0.37,26.8,34.4,19.2,32.0,0.0,0.0,0.0,0.0,0.0,0.0,0.37,0.38,0.0,0.0,0.36
2024-09-04,0.0,0.36,26.8,33.4,19.2,34.3,0.0,0.0,0.0,0.0,0.0,0.0,0.37,0.37,0.0,0.0,0.36
2024-09-05,0.0,0.36,27.0,33.8,21.5,37.5,0.0,0.0,0.0,0.0,0.0,0.0,0.36,0.37,0.0,0.0,0.35
2024-09-06,0.0,0.35,26.0,31.9,22.2,46.0,0.0,0.0,0.0,0.0,0.0,0.0,0.36,0.36,0.0,0.0,0.35
2024-09-07,0.0,0.35,24.4,30.6,20.2,49.5,0.0,0.0,0.0,0.0,0.0,0.0,0.35,0.36,0.0,0.0,0.35
2024-09-08,0.0,0.35,24.3,31.1,19.7,45.5,0.0,0.0,0.0,0.0,0.0,0.0,0.35,0.35,0.0,0.0,0.34
2024-09-09,0.0,0.34,23.6,30.2,19.9,49.3,0.0,0.0,0.0,0.0,0.0,0.0,0.35,0.35,0.0,0.0,0.34
2024-09-10,0.0,0.34,24.3,31.4,18.8,39.8,0.0,0.0,0.0,0.0,0.0,0.0,0.34,0.35,0.0,0.0,0.34
2024-09-11,0.0,0.34,24.3,31.4,18.6,39.0,0.0,0.0,0.0,0.0,0.0,0.0,0.34,0.34,0.0,0.0,0.34
2024-09-12,0.0,0.34,24.3,30.8,19.2,45.8,0.0,0.0,0.0,0.0,0.0,0.0,0.34,0.34,0.0,0.0,0.34
2024-09-13,0.0,0.34,23.7,29.5,19.2,41.3,0.0,0.0,0.0,0.0,0.0,0.0,0.34,0.34,0.0,0.0,0.33
2024-09-14,0.0,0.33,24.7,31.0,19.2,39.3,0.0,0.0,0.0,0.0,0.0,0.0,0.34,0.34,0.0,0.0,0.33
2024-09-15,0.0,0.33,24.6,30.2,20.9,39.0,0.0,0.0,0.0,0.0,0.0,0.0,0.33,0.34,0.0,0.0,0.31
2024-09-16,0.0,0.31,25.8,32.1,19.8,43.8,0.0,0.0,0.0,0.0,0.0,0.0,0.33,0.33,0.0,0.0,0.3
2024-09-17,0.0,0.3,22.6,29.0,20.6,60.3,0.0,0.0,0.0,0.0,0.0,0.0,0.31,0.33,0.0,0.0,0.3
2024-09-18,0.0,0.3,22.5,28.6,18.1,53.5,0.0,0.0,0.0,0.0,0.0,0.0,0.3,0.31,0.0,0.0,0.29
2024-09-19,0.0,0.29,23.3,29.8,18.0,54.0,0.0,0.0,0.0,0.0,0.0,0.0,0.3,0.3,0.0,0.0,0.29
2024-09-20,0.0,0.29,23.7,29.8,19.2,53.3,0.0,0.0,0.0,0.0,0.0,0.0,0.29,0.3,0.0,0.0,0.29
2024-09-21,0.0,0.29,26.1,33.6,20.0,47.0,0.0,0.0,0.0,0.0,0.0,0.0,0.29,0.29,0.0,0.0,0.28
2024-09-22,0.0,0.28,24.5,30.1,20.4,54.3,0.0,0.0,0.0,0.0,0.0,0.0,0.29,0.29,0.0,0.0,0.41
2024-09-23,0.0,0.41,25.5,31.8,21.1,44.3,0.0,0.0,0.0,0.0,0.0,0.0,0.28,0.29,0.0,0.0,0.39
2024-09-24,0.0,0.39,25.3,32.4,20.8,38.3,0.0,0.0,0.0,0.0,0.0,0.0,0.41,0.28,0.0,0.0,0.26
2024-09-25,0.0,0.26,24.9,32.0,19.4,41.8,0.0,0.0,0.0,0.0,0.0,0.0,0.39,0.41,0.0,0.0,0.26
2024-09-26,0.0,0.26,25.0,31.7,19.6,46.3,0.0,0.0,0.0,0.0,0.0,0.0,0.26,0.39,0.0,0.0,0.26
2024-09-27,0.0,0.26,27.3,34.6,20.4,36.3,0.0,0.0,0.0,0.0,0.0,0.0,0.26,0.26,0.0,0.0,0.25
2024-09-28,0.0,0.25,26.7,33.4,23.6,44.3,0.0,0.0,0.0,0.0,0.0,0.0,0.26,0.26,0.0,0.0,0.25
2024-09-29,0.0,0.25,23.4,27.9,20.9,59.3,0.0,0.0,0.0,0.0,0.0,0.0,0.25,0.26,0.0,0.0,0.25
2024-09-30,0.0,0.25,24.1,30.0,19.6,49.8,0.0,0.0,0.0,0.0,0.0,0.0,0.25,0.25,0.0,0.0,0.24
2024-10-01,0.0,0.24,24.6,31.1,19.2,46.5,0.0,0.0,0.0,0.0,0.0,0.0,0.25,0.25,0.0,0.0,0.24
2024-10-02,0.0,0.24,27.4,34.8,20.6,36.5,0.0,0.0,0.0,0.0,0.0,0.0,0.24,0.25,0.0,0.0,0.23
2024-10-03,0.0,0.23,28.4,35.2,22.8,32.3,0.0,0.0,0.0,0.0,0.0,0.0,0.24,0.24,0.0,0.0,0.23
2024-10-04,0.0,0.23,25.0,31.4,21.2,54.3,0.0,0.0,0.0,0.0,0.0,0.0,0.23,0.24,0.0,0.0,0.23
2024-10-05,0.0,0.23,22.5,27.6,19.2,64.8,0.0,0.0,0.0,0.0,0.0,0.0,0.23,0.23,0.0,0.0,0.23
2024-10-06,0.0,0.23,25.4,33.6,18.6,49.8,0.0,0.0,0.0,0.0,0.0,0.0,0.23,0.23,0.0,0.0,0.23
2024-10-07,0.0,0.23,24.6,32.1,20.8,54.8,0.0,0.0,0.0,0.0,0.0,0.0,0.23,0.23,0.0,0.0,0.23
2024-10-08,0.0,0.23,27.7,36.2,20.2,44.5,0.0,0.0,0.0,0.0,0.0,0.0,0.23,0.23,0.0,0.0,0.23
2024-10-09,0.0,0.23,27.1,35.6,23.4,61.3,0.0,0.0,0.0,0.0,0.0,0.0,0.23,0.23,0.0,0.0,0.23
2024-10-10,11.2,0.23,21.7,24.3,20.9,92.8,11.2,11.2,11.2,11.2,0.0,0.0,0.23,0.23,0.0,0.0,0.31
2024-10-11,15.7,0.31,23.7,28.8,19.8,71.0,26.9,26.9,26.9,26.9,9.52,10.08,0.23,0.23,11.2,0.0,0.41
2024-10-12,23.8,0.41,22.3,26.9,18.8,79.0,50.7,50.7,50.7,50.7,21.44,23.2,0.31,0.23,15.7,11.2,0.58
2024-10-13,0.0,0.58,24.3,30.2,19.6,60.8,39.5,50.7,50.7,50.7,38.45,42.3,0.41,0.31,23.8,15.7,0.49
2024-10-14,0.0,0.49,23.6,29.9,20.1,61.0,23.8,50.7,50.7,50.7,32.68,38.07,0.58,0.41,0.0,23.8,0.44
2024-10-15,0.0,0.44,21.7,26.7,18.6,61.5,0.0,50.7,50.7,50.7,27.78,34.26,0.49,0.58,0.0,0.0,0.34
2024-10-16,0.0,0.34,25.1,30.6,20.0,50.5,0.0,50.7,50.7,50.7,23.61,30.84,0.44,0.49,0.0,0.0,0.3
2024-10-17,0.0,0.3,26.9,33.2,20.7,47.3,0.0,39.5,50.7,50.7,20.07,27.75,0.34,0.44,0.0,0.0,0.27
2024-10-18,0.0,0.27,26.5,32.8,23.6,55.0,0.0,23.8,50.7,50.7,17.06,24.98,0.3,0.34,0.0,0.0,0.43
2024-10-19,4.8,0.43,21.7,26.4,18.6,77.0,4.8,4.8,55.5,55.5,14.5,22.48,0.27,0.3,0.0,0.0,1.07
2024-10-20,33.9,1.07,21.0,22.9,18.8,85.8,38.7,38.7,89.4,89.4,16.41,24.55,0.43,0.27,4.8,0.0,1.74
2024-10-21,4.3,1.74,22.1,24.5,20.4,78.0,43.0,43.0,93.7,93.7,42.76,52.61,1.07,0.43,33.9,4.8,1.58
2024-10-22,0.0,1.58,22.9,26.7,19.8,68.5,38.2,43.0,93.7,93.7,40.0,51.22,1.74,1.07,4.3,33.9,1.52
2024-10-23,0.0,1.52,25.3,30.8,19.8,58.5,4.3,43.0,93.7,93.7,34.0,46.1,1.58,1.74,0.0,4.3,0.77
2024-10-24,21.1,0.77,24.3,29.9,21.2,72.8,21.1,64.1,103.6,114.8,28.9,41.49,1.52,1.58,0.0,0.0,0.85
2024-10-25,34.8,0.85,23.3,27.8,20.3,81.5,55.9,98.9,122.7,149.6,42.5,56.33,0.77,1.52,21.1,0.0,0.85
2024-10-26,9.7,0.85,24.0,33.0,21.0,76.5,65.6,103.8,108.6,159.3,65.71,82.01,0.85,0.77,34.8,21.1,0.52
2024-10-27,12.3,0.52,22.8,28.6,19.6,79.3,56.8,82.2,120.9,171.6,64.09,82.54,0.85,0.85,9.7,34.8,0.75
2024-10-28,25.6,0.75,21.1,23.5,19.8,87.5,47.6,103.5,146.5,197.2,64.94,85.36,0.52,0.85,12.3,9.7,1.22
2024-10-29,2.7,1.22,21.3,24.3,19.2,81.8,40.6,106.2,149.2,199.9,76.96,99.86,0.75,0.52,25.6,12.3,1.41
2024-10-30,0.0,1.41,22.4,27.7,19.1,69.0,28.3,106.2,149.2,199.9,67.71,92.31,1.22,0.75,2.7,25.6,1.08
2024-10-31,0.0,1.08,23.1,29.0,17.6,58.8,2.7,85.1,149.2,199.9,57.55,83.08,1.41,1.22,0.0,2.7,0.87
2024-11-01,0.0,0.87,23.3,27.9,19.0,58.3,0.0,50.3,149.2,199.9,48.92,74.77,1.08,1.41,0.0,0.0,0.53
2024-11-02,0.0,0.53,24.8,29.6,20.6,58.5,0.0,40.6,144.4,199.9,41.58,67.29,0.87,1.08,0.0,0.0,0.45
2024-11-03,0.0,0.45,23.3,27.7,20.4,67.0,0.0,28.3,110.5,199.9,35.34,60.56,0.53,0.87,0.0,0.0,0.56
2024-11-04,2.8,0.56,21.6,25.2,19.9,76.8,2.8,5.5,109.0,202.7,30.04,54.51,0.45,0.53,0.0,0.0,0.53
2024-11-05,37.8,0.53,20.8,24.7,19.8,88.0,40.6,40.6,146.8,240.5,27.92,51.58,0.56,0.45,2.8,0.0,0.68
2024-11-06,0.0,0.68,22.5,26.1,19.0,71.3,40.6,40.6,146.8,240.5,55.86,80.44,0.53,0.56,37.8,2.8,0.55
2024-11-07,1.6,0.55,22.6,27.5,19.8,75.3,39.4,42.2,127.3,242.1,47.48,72.39,0.68,0.53,0.0,37.8,0.85
2024-11-08,1.6,0.85,22.9,26.7,20.8,79.8,3.2,43.8,94.1,243.7,41.72,66.59,0.55,0.68,1.6,0.0,1.04
2024-11-09,68.1,1.04,21.0,24.1,19.4,94.5,71.3,111.9,152.5,300.6,36.82,61.38,0.85,0.55,1.6,1.6,1.96
2024-11-10,29.3,1.96,22.0,27.5,18.2,72.0,99.0,141.2,169.5,314.2,89.18,116.53,1.04,0.85,68.1,1.6,3.03
2024-11-11,0.0,3.03,24.2,30.2,19.4,62.5,97.4,138.4,143.9,290.4,100.71,131.24,1.96,1.04,29.3,68.1,0.83
2024-11-12,0.6,0.83,25.5,31.8,20.6,62.5,29.9,101.2,141.8,291.0,85.6,118.12,3.03,1.96,0.0,29.3,0.55
2024-11-13,2.9,0.55,21.8,25.9,21.2,86.8,3.5,104.1,144.7,293.9,73.27,106.85,0.83,3.03,0.6,0.0,0.65
2024-11-14,97.4,0.65,22.0,25.7,19.2,74.3,100.9,199.9,242.1,391.3,64.75,98.77,0.55,0.83,2.9,0.6,0.66
2024-11-15,6.4,0.66,20.2,23.5,17.8,85.0,106.7,204.7,248.5,397.7,137.82,176.56,0.65,0.55,97.4,2.9,1.18
2024-11-16,0.5,1.18,20.3,23.7,19.0,87.3,104.3,137.1,249.0,398.2,122.59,164.66,0.66,0.65,6.4,97.4,1.47
2024-11-17,17.9,1.47,20.4,23.5,17.8,83.8,24.8,125.7,266.9,416.1,104.63,148.64,1.18,0.66,0.5,6.4,1.81
2024-11-18,9.6,1.81,24.1,30.0,18.8,64.0,28.0,135.3,273.7,420.9,104.15,149.89,1.47,1.18,17.9,0.5,4.35
2024-11-19,30.9,4.35,24.2,30.8,18.4,72.3,58.4,165.6,266.8,417.9,96.69,143.54,1.81,1.47,9.6,17.9,1.76
2024-11-20,0.0,1.76,26.8,33.2,21.0,58.8,40.5,162.7,266.8,413.6,108.45,157.0,4.35,1.81,30.9,9.6,1.19
2024-11-21,0.0,1.19,23.8,27.1,22.6,78.0,30.9,65.3,265.2,413.6,92.18,141.3,1.76,4.35,0.0,30.9,1.37
2024-11-22,6.1,1.37,23.0,25.9,20.4,75.3,6.1,65.0,269.7,419.7,78.35,127.17,1.19,1.76,0.0,0.0,2.24
2024-11-23,2.1,2.24,21.3,25.5,19.6,79.3,8.2,66.6,203.7,400.7,71.79,119.94,1.37,1.19,6.1,0.0,2.39
2024-11-24,1.3,2.39,20.4,24.7,17.0,67.3,9.5,50.0,175.7,367.2,62.8,109.84,2.24,1.37,2.1,6.1,2.31
2024-11-25,0.0,2.31,21.4,26.9,17.2,69.3,3.4,40.4,175.7,357.5,54.49,100.02,2.39,2.24,1.3,2.1,1.18
2024-11-26,0.0,1.18,23.1,29.6,17.6,61.5,1.3,9.5,175.1,345.2,46.31,90.02,2.31,2.39,0.0,1.3,0.75
2024-11-27,0.0,0.75,25.8,31.8,19.0,56.8,0.0,9.5,172.2,319.6,39.37,81.02,1.18,2.31,0.0,0.0,0.57
2024-11-28,0.0,0.57,26.8,32.6,21.0,72.8,0.0,9.5,74.8,316.9,33.46,72.92,0.75,1.18,0.0,0.0,0.52
2024-11-29,0.0,0.52,26.7,32.2,22.6,56.0,0.0,3.4,68.4,316.9,28.44,65.63,0.57,0.75,0.0,0.0,0.51
2024-11-30,6.1,0.51,24.8,32.2,22.2,75.3,6.1,7.4,74.0,323.0,24.18,59.06,0.52,0.57,0.0,0.0,0.69
2024-12-01,44.3,0.69,25.0,30.0,21.0,74.5,50.4,50.4,100.4,367.3,25.73,58.65,0.51,0.52,6.1,0.0,0.85
2024-12-02,5.0,0.85,23.2,26.8,20.6,80.3,55.4,55.4,95.8,372.3,59.53,92.65,0.69,0.51,44.3,6.1,0.9
2024-12-03,22.4,0.9,23.9,30.1,21.0,81.5,71.7,77.8,87.3,394.7,54.85,87.89,0.85,0.69,5.0,44.3,1.45
2024-12-04,1.8,1.45,23.5,29.1,20.6,79.5,29.2,79.6,89.1,393.7,65.66,99.26,0.9,0.85,22.4,5.0,1.33
2024-12-05,0.0,1.33,25.9,31.5,21.1,64.8,24.2,79.6,89.1,355.9,57.34,90.95,1.45,0.9,1.8,22.4,0.83
2024-12-06,0.0,0.83,26.1,31.4,21.4,46.8,1.8,79.6,83.0,355.9,48.74,81.86,1.33,1.45,0.0,1.8,0.95
2024-12-07,0.0,0.95,26.4,32.9,20.2,46.5,0.0,73.5,80.9,354.3,41.43,73.67,0.83,1.33,0.0,0.0,0.65
2024-12-08,0.0,0.65,28.5,34.6,22.4,42.3,0.0,29.2,79.6,352.7,35.22,66.3,0.95,0.83,0.0,0.0,0.58
2024-12-09,0.0,0.58,28.1,34.6,24.0,48.8,0.0,24.2,79.6,284.6,29.93,59.67,0.65,0.95,0.0,0.0,0.56
2024-12-10,8.8,0.56,27.4,32.4,23.8,56.0,8.8,10.6,88.4,264.1,25.44,53.71,0.58,0.65,0.0,0.0,0.52
2024-12-11,17.9,0.52,23.3,26.5,21.8,74.8,26.7,26.7,106.3,282.0,29.11,56.26,0.56,0.58,8.8,0.0,1.59
2024-12-12,0.0,1.59,21.4,24.9,19.6,75.0,26.7,26.7,106.3,281.4,39.96,66.74,0.52,0.56,17.9,8.8,2.86
2024-12-13,0.0,2.86,22.9,28.1,20.0,73.8,17.9,26.7,106.3,278.5,33.96,60.07,1.59,0.52,0.0,17.9,0.71
2024-12-14,0.0,0.71,23.1,28.8,20.2,72.5,0.0,26.7,100.2,181.1,28.87,54.06,2.86,1.59,0.0,0.0,0.73
2024-12-15,27.7,0.73,21.7,25.0,18.6,82.0,27.7,54.4,83.6,202.4,24.54,48.65,0.71,2.86,0.0,0.0,1.33
2024-12-16,5.8,1.33,23.2,26.9,19.2,78.0,33.5,60.2,84.4,207.7,44.4,68.72,0.73,0.71,27.7,0.0,2.25
2024-12-17,16.5,2.25,24.1,30.5,18.6,66.0,50.0,67.9,78.5,206.3,42.67,67.07,1.33,0.73,5.8,27.7,1.45
2024-12-18,0.0,1.45,25.0,31.2,20.4,67.5,22.3,50.0,76.7,196.7,50.3,75.21,2.25,1.33,16.5,5.8,1.3
2024-12-19,0.2,1.3,24.9,30.8,21.4,66.0,16.7,50.2,76.9,166.0,42.75,67.69,1.45,2.25,0.0,16.5,0.78
2024-12-20,37.8,0.78,23.8,30.4,21.6,75.8,38.0,88.0,114.7,203.8,36.51,61.1,1.3,1.45,0.2,0.0,0.91
2024-12-21,15.2,0.91,22.7,27.7,19.4,74.5,53.2,103.2,129.9,219.0,63.16,89.01,0.78,1.3,37.8,0.2,1.62
2024-12-22,96.4,1.62,21.7,26.9,19.6,83.0,149.4,171.9,226.3,309.3,66.61,93.79,0.91,0.78,15.2,37.8,2.13
2024-12-23,6.8,2.13,22.1,30.0,19.7,80.5,118.4,172.9,233.1,314.0,138.56,171.17,1.62,0.91,96.4,15.2,2.3
2024-12-24,23.1,2.3,23.5,28.0,19.7,71.5,126.3,179.5,247.4,335.8,123.55,160.17,2.13,1.62,6.8,96.4,4.19
2024-12-25,0.3,4.19,22.3,25.8,20.8,86.0,30.2,179.8,229.8,336.1,124.66,164.95,2.3,2.13,23.1,6.8,5.59
2024-12-26,19.5,5.59,22.1,26.3,20.0,89.5,42.9,199.1,249.3,355.6,106.21,148.72,4.19,2.3,0.3,23.1,4.38
2024-12-27,39.1,4.38,22.2,25.5,19.9,84.5,58.9,200.4,288.4,394.7,106.86,151.4,5.59,4.19,19.5,0.3,4.42
2024-12-28,19.2,4.42,22.2,26.5,20.4,77.8,77.8,204.4,307.6,413.9,124.06,171.45,4.38,5.59,39.1,19.5,4.73
2024-12-29,26.8,4.73,20.3,22.3,18.3,89.5,85.1,134.8,306.7,440.7,121.77,171.58,4.42,4.38,19.2,39.1,5.35
2024-12-30,3.5,5.35,21.9,27.2,18.8,79.5,49.5,131.5,304.4,438.1,126.29,178.55,4.73,4.42,26.8,19.2,6.14
2024-12-31,8.6,6.14,23.1,28.0,19.2,70.3,38.9,117.0,296.5,402.4,110.32,163.84,5.35,4.73,3.5,26.8,5.55
2025-01-01,10.3,5.55,21.6,28.0,18.4,80.5,22.4,127.0,306.8,407.7,101.08,155.2,6.14,5.35,8.6,3.5,6.16
2025-01-02,27.8,6.16,22.5,26.1,18.8,81.0,46.7,135.3,334.4,413.1,94.67,148.95,5.55,6.14,10.3,8.6,6.66
2025-01-03,2.6,6.66,22.0,27.1,20.0,92.3,40.7,98.8,299.2,413.9,104.1,159.07,6.16,5.55,27.8,10.3,6.52
2025-01-04,16.8,6.52,22.8,27.2,19.4,84.3,47.2,96.4,300.8,430.7,90.7,145.51,6.66,6.16,2.6,27.8,5.58
2025-01-05,0.3,5.58,24.7,29.4,21.0,77.8,19.7,69.9,204.7,431.0,91.37,146.07,6.52,6.66,16.8,2.6,6.0
2025-01-06,29.5,6.0,22.8,28.4,18.8,80.8,46.6,95.9,227.4,460.5,77.92,131.74,5.58,6.52,0.3,16.8,5.3
2025-01-07,30.2,5.3,22.8,25.7,20.4,85.0,60.0,117.5,234.5,490.7,91.31,145.11,6.0,5.58,29.5,0.3,6.73
2025-01-08,6.8,6.73,23.9,29.6,19.2,74.0,66.5,114.0,241.0,497.5,103.28,157.78,5.3,6.0,30.2,29.5,7.28
2025-01-09,12.2,7.28,21.7,25.2,19.2,85.5,49.2,98.4,233.7,500.9,93.57,148.12,6.73,5.3,6.8,30.2,7.61
2025-01-10,11.2,7.61,23.1,28.6,19.0,72.5,30.2,107.0,205.8,494.2,89.9,144.29,7.28,6.73,12.2,6.8,8.14
2025-01-11,0.3,8.14,24.2,30.9,20.2,79.0,23.7,90.5,186.9,494.5,85.94,139.94,7.61,7.28,11.2,12.2,7.2
2025-01-12,2.1,7.2,23.8,30.4,21.0,74.5,13.6,92.3,162.2,496.6,73.3,126.22,8.14,7.61,0.3,11.2,6.33
2025-01-13,31.2,6.33,22.9,27.2,20.1,75.5,33.6,94.0,189.9,527.8,64.09,115.49,7.2,8.14,2.1,0.3,6.43
2025-01-14,2.1,6.43,22.2,26.4,20.4,82.5,35.4,65.9,183.4,502.2,81.0,132.02,6.33,7.2,31.2,2.1,11.02
2025-01-15,1.8,11.02,21.5,25.0,19.8,80.5,35.1,60.9,174.9,498.2,70.63,120.71,6.43,6.33,2.1,31.2,11.79
2025-01-16,0.9,11.79,22.7,28.2,20.4,83.8,4.8,49.6,148.0,482.6,61.57,110.26,11.02,6.43,1.8,2.1,12.4
2025-01-17,4.1,12.4,26.2,32.2,21.2,64.5,6.8,42.5,149.5,486.7,53.1,100.04,11.79,11.02,0.9,1.8,10.75
2025-01-18,0.0,10.75,27.1,33.4,21.8,61.8,5.0,42.2,132.7,486.5,48.62,93.73,12.4,11.79,4.1,0.9,8.18
2025-01-19,0.0,8.18,27.2,32.8,22.2,54.5,4.1,40.1,132.4,448.7,41.33,84.35,10.75,12.4,0.0,4.1,7.07
2025-01-20,0.0,7.07,27.7,33.7,23.1,56.8,0.0,8.9,102.9,433.5,35.13,75.92,8.18,10.75,0.0,0.0,5.61
2025-01-21,0.0,5.61,28.7,34.4,23.4,52.8,0.0,6.8,72.7,337.1,29.86,68.33,7.07,8.18,0.0,0.0,4.36
2025-01-22,0.0,4.36,27.5,33.8,24.2,66.5,0.0,5.0,65.9,330.3,25.38,61.49,5.61,7.07,0.0,0.0,3.53
2025-01-23,2.8,3.53,27.4,32.8,22.7,56.3,2.8,6.9,56.5,310.0,21.57,55.34,4.36,5.61,0.0,0.0,3.73
2025-01-24,0.0,3.73,26.4,31.2,23.1,58.0,2.8,2.8,45.3,309.7,20.72,52.33,3.53,4.36,2.8,0.0,2.45
2025-01-25,0.0,2.45,26.3,31.7,22.0,56.0,2.8,2.8,45.0,290.2,17.61,47.1,3.73,3.53,0.0,2.8,1.75
2025-01-26,0.0,1.75,24.9,30.0,22.4,72.8,0.0,2.8,42.9,251.1,14.97,42.39,2.45,3.73,0.0,0.0,1.5
2025-01-27,19.2,1.5,23.2,29.2,20.4,79.8,19.2,22.0,30.9,251.1,12.72,38.15,1.75,2.45,0.0,0.0,1.9
2025-01-28,21.0,1.9,23.6,28.7,20.6,77.8,40.2,43.0,49.8,245.3,27.13,51.61,1.5,1.75,19.2,0.0,1.64
2025-01-29,14.3,1.64,22.6,28.8,19.8,77.5,54.5,57.3,62.3,256.1,40.91,65.35,1.9,1.5,21.0,19.2,2.5
2025-01-30,27.1,2.5,22.0,27.8,18.4,81.3,62.4,81.6,88.5,274.6,46.93,71.69,1.64,1.9,14.3,21.0,3.79
2025-01-31,13.3,3.79,22.3,26.9,20.0,86.8,54.7,94.9,97.7,277.6,62.93,88.91,2.5,1.64,27.1,14.3,4.66
2025-02-01,2.4,4.66,23.1,26.9,20.1,80.0,42.8,97.3,100.1,252.2,64.79,91.99,3.79,2.5,13.3,27.1,4.22
2025-02-02,22.2,4.22,22.1,26.3,19.9,91.3,37.9,119.5,122.3,271.8,57.11,84.95,4.66,3.79,2.4,13.3,6.35
2025-02-03,43.2,6.35,24.7,30.4,19.6,62.5,67.8,143.5,165.5,298.2,67.42,96.43,4.22,4.66,22.2,2.4,6.21
2025-02-04,0.0,6.21,25.7,30.4,21.6,58.8,65.4,122.5,165.5,297.9,94.02,125.67,6.35,4.22,43.2,22.2,3.84
2025-02-05,0.0,3.84,25.5,30.5,21.4,45.5,43.2,108.2,165.5,268.4,79.92,113.1,6.21,6.35,0.0,43.2,2.85
2025-02-06,0.0,2.85,25.5,31.8,20.8,52.8,0.0,81.1,162.7,238.2,67.93,101.79,3.84,6.21,0.0,0.0,1.94
2025-02-07,0.0,1.94,24.9,30.5,21.4,56.3,0.0,67.8,162.7,231.4,57.74,91.61,2.85,3.84,0.0,0.0,1.38
2025-02-08,0.0,1.38,24.1,27.8,21.4,60.3,0.0,65.4,162.7,219.2,49.08,82.45,1.94,2.85,0.0,0.0,1.11
2025-02-09,0.0,1.11,24.1,28.4,20.6,62.5,0.0,43.2,162.7,208.0,41.72,74.21,1.38,1.94,0.0,0.0,0.97
2025-02-10,0.0,0.97,23.9,27.7,21.1,57.8,0.0,0.0,143.5,207.7,35.46,66.79,1.11,1.38,0.0,0.0,0.97
2025-02-11,0.0,0.97,24.2,29.1,20.7,56.0,0.0,0.0,122.5,205.6,30.14,60.11,0.97,1.11,0.0,0.0,0.95
2025-02-12,0.0,0.95,25.1,30.2,20.8,56.5,0.0,0.0,108.2,174.4,25.62,54.1,0.97,0.97,0.0,0.0,0.92
2025-02-13,0.0,0.92,25.3,29.7,21.6,58.0,0.0,0.0,81.1,172.3,21.78,48.69,0.95,0.97,0.0,0.0,0.92
2025-02-14,0.0,0.92,26.0,31.6,21.6,53.5,0.0,0.0,67.8,170.5,18.51,43.82,0.92,0.95,0.0,0.0,0.91
2025-02-15,0.0,0.91,26.5,31.4,22.8,48.0,0.0,0.0,65.4,169.6,15.73,39.44,0.92,0.92,0.0,0.0,0.91
2025-02-16,0.0,0.91,26.1,30.9,21.8,51.0,0.0,0.0,43.2,165.5,13.37,35.49,0.91,0.92,0.0,0.0,0.89
2025-02-17,0.0,0.89,27.4,33.2,22.2,47.3,0.0,0.0,0.0,165.5,11.37,31.94,0.91,0.91,0.0,0.0,0.89
2025-02-18,0.0,0.89,27.7,33.8,22.4,40.5,0.0,0.0,0.0,165.5,9.66,28.75,0.89,0.91,0.0,0.0,0.87
2025-02-19,0.0,0.87,26.7,31.6,23.1,45.0,0.0,0.0,0.0,165.5,8.21,25.87,0.89,0.89,0.0,0.0,0.87
2025-02-20,0.0,0.87,26.5,31.8,22.2,49.5,0.0,0.0,0.0,165.5,6.98,23.29,0.87,0.89,0.0,0.0,0.87
2025-02-21,0.0,0.87,26.6,32.2,22.1,47.8,0.0,0.0,0.0,165.5,5.93,20.96,0.87,0.87,0.0,0.0,0.87
2025-02-22,0.0,0.87,24.9,30.0,20.4,50.0,0.0,0.0,0.0,162.7,5.04,18.86,0.87,0.87,0.0,0.0,0.85
2025-02-23,0.0,0.85,24.1,29.0,20.8,57.0,0.0,0.0,0.0,162.7,4.29,16.98,0.87,0.87,0.0,0.0,0.85
2025-02-24,0.0,0.85,24.3,29.4,20.8,56.3,0.0,0.0,0.0,162.7,3.64,15.28,0.85,0.87,0.0,0.0,0.85
2025-02-25,0.0,0.85,24.9,30.1,21.6,58.8,0.0,0.0,0.0,162.7,3.1,13.75,0.85,0.85,0.0,0.0,0.85
2025-02-26,0.0,0.85,25.2,30.4,20.8,50.5,0.0,0.0,0.0,143.5,2.63,12.38,0.85,0.85,0.0,0.0,0.85
2025-02-27,0.0,0.85,25.7,31.0,21.6,50.3,0.0,0.0,0.0,122.5,2.24,11.14,0.85,0.85,0.0,0.0,0.85
2025-02-28,0.0,0.85,25.0,29.9,21.2,52.5,0.0,0.0,0.0,108.2,1.9,10.02,0.85,0.85,0.0,0.0,0.85
2025-03-01,0.0,0.85,24.1,28.1,20.0,56.8,0.0,0.0,0.0,81.1,1.62,9.02,0.85,0.85,0.0,0.0,0.81
2025-03-02,0.0,0.81,24.0,29.4,20.2,59.3,0.0,0.0,0.0,67.8,1.37,8.12,0.85,0.85,0.0,0.0,0.81
2025-03-03,0.0,0.81,24.9,30.3,20.8,55.5,0.0,0.0,0.0,65.4,1.17,7.31,0.81,0.85,0.0,0.0,0.81
2025-03-04,0.0,0.81,23.3,28.1,20.6,60.3,0.0,0.0,0.0,43.2,0.99,6.58,0.81,0.81,0.0,0.0,0.85
2025-03-05,0.0,0.85,24.0,28.7,19.8,55.3,0.0,0.0,0.0,0.0,0.84,5.92,0.81,0.81,0.0,0.0,0.81
2025-03-06,0.0,0.81,24.3,29.8,19.8,49.0,0.0,0.0,0.0,0.0,0.72,5.33,0.85,0.81,0.0,0.0,0.81
2025-03-07,0.0,0.81,24.4,29.4,20.4,54.5,0.0,0.0,0.0,0.0,0.61,4.79,0.81,0.85,0.0,0.0,0.81
2025-03-08,0.0,0.81,25.0,30.6,20.6,44.8,0.0,0.0,0.0,0.0,0.52,4.32,0.81,0.81,0.0,0.0,0.78
2025-03-09,0.0,0.78,25.7,31.8,20.4,48.8,0.0,0.0,0.0,0.0,0.44,3.88,0.81,0.81,0.0,0.0,0.78
2025-03-10,0.0,0.78,26.1,33.3,21.6,52.0,0.0,0.0,0.0,0.0,0.37,3.5,0.78,0.81,0.0,0.0,0.78
2025-03-11,0.0,0.78,26.3,32.8,21.0,56.5,0.0,0.0,0.0,0.0,0.32,3.15,0.78,0.78,0.0,0.0,0.78
2025-03-12,0.0,0.78,26.3,31.4,22.4,55.8,0.0,0.0,0.0,0.0,0.27,2.83,0.78,0.78,0.0,0.0,0.78
2025-03-13,0.0,0.78,26.4,31.9,22.9,63.0,0.0,0.0,0.0,0.0,0.23,2.55,0.78,0.78,0.0,0.0,0.78
2025-03-14,0.0,0.78,27.0,32.1,22.7,56.0,0.0,0.0,0.0,0.0,0.2,2.29,0.78,0.78,0.0,0.0,0.97
2025-03-15,0.0,0.97,26.8,32.4,23.2,59.3,0.0,0.0,0.0,0.0,0.17,2.06,0.78,0.78,0.0,0.0,1.4
2025-03-16,0.0,1.4,25.4,29.4,23.1,61.8,0.0,0.0,0.0,0.0,0.14,1.86,0.97,0.78,0.0,0.0,1.09
2025-03-17,0.0,1.09,24.2,29.9,22.4,69.3,0.0,0.0,0.0,0.0,0.12,1.67,1.4,0.97,0.0,0.0,1.4
2025-03-18,1.6,1.4,23.6,30.8,20.8,75.0,1.6,1.6,1.6,1.6,0.1,1.5,1.09,1.4,0.0,0.0,1.44
2025-03-19,46.8,1.44,23.4,29.4,21.0,75.3,48.4,48.4,48.4,48.4,1.45,2.79,1.4,1.09,1.6,0.0,2.18
2025-03-20,18.0,2.18,23.5,28.4,20.2,77.5,66.4,66.4,66.4,66.4,41.01,44.63,1.44,1.4,46.8,1.6,3.19
2025-03-21,2.6,3.19,22.8,26.3,19.9,76.5,67.4,69.0,69.0,69.0,50.16,56.37,2.18,1.44,18.0,46.8,2.53
2025-03-22,3.2,2.53,23.3,28.6,20.6,71.3,23.8,72.2,72.2,72.2,44.84,53.07,3.19,2.18,2.6,18.0,2.66
2025-03-23,0.0,2.66,23.8,29.2,21.0,79.8,5.8,72.2,72.2,72.2,40.84,50.65,2.53,3.19,3.2,2.6,1.81
2025-03-24,0.0,1.81,22.8,26.7,21.6,86.3,3.2,72.2,72.2,72.2,34.71,45.58,2.66,2.53,0.0,3.2,2.34
2025-03-25,11.3,2.34,24.5,29.1,20.2,73.0,11.3,81.9,83.5,83.5,29.51,41.02,1.81,2.66,0.0,0.0,3.69
2025-03-26,0.6,3.69,23.6,29.0,20.4,77.3,11.9,35.7,84.1,84.1,34.68,47.09,2.34,1.81,11.3,0.0,3.97
2025-03-27,17.4,3.97,23.3,28.2,20.0,70.0,29.3,35.1,101.5,101.5,29.99,42.92,3.69,2.34,0.6,11.3,3.88
2025-03-28,0.0,3.88,24.5,30.2,20.4,62.0,18.0,32.5,101.5,101.5,40.28,54.29,3.97,3.69,17.4,0.6,3.5
2025-03-29,0.0,3.5,24.9,30.0,20.4,56.0,17.4,29.3,101.5,101.5,34.24,48.86,3.88,3.97,0.0,17.4,3.06
2025-03-30,0.0,3.06,24.8,28.2,22.0,62.8,0.0,29.3,101.5,101.5,29.1,43.97,3.5,3.88,0.0,0.0,2.34
2025-03-31,0.0,2.34,23.9,29.1,22.2,75.8,0.0,29.3,101.5,101.5,24.74,39.58,3.06,3.5,0.0,0.0,1.78
2025-04-01,0.0,1.78,25.5,30.2,22.0,58.3,0.0,18.0,99.9,101.5,21.03,35.62,2.34,3.06,0.0,0.0,1.53
2025-04-02,0.0,1.53,24.5,28.6,21.4,65.5,0.0,17.4,53.1,101.5,17.87,32.06,1.78,2.34,0.0,0.0,1.28
2025-04-03,0.0,1.28,24.3,29.2,21.4,69.5,0.0,0.0,35.1,101.5,15.19,28.85,1.53,1.78,0.0,0.0,1.12
2025-04-04,0.0,1.12,25.2,29.6,22.0,58.5,0.0,0.0,32.5,101.5,12.91,25.97,1.28,1.53,0.0,0.0,0.97
2025-04-05,12.7,0.97,21.5,27.4,20.2,79.5,12.7,12.7,42.0,114.2,10.98,23.37,1.12,1.28,0.0,0.0,1.59
2025-04-06,29.8,1.59,20.7,25.3,18.0,69.5,42.5,42.5,71.8,144.0,20.13,32.46,0.97,1.12,12.7,0.0,4.22
2025-04-07,0.0,4.22,20.8,25.4,17.4,62.8,42.5,42.5,71.8,144.0,42.44,56.04,1.59,0.97,29.8,12.7,3.59
2025-04-08,0.0,3.59,21.8,26.3,17.6,64.3,29.8,42.5,60.5,144.0,36.07,50.43,4.22,1.59,0.0,29.8,2.53
2025-04-09,0.0,2.53,24.0,29.5,19.0,59.8,0.0,42.5,59.9,144.0,30.66,45.39,3.59,4.22,0.0,0.0,1.78
2025-04-10,0.0,1.78,24.4,29.8,20.8,62.5,0.0,42.5,42.5,144.0,26.06,40.85,2.53,3.59,0.0,0.0,1.5
2025-04-11,3.3,1.5,23.7,30.0,18.8,57.3,3.3,45.8,45.8,147.3,22.15,36.77,1.78,2.53,0.0,0.0,1.62
2025-04-12,0.0,1.62,23.2,28.2,18.9,55.3,3.3,33.1,45.8,147.3,21.63,36.06,1.5,1.78,3.3,0.0,1.16
2025-04-13,0.0,1.16,23.5,28.2,19.4,58.8,3.3,3.3,45.8,147.3,18.39,32.45,1.62,1.5,0.0,3.3,0.97
2025-04-14,0.0,0.97,23.3,27.4,21.6,74.8,0.0,3.3,45.8,147.3,15.63,29.21,1.16,1.62,0.0,0.0,0.94
2025-04-15,0.0,0.94,24.3,30.0,19.8,61.0,0.0,3.3,45.8,147.3,13.29,26.29,0.97,1.16,0.0,0.0,0.97
2025-04-16,0.0,0.97,20.3,24.5,18.6,88.3,0.0,3.3,45.8,147.3,11.29,23.66,0.94,0.97,0.0,0.0,1.47
2025-04-17,48.7,1.47,23.1,28.3,18.8,71.3,48.7,52.0,94.5,194.4,9.6,21.29,0.97,0.94,0.0,0.0,1.88
2025-04-18,0.3,1.88,23.4,27.4,20.2,72.8,49.0,49.0,94.8,147.9,49.55,62.99,1.47,0.97,48.7,0.0,1.16
2025-04-19,2.3,1.16,24.0,28.2,20.2,71.0,51.3,51.3,84.4,132.2,42.38,56.96,1.88,1.47,0.3,48.7,1.28
2025-04-20,12.1,1.28,23.9,29.4,20.1,64.5,14.7,63.4,66.7,141.7,37.97,53.34,1.16,1.88,2.3,0.3,1.88
2025-04-21,0.0,1.88,22.4,27.8,18.9,67.3,14.4,63.4,66.7,138.5,42.56,58.89,1.28,1.16,12.1,2.3,2.44
2025-04-22,0.0,2.44,20.9,24.3,19.6,76.8,12.1,63.4,66.7,138.5,36.18,53.0,1.88,1.28,0.0,12.1,1.84
2025-04-23,0.0,1.84,20.5,24.8,18.4,78.8,0.0,63.4,66.7,138.5,30.75,47.7,2.44,1.88,0.0,0.0,1.47
2025-04-24,0.0,1.47,22.2,27.0,18.6,71.5,0.0,14.7,66.7,127.2,26.14,42.93,1.84,2.44,0.0,0.0,1.19
2025-04-25,0.3,1.19,22.4,27.2,20.0,79.3,0.3,14.7,63.7,126.9,22.22,38.64,1.47,1.84,0.0,0.0,1.03
2025-04-26,0.9,1.03,23.8,29.4,20.0,72.5,1.2,13.3,64.6,110.4,19.14,35.05,1.19,1.47,0.3,0.0,1.03
2025-04-27,0.0,1.03,24.1,29.6,21.0,55.5,1.2,1.2,64.6,110.4,17.03,32.35,1.03,1.19,0.9,0.3,1.03
2025-04-28,5.2,1.03,23.8,28.9,21.6,79.0,6.1,6.4,69.8,115.6,14.48,29.12,1.03,1.03,0.0,0.9,1.06
2025-04-29,0.0,1.06,23.9,29.8,20.6,67.8,5.2,6.4,69.8,115.6,16.73,30.88,1.03,1.03,5.2,0.0,1.19
2025-04-30,0.0,1.19,20.9,24.0,19.2,76.0,5.2,6.4,69.8,115.6,14.22,27.8,1.06,1.03,0.0,5.2,1.25
2025-05-01,0.0,1.25,21.1,25.3,18.2,71.3,0.0,6.4,21.1,115.6,12.09,25.02,1.19,1.06,0.0,0.0,1.09
2025-05-02,0.0,1.09,20.7,26.7,16.6,61.5,0.0,6.1,20.8,115.6,10.27,22.52,1.25,1.19,0.0,0.0,1.0
2025-05-03,0.0,1.0,19.9,24.1,16.2,61.5,0.0,5.2,18.5,115.6,8.73,20.26,1.09,1.25,0.0,0.0,1.0
2025-05-04,0.0,1.0,20.0,24.7,16.0,60.3,0.0,5.2,6.4,115.6,7.42,18.24,1.0,1.09,0.0,0.0,0.97
2025-05-05,0.0,0.97,19.9,23.9,16.9,63.0,0.0,0.0,6.4,102.9,6.31,16.41,1.0,1.0,0.0,0.0,0.97
2025-05-06,0.0,0.97,20.9,25.6,18.2,64.8,0.0,0.0,6.4,73.1,5.36,14.77,0.97,1.0,0.0,0.0,0.94
2025-05-07,0.0,0.94,21.7,26.9,18.0,63.5,0.0,0.0,6.4,73.1,4.56,13.29,0.97,0.97,0.0,0.0,0.94
2025-05-08,0.0,0.94,21.7,25.5,18.4,66.8,0.0,0.0,6.4,73.1,3.87,11.97,0.94,0.97,0.0,0.0,0.94
2025-05-09,0.0,0.94,21.9,25.9,18.8,74.0,0.0,0.0,6.1,73.1,3.29,10.77,0.94,0.94,0.0,0.0,0.94
2025-05-10,0.0,0.94,24.4,29.7,19.1,62.5,0.0,0.0,5.2,73.1,2.8,9.69,0.94,0.94,0.0,0.0,0.94
2025-05-11,0.0,0.94,23.4,28.6,20.4,66.8,0.0,0.0,5.2,69.8,2.38,8.72,0.94,0.94,0.0,0.0,0.91
2025-05-12,0.0,0.91,20.2,24.9,17.4,68.8,0.0,0.0,0.0,69.8,2.02,7.85,0.94,0.94,0.0,0.0,0.91
2025-05-13,0.0,0.91,19.8,23.9,17.0,69.5,0.0,0.0,0.0,69.8,1.72,7.07,0.91,0.94,0.0,0.0,0.91
2025-05-14,0.0,0.91,19.0,23.9,15.8,65.8,0.0,0.0,0.0,69.8,1.46,6.36,0.91,0.91,0.0,0.0,0.91
2025-05-15,0.0,0.91,18.9,22.9,16.1,68.3,0.0,0.0,0.0,69.8,1.24,5.72,0.91,0.91,0.0,0.0,0.91
2025-05-16,0.0,0.91,19.8,23.5,16.0,63.3,0.0,0.0,0.0,69.8,1.06,5.15,0.91,0.91,0.0,0.0,0.91
2025-05-17,0.0,0.91,19.3,24.5,15.8,63.3,0.0,0.0,0.0,21.1,0.9,4.64,0.91,0.91,0.0,0.0,0.87
2025-05-18,0.0,0.87,19.5,24.7,16.6,66.8,0.0,0.0,0.0,20.8,0.76,4.17,0.91,0.91,0.0,0.0,0.87
2025-05-19,0.0,0.87,19.5,24.5,15.6,59.5,0.0,0.0,0.0,18.5,0.65,3.75,0.87,0.91,0.0,0.0,0.87
2025-05-20,0.0,0.87,20.1,26.2,15.4,54.5,0.0,0.0,0.0,6.4,0.55,3.38,0.87,0.87,0.0,0.0,0.87
2025-05-21,0.0,0.87,21.4,27.5,15.8,57.8,0.0,0.0,0.0,6.4,0.47,3.04,0.87,0.87,0.0,0.0,0.87
2025-05-22,0.0,0.87,21.4,26.9,17.4,62.8,0.0,0.0,0.0,6.4,0.4,2.74,0.87,0.87,0.0,0.0,0.85
2025-05-23,0.0,0.85,22.2,28.5,17.6,59.0,0.0,0.0,0.0,6.4,0.34,2.46,0.87,0.87,0.0,0.0,0.85
2025-05-24,0.0,0.85,21.0,25.5,17.6,63.3,0.0,0.0,0.0,6.4,0.29,2.22,0.85,0.87,0.0,0.0,0.85
2025-05-25,0.0,0.85,19.9,25.1,16.0,64.3,0.0,0.0,0.0,6.1,0.24,2.0,0.85,0.85,0.0,0.0,0.85
2025-05-26,0.0,0.85,20.5,24.9,16.2,59.8,0.0,0.0,0.0,5.2,0.21,1.8,0.85,0.85,0.0,0.0,0.85
2025-05-27,0.0,0.85,20.9,25.5,18.4,70.0,0.0,0.0,0.0,5.2,0.18,1.62,0.85,0.85,0.0,0.0,0.85
2025-05-28,0.0,0.85,21.5,27.3,17.1,62.8,0.0,0.0,0.0,0.0,0.15,1.45,0.85,0.85,0.0,0.0,0.81
2025-05-29,0.0,0.81,21.4,26.0,17.8,63.8,0.0,0.0,0.0,0.0,0.13,1.31,0.85,0.85,0.0,0.0,0.81
2025-05-30,0.0,0.81,21.7,26.0,18.4,69.5,0.0,0.0,0.0,0.0,0.11,1.18,0.81,0.85,0.0,0.0,0.81
2025-05-31,0.0,0.81,22.0,26.7,18.9,69.0,0.0,0.0,0.0,0.0,0.09,1.06,0.81,0.81,0.0,0.0,0.81
2025-06-01,0.0,0.81,22.4,27.7,18.6,63.5,0.0,0.0,0.0,0.0,0.08,0.95,0.81,0.81,0.0,0.0,0.81
2025-06-02,0.0,0.81,21.1,25.6,18.0,68.3,0.0,0.0,0.0,0.0,0.07,0.86,0.81,0.81,0.0,0.0,0.81
2025-06-03,0.0,0.81,19.4,24.8,18.6,75.5,0.0,0.0,0.0,0.0,0.06,0.77,0.81,0.81,0.0,0.0,0.81
2025-06-04,11.3,0.81,21.4,27.8,16.2,66.8,11.3,11.3,11.3,11.3,0.05,0.7,0.81,0.81,0.0,0.0,0.81
2025-06-05,0.0,0.81,22.2,28.8,17.0,53.0,11.3,11.3,11.3,11.3,9.65,10.8,0.81,0.81,11.3,0.0,0.81
2025-06-06,0.0,0.81,22.9,28.4,17.8,56.5,11.3,11.3,11.3,11.3,8.2,9.72,0.81,0.81,0.0,11.3,0.78
2025-06-07,0.0,0.78,21.6,27.6,18.4,68.5,0.0,11.3,11.3,11.3,6.97,8.74,0.81,0.81,0.0,0.0,0.78
2025-06-08,0.0,0.78,21.8,27.6,18.1,60.8,0.0,11.3,11.3,11.3,5.92,7.87,0.78,0.81,0.0,0.0,0.78
2025-06-09,0.0,0.78,21.6,26.9,18.2,58.8,0.0,11.3,11.3,11.3,5.04,7.08,0.78,0.78,0.0,0.0,0.78
2025-06-10,0.0,0.78,21.9,27.1,18.8,57.8,0.0,11.3,11.3,11.3,4.28,6.38,0.78,0.78,0.0,0.0,0.78
2025-06-11,0.0,0.78,19.1,25.3,16.0,66.0,0.0,0.0,11.3,11.3,3.64,5.74,0.78,0.78,0.0,0.0,0.78
2025-06-12,0.0,0.78,15.8,22.9,12.2,51.5,0.0,0.0,11.3,11.3,3.09,5.16,0.78,0.78,0.0,0.0,0.78
2025-06-13,0.0,0.78,15.8,20.9,11.6,57.8,0.0,0.0,11.3,11.3,2.63,4.65,0.78,0.78,0.0,0.0,0.75
2025-06-14,0.0,0.75,15.7,20.4,13.1,56.8,0.0,0.0,11.3,11.3,2.23,4.18,0.78,0.78,0.0,0.0,0.75
2025-06-15,0.0,0.75,16.5,22.7,11.6,54.5,0.0,0.0,11.3,11.3,1.9,3.76,0.75,0.78,0.0,0.0,0.75
2025-06-16,0.0,0.75,17.9,24.6,13.2,62.0,0.0,0.0,11.3,11.3,1.61,3.39,0.75,0.75,0.0,0.0,0.75
2025-06-17,0.0,0.75,18.6,24.3,14.6,60.5,0.0,0.0,11.3,11.3,1.37,3.05,0.75,0.75,0.0,0.0,0.75
2025-06-18,0.0,0.75,19.0,24.6,14.8,66.5,0.0,0.0,0.0,11.3,1.17,2.74,0.75,0.75,0.0,0.0,0.72
2025-06-19,0.0,0.72,19.4,24.5,16.0,62.0,0.0,0.0,0.0,11.3,0.99,2.47,0.75,0.75,0.0,0.0,0.72
2025-06-20,0.0,0.72,19.8,24.8,15.6,59.3,0.0,0.0,0.0,11.3,0.84,2.22,0.72,0.75,0.0,0.0,0.72
2025-06-21,0.0,0.72,20.7,26.3,18.2,56.5,0.0,0.0,0.0,11.3,0.72,2.0,0.72,0.72,0.0,0.0,0.72
2025-06-22,0.0,0.72,21.2,27.4,15.4,51.3,0.0,0.0,0.0,11.3,0.61,1.8,0.72,0.72,0.0,0.0,0.72
2025-06-23,0.0,0.72,22.0,29.3,16.4,52.0,0.0,0.0,0.0,11.3,0.52,1.62,0.72,0.72,0.0,0.0,0.7
2025-06-24,0.0,0.7,21.0,26.5,17.6,63.0,0.0,0.0,0.0,11.3,0.44,1.46,0.72,0.72,0.0,0.0,0.7
2025-06-25,0.0,0.7,19.4,24.6,15.7,70.3,0.0,0.0,0.0,11.3,0.37,1.31,0.7,0.72,0.0,0.0,0.7
2025-06-26,0.0,0.7,20.3,26.3,16.8,65.0,0.0,0.0,0.0,11.3,0.32,1.18,0.7,0.7,0.0,0.0,0.69
2025-06-27,0.0,0.69,20.9,27.7,15.6,57.3,0.0,0.0,0.0,11.3,0.27,1.06,0.7,0.7,0.0,0.0,0.69
2025-06-28,0.0,0.69,20.4,25.3,16.8,60.3,0.0,0.0,0.0,11.3,0.23,0.96,0.69,0.7,0.0,0.0,0.69
2025-06-29,0.0,0.69,20.6,27.8,15.6,56.0,0.0,0.0,0.0,11.3,0.2,0.86,0.69,0.69,0.0,0.0,0.67
2025-06-30,0.0,0.67,21.5,28.0,15.8,49.8,0.0,0.0,0.0,11.3,0.17,0.78,0.69,0.69,0.0,0.0,0.67
2025-07-01,0.0,0.67,21.2,26.9,17.2,51.3,0.0,0.0,0.0,11.3,0.14,0.7,0.67,0.69,0.0,0.0,0.67
2025-07-02,0.0,0.67,19.2,24.7,16.0,59.8,0.0,0.0,0.0,11.3,0.12,0.63,0.67,0.67,0.0,0.0,0.67
2025-07-03,0.0,0.67,18.2,22.8,15.0,65.8,0.0,0.0,0.0,11.3,0.1,0.57,0.67,0.67,0.0,0.0,0.66
2025-07-04,0.0,0.66,17.4,22.3,15.0,70.0,0.0,0.0,0.0,0.0,0.09,0.51,0.67,0.67,0.0,0.0,0.66
2025-07-05,0.0,0.66,17.5,23.6,13.5,60.0,0.0,0.0,0.0,0.0,0.07,0.46,0.66,0.67,0.0,0.0,0.66
2025-07-06,0.0,0.66,18.2,24.7,13.2,53.8,0.0,0.0,0.0,0.0,0.06,0.41,0.66,0.66,0.0,0.0,0.64
2025-07-07,0.0,0.64,17.8,23.2,13.8,54.3,0.0,0.0,0.0,0.0,0.05,0.37,0.66,0.66,0.0,0.0,0.64
2025-07-08,0.0,0.64,17.9,23.9,13.8,52.5,0.0,0.0,0.0,0.0,0.05,0.33,0.64,0.66,0.0,0.0,0.64
2025-07-09,0.0,0.64,18.4,23.0,13.4,48.3,0.0,0.0,0.0,0.0,0.04,0.3,0.64,0.64,0.0,0.0,0.63
2025-07-10,0.0,0.63,18.1,22.2,14.6,63.0,0.0,0.0,0.0,0.0,0.03,0.27,0.64,0.64,0.0,0.0,0.63
2025-07-11,0.0,0.63,17.8,22.4,14.8,72.8,0.0,0.0,0.0,0.0,0.03,0.24,0.63,0.64,0.0,0.0,0.63
2025-07-12,0.0,0.63,17.8,22.2,14.6,65.5,0.0,0.0,0.0,0.0,0.02,0.22,0.63,0.63,0.0,0.0,0.63
2025-07-13,0.0,0.63,17.4,22.5,15.3,50.0,0.0,0.0,0.0,0.0,0.02,0.2,0.63,0.63,0.0,0.0,0.61
2025-07-14,0.0,0.61,17.7,22.6,14.8,50.0,0.0,0.0,0.0,0.0,0.02,0.18,0.63,0.63,0.0,0.0,0.61
2025-07-15,0.0,0.61,18.9,25.5,12.8,41.3,0.0,0.0,0.0,0.0,0.01,0.16,0.61,0.63,0.0,0.0,0.61
2025-07-16,0.0,0.61,19.1,24.8,13.8,42.5,0.0,0.0,0.0,0.0,0.01,0.14,0.61,0.61,0.0,0.0,0.61
2025-07-17,0.0,0.61,20.0,26.8,14.0,45.3,0.0,0.0,0.0,0.0,0.01,0.13,0.61,0.61,0.0,0.0,0.59
2025-07-19,0.0,0.59,21.3,27.6,15.4,45.5,0.0,0.0,0.0,0.0,0.01,0.1,0.59,0.61,0.0,0.0,0.59
2025-07-20,0.0,0.59,20.0,25.5,17.0,61.8,0.0,0.0,0.0,0.0,0.01,0.09,0.59,0.59,0.0,0.0,0.58
2025-07-21,0.0,0.58,20.1,25.3,16.8,56.8,0.0,0.0,0.0,0.0,0.01,0.08,0.59,0.59,0.0,0.0,0.58
2025-07-22,0.0,0.58,20.6,27.1,15.6,54.0,0.0,0.0,0.0,0.0,0.0,0.08,0.58,0.59,0.0,0.0,0.58
2025-07-23,0.0,0.58,22.6,29.2,16.4,51.3,0.0,0.0,0.0,0.0,0.0,0.07,0.58,0.58,0.0,0.0,0.58
2025-07-24,0.0,0.58,21.5,26.8,18.6,56.3,0.0,0.0,0.0,0.0,0.0,0.06,0.58,0.58,0.0,0.0,0.56
2025-07-25,0.0,0.56,20.6,26.1,16.9,55.0,0.0,0.0,0.0,0.0,0.0,0.06,0.58,0.58,0.0,0.0,0.56
2025-07-26,8.9,0.56,20.9,27.5,15.1,55.5,8.9,8.9,8.9,8.9,0.0,0.05,0.56,0.58,0.0,0.0,0.58
2025-07-27,0.0,0.58,20.2,25.5,16.4,58.8,8.9,8.9,8.9,8.9,7.57,8.06,0.56,0.56,8.9,0.0,0.59
2025-07-28,0.0,0.59,21.5,28.6,16.2,51.5,8.9,8.9,8.9,8.9,6.43,7.25,0.58,0.56,0.0,8.9,0.53
2025-07-29,0.0,0.53,20.4,26.3,17.2,42.5,0.0,8.9,8.9,8.9,5.47,6.52,0.59,0.58,0.0,0.0,0.52
2025-07-30,0.0,0.52,18.8,26.5,13.0,41.5,0.0,8.9,8.9,8.9,4.65,5.87,0.53,0.59,0.0,0.0,0.52
2025-07-31,0.0,0.52,18.1,23.9,13.6,56.3,0.0,8.9,8.9,8.9,3.95,5.28,0.52,0.53,0.0,0.0,0.52
2025-08-01,0.0,0.52,18.6,24.2,14.8,54.5,0.0,8.9,8.9,8.9,3.36,4.76,0.52,0.52,0.0,0.0,0.52
2025-08-02,0.0,0.52,18.2,24.0,14.0,48.8,0.0,0.0,8.9,8.9,2.85,4.28,0.52,0.52,0.0,0.0,0.5
2025-08-03,0.0,0.5,18.3,23.7,14.1,49.5,0.0,0.0,8.9,8.9,2.43,3.85,0.52,0.52,0.0,0.0,0.5
2025-08-04,0.0,0.5,19.0,24.7,14.6,60.0,0.0,0.0,8.9,8.9,2.06,3.47,0.5,0.52,0.0,0.0,0.5
2025-08-05,0.0,0.5,18.3,21.8,16.8,60.8,0.0,0.0,8.9,8.9,1.75,3.12,0.5,0.5,0.0,0.0,0.5
2025-08-06,0.0,0.5,19.6,24.7,15.6,54.5,0.0,0.0,8.9,8.9,1.49,2.81,0.5,0.5,0.0,0.0,0.49
2025-08-07,0.0,0.49,21.3,28.3,16.6,49.0,0.0,0.0,8.9,8.9,1.27,2.53,0.5,0.5,0.0,0.0,0.49
2025-08-08,0.0,0.49,22.7,29.5,16.1,42.5,0.0,0.0,8.9,8.9,1.08,2.27,0.49,0.5,0.0,0.0,0.49
2025-08-09,0.0,0.49,22.1,28.0,17.0,46.5,0.0,0.0,0.0,8.9,0.91,2.05,0.49,0.49,0.0,0.0,0.49
2025-08-10,0.0,0.49,20.1,26.9,16.1,32.8,0.0,0.0,0.0,8.9,0.78,1.84,0.49,0.49,0.0,0.0,0.47
2025-08-11,0.0,0.47,18.0,25.5,13.0,56.5,0.0,0.0,0.0,8.9,0.66,1.66,0.49,0.49,0.0,0.0,0.47
2025-08-12,0.0,0.47,18.1,24.0,14.6,65.3,0.0,0.0,0.0,8.9,0.56,1.49,0.47,0.49,0.0,0.0,0.47
2025-08-13,0.0,0.47,20.3,27.5,15.1,60.3,0.0,0.0,0.0,8.9,0.48,1.34,0.47,0.47,0.0,0.0,0.47
2025-08-14,0.0,0.47,21.5,29.8,15.6,50.8,0.0,0.0,0.0,8.9,0.41,1.21,0.47,0.47,0.0,0.0,0.45
2025-08-15,0.0,0.45,19.0,23.7,16.0,58.3,0.0,0.0,0.0,8.9,0.35,1.09,0.47,0.47,0.0,0.0,0.45
2025-08-16,0.0,0.45,19.4,26.1,15.8,59.3,0.0,0.0,0.0,8.9,0.29,0.98,0.45,0.47,0.0,0.0,0.45
2025-08-17,0.0,0.45,21.2,28.6,15.6,46.8,0.0,0.0,0.0,8.9,0.25,0.88,0.45,0.45,0.0,0.0,0.45
2025-08-18,0.0,0.45,21.3,27.7,16.6,53.5,0.0,0.0,0.0,8.9,0.21,0.79,0.45,0.45,0.0,0.0,0.44
2025-08-19,0.0,0.44,19.8,24.9,16.0,55.5,0.0,0.0,0.0,8.9,0.18,0.71,0.45,0.45,0.0,0.0,0.44
2025-08-20,0.0,0.44,20.9,27.8,15.8,49.5,0.0,0.0,0.0,8.9,0.15,0.64,0.44,0.45,0.0,0.0,0.44
2025-08-21,0.0,0.44,22.7,29.2,16.4,43.8,0.0,0.0,0.0,8.9,0.13,0.58,0.44,0.44,0.0,0.0,0.44
2025-08-22,0.0,0.44,21.1,26.9,17.8,50.8,0.0,0.0,0.0,8.9,0.11,0.52,0.44,0.44,0.0,0.0,0.42
2025-08-23,0.0,0.42,21.3,28.7,16.4,49.8,0.0,0.0,0.0,8.9,0.09,0.47,0.44,0.44,0.0,0.0,0.42
2025-08-24,0.0,0.42,22.9,29.9,16.8,42.8,0.0,0.0,0.0,8.9,0.08,0.42,0.42,0.44,0.0,0.0,0.42
2025-08-25,0.0,0.42,22.8,28.7,18.6,43.5,0.0,0.0,0.0,0.0,0.07,0.38,0.42,0.42,0.0,0.0,0.42
2025-08-26,0.0,0.42,22.4,28.4,18.2,40.0,0.0,0.0,0.0,0.0,0.06,0.34,0.42,0.42,0.0,0.0,0.41
2025-08-27,0.0,0.41,21.4,27.5,17.4,50.8,0.0,0.0,0.0,0.0,0.05,0.31,0.42,0.42,0.0,0.0,0.41
2025-08-28,0.0,0.41,21.7,27.1,17.6,48.8,0.0,0.0,0.0,0.0,0.04,0.28,0.41,0.42,0.0,0.0,0.41
2025-08-29,0.0,0.41,19.5,26.2,17.0,68.0,0.0,0.0,0.0,0.0,0.04,0.25,0.41,0.41,0.0,0.0,0.41
2025-08-30,10.9,0.41,18.1,22.5,15.6,72.5,10.9,10.9,10.9,10.9,0.03,0.22,0.41,0.41,0.0,0.0,0.46
2025-08-31,2.1,0.46,19.6,24.1,15.6,56.3,13.0,13.0,13.0,13.0,9.29,10.01,0.41,0.41,10.9,0.0,0.45
2025-09-01,0.0,0.45,20.3,24.9,17.1,60.8,13.0,13.0,13.0,13.0,9.68,10.9,0.46,0.41,2.1,10.9,0.45
2025-09-02,0.0,0.45,18.8,22.5,16.4,65.8,2.1,13.0,13.0,13.0,8.23,9.81,0.45,0.46,0.0,2.1,0.43
2025-09-03,0.0,0.43,18.7,24.0,15.4,54.3,0.0,13.0,13.0,13.0,7.0,8.83,0.45,0.45,0.0,0.0,0.4
2025-09-04,0.0,0.4,18.9,24.8,14.4,52.5,0.0,13.0,13.0,13.0,5.95,7.95,0.43,0.45,0.0,0.0,0.38
2025-09-05,0.0,0.38,21.2,27.4,15.6,40.5,0.0,13.0,13.0,13.0,5.05,7.15,0.4,0.43,0.0,0.0,0.37
2025-09-06,0.0,0.37,23.4,30.2,17.0,40.3,0.0,2.1,13.0,13.0,4.3,6.44,0.38,0.4,0.0,0.0,0.37
2025-09-07,0.0,0.37,22.0,27.6,18.0,51.3,0.0,0.0,13.0,13.0,3.65,5.79,0.37,0.38,0.0,0.0,0.37
2025-09-08,0.0,0.37,21.3,26.9,18.1,54.0,0.0,0.0,13.0,13.0,3.1,5.21,0.37,0.37,0.0,0.0,0.37
2025-09-09,0.0,0.37,23.9,31.8,17.4,44.5,0.0,0.0,13.0,13.0,2.64,4.69,0.37,0.37,0.0,0.0,0.36
2025-09-10,0.0,0.36,26.1,33.8,20.6,32.5,0.0,0.0,13.0,13.0,2.24,4.22,0.37,0.37,0.0,0.0,0.35
2025-09-11,0.0,0.35,24.7,32.4,18.6,36.5,0.0,0.0,13.0,13.0,1.91,3.8,0.36,0.37,0.0,0.0,0.35
2025-09-12,0.0,0.35,24.4,32.2,20.0,46.3,0.0,0.0,13.0,13.0,1.62,3.42,0.35,0.36,0.0,0.0,0.34
2025-09-13,0.0,0.34,21.7,28.0,18.4,57.5,0.0,0.0,2.1,13.0,1.38,3.08,0.35,0.35,0.0,0.0,0.34
2025-09-14,0.0,0.34,21.0,26.9,17.2,61.0,0.0,0.0,0.0,13.0,1.17,2.77,0.34,0.35,0.0,0.0,0.34
2025-09-15,0.0,0.34,21.5,26.2,17.6,57.8,0.0,0.0,0.0,13.0,1.0,2.49,0.34,0.34,0.0,0.0,0.34
2025-09-16,0.0,0.34,22.6,29.1,17.2,47.8,0.0,0.0,0.0,13.0,0.85,2.24,0.34,0.34,0.0,0.0,0.34
2025-09-17,0.0,0.34,24.5,32.1,19.6,47.8,0.0,0.0,0.0,13.0,0.72,2.02,0.34,0.34,0.0,0.0,0.31
2025-09-18,0.0,0.31,23.4,29.8,18.6,54.5,0.0,0.0,0.0,13.0,0.61,1.82,0.34,0.34,0.0,0.0,0.31
2025-09-19,0.0,0.31,23.2,28.8,19.4,51.3,0.0,0.0,0.0,13.0,0.52,1.64,0.31,0.34,0.0,0.0,0.31
2025-09-20,0.0,0.31,24.6,31.3,19.2,46.0,0.0,0.0,0.0,13.0,0.44,1.47,0.31,0.31,0.0,0.0,0.3
2025-09-21,0.0,0.3,25.7,32.2,20.2,47.0,0.0,0.0,0.0,13.0,0.38,1.33,0.31,0.31,0.0,0.0,0.3
2025-09-22,2.1,0.3,24.5,33.1,21.4,61.0,2.1,2.1,2.1,15.1,0.32,1.19,0.3,0.31,0.0,0.0,0.3
2025-09-23,1.3,0.3,23.7,28.7,20.2,68.3,3.4,3.4,3.4,16.4,2.06,2.96,0.3,0.3,2.1,0.0,0.31
2025-09-24,0.0,0.31,22.3,26.6,19.8,63.3,3.4,3.4,3.4,16.4,2.85,3.84,0.3,0.3,1.3,2.1,0.3
2025-09-25,0.0,0.3,19.2,23.3,18.0,68.0,1.3,3.4,3.4,16.4,2.42,3.45,0.31,0.3,0.0,1.3,0.33
2025-09-26,0.0,0.33,16.9,22.0,13.4,59.8,0.0,3.4,3.4,16.4,2.06,3.11,0.3,0.31,0.0,0.0,0.3
2025-09-27,0.0,0.3,18.5,26.1,12.3,47.5,0.0,3.4,3.4,16.4,1.75,2.8,0.33,0.3,0.0,0.0,0.28
2025-09-28,0.0,0.28,21.1,28.2,15.2,40.5,0.0,3.4,3.4,16.4,1.49,2.52,0.3,0.33,0.0,0.0,0.27
2025-09-29,0.0,0.27,24.0,32.3,17.0,36.3,0.0,1.3,3.4,5.5,1.27,2.27,0.28,0.3,0.0,0.0,0.26
2025-09-30,0.0,0.26,25.1,31.8,21.0,34.8,0.0,0.0,3.4,3.4,1.08,2.04,0.27,0.28,0.0,0.0,0.26
2025-10-01,0.0,0.26,22.7,30.0,17.2,44.5,0.0,0.0,3.4,3.4,0.91,1.84,0.26,0.27,0.0,0.0,0.26
2025-10-02,0.0,0.26,21.9,27.8,17.1,46.0,0.0,0.0,3.4,3.4,0.78,1.65,0.26,0.26,0.0,0.0,0.26
2025-10-03,0.0,0.26,21.5,27.6,17.4,46.3,0.0,0.0,3.4,3.4,0.66,1.49,0.26,0.26,0.0,0.0,0.25
2025-10-04,0.0,0.25,21.1,25.5,17.3,58.5,0.0,0.0,3.4,3.4,0.56,1.34,0.26,0.26,0.0,0.0,0.25
2025-10-05,0.0,0.25,22.8,28.5,17.8,51.8,0.0,0.0,3.4,3.4,0.48,1.2,0.25,0.26,0.0,0.0,0.25
2025-10-06,0.0,0.25,25.2,32.3,18.2,44.0,0.0,0.0,1.3,3.4,0.41,1.08,0.25,0.25,0.0,0.0,0.25
2025-10-07,0.0,0.25,27.3,34.2,20.8,38.8,0.0,0.0,0.0,3.4,0.34,0.98,0.25,0.25,0.0,0.0,0.24
2025-10-08,0.0,0.24,24.5,30.4,20.2,52.8,0.0,0.0,0.0,3.4,0.29,0.88,0.25,0.25,0.0,0.0,0.24
2025-10-09,0.0,0.24,21.2,25.5,18.6,66.0,0.0,0.0,0.0,3.4,0.25,0.79,0.24,0.25,0.0,0.0,0.24
2025-10-10,0.0,0.24,22.5,27.8,18.4,57.3,0.0,0.0,0.0,3.4,0.21,0.71,0.24,0.24,0.0,0.0,0.23
2025-10-11,0.0,0.23,24.1,30.2,24.6,63.0,0.0,0.0,0.0,3.4,0.18,0.64,0.24,0.24,0.0,0.0,0.56
2025-10-12,2.6,0.56,24.0,31.4,20.6,54.8,2.6,2.6,2.6,6.0,0.15,0.58,0.23,0.24,0.0,0.0,0.48
2025-10-13,2.9,0.48,22.9,26.6,20.6,67.3,5.5,5.5,5.5,8.9,2.34,2.86,0.56,0.23,2.6,0.0,0.41
2025-10-14,9.8,0.41,23.5,28.6,19.4,73.5,15.3,15.3,15.3,18.7,4.45,5.18,0.48,0.56,2.9,2.6,0.8
2025-10-15,0.0,0.8,24.5,29.2,19.8,56.5,12.7,15.3,15.3,18.7,12.12,13.48,0.41,0.48,9.8,2.9,0.55
2025-10-16,0.0,0.55,25.1,31.3,20.6,52.3,9.8,15.3,15.3,18.7,10.3,12.14,0.8,0.41,0.0,9.8,0.34
2025-10-17,0.0,0.34,25.1,30.6,20.8,52.0,0.0,15.3,15.3,18.7,8.75,10.92,0.55,0.8,0.0,0.0,0.33
2025-10-18,0.0,0.33,26.2,30.6,21.8,48.8,0.0,15.3,15.3,18.7,7.44,9.83,0.34,0.55,0.0,0.0,0.34
2025-10-19,1.8,0.34,21.1,27.0,19.6,62.0,1.8,14.5,17.1,20.5,6.32,8.85,0.33,0.34,0.0,0.0,0.5
2025-10-20,0.0,0.5,17.6,21.9,14.2,53.0,1.8,11.6,17.1,20.5,6.91,9.58,0.34,0.33,1.8,0.0,0.38
2025-10-21,0.0,0.38,17.6,23.2,12.2,47.3,1.8,1.8,17.1,20.5,5.87,8.62,0.5,0.34,0.0,1.8,0.3
2025-10-22,0.0,0.3,18.4,23.4,13.4,46.5,0.0,1.8,17.1,18.4,4.99,7.76,0.38,0.5,0.0,0.0,0.27
2025-10-23,0.0,0.27,18.5,23.8,13.8,49.0,0.0,1.8,17.1,17.1,4.24,6.99,0.3,0.38,0.0,0.0,0.26
2025-10-24,0.0,0.26,19.0,23.5,15.6,57.8,0.0,1.8,17.1,17.1,3.6,6.29,0.27,0.3,0.0,0.0,0.25
2025-10-25,0.0,0.25,22.3,28.2,17.0,49.3,0.0,1.8,17.1,17.1,3.06,5.66,0.26,0.27,0.0,0.0,0.26
2025-10-26,0.0,0.26,24.3,31.6,18.0,46.5,0.0,0.0,14.5,17.1,2.6,5.09,0.25,0.26,0.0,0.0,0.26
2025-10-27,0.0,0.26,25.0,31.3,20.2,47.5,0.0,0.0,11.6,17.1,2.21,4.58,0.26,0.25,0.0,0.0,0.23
2025-10-28,0.0,0.23,24.8,30.0,20.6,43.0,0.0,0.0,1.8,17.1,1.88,4.12,0.26,0.26,0.0,0.0,0.23
2025-10-29,0.0,0.23,26.6,32.6,20.2,45.3,0.0,0.0,1.8,17.1,1.6,3.71,0.23,0.26,0.0,0.0,0.23
2025-10-30,12.9,0.23,23.4,30.2,20.4,76.5,12.9,12.9,14.7,30.0,1.36,3.34,0.23,0.23,0.0,0.0,0.66
2025-10-31,79.5,0.66,21.9,25.5,19.1,73.3,92.4,92.4,94.2,109.5,12.12,14.62,0.23,0.23,12.9,0.0,1.19
2025-11-01,0.4,1.19,24.4,31.2,19.8,62.8,92.8,92.8,94.6,109.9,77.88,84.71,0.66,0.23,79.5,12.9,1.32
2025-11-02,0.0,1.32,23.4,28.4,20.8,70.8,79.9,92.8,92.8,109.9,66.54,76.59,1.19,0.66,0.4,79.5,0.62
2025-11-03,27.8,0.62,22.3,25.3,19.6,78.0,28.2,120.6,120.6,137.7,56.56,68.94,1.32,1.19,0.0,0.4,0.99
2025-11-04,0.4,0.99,25.7,31.8,21.0,58.5,28.2,121.0,121.0,138.1,71.7,87.06,0.62,1.32,27.8,0.0,1.02
2025-11-05,0.0,1.02,27.3,33.6,21.2,52.5,28.2,121.0,121.0,138.1,61.29,78.72,0.99,0.62,0.4,27.8,0.63
2025-11-06,0.0,0.63,26.5,34.3,22.2,62.5,0.4,108.1,121.0,138.1,52.09,70.84,1.02,0.99,0.0,0.4,0.5
2025-11-07,0.0,0.5,22.5,27.6,20.0,70.3,0.0,28.6,121.0,138.1,44.28,63.76,0.63,1.02,0.0,0.0,0.34
2025-11-08,23.7,0.34,20.8,22.3,18.8,92.8,23.7,51.9,144.7,161.8,37.64,57.38,0.5,0.63,0.0,0.0,0.69
2025-11-09,17.6,0.69,21.9,26.0,19.0,75.5,41.3,69.5,162.3,179.4,52.14,72.98,0.34,0.5,23.7,0.0,0.97
2025-11-10,4.7,0.97,20.3,25.0,17.4,74.5,46.0,46.4,167.0,184.1,59.28,81.52,0.69,0.34,17.6,23.7,0.57
2025-11-11,0.0,0.57,21.5,27.1,18.0,63.5,22.3,46.0,167.0,181.5,54.38,77.6,0.97,0.69,4.7,17.6,0.39
2025-11-12,0.0,0.39,22.5,29.2,17.0,49.0,4.7,46.0,167.0,178.6,46.22,69.84,0.57,0.97,0.0,4.7,0.32
2025-11-13,0.0,0.32,23.4,29.7,17.2,49.8,0.0,46.0,154.1,168.8,39.29,62.85,0.39,0.57,0.0,0.0,0.29
2025-11-14,0.0,0.29,24.1,31.3,19.6,61.0,0.0,46.0,74.6,168.8,33.4,56.57,0.32,0.39,0.0,0.0,0.26
2025-11-15,2.6,0.26,23.6,29.6,19.2,67.8,2.6,24.9,76.8,171.4,28.39,50.91,0.29,0.32,0.0,0.0,0.78
2025-11-16,0.2,0.78,22.4,29.6,20.2,70.5,2.8,7.5,77.0,171.6,26.34,48.16,0.26,0.29,2.6,0.0,1.34
2025-11-17,62.4,1.34,20.8,23.4,18.4,80.0,65.2,65.2,111.6,234.0,22.56,43.52,0.78,0.26,0.2,2.6,1.88
2025-11-18,4.3,1.88,24.4,31.8,19.6,65.5,66.9,69.5,115.5,236.5,72.21,95.33,1.34,0.78,62.4,0.2,1.8
2025-11-19,0.0,1.8,23.3,29.4,19.2,45.3,66.7,69.5,115.5,236.5,65.04,89.67,1.88,1.34,4.3,62.4,0.47
2025-11-20,0.0,0.47,22.4,28.8,17.8,44.0,4.3,69.5,115.5,236.5,55.28,80.7,1.8,1.88,0.0,4.3,0.37
2025-11-21,0.0,0.37,23.9,30.0,18.1,48.3,0.0,69.5,115.5,236.5,46.99,72.63,0.47,1.8,0.0,0.0,0.33
2025-11-22,0.0,0.33,24.8,30.0,19.2,50.3,0.0,66.9,91.8,236.5,39.94,65.37,0.37,0.47,0.0,0.0,0.3
2025-11-23,0.0,0.3,21.4,25.8,20.2,83.3,0.0,66.7,74.2,236.5,33.95,58.83,0.33,0.37,0.0,0.0,0.39
2025-11-24,9.9,0.39,22.5,27.8,18.2,65.8,9.9,14.2,79.4,246.4,28.86,52.95,0.3,0.33,0.0,0.0,0.85
2025-11-25,4.2,0.85,23.0,29.2,18.0,53.0,14.1,14.1,83.6,250.6,32.94,56.56,0.39,0.3,9.9,0.0,1.05
2025-11-26,0.0,1.05,23.9,30.2,18.2,51.0,14.1,14.1,83.6,250.6,31.57,54.69,0.85,0.39,4.2,9.9,0.55
2025-11-27,0.0,0.55,23.4,29.2,18.9,58.0,4.2,14.1,83.6,250.6,26.84,49.22,1.05,0.85,0.0,4.2,0.36
2025-11-28,0.0,0.36,24.3,30.3,19.0,55.8,0.0,14.1,83.6,250.6,22.81,44.3,0.55,1.05,0.0,0.0,0.55
2025-11-29,0.0,0.55,25.5,31.2,20.2,59.0,0.0,14.1,81.0,237.7,19.39,39.87,0.36,0.55,0.0,0.0,0.56
2025-11-30,0.0,0.56,26.0,32.0,21.4,55.0,0.0,14.1,80.8,158.2,16.48,35.88,0.55,0.36,0.0,0.0,0.36
2025-12-01,0.0,0.36,24.8,31.6,22.8,62.5,0.0,4.2,18.4,157.8,14.01,32.29,0.56,0.55,0.0,0.0,0.31
2025-12-02,29.8,0.31,22.9,30.4,19.4,82.3,29.8,29.8,43.9,187.6,11.91,29.06,0.36,0.56,0.0,0.0,0.5
2025-12-03,23.7,0.5,23.4,27.8,20.0,74.5,53.5,53.5,67.6,183.5,35.45,52.98,0.31,0.36,29.8,0.0,1.77
2025-12-04,3.2,1.77,21.5,24.4,20.4,81.5,56.7,56.7,70.8,186.3,50.28,69.01,0.5,0.31,23.7,29.8,3.52
2025-12-05,25.9,3.52,23.6,28.9,18.8,64.5,52.8,82.6,96.7,212.2,45.46,64.99,1.77,0.5,3.2,23.7,1.89
2025-12-06,0.0,1.89,24.8,31.1,19.8,57.0,29.1,82.6,96.7,212.2,60.65,81.8,3.52,1.77,25.9,3.2,1.22
2025-12-07,0.0,1.22,23.9,31.4,20.2,64.3,25.9,82.6,96.7,212.2,51.56,73.62,1.89,3.52,0.0,25.9,0.55
2025-12-08,8.2,0.55,23.6,28.6,20.4,68.5,8.2,90.8,95.0,196.7,43.82,66.26,1.22,1.89,0.0,0.0,0.49
2025-12-09,2.5,0.49,21.6,26.9,19.2,82.8,10.7,63.5,93.3,181.6,44.22,67.01,0.55,1.22,8.2,0.0,0.59
2025-12-10,28.8,0.59,22.7,26.5,19.6,82.8,39.5,68.6,122.1,205.7,39.71,62.56,0.49,0.55,2.5,8.2,1.25
2025-12-11,7.9,1.25,25.7,31.2,20.8,57.3,39.2,73.3,130.0,213.6,58.23,82.22,0.59,0.49,28.8,2.5,1.95
2025-12-12,0.0,1.95,25.4,33.4,22.0,57.0,36.7,47.4,130.0,213.6,56.21,81.11,1.25,0.59,7.9,28.8,1.09
2025-12-13,12.3,1.09,24.1,29.2,20.0,68.5,20.2,59.7,142.3,225.9,47.78,73.0,1.95,1.25,0.0,7.9,1.03
2025-12-14,0.0,1.03,24.8,32.1,21.8,71.8,12.3,59.7,142.3,225.9,51.07,76.77,1.09,1.95,12.3,0.0,1.99
2025-12-15,46.9,1.99,24.5,31.3,20.6,73.3,59.2,98.4,189.2,270.2,43.41,69.09,1.03,1.09,0.0,12.3,2.78
2025-12-16,30.7,2.78,23.7,28.0,20.8,78.0,77.6,126.6,190.1,300.7,76.76,104.39,1.99,1.03,46.9,0.0,1.9
2025-12-17,1.3,1.9,21.8,27.6,21.1,86.5,78.9,99.1,167.7,239.6,91.34,121.58,2.78,1.99,30.7,46.9,3.91
2025-12-18,58.9,3.91,20.8,24.5,17.8,74.8,90.9,150.1,223.4,294.2,78.75,110.6,1.9,2.78,1.3,30.7,3.72
2025-12-19,1.1,3.72,22.6,25.9,20.0,71.8,61.3,151.2,198.6,295.3,117.0,152.55,3.91,1.9,58.9,1.3,3.97
2025-12-20,6.8,3.97,22.8,28.1,18.9,71.0,66.8,145.7,205.4,302.1,100.38,138.28,3.72,3.91,1.1,58.9,3.25
2025-12-21,22.9,3.25,23.8,29.4,19.5,59.3,30.8,168.6,228.3,325.0,91.11,130.57,3.97,3.72,6.8,1.1,3.12
2025-12-22,0.0,3.12,23.5,28.7,19.4,57.8,29.7,121.7,220.1,325.0,96.91,138.13,3.25,3.97,22.9,6.8,2.42
2025-12-23,0.0,2.42,25.1,30.9,19.8,56.0,22.9,91.0,217.6,325.0,82.37,124.31,3.12,3.25,0.0,22.9,1.62
2025-12-24,0.0,1.62,26.2,32.0,21.2,55.0,0.0,89.7,188.8,315.1,70.01,111.88,2.42,3.12,0.0,0.0,0.91
2025-12-25,0.0,0.91,26.8,33.1,21.6,54.3,0.0,30.8,180.9,310.9,59.51,100.69,1.62,2.42,0.0,0.0,0.58
2025-12-26,0.0,0.58,27.6,34.1,23.2,63.0,0.0,29.7,180.9,310.9,50.59,90.62,0.91,1.62,0.0,0.0,0.52
2025-12-27,0.0,0.52,27.9,33.6,21.2,56.0,0.0,22.9,168.6,310.9,43.0,81.56,0.58,0.91,0.0,0.0,0.47
2025-12-30,0.0,0.42,27.9,34.8,24.0,55.3,0.0,0.0,91.0,310.9,26.41,59.46,0.44,0.47,0.0,0.0,0.42
2025-12-31,1.1,0.42,27.1,32.2,21.8,61.5,1.1,1.1,90.8,312.0,22.45,53.51,0.42,0.44,0.0,0.0,0.56
2026-01-01,0.0,0.56,26.3,33.8,22.8,63.3,1.1,1.1,31.9,282.2,20.01,49.15,0.42,0.42,1.1,0.0,0.69
2026-01-02,1.0,0.69,25.6,31.8,22.3,69.3,2.1,2.1,31.8,259.5,17.01,44.24,0.56,0.42,0.0,1.1,0.49
2026-01-03,0.0,0.49,23.3,29.2,21.8,86.8,1.0,2.1,25.0,256.3,15.31,40.71,0.69,0.56,1.0,0.0,0.73
2026-01-04,48.8,0.73,21.1,22.5,20.1,94.0,49.8,50.9,50.9,279.2,13.01,36.64,0.49,0.69,0.0,1.0,2.36
2026-01-05,40.6,2.36,20.3,22.4,19.4,87.3,89.4,91.5,91.5,319.8,52.54,76.9,0.73,0.49,48.8,0.0,6.24
2026-01-06,4.8,6.24,19.6,21.3,18.4,85.5,94.2,96.3,96.3,324.6,79.17,105.75,2.36,0.73,40.6,48.8,7.65
2026-01-07,5.6,7.65,22.2,26.3,18.6,70.5,51.0,100.8,101.9,322.0,71.37,99.49,6.24,2.36,4.8,40.6,5.93
2026-01-08,0.0,5.93,24.1,29.2,19.4,60.8,10.4,100.8,101.9,319.5,65.43,94.58,7.65,6.24,5.6,4.8,4.87
2026-01-09,0.0,4.87,25.1,30.2,21.4,53.5,5.6,99.8,101.9,290.7,55.61,85.13,5.93,7.65,0.0,5.6,3.27
2026-01-10,0.0,3.27,24.6,30.0,20.6,51.5,0.0,99.8,101.9,282.8,47.27,76.61,4.87,5.93,0.0,0.0,2.3
2026-01-11,0.0,2.3,25.7,31.4,20.4,46.0,0.0,51.0,101.9,282.8,40.18,68.95,3.27,4.87,0.0,0.0,1.42
2026-01-12,0.0,1.42,26.7,32.4,21.4,50.8,0.0,10.4,101.9,270.5,34.15,62.06,2.3,3.27,0.0,0.0,0.8
2026-01-13,0.0,0.8,23.9,29.2,22.8,75.8,0.0,5.6,101.9,270.5,29.03,55.85,1.42,2.3,0.0,0.0,0.64
2026-01-14,25.8,0.64,23.7,29.2,19.6,70.8,25.8,25.8,126.6,249.4,24.68,50.27,0.8,1.42,0.0,0.0,0.73
2026-01-15,0.3,0.73,24.3,29.2,20.6,53.8,26.1,26.1,126.9,219.0,42.9,68.46,0.64,0.8,25.8,0.0,0.69
2026-01-16,0.0,0.69,24.6,29.4,20.4,55.5,26.1,26.1,125.9,217.7,36.72,61.88,0.73,0.64,0.3,25.8,0.55
2026-01-17,0.0,0.55,24.3,29.0,21.2,65.8,0.3,26.1,125.9,158.8,31.22,55.69,0.69,0.73,0.0,0.3,0.52
2026-01-18,0.0,0.52,21.5,24.5,20.4,77.8,0.0,26.1,77.1,157.7,26.53,50.13,0.55,0.69,0.0,0.0,0.92
2026-01-19,2.8,0.92,22.5,26.9,19.2,80.3,2.8,28.9,39.3,153.7,22.55,45.11,0.52,0.55,0.0,0.0,1.72
2026-01-20,5.3,1.72,20.0,23.9,19.2,91.5,8.1,34.2,39.8,136.1,21.55,43.12,0.92,0.52,2.8,0.0,2.06
2026-01-21,29.1,2.06,19.8,22.6,17.6,86.0,37.2,37.5,63.3,165.2,22.82,43.58,1.72,0.92,5.3,2.8,4.89
2026-01-22,36.4,4.89,18.6,20.5,17.8,90.3,70.8,73.6,99.7,201.6,44.13,65.41,2.06,1.72,29.1,5.3,11.25
2026-01-23,73.4,11.25,20.4,23.6,17.2,85.5,138.9,147.0,173.1,275.0,68.45,91.63,4.89,2.06,36.4,29.1,14.7
2026-01-24,6.6,14.7,22.5,28.4,18.8,74.5,116.4,153.6,179.7,281.6,120.58,148.53,11.25,4.89,73.4,36.4,14.81
2026-01-25,0.3,14.81,23.4,27.1,20.8,71.5,80.3,153.9,180.0,281.9,108.1,139.61,14.7,11.25,6.6,73.4,16.14
2026-01-26,0.0,16.14,24.0,28.4,20.6,67.5,6.9,151.1,180.0,281.9,92.14,125.92,14.81,14.7,0.3,6.6,14.03
2026-01-27,0.0,14.03,23.6,27.9,20.1,59.5,0.3,145.8,180.0,281.9,78.32,113.33,16.14,14.81,0.0,0.3,11.11
2026-01-28,0.0,11.11,24.3,29.6,20.0,59.8,0.0,116.7,154.2,281.9,66.57,102.0,14.03,16.14,0.0,0.0,8.91
2026-01-29,0.0,8.91,23.2,30.2,20.3,73.5,0.0,80.3,153.9,281.9,56.59,91.8,11.11,14.03,0.0,0.0,7.18
2026-01-30,4.4,7.18,21.3,23.6,19.8,84.8,4.4,11.3,158.3,285.2,48.1,82.62,8.91,11.11,0.0,0.0,6.93
2026-01-31,18.2,6.93,22.5,27.8,19.4,84.5,22.6,22.9,176.5,303.4,44.62,78.32,7.18,8.91,4.4,0.0,8.46
2026-02-01,5.5,8.46,23.5,29.6,19.4,75.8,28.1,28.1,182.0,307.9,53.4,86.86,6.93,7.18,18.2,4.4,8.68
2026-02-02,3.1,8.68,23.4,28.2,19.8,81.3,26.8,31.2,182.3,311.0,50.06,83.13,8.46,6.93,5.5,18.2,8.04
2026-02-03,28.9,8.04,22.9,29.4,20.4,81.8,37.5,60.1,205.9,291.1,45.19,77.61,8.68,8.46,3.1,5.5,7.71
2026-02-04,24.6,7.71,23.4,28.4,20.6,81.8,56.6,84.7,201.4,275.1,62.98,95.85,8.04,8.68,28.9,3.1,7.32
2026-02-05,29.8,7.32,22.9,28.4,20.2,82.0,83.3,114.5,194.8,300.1,74.44,108.41,7.71,8.04,24.6,28.9,9.94
2026-02-06,1.2,9.94,24.1,29.0,20.6,73.0,55.6,111.3,122.6,295.7,88.6,124.39,7.32,7.71,29.8,24.6,10.51
2026-02-07,1.6,10.51,23.5,29.0,21.4,82.5,32.6,94.7,117.6,297.3,76.33,113.03,9.94,7.32,1.2,29.8,9.79
2026-02-08,17.2,9.79,22.9,30.3,20.0,77.3,20.0,106.4,134.5,314.5,66.24,103.17,10.51,9.94,1.6,1.2,9.57
2026-02-09,24.7,9.57,21.1,26.1,19.4,83.8,43.5,128.0,159.2,339.2,70.93,108.33,9.79,10.51,17.2,1.6,9.26
2026-02-10,18.0,9.26,22.2,26.1,19.0,81.0,59.9,117.1,177.2,357.2,81.28,119.73,9.57,9.79,24.7,17.2,9.28
2026-02-11,1.3,9.28,23.0,26.2,19.4,77.0,44.0,93.8,178.5,358.5,84.39,123.95,9.26,9.57,18.0,24.7,8.62
2026-02-12,4.8,8.62,23.4,28.8,19.6,61.3,24.1,68.8,183.3,363.3,72.84,112.73,9.28,9.26,1.3,18.0,7.99
2026-02-13,0.0,7.99,24.3,29.4,19.4,60.8,6.1,67.6,178.9,337.5,65.99,105.78,8.62,9.28,4.8,1.3,6.06
2026-02-14,0.0,6.06,25.3,30.4,21.0,55.5,4.8,66.0,160.7,337.2,56.09,95.2,7.99,8.62,0.0,4.8,4.13
2026-02-15,0.0,4.13,25.1,29.4,21.4,64.0,0.0,48.8,155.2,337.2,47.68,85.68,6.06,7.99,0.0,0.0,3.09
2026-02-16,0.0,3.09,24.9,30.0,21.4,57.3,0.0,24.1,152.1,337.2,40.53,77.11,4.13,6.06,0.0,0.0,2.44
2026-02-17,0.0,2.44,25.5,31.4,20.8,60.0,0.0,6.1,123.2,337.2,34.45,69.4,3.09,4.13,0.0,0.0,1.47
2026-02-18,0.0,1.47,23.5,30.2,22.2,81.3,0.0,4.8,98.6,334.4,29.28,62.46,2.44,3.09,0.0,0.0,1.38
2026-02-19,0.8,1.38,24.2,31.0,19.1,64.0,0.8,0.8,69.6,329.9,24.89,56.21,1.47,2.44,0.0,0.0,2.22
2026-02-20,0.0,2.22,24.3,29.4,20.6,71.0,0.8,0.8,68.4,300.8,21.84,51.31,1.38,1.47,0.8,0.0,2.69
2026-02-21,5.6,2.69,23.3,30.0,20.2,77.8,6.4,6.4,72.4,270.0,18.56,46.18,2.22,1.38,0.0,0.8,3.03
2026-02-22,2.2,3.03,24.5,29.9,20.2,66.3,7.8,8.6,57.4,198.8,20.54,46.6,2.69,2.22,5.6,0.0,4.53
2026-02-23,4.6,4.53,23.0,27.1,21.2,80.5,12.4,13.2,37.3,196.8,19.33,43.92,3.03,2.69,2.2,5.6,4.62
2026-02-24,45.8,4.62,21.0,23.3,20.4,92.5,52.6,59.0,65.1,242.3,20.34,43.67,4.53,3.03,4.6,2.2,10.61
2026-02-25,46.3,10.61,22.8,27.1,19.9,90.0,96.7,105.3,110.1,288.6,56.22,80.52,4.62,4.53,45.8,4.6,14.63
2026-02-26,7.1,14.63,22.7,25.7,21.0,92.0,99.2,111.6,112.4,295.7,87.14,114.14,10.61,4.62,46.3,45.8,13.26
2026-02-27,28.3,13.26,23.3,27.6,20.8,75.0,81.7,139.9,140.7,324.0,80.1,109.12,14.63,10.61,7.1,46.3,17.32
2026-02-28,2.0,17.32,23.6,29.2,19.7,68.0,37.4,136.3,142.7,326.0,92.14,123.68,13.26,14.63,28.3,7.1,16.3
2026-03-02,0.0,14.1,23.4,29.4,18.8,65.5,2.0,129.5,142.7,303.4,68.02,101.8,16.3,17.32,0.0,2.0,11.45
2026-03-03,0.0,11.45,23.6,28.4,19.6,66.0,0.0,83.7,142.7,297.9,57.82,91.62,14.1,16.3,0.0,0.0,9.45
2026-03-04,0.0,9.45,23.6,27.8,20.8,70.0,0.0,37.4,142.7,294.8,49.14,82.46,11.45,14.1,0.0,0.0,8.38
2026-03-05,2.6,8.38,24.8,29.4,21.5,60.0,2.6,32.9,144.5,268.5,41.77,74.21,9.45,11.45,0.0,0.0,8.53
2026-03-06,4.3,8.53,23.5,30.4,21.6,74.8,6.9,8.9,148.8,248.2,37.72,69.13,8.38,9.45,2.6,0.0,5.56
2026-03-07,13.1,5.56,23.8,29.4,19.6,73.3,20.0,20.0,156.3,231.5,35.71,66.09,8.53,8.38,4.3,2.6,5.47
2026-03-08,2.3,5.47,25.2,31.6,20.1,59.3,19.7,22.3,156.4,232.6,41.49,71.27,5.56,8.53,13.1,4.3,5.28
2026-03-09,2.8,5.28,24.8,29.4,22.4,76.5,18.2,25.1,154.6,233.8,37.22,66.21,5.47,5.56,2.3,13.1,5.15
2026-03-10,43.6,5.15,23.1,29.1,20.6,83.0,48.7,68.7,152.4,260.2,34.02,62.11,5.28,5.47,2.8,2.3,6.21
2026-03-11,8.2,6.21,23.4,29.4,20.4,73.8,54.6,76.9,114.3,243.7,65.98,95.14,5.15,5.28,43.6,2.8,7.93
2026-03-12,47.9,7.93,23.1,28.9,20.0,80.5,99.7,122.2,155.1,273.6,63.05,93.0,6.21,5.15,8.2,43.6,7.59
2026-03-13,37.5,7.59,22.6,25.6,20.4,87.3,93.6,155.4,164.3,309.8,94.31,126.81,7.93,6.21,47.9,8.2,8.91
2026-03-14,32.8,8.91,21.7,26.0,19.2,91.3,118.2,175.1,195.1,337.8,112.04,147.88,7.59,7.93,37.5,47.9,10.4
2026-03-15,6.6,10.4,24.4,30.2,20.0,66.0,76.9,179.4,201.7,344.4,123.11,162.61,8.91,7.59,32.8,37.5,11.65
2026-03-16,0.0,11.65,25.5,31.8,20.8,62.8,39.4,176.6,201.7,344.4,110.25,152.29,10.4,8.91,6.6,32.8,8.4
2026-03-17,0.0,8.4,25.0,30.6,21.6,66.3,6.6,133.0,201.7,344.4,93.72,137.06,11.65,10.4,0.0,6.6,6.66
2026-03-18,0.0,6.66,24.5,27.8,21.8,76.5,0.0,124.8,201.7,344.4,79.66,123.36,8.4,11.65,0.0,0.0,7.18
2026-03-19,0.0,7.18,22.5,26.1,21.8,88.5,0.0,76.9,199.1,344.4,67.71,111.02,6.66,8.4,0.0,0.0,8.04
2026-03-20,19.3,8.04,21.1,23.1,19.6,88.5,19.3,58.7,214.1,363.7,57.55,99.92,7.18,6.66,0.0,0.0,8.16
2026-03-21,43.1,8.16,22.4,28.9,20.0,82.8,62.4,69.0,244.1,406.0,65.33,107.3,8.04,7.18,19.3,0.0,14.56
2026-03-22,5.5,14.56,24.7,31.2,19.0,61.5,67.9,67.9,247.3,411.5,92.16,135.36,8.16,8.04,43.1,19.3,15.11
2026-03-23,4.9,15.11,24.6,31.0,20.8,63.0,53.5,72.8,249.4,410.8,83.01,126.77,14.56,8.16,5.5,43.1,9.86
2026-03-24,6.9,9.86,22.4,27.8,17.6,63.0,17.3,79.7,212.7,415.5,74.73,118.5,15.11,14.56,4.9,5.5,8.84
2026-03-25,1.3,8.84,23.7,28.0,20.4,68.3,13.1,81.0,205.8,412.2,69.38,112.86,9.86,15.11,6.9,4.9,8.04
2026-03-26,0.0,8.04,23.4,27.8,20.2,62.0,8.2,81.0,157.9,366.4,60.08,102.75,8.84,9.86,1.3,6.9,7.09
2026-03-27,0.0,7.09,23.5,28.4,20.6,57.8,1.3,61.7,120.4,320.1,51.07,92.47,8.04,8.84,0.0,1.3,4.97
2026-03-28,0.0,4.97,23.0,27.2,19.2,64.5,0.0,18.6,87.6,313.0,43.41,83.23,7.09,8.04,0.0,0.0,3.79
2026-03-29,2.9,3.79,23.0,27.2,19.0,65.8,2.9,16.0,83.9,287.6,36.9,74.9,4.97,7.09,0.0,0.0,2.97
2026-03-30,0.0,2.97,22.9,28.3,19.6,68.3,2.9,11.1,83.9,285.6,33.83,70.02,3.79,4.97,2.9,0.0,2.44
2026-03-31,0.0,2.44,22.1,28.1,20.6,78.3,2.9,4.2,83.9,285.6,28.75,63.02,2.97,3.79,0.0,2.9,2.13
2026-04-01,14.1,2.13,22.0,26.5,18.4,76.5,14.1,17.0,98.0,299.7,24.44,56.72,2.44,2.97,0.0,0.0,3.72
2026-04-02,0.0,3.72,23.2,27.4,20.1,72.3,14.1,17.0,98.0,299.7,32.76,63.74,2.13,2.44,14.1,0.0,6.03
2026-04-03,8.4,6.03,24.8,29.6,20.4,61.3,22.5,25.4,87.1,308.1,27.85,57.36,3.72,2.13,0.0,14.1,4.09
2026-04-04,0.0,4.09,24.8,29.2,21.6,63.3,8.4,25.4,44.0,305.5,30.81,59.19,6.03,3.72,8.4,0.0,2.62
2026-04-05,0.0,2.62,24.3,29.2,20.6,69.3,8.4,22.5,38.5,301.2,26.19,53.27,4.09,6.03,0.0,8.4,2.25
2026-04-06,0.0,2.25,24.4,29.4,21.0,69.8,0.0,22.5,33.6,288.1,22.26,47.94,2.62,4.09,0.0,0.0,2.13
2026-04-07,0.0,2.13,23.9,28.8,20.6,62.8,0.0,22.5,26.7,285.8,18.92,43.15,2.25,2.62,0.0,0.0,1.56
2026-04-08,0.0,1.56,23.1,28.9,19.6,70.8,0.0,8.4,25.4,283.0,16.08,38.83,2.13,2.25,0.0,0.0,1.19
2026-04-09,12.1,1.19,24.6,30.7,20.2,66.8,12.1,20.5,37.5,251.5,13.67,34.95,1.56,2.13,0.0,0.0,1.16
2026-04-10,0.0,1.16,23.7,28.8,21.0,73.0,12.1,12.1,37.5,243.3,21.9,42.34,1.19,1.56,12.1,0.0,1.25
2026-04-11,10.5,1.25,21.4,25.5,19.6,72.0,22.6,22.6,48.0,205.9,18.62,38.11,1.16,1.19,0.0,12.1,1.78
2026-04-12,0.0,1.78,22.5,25.7,22.0,64.3,10.5,22.6,45.1,168.4,24.75,43.75,1.25,1.16,10.5,0.0,3.35
2026-04-13,0.0,3.35,22.9,27.6,21.2,67.5,10.5,22.6,45.1,135.6,21.04,39.37,1.78,1.25,0.0,10.5,1.62
2026-04-15,0.0,1.34,21.6,26.8,18.0,64.8,6.4,29.0,37.4,135.4,20.64,37.65,1.62,3.35,6.4,0.0,1.22
2026-04-16,0.0,1.22,22.5,28.1,18.1,58.8,6.4,16.9,37.4,135.4,17.54,33.89,1.34,1.62,0.0,6.4,1.16
2026-04-17,0.0,1.16,22.4,27.3,18.0,59.5,0.0,16.9,29.0,135.4,14.91,30.5,1.22,1.34,0.0,0.0,1.12
2026-04-18,0.0,1.12,23.9,30.1,18.1,58.0,0.0,6.4,29.0,135.4,12.68,27.45,1.16,1.22,0.0,0.0,1.12
2026-04-19,0.0,1.12,23.7,30.6,19.6,61.3,0.0,6.4,29.0,116.1,10.77,24.7,1.12,1.16,0.0,0.0,1.09
2026-04-20,0.0,1.09,23.9,29.8,21.0,70.3,0.0,6.4,29.0,73.0,9.16,22.23,1.12,1.12,0.0,0.0,1.09
2026-04-21,0.0,1.09,22.8,27.2,19.8,66.0,0.0,0.0,29.0,67.5,7.78,20.01,1.09,1.12,0.0,0.0,1.09
2026-04-22,0.0,1.09,22.9,26.7,20.0,64.0,0.0,0.0,29.0,62.6,6.62,18.01,1.09,1.09,0.0,0.0,1.09
2026-04-23,0.0,1.09,22.5,27.3,20.1,61.3,0.0,0.0,16.9,55.7,5.62,16.21,1.09,1.09,0.0,0.0,1.09
2026-04-24,0.0,1.09,22.5,26.9,19.1,63.8,0.0,0.0,16.9,54.4,4.78,14.59,1.09,1.09,0.0,0.0,1.09
2026-04-25,0.0,1.09,23.1,29.2,18.4,58.8,0.0,0.0,6.4,54.4,4.06,13.13,1.09,1.09,0.0,0.0,1.09
2026-04-26,0.0,1.09,23.7,29.8,18.5,59.5,0.0,0.0,6.4,54.4,3.45,11.82,1.09,1.09,0.0,0.0,1.09
2026-04-27,0.0,1.09,25.0,31.0,19.9,58.0,0.0,0.0,6.4,54.4,2.94,10.63,1.09,1.09,0.0,0.0,1.06
2026-04-28,0.0,1.06,24.3,29.2,21.1,61.8,0.0,0.0,0.0,51.5,2.5,9.57,1.09,1.09,0.0,0.0,1.06
2026-04-29,0.0,1.06,23.3,27.5,20.1,55.5,0.0,0.0,0.0,51.5,2.12,8.61,1.06,1.09,0.0,0.0,1.06
