data,chuva_mm,vazao,temp_media,temp_max,temp_min,umidade_media,vento_medio
1997-01-01,0.0,11.25,21.3,24.0,19.5,90.8,0.6
1997-01-02,20.9,12.52,20.4,21.6,19.7,94.8,1.5
1997-01-03,58.1,17.97,19.3,20.1,18.2,94.3,1.2
1997-01-04,20.4,28.85,20.0,21.3,18.7,93.3,0.7
1997-01-05,10.2,33.67,21.1,25.0,19.2,92.3,0.7
1997-01-06,5.2,32.81,21.5,25.4,19.2,92.0,1.0
1997-01-07,0.0,30.41,23.7,29.7,19.6,81.3,1.5
1997-01-08,0.0,26.16,24.5,29.3,20.3,81.3,2.2
1997-01-09,0.0,21.91,23.4,28.7,20.2,86.5,1.5
1997-01-10,0.0,18.45,24.8,30.7,19.2,80.5,1.2
1997-01-11,0.0,15.6,25.2,30.1,20.6,79.0,1.6
1997-01-12,0.0,13.49,24.4,31.5,20.8,79.8,1.4
1997-01-13,4.9,11.71,22.9,28.9,19.4,86.8,1.0
1997-01-14,0.0,10.99,22.3,26.2,19.4,86.0,1.0
1997-01-15,0.0,11.39,25.8,31.7,19.4,80.0,1.5
1997-01-16,0.0,9.64,24.4,28.3,21.2,86.5,1.2
1997-01-17,9.5,8.95,22.8,28.7,19.7,81.3,1.6
1997-01-18,0.0,10.53,22.4,26.4,18.6,87.0,1.2
1997-01-19,10.2,9.67,23.4,28.5,20.7,85.3,1.1
1997-01-20,0.0,10.07,23.3,29.3,20.0,83.8,1.1
1997-01-21,10.2,10.72,23.5,28.1,20.0,82.5,1.4
1997-01-22,0.0,9.5,25.3,30.3,20.1,84.5,1.5
1997-01-23,0.0,8.04,25.0,29.7,20.9,79.0,1.1
1997-01-24,0.0,6.59,24.9,30.4,20.6,76.0,2.0
1997-01-25,0.0,5.52,24.8,29.5,20.4,76.8,2.3
1997-01-26,0.0,5.59,23.5,27.6,21.2,82.3,2.3
1997-01-27,0.0,4.81,23.1,27.9,20.4,80.8,2.8
1997-01-28,0.0,4.53,22.6,26.5,19.9,74.5,2.9
1997-01-29,0.0,3.7,23.7,28.0,20.0,78.0,2.0
1997-01-30,0.0,3.59,24.0,28.5,20.4,78.5,2.2
1997-01-31,0.0,4.64,21.5,26.4,18.6,87.0,1.1
1997-02-01,0.0,4.43,21.8,27.4,18.4,80.5,1.3
1997-02-02,0.0,4.19,21.8,25.8,18.8,88.3,1.7
1997-02-03,0.0,4.62,24.3,29.1,19.2,80.0,1.9
1997-02-04,0.0,3.84,23.8,28.3,20.2,78.0,2.0
1997-02-05,0.0,3.03,23.2,28.1,19.2,74.0,2.2
1997-02-06,0.0,2.4,23.3,27.4,19.0,79.0,2.9
1997-02-07,0.0,1.97,24.3,28.9,19.6,77.5,1.7
1997-02-08,0.0,1.72,24.0,28.9,19.8,74.5,2.6
1997-02-09,0.0,1.53,23.8,28.2,20.2,75.8,2.6
1997-02-10,0.0,1.44,23.7,28.5,19.0,75.8,3.0
1997-02-11,0.0,1.44,23.2,28.5,19.2,76.3,2.3
1997-02-12,0.0,1.44,22.6,28.5,19.3,76.3,2.1
1997-02-13,0.0,1.44,22.9,27.7,18.8,62.8,1.8
1997-02-14,0.0,1.4,23.9,29.7,19.0,59.5,1.9
1997-02-15,0.0,1.4,24.0,28.9,20.1,61.8,1.3
1997-02-16,0.0,1.4,24.4,30.5,20.0,59.3,0.3
1997-02-17,0.0,1.4,24.7,29.8,20.8,66.3,2.2
1997-02-18,0.0,1.44,25.0,29.7,20.4,60.0,2.3
1997-02-19,0.0,1.4,24.9,29.9,20.8,60.8,2.1
1997-02-20,0.0,1.4,25.4,30.2,20.8,60.5,2.3
1997-02-21,0.0,1.38,25.5,31.5,21.0,55.0,2.2
1997-02-22,0.0,1.38,25.4,31.1,21.4,57.8,1.5
1997-02-23,0.0,1.38,25.5,31.6,21.9,68.0,1.0
1997-02-24,0.0,1.65,23.1,30.2,20.0,78.3,1.1
1997-02-25,0.0,3.19,24.1,28.1,19.8,68.3,1.6
1997-02-26,0.0,5.12,24.0,28.5,20.2,73.8,1.2
1997-02-27,0.0,7.18,21.3,24.1,19.6,92.0,0.9
1997-02-28,12.3,8.18,20.6,22.2,19.0,94.3,1.2
1997-03-01,0.0,9.0,21.8,26.1,19.8,83.3,1.1
1997-03-02,9.5,12.46,20.0,23.1,18.6,91.8,0.8
1997-03-03,14.9,18.59,21.7,25.7,18.8,87.3,5.3
1997-03-04,8.7,22.93,22.1,26.1,18.8,80.0,1.1
1997-03-05,0.0,21.54,22.1,24.8,19.8,84.0,1.1
1997-03-06,0.0,20.48,22.9,27.3,20.8,78.5,1.6
1997-03-07,10.5,18.82,23.0,27.3,20.0,74.5,0.7
1997-03-08,0.0,15.9,23.5,28.1,19.2,61.0,0.5
1997-03-09,0.0,13.42,22.8,26.6,19.2,68.3,2.3
1997-03-10,0.0,11.53,22.9,27.7,20.0,58.0,1.8
1997-03-11,0.0,9.52,22.9,26.6,19.0,67.0,2.0
1997-03-12,0.0,7.81,23.6,29.5,19.2,61.5,1.1
1997-03-13,0.0,6.74,22.6,30.0,18.6,72.5,1.4
1997-03-14,0.0,6.28,23.6,28.3,19.2,68.5,1.6
1997-03-15,0.0,7.18,22.3,27.6,20.1,81.5,0.9
1997-03-16,11.8,8.1,22.5,27.7,19.6,85.8,1.0
1997-03-17,6.9,10.04,22.1,25.9,19.0,75.8,1.7
1997-03-18,0.0,9.19,21.4,24.9,18.0,72.3,2.1
1997-03-19,0.0,7.81,21.9,25.7,18.6,69.8,2.6
1997-03-20,0.0,6.53,22.0,26.5,18.8,73.3,1.7
1997-03-21,0.0,6.41,22.3,27.7,18.0,69.3,1.5
1997-03-22,0.0,5.97,21.6,26.9,17.2,68.3,1.0
1997-03-23,0.0,4.85,23.1,27.9,18.3,62.5,2.4
1997-03-24,0.0,3.79,24.5,30.1,19.2,59.8,1.8
1997-03-25,0.0,3.29,22.8,27.1,19.8,70.8,1.2
1997-03-26,0.0,4.5,21.9,27.0,18.0,61.8,2.2
1997-03-27,0.0,3.62,20.7,24.5,17.2,70.8,1.7
1997-03-28,0.0,2.81,20.0,23.6,17.0,72.8,2.2
1997-03-29,0.0,3.03,17.6,19.8,16.5,90.3,1.8
1997-03-30,0.0,6.24,18.7,20.7,15.9,84.5,1.5
1997-03-31,0.0,7.28,19.9,22.3,17.2,84.3,2.3
1997-04-01,0.0,7.0,22.4,26.5,18.4,77.8,1.5
1997-04-02,16.1,7.09,21.2,24.8,18.0,91.5,0.9
1997-04-03,0.0,6.59,23.0,29.2,18.0,69.0,1.1
1997-04-04,0.0,6.19,23.7,30.1,18.0,68.0,0.6
1997-04-05,0.0,5.87,24.9,31.3,18.9,62.0,1.2
1997-04-06,0.0,4.75,23.0,27.5,20.4,73.5,1.2
1997-04-07,0.0,3.97,20.2,24.2,18.2,74.8,2.7
1997-04-08,0.0,3.22,19.7,23.8,15.8,69.3,1.6
1997-04-09,0.0,2.44,19.7,24.3,15.2,59.8,2.5
1997-04-10,0.0,1.94,19.7,24.0,15.0,57.3,2.0
1997-04-11,0.0,1.69,19.7,23.2,15.4,65.0,1.2
1997-04-12,0.0,1.62,20.6,25.3,14.8,59.5,1.1
1997-04-13,0.0,1.59,21.6,28.2,16.2,56.5,1.5
1997-04-14,0.0,1.59,22.8,28.5,17.2,60.8,1.3
1997-04-15,0.0,1.59,22.5,27.3,19.0,63.5,1.5
1997-04-16,0.0,1.56,21.7,26.1,18.8,67.8,2.2
1997-04-17,0.0,1.56,21.3,25.9,18.2,65.0,1.5
1997-04-18,0.0,1.56,21.7,26.1,17.8,57.3,1.1
1997-04-19,0.0,1.56,21.4,25.7,18.8,75.8,1.1
1997-04-20,0.0,1.56,22.3,27.8,18.2,71.0,0.4
1997-04-21,10.4,1.69,20.1,23.1,18.0,88.5,1.0
1997-04-22,9.3,2.06,21.5,27.5,16.2,69.8,1.2
1997-04-23,0.0,3.16,19.6,26.5,16.7,77.3,1.8
1997-04-24,8.2,3.69,21.2,27.2,15.8,69.5,1.1
1997-04-25,0.0,2.97,21.9,27.5,16.8,64.0,1.5
1997-04-26,0.0,2.18,22.1,28.1,16.6,64.3,1.0
1997-04-27,0.0,1.97,22.3,28.6,18.6,74.3,1.1
1997-04-28,0.0,2.53,20.9,25.3,17.0,77.8,1.4
1997-04-29,27.9,2.25,21.9,27.3,17.6,71.0,1.2
1997-04-30,0.0,1.9,22.8,28.1,18.0,61.8,1.8
1997-05-01,0.0,1.72,21.8,26.0,18.6,66.3,1.5
1997-05-02,0.0,1.62,22.4,27.6,18.4,63.3,1.6
1997-05-03,0.0,1.59,22.1,27.9,17.8,63.0,0.9
1997-05-04,0.0,1.59,21.4,27.7,18.1,60.0,1.1
1997-05-05,0.0,1.56,20.1,25.3,15.8,64.8,1.3
1997-05-06,0.0,1.56,20.4,24.3,16.0,68.5,1.3
1997-05-07,0.0,1.56,19.9,24.1,16.0,65.0,1.5
1997-05-08,0.0,1.56,20.0,24.1,16.8,64.8,1.5
1997-05-09,0.0,1.53,19.9,24.8,15.2,62.0,1.3
1997-05-10,0.0,1.53,20.2,25.5,15.6,59.5,1.2
1997-05-11,0.0,1.53,19.7,24.1,16.4,63.3,1.3
1997-05-12,0.0,1.53,20.2,25.0,15.0,62.0,1.0
1997-05-13,0.0,1.53,21.0,26.4,17.0,57.5,1.6
1997-05-14,0.0,1.5,19.3,24.1,15.8,75.3,1.6
1997-05-15,0.0,1.53,16.8,19.3,15.2,74.8,2.6
1997-05-16,0.0,1.69,15.0,16.2,14.0,82.3,2.2
1997-05-17,0.0,2.18,17.7,20.9,14.2,70.8,2.7
1997-05-18,0.0,1.65,17.9,20.4,15.4,69.0,2.9
1997-05-19,0.0,1.56,18.5,22.9,15.0,69.8,2.8
1997-05-20,0.0,1.53,19.8,24.1,15.6,69.0,1.3
1997-05-21,0.0,1.53,20.4,26.5,15.4,69.3,1.4
1997-05-22,0.0,1.5,21.2,26.7,16.0,70.3,1.5
1997-05-23,0.0,1.53,20.9,25.8,16.8,75.5,1.4
1997-05-24,0.0,1.5,19.6,22.5,17.1,74.0,2.6
1997-05-25,0.0,1.53,18.1,21.0,16.9,87.3,0.8
1997-05-26,0.0,1.5,18.4,24.1,14.0,66.5,1.9
1997-05-27,0.0,1.5,18.1,23.2,14.2,68.8,1.2
1997-05-28,0.0,1.5,17.3,24.3,13.0,74.5,1.6
1997-05-29,4.4,1.53,18.1,23.3,14.2,83.5,1.8
1997-05-30,0.0,1.56,17.3,22.9,13.7,64.5,1.6
1997-05-31,0.0,1.5,16.0,21.8,12.6,63.8,1.9
1997-06-01,0.0,1.5,15.5,21.2,11.0,58.5,0.9
1997-06-02,0.0,1.47,15.4,21.2,10.0,64.8,1.0
1997-06-03,0.0,1.47,17.5,22.8,11.2,63.8,1.2
1997-06-04,0.0,1.47,18.9,24.8,13.2,72.8,1.7
1997-06-05,0.0,1.5,19.3,25.9,16.0,81.8,1.8
1997-06-06,0.0,1.69,17.6,20.3,15.0,65.8,2.3
1997-06-07,5.7,2.4,17.4,20.2,15.9,88.5,1.7
1997-06-08,0.0,1.94,14.7,20.2,13.1,69.0,0.8
1997-06-09,0.0,1.59,14.2,21.2,8.0,62.8,1.1
1997-06-10,0.0,1.5,15.8,21.5,9.8,62.0,1.3
1997-06-11,0.0,1.47,18.2,25.0,11.6,72.8,1.3
1997-06-12,0.0,1.62,16.8,20.7,14.0,91.8,1.3
1997-06-13,0.0,2.06,18.8,25.4,13.6,79.5,0.8
1997-06-14,0.0,1.56,19.7,25.7,14.2,73.8,1.0
1997-06-15,0.0,1.75,18.2,22.0,15.1,83.8,1.8
1997-06-16,0.0,2.66,18.4,21.9,15.8,88.0,1.6
1997-06-17,2.4,3.41,19.3,25.1,14.8,72.3,1.0
1997-06-18,0.0,2.58,20.8,25.7,16.2,65.8,1.6
1997-06-19,0.0,1.78,19.9,25.0,17.2,76.8,1.4
1997-06-20,0.0,1.53,20.8,26.7,15.4,69.8,1.3
1997-06-21,0.0,1.48,21.9,28.1,16.7,67.5,1.1
1997-06-22,0.0,1.47,21.2,26.5,17.2,68.5,0.9
1997-06-23,0.0,1.45,21.3,26.9,16.0,59.5,0.5
1997-06-24,0.0,1.44,20.7,26.6,14.2,65.3,1.1
1997-06-25,0.0,1.44,20.5,26.5,14.8,66.5,0.6
1997-06-26,0.0,1.42,21.1,26.7,14.8,65.0,1.0
1997-06-27,0.0,1.42,20.7,26.9,14.6,61.3,0.3
1997-06-28,0.0,1.4,20.4,26.7,15.0,61.8,0.1
1997-06-29,0.0,1.39,20.5,26.9,15.6,60.0,2.3
1997-06-30,0.0,1.39,20.3,26.1,14.0,57.8,0.7
1997-07-01,0.0,1.38,20.1,24.7,16.0,66.8,1.6
1997-07-02,0.0,1.38,18.9,23.1,16.4,71.5,1.4
1997-07-03,0.0,1.38,20.1,26.6,14.6,64.5,1.0
1997-07-04,0.0,1.36,21.3,27.3,15.6,58.3,0.7
1997-07-05,0.0,1.36,20.5,24.5,18.0,61.0,2.6
1997-07-06,0.0,1.34,19.0,24.1,15.5,64.0,2.1
1997-07-07,0.0,1.34,20.1,25.1,15.0,65.5,1.3
1997-07-08,0.0,1.33,19.7,24.6,16.2,62.5,1.9
1997-07-09,0.0,1.33,19.3,24.5,16.6,63.8,1.7
1997-07-10,0.0,1.31,18.9,23.5,14.8,63.5,1.4
1997-07-11,0.0,1.31,19.7,25.7,13.6,61.0,0.7
1997-07-12,0.0,1.31,19.7,24.8,15.0,,1.6
1997-07-13,0.0,1.3,20.6,27.0,14.3,57.5,1.3
1997-07-14,0.0,1.3,20.6,26.7,15.0,65.3,0.8
1997-07-15,0.0,1.28,20.9,26.8,15.0,60.5,1.2
1997-07-16,0.0,1.28,20.8,27.3,15.0,55.5,1.1
1997-07-17,0.0,1.26,19.9,25.7,15.6,57.0,1.5
1997-07-18,0.0,1.26,19.7,24.8,15.2,65.3,1.8
1997-07-19,0.0,1.26,18.3,22.0,15.2,74.3,2.6
1997-07-20,0.0,1.25,19.6,24.5,16.0,57.8,1.6
1997-07-21,0.0,1.25,19.7,25.7,15.4,64.3,1.3
1997-07-22,0.0,1.23,18.8,23.3,16.0,75.8,0.9
1997-07-23,0.0,1.23,19.6,25.5,15.2,60.5,1.4
1997-07-24,0.0,1.23,17.6,22.4,15.0,68.8,1.7
1997-07-25,0.0,1.22,18.0,22.5,14.0,60.0,1.4
1997-07-26,0.0,1.22,17.3,22.9,13.2,59.3,1.9
1997-07-27,0.0,1.22,17.4,23.1,12.9,58.0,2.2
1997-07-28,0.0,1.2,17.9,23.3,12.2,52.8,1.9
1997-07-29,0.0,1.2,18.4,25.5,12.0,57.5,1.1
1997-07-30,0.0,1.19,20.2,27.1,14.6,54.3,0.7
1997-07-31,0.0,1.19,20.3,27.7,15.2,58.8,0.9
1997-08-01,0.0,1.19,21.7,29.1,15.0,55.5,1.0
1997-08-02,0.0,1.17,22.4,30.0,15.4,53.3,1.2
1997-08-03,0.0,1.17,21.6,28.4,15.8,55.0,1.6
1997-08-04,0.0,1.16,22.1,28.5,15.4,52.8,0.9
1997-08-05,0.0,1.16,21.5,26.6,16.2,52.0,2.4
1997-08-06,0.0,1.16,19.6,24.1,17.2,65.3,2.0
1997-08-07,0.0,1.14,20.1,24.7,16.2,65.3,1.7
1997-08-08,0.0,1.14,21.4,27.8,15.4,58.8,0.9
1997-08-09,0.0,1.26,15.6,22.8,12.2,68.8,3.1
1997-08-10,0.0,1.45,14.6,20.5,9.7,52.8,2.1
1997-08-11,0.0,1.23,16.3,22.6,9.5,54.8,1.6
1997-08-12,0.0,1.17,19.0,26.7,11.4,51.0,1.4
1997-08-13,0.0,1.16,19.9,27.0,14.0,47.5,1.5
1997-08-14,0.0,1.14,19.0,25.0,14.8,54.3,2.0
1997-08-15,0.0,1.12,18.5,24.9,14.4,55.8,1.6
1997-08-16,0.0,1.12,18.3,23.5,13.6,55.8,1.8
1997-08-17,0.0,1.11,18.0,23.1,14.2,60.8,2.2
1997-08-18,0.0,1.11,18.3,23.7,14.6,62.8,1.2
1997-08-19,0.0,1.09,19.0,24.3,13.4,57.5,2.2
1997-08-20,0.0,1.09,20.3,26.9,13.6,52.5,1.4
1997-08-21,0.0,1.08,22.3,28.7,14.8,41.8,1.9
1997-08-22,0.0,1.08,22.7,29.3,16.2,46.3,0.9
1997-08-23,0.0,1.06,23.0,29.7,16.2,40.8,1.6
1997-08-24,0.0,1.06,23.5,30.5,16.6,35.0,1.6
1997-08-25,0.0,1.06,24.1,30.3,19.0,52.0,1.4
1997-08-26,0.0,1.05,21.6,26.8,17.2,63.5,2.2
1997-08-27,0.0,1.05,21.8,27.4,17.2,57.8,1.5
1997-08-28,0.0,1.05,20.6,25.7,16.5,52.3,1.9
1997-08-29,0.0,1.03,21.5,26.9,17.0,47.8,1.7
1997-08-30,0.0,1.03,21.8,27.6,16.2,51.3,2.4
1997-08-31,0.0,1.02,21.8,26.9,18.0,44.5,2.5
1997-09-01,0.0,1.01,21.7,27.5,16.8,45.8,1.8
1997-09-02,0.0,1.01,23.0,29.5,17.5,41.8,1.9
1997-09-03,0.0,1.01,22.8,29.2,16.5,39.3,1.7
1997-09-04,0.0,1.0,24.2,30.7,16.5,36.3,1.7
1997-09-05,0.0,0.99,25.8,32.0,19.0,40.3,1.7
1997-09-06,0.0,1.01,23.7,30.1,20.6,61.3,1.2
1997-09-07,0.0,1.01,23.8,31.2,17.8,49.8,2.2
1997-09-08,0.0,1.0,25.1,32.9,18.8,40.5,1.6
1997-09-09,0.0,0.99,26.7,34.9,19.0,35.5,1.8
1997-09-10,0.0,0.99,29.5,35.7,21.6,33.5,1.6
1997-09-11,0.0,1.01,26.4,33.3,23.0,55.5,2.0
1997-09-12,0.0,1.01,20.6,26.2,17.2,73.3,2.8
1997-09-13,0.0,0.99,23.6,30.2,17.8,59.0,1.2
1997-09-14,0.0,0.98,25.8,32.2,19.7,47.5,2.1
1997-09-15,0.0,0.99,27.0,33.8,22.8,56.0,2.5
1997-09-16,0.0,1.26,23.7,29.6,20.8,67.5,2.6
1997-09-17,0.0,1.88,23.8,30.7,18.2,67.3,1.9
1997-09-18,0.0,2.23,24.0,32.1,18.4,63.3,2.1
1997-09-19,0.0,1.75,21.5,27.1,18.2,71.0,2.2
1997-09-20,0.0,1.28,23.1,30.1,18.2,66.0,3.5
1997-09-21,10.0,1.37,21.1,27.3,16.4,81.5,
1997-09-22,9.2,1.6,23.3,28.1,19.4,67.0,
1997-09-23,0.0,1.36,22.3,26.9,19.4,73.5,2.6
1997-09-24,0.0,1.16,23.7,29.9,19.0,64.5,2.2
1997-09-25,0.0,1.09,22.8,28.4,18.8,80.5,1.1
1997-09-26,0.0,1.32,24.0,30.1,20.0,69.0,2.2
1997-09-27,0.0,1.7,20.4,23.2,18.5,75.8,3.5
1997-09-28,0.0,1.52,21.7,26.7,18.1,69.3,2.2
1997-09-29,0.0,1.21,24.2,30.9,17.6,58.8,2.0
1997-09-30,0.0,1.14,24.3,29.7,19.5,68.8,1.6
1997-10-01,0.0,1.12,25.0,29.5,21.5,75.8,1.6
1997-10-02,0.0,1.08,25.7,30.9,21.0,52.5,2.5
1997-10-03,0.0,1.05,23.3,30.7,17.5,46.5,2.1
1997-10-04,0.0,1.02,19.4,24.6,16.9,74.0,3.2
1997-10-05,0.0,1.01,22.5,29.0,17.2,63.5,2.2
1997-10-06,0.0,1.0,27.1,33.0,25.0,55.5,1.7
1997-10-07,0.0,0.99,24.1,31.1,20.7,61.3,2.4
1997-10-08,0.0,0.98,22.2,27.1,19.1,59.3,3.0
1997-10-09,0.0,0.97,21.1,26.7,17.8,54.0,3.0
1997-10-10,0.0,0.96,23.1,29.1,17.1,46.5,2.2
1997-10-11,0.0,0.95,25.1,32.0,18.2,44.5,1.4
1997-10-12,0.0,0.96,27.1,33.1,20.9,47.0,1.2
1997-10-13,0.0,0.95,28.0,33.0,24.2,45.8,1.2
1997-10-14,0.0,0.95,27.1,32.0,23.3,48.3,2.0
1997-10-15,0.0,0.94,26.3,32.5,20.9,52.5,2.1
1997-10-16,0.0,0.99,25.0,31.9,21.5,67.8,1.7
1997-10-17,0.0,1.81,20.7,28.0,17.8,82.3,1.8
1997-10-18,0.0,2.53,17.9,20.5,15.2,80.5,2.4
1997-10-19,0.0,1.82,18.9,22.3,16.4,74.3,3.5
1997-10-20,0.0,1.26,20.6,24.9,18.0,72.0,3.2
1997-10-21,40.2,1.19,19.7,21.9,18.2,92.8,0.4
1997-10-22,50.7,1.4,22.6,29.3,18.9,80.3,1.8
1997-10-23,0.0,1.44,23.6,30.7,17.3,52.0,1.8
1997-10-24,0.0,1.13,23.7,29.9,17.3,50.0,1.3
1997-10-25,0.0,1.04,25.8,31.9,19.3,50.3,1.5
1997-10-26,4.7,1.67,22.4,26.6,18.6,85.8,1.3
1997-10-27,0.0,2.34,22.4,26.7,18.2,72.8,1.5
1997-10-28,0.0,1.8,22.8,27.9,19.2,69.8,2.6
1997-10-29,0.0,1.26,25.8,32.3,19.0,55.5,1.7
1997-10-30,0.0,1.06,27.1,32.5,22.1,51.0,2.3
1997-10-31,0.0,1.01,26.1,30.9,22.9,56.5,2.8
1997-11-01,0.0,0.99,26.7,32.0,21.3,47.3,1.8
1997-11-02,0.0,0.98,27.3,32.1,22.9,47.8,2.5
1997-11-03,0.0,0.96,28.3,34.7,22.4,36.5,1.5
1997-11-04,0.0,0.95,28.6,34.6,23.0,40.3,2.4
1997-11-05,0.0,1.01,24.8,28.4,22.8,64.0,2.8
1997-11-06,0.0,1.35,25.1,29.1,21.8,64.5,2.0
1997-11-07,0.0,2.37,25.2,30.2,22.2,66.0,1.4
1997-11-08,0.0,3.33,24.9,31.8,21.0,73.0,1.0
1997-11-09,0.0,3.33,26.9,33.5,21.7,59.5,2.0
1997-11-10,0.0,2.6,26.9,32.1,21.8,61.3,1.8
1997-11-11,0.0,1.91,28.0,34.6,22.4,57.8,2.0
1997-11-12,0.0,1.46,28.2,34.5,23.4,52.0,1.6
1997-11-13,0.0,1.18,26.6,33.5,23.0,64.8,1.6
1997-11-14,4.5,1.23,25.2,30.7,20.5,70.8,1.3
1997-11-15,0.0,1.26,24.6,30.3,21.6,73.8,1.7
1997-11-16,1.4,1.12,25.0,29.4,21.0,60.8,2.2
1997-11-17,0.0,1.06,25.7,31.1,21.2,54.3,1.6
1997-11-18,0.0,1.01,26.3,32.1,21.6,55.3,2.1
1997-11-19,0.0,1.08,23.9,27.1,22.6,74.3,2.0
1997-11-20,0.0,1.24,24.2,27.7,19.5,66.8,1.9
1997-11-21,0.0,1.19,24.2,28.3,21.0,72.3,1.8
1997-11-22,0.0,1.11,21.8,25.7,19.2,83.3,1.0
1997-11-23,21.7,1.1,24.6,30.1,19.8,68.3,0.8
1997-11-24,9.9,1.06,25.1,30.5,20.5,66.0,1.2
1997-11-25,10.3,1.14,23.3,27.7,20.0,75.8,1.7
1997-11-26,19.4,1.29,23.8,28.3,20.0,73.0,1.6
1997-11-27,0.0,1.59,22.9,27.1,18.6,82.8,1.2
1997-11-28,13.6,2.13,23.4,28.0,19.5,73.3,1.6
1997-11-29,22.5,3.28,20.2,23.2,18.8,95.0,1.1
1997-11-30,46.4,5.5,20.4,22.1,18.1,87.0,1.1
1997-12-01,23.4,7.89,21.9,24.8,18.0,82.5,1.3
1997-12-02,6.9,8.33,22.2,28.0,19.6,86.8,2.4
1997-12-03,68.7,8.04,24.5,29.1,19.8,64.8,1.2
1997-12-04,0.0,7.38,23.9,27.5,21.1,71.8,1.4
1997-12-05,2.6,6.48,25.2,30.8,20.2,64.3,1.2
1997-12-06,0.0,5.34,25.6,30.7,21.8,66.3,2.3
1997-12-07,0.0,4.78,22.3,26.4,20.0,84.5,1.4
1997-12-08,19.3,5.25,25.3,30.1,20.2,63.3,1.7
1997-12-09,96.8,4.97,23.5,29.0,18.6,73.3,1.0
1997-12-10,19.9,6.13,21.8,26.0,18.6,79.5,1.6
1997-12-11,1.9,7.13,23.5,28.3,20.0,69.5,1.5
1997-12-12,0.0,7.69,22.9,28.7,19.8,82.0,1.6
1997-12-13,1.1,7.2,22.6,29.3,20.2,80.5,1.4
1997-12-14,108.1,7.53,21.5,26.8,14.9,84.0,1.1
1997-12-15,7.8,8.86,23.2,26.8,20.2,80.3,2.5
1997-12-16,34.4,9.16,21.1,23.2,20.0,93.8,0.8
1997-12-17,11.4,10.48,19.6,21.0,19.0,90.5,1.3
1997-12-18,32.3,13.72,21.6,26.0,18.8,72.5,2.5
1997-12-19,0.4,12.37,23.3,28.3,19.8,66.5,2.1
1997-12-20,0.0,10.99,23.3,29.7,19.7,71.5,2.8
1997-12-21,0.0,9.0,25.1,32.0,19.2,60.5,1.2
1997-12-22,0.0,7.3,26.6,31.8,22.0,55.3,1.3
1997-12-23,0.0,5.85,27.3,32.5,21.2,56.3,1.7
1997-12-24,0.0,4.77,27.0,32.9,22.8,63.5,1.3
1997-12-25,0.3,5.01,25.3,30.6,22.8,72.5,1.0
1997-12-26,24.9,5.05,24.4,30.5,20.0,69.8,0.9
1997-12-27,0.0,5.34,26.5,31.9,21.6,64.0,2.6
1997-12-28,0.0,4.47,26.5,32.6,22.6,62.8,2.1
1997-12-29,0.0,3.81,26.7,32.5,21.4,65.3,1.1
1997-12-30,0.0,3.59,28.1,33.5,22.6,55.3,1.2
1997-12-31,0.0,2.72,27.7,32.5,23.2,61.3,1.4
1998-01-01,0.0,2.11,27.2,31.7,23.4,56.3,1.8
1998-01-02,0.0,1.67,27.3,33.2,22.6,52.8,0.9
1998-01-03,0.0,1.4,25.2,34.0,21.1,71.3,2.3
1998-01-04,50.1,1.25,24.6,31.2,20.2,73.3,1.4
1998-01-05,3.8,1.3,26.0,32.4,20.1,60.3,1.8
1998-01-06,0.0,1.53,24.9,31.7,23.4,73.5,1.0
1998-01-07,8.3,1.61,23.6,27.7,21.2,83.3,0.8
1998-01-08,16.8,2.27,22.7,28.0,20.4,83.8,1.0
1998-01-09,23.7,6.11,21.1,23.4,19.6,88.0,1.3
1998-01-10,43.8,12.8,20.2,23.3,18.8,92.8,1.1
1998-01-11,32.3,16.02,22.0,28.1,18.8,84.5,1.3
1998-01-12,0.0,14.17,25.0,30.5,20.2,70.5,1.4
1998-01-13,0.0,12.15,23.0,30.5,18.4,72.8,2.2
1998-01-14,16.3,10.27,24.4,30.4,18.4,68.3,1.3
1998-01-15,7.1,8.51,24.3,26.5,21.0,68.0,1.2
1998-01-16,3.3,7.13,23.7,31.5,19.8,75.5,1.1
1998-01-17,12.2,7.65,22.4,25.7,19.6,81.8,0.9
1998-01-18,2.3,9.21,21.7,30.1,17.3,82.0,1.3
1998-01-19,9.8,8.73,20.1,23.2,17.2,82.8,1.2
1998-01-20,32.3,8.46,22.4,25.2,19.2,72.0,1.6
1998-01-21,0.0,7.22,23.6,26.9,20.8,68.5,1.9
1998-01-22,0.0,6.64,24.7,28.7,20.6,62.8,1.8
1998-01-23,0.0,5.34,24.5,29.1,20.2,66.0,2.6
1998-01-24,0.0,4.43,25.6,31.0,21.2,71.0,1.5
1998-01-25,0.0,4.06,25.7,26.8,22.0,64.3,1.8
1998-01-26,22.2,3.58,24.5,28.0,21.3,73.0,0.5
1998-01-27,0.0,3.05,25.9,31.5,22.6,74.3,1.8
1998-01-28,0.0,2.61,26.5,31.1,23.4,70.3,1.6
1998-01-29,0.0,2.08,26.1,31.1,21.4,67.0,1.1
1998-01-30,0.0,1.67,25.7,30.2,19.8,58.8,2.1
1998-01-31,0.0,1.44,26.5,32.3,19.7,54.3,2.0
1998-02-01,0.0,1.36,27.3,32.3,21.8,57.5,1.1
1998-02-02,0.0,1.34,27.7,33.1,22.8,58.8,2.0
1998-02-03,0.0,1.33,27.8,32.5,23.2,57.5,1.5
1998-02-04,0.0,1.33,27.5,32.5,22.6,62.0,1.5
1998-02-05,0.0,1.31,28.4,35.2,23.6,58.5,0.9
1998-02-06,0.0,1.31,28.4,34.7,23.9,55.8,1.5
1998-02-07,0.0,1.3,28.6,34.8,23.4,61.8,1.2
1998-02-08,0.0,1.3,25.4,31.7,21.9,76.3,1.5
1998-02-09,0.0,1.3,28.0,33.2,21.8,61.3,1.6
1998-02-10,0.0,1.33,25.4,32.5,21.4,76.0,0.9
1998-02-11,1.1,1.72,27.0,32.0,23.2,72.8,1.3
1998-02-12,7.6,2.77,23.2,27.4,21.2,82.3,2.0
1998-02-13,0.0,2.69,23.3,28.0,20.0,76.0,1.9
1998-02-14,0.0,2.0,25.2,29.8,21.2,70.3,2.4
1998-02-15,0.0,1.56,22.9,25.9,21.7,82.3,2.1
1998-02-16,11.4,1.99,21.7,23.5,20.8,89.8,1.1
1998-02-17,73.6,4.08,20.0,22.2,17.2,96.0,0.8
1998-02-18,24.5,6.08,22.5,27.4,19.0,85.8,1.2
1998-02-19,2.4,6.96,23.5,28.4,19.8,74.5,2.0
1998-02-20,1.3,8.1,22.1,29.0,19.1,83.0,0.9
1998-02-21,24.6,7.81,23.2,28.4,19.1,85.0,1.3
1998-02-22,0.0,6.43,24.0,29.3,20.5,74.0,1.5
1998-02-23,0.0,6.0,23.6,29.9,20.8,79.0,1.1
1998-02-24,25.7,6.62,23.8,29.1,20.2,78.3,0.8
1998-02-25,2.1,5.73,25.9,30.8,21.8,67.3,1.7
1998-02-26,0.0,4.5,26.8,31.5,22.2,66.8,1.8
1998-02-27,0.0,3.5,27.0,31.9,21.4,59.8,1.8
1998-02-28,0.0,2.73,28.1,33.4,22.1,55.0,1.6
1998-03-01,0.0,2.21,24.6,33.5,20.5,71.5,2.3
1998-03-02,0.0,1.8,27.1,32.2,20.5,59.0,1.6
1998-03-03,0.0,1.55,25.8,29.5,21.8,64.5,2.0
1998-03-04,0.0,1.42,26.0,31.5,22.0,66.3,1.3
1998-03-05,0.0,1.39,25.3,30.0,22.4,65.3,1.5
1998-03-06,0.0,1.38,25.1,30.3,21.2,57.8,3.0
1998-03-07,0.0,1.36,25.1,28.8,21.6,69.3,1.9
1998-03-08,0.0,1.36,25.4,29.8,21.5,59.5,1.9
1998-03-09,0.0,1.36,25.4,30.5,22.2,62.3,2.1
1998-03-10,0.0,1.34,25.0,32.5,21.6,73.3,1.7
1998-03-11,0.0,1.34,26.9,32.7,20.6,58.8,1.0
1998-03-12,0.0,1.36,25.2,30.6,22.4,71.5,1.5
1998-03-13,1.1,1.64,24.3,29.5,21.2,69.8,2.5
1998-03-14,0.0,2.28,24.3,29.1,21.2,82.0,1.4
1998-03-15,0.0,2.34,25.2,32.2,21.7,70.5,1.3
1998-03-16,33.4,3.25,22.8,27.5,20.8,79.3,1.5
1998-03-17,0.0,2.72,21.6,25.8,18.6,76.3,2.0
1998-03-18,0.0,2.13,22.2,26.2,19.0,72.8,2.4
1998-03-19,0.0,1.75,23.9,28.3,20.0,73.8,1.5
1998-03-20,0.0,1.56,25.1,28.5,21.6,73.3,1.1
1998-03-21,0.0,1.59,25.5,29.8,21.6,68.8,1.8
1998-03-22,0.0,2.0,22.8,30.0,20.0,77.8,1.3
1998-03-23,41.5,1.94,24.1,28.5,19.2,74.3,1.6
1998-03-24,0.0,1.69,26.0,31.5,20.0,67.5,1.0
1998-03-25,0.0,1.47,25.4,30.6,22.2,75.3,0.3
1998-03-26,2.4,1.5,23.4,29.0,21.0,79.8,1.2
1998-03-27,0.0,1.44,21.6,24.9,19.5,78.0,3.0
1998-03-28,0.0,1.4,23.4,27.9,19.5,73.3,2.6
1998-03-29,0.0,1.38,25.1,30.4,21.2,65.8,1.8
1998-03-30,0.0,1.47,23.9,28.7,21.5,78.5,1.5
1998-03-31,2.3,1.56,25.3,31.3,20.8,77.5,1.5
1998-04-01,0.0,1.5,23.8,30.1,20.5,80.0,1.1
1998-04-02,10.9,1.4,22.8,27.3,20.2,70.5,2.8
1998-04-03,0.0,1.4,21.1,26.5,18.5,64.8,2.7
1998-04-04,0.0,1.38,18.8,24.4,13.8,60.8,2.0
1998-04-05,0.0,1.4,18.4,21.8,15.0,67.3,1.4
1998-04-06,0.0,1.38,20.8,25.9,16.0,62.8,1.6
1998-04-07,0.0,1.34,23.1,29.1,17.2,68.3,1.5
1998-04-08,0.0,1.34,24.2,30.0,20.4,66.3,1.6
1998-04-09,8.5,1.53,23.3,30.4,20.0,80.8,1.3
1998-04-10,4.8,2.13,24.5,30.2,19.2,65.5,0.8
1998-04-11,0.0,2.66,24.5,29.3,20.5,68.3,1.7
1998-04-12,0.0,2.25,24.6,30.1,21.1,67.0,1.5
1998-04-13,0.0,1.84,24.1,28.4,21.0,68.3,0.9
1998-04-14,0.0,1.65,25.0,30.2,21.4,65.3,1.4
1998-04-15,0.0,1.5,24.8,30.0,21.0,67.5,1.2
1998-04-16,0.0,1.4,26.2,32.3,21.0,66.3,0.8
1998-04-17,0.0,1.34,26.6,32.7,22.2,63.8,0.4
1998-04-18,0.0,1.34,24.6,28.4,22.1,77.3,1.4
1998-04-19,0.0,1.34,25.2,30.7,21.8,65.0,1.3
1998-04-20,0.0,1.34,25.3,29.2,21.6,67.5,2.1
1998-04-21,0.0,1.34,24.5,28.5,21.2,70.0,2.7
1998-04-22,0.0,1.34,23.8,28.5,20.2,72.5,1.9
1998-04-23,0.0,1.31,23.6,27.9,20.2,73.5,1.9
1998-04-24,0.0,1.31,25.5,31.1,21.4,62.8,1.4
1998-04-25,0.0,1.31,26.3,32.1,20.2,56.0,1.2
1998-04-26,0.0,1.28,24.0,29.4,21.9,75.8,1.8
1998-04-27,0.0,1.28,22.9,28.3,18.2,72.5,2.1
1998-04-28,0.0,1.28,22.5,28.1,18.2,72.5,1.9
1998-04-29,11.1,1.47,19.8,22.5,18.2,87.8,1.5
1998-04-30,0.1,1.62,21.6,27.1,18.0,82.5,1.2
1998-05-01,0.3,1.4,21.0,27.2,16.2,62.3,1.4
1998-05-02,0.0,1.31,22.2,28.4,16.1,50.0,1.1
1998-05-03,0.0,1.28,22.9,29.3,17.5,61.5,1.4
1998-05-04,0.0,1.31,24.5,29.7,19.6,65.8,1.7
1998-05-05,25.8,1.5,20.3,24.4,17.2,88.0,1.4
1998-05-06,3.4,1.65,18.9,24.1,15.2,71.0,2.3
1998-05-07,0.0,1.44,18.8,24.1,14.0,68.0,2.8
1998-05-08,0.0,1.34,17.3,22.0,13.2,65.0,1.5
1998-05-09,0.0,1.31,18.0,22.7,13.4,64.8,1.7
1998-05-10,0.0,1.28,17.6,22.6,12.8,67.5,1.7
1998-05-11,0.0,1.25,19.3,25.1,14.8,66.8,1.1
1998-05-12,0.0,1.25,21.6,28.2,15.4,61.5,1.1
1998-05-13,0.0,1.25,22.8,28.7,17.0,71.0,0.4
1998-05-14,0.0,1.25,23.3,27.9,21.0,72.5,1.0
1998-05-15,0.0,1.22,24.1,30.3,18.2,61.5,0.7
1998-05-16,0.0,1.22,24.1,29.2,19.1,65.3,1.5
1998-05-17,0.0,1.22,21.9,25.6,19.6,79.5,1.9
1998-05-18,0.0,1.22,19.3,23.0,18.1,73.3,1.6
1998-05-19,0.0,1.19,19.2,22.3,17.0,78.8,2.0
1998-05-20,0.0,1.19,20.3,25.0,17.8,74.3,1.0
1998-05-21,0.0,1.19,21.8,27.5,16.8,70.0,1.4
1998-05-22,0.0,1.19,21.7,25.9,18.8,65.0,1.5
1998-05-23,0.0,1.16,21.7,26.0,18.2,67.0,1.6
1998-05-24,0.0,1.16,21.1,25.5,18.0,71.0,1.4
1998-05-25,0.0,1.16,20.7,24.5,18.0,62.3,1.9
1998-05-26,0.0,1.16,20.9,25.8,17.2,72.3,1.4
1998-05-27,0.0,1.16,21.6,27.5,17.4,71.5,0.9
1998-05-28,1.3,1.65,22.6,29.4,17.4,70.5,0.8
1998-05-29,1.6,2.34,19.7,22.6,17.8,78.3,2.6
1998-05-30,35.6,2.28,18.3,20.1,16.9,91.3,1.2
1998-05-31,21.4,2.53,18.2,24.3,14.8,60.3,1.0
1998-06-01,0.0,1.88,18.9,25.1,13.0,62.5,1.2
1998-06-02,0.0,1.53,19.5,23.3,16.0,71.8,1.3
1998-06-03,0.0,1.56,19.6,23.6,16.7,71.8,2.2
1998-06-04,0.0,1.59,19.1,22.9,16.8,71.8,0.8
1998-06-05,0.0,1.4,16.8,21.3,13.4,64.8,2.0
1998-06-06,0.0,1.25,16.8,21.1,13.0,60.3,2.3
1998-06-07,0.0,1.22,16.2,21.1,12.0,62.0,1.9
1998-06-08,0.0,1.19,16.8,23.4,12.0,71.3,1.3
1998-06-09,0.0,1.17,18.0,24.3,12.2,53.8,0.8
1998-06-10,0.0,1.16,19.7,25.9,13.2,55.8,0.8
1998-06-11,0.0,1.16,21.5,27.7,16.1,53.3,0.9
1998-06-12,0.0,1.14,20.9,26.7,18.0,68.5,1.9
1998-06-13,0.0,1.14,17.1,20.1,15.4,79.5,2.0
1998-06-14,0.0,1.12,17.5,21.9,14.8,71.3,2.5
1998-06-15,0.0,1.12,16.0,18.6,13.0,70.0,2.5
1998-06-16,0.0,1.12,16.7,21.9,13.0,73.0,1.1
1998-06-17,0.0,1.09,20.1,25.9,13.8,66.5,1.1
1998-06-18,0.0,1.09,21.2,27.0,17.6,67.0,0.3
1998-06-19,0.0,1.09,22.4,28.3,19.0,59.0,1.3
1998-06-20,0.0,1.09,23.0,27.4,18.8,65.8,1.3
1998-06-21,0.0,1.08,21.1,26.3,18.0,76.3,1.8
1998-06-22,0.0,1.08,19.9,24.0,16.8,70.8,1.2
1998-06-23,0.0,1.08,19.4,24.5,16.0,75.0,1.3
1998-06-24,0.0,1.08,20.3,26.4,14.2,65.3,0.7
1998-06-25,0.0,1.09,17.9,24.1,14.6,76.8,1.6
1998-06-26,1.3,1.12,15.5,19.1,12.8,76.0,1.8
1998-06-27,0.0,1.09,18.1,25.2,13.0,73.8,1.5
1998-06-28,0.0,1.08,18.2,22.7,14.8,73.0,2.4
1998-06-29,0.0,1.06,17.1,21.1,14.6,78.0,1.2
1998-06-30,0.0,1.06,17.1,22.3,13.5,68.8,1.4
1998-07-01,0.0,1.05,17.1,22.9,12.6,73.0,1.5
1998-07-02,0.0,1.05,19.6,26.6,14.2,68.8,1.0
1998-07-03,0.0,1.03,20.6,25.6,16.0,65.3,1.3
1998-07-04,0.0,1.03,19.8,23.7,16.8,59.8,1.9
1998-07-05,0.0,1.01,18.9,24.3,15.6,68.8,1.5
1998-07-06,0.0,1.01,19.8,25.5,15.0,60.8,1.2
1998-07-07,0.0,1.01,19.7,26.3,14.0,59.8,1.1
1998-07-08,0.0,1.0,20.3,27.3,14.2,62.8,0.7
1998-07-09,0.0,1.0,22.0,29.0,15.2,59.3,0.6
1998-07-10,0.0,1.0,20.8,26.7,17.2,64.5,1.5
1998-07-11,0.0,0.99,16.5,20.3,14.0,75.8,1.5
1998-07-12,0.0,0.99,15.9,21.7,12.7,57.5,2.2
1998-07-13,0.0,0.99,15.6,21.1,10.5,64.0,1.4
1998-07-14,0.0,0.97,16.6,21.1,12.2,59.3,1.4
1998-07-15,0.0,0.97,17.4,23.3,12.2,67.8,1.1
1998-07-16,0.0,0.95,19.1,26.1,13.0,62.0,1.4
1998-07-17,0.0,0.95,19.3,25.7,14.0,64.5,1.1
1998-07-18,0.0,0.95,20.5,26.6,15.1,58.8,1.3
1998-07-19,0.0,0.94,21.7,26.6,18.5,61.0,1.5
1998-07-20,0.0,0.94,20.9,26.0,16.0,64.5,1.6
1998-07-21,0.0,0.94,21.3,27.9,16.2,65.0,0.8
1998-07-22,0.0,0.92,22.6,28.1,16.0,60.8,0.4
1998-07-23,0.0,0.92,20.4,24.1,17.5,69.5,2.2
1998-07-24,0.0,0.92,19.5,23.8,16.0,73.8,1.6
1998-07-25,0.0,0.91,17.7,21.4,15.4,74.5,0.5
1998-07-26,0.0,0.91,18.2,25.0,13.6,75.0,0.5
1998-07-27,0.0,0.91,20.7,27.6,13.2,53.3,1.3
1998-07-28,0.0,0.89,20.3,26.0,15.5,56.5,1.1
1998-07-29,0.0,0.89,21.4,28.3,14.4,55.5,1.0
1998-07-30,0.0,0.89,20.0,24.4,16.2,66.3,1.8
1998-07-31,0.0,0.87,17.7,21.7,15.2,70.8,2.3
1998-08-01,0.0,0.87,17.0,22.2,13.2,64.8,1.8
1998-08-02,0.0,0.87,18.9,25.6,14.0,69.3,1.5
1998-08-03,0.0,0.86,21.0,27.3,15.5,66.5,1.2
1998-08-04,0.0,0.86,22.0,26.7,18.0,62.3,2.0
1998-08-05,0.0,0.86,21.1,25.1,18.0,69.0,2.1
1998-08-06,1.3,1.03,18.5,21.5,17.6,90.8,0.7
1998-08-07,21.5,1.48,19.0,24.0,15.5,81.0,0.8
1998-08-08,1.7,1.94,19.1,22.7,16.8,84.8,1.8
1998-08-09,5.5,1.99,19.2,21.6,17.1,81.3,1.5
1998-08-10,0.8,1.95,20.3,24.1,17.8,82.5,0.9
1998-08-11,0.2,1.81,23.1,29.0,17.6,67.3,0.9
1998-08-12,0.0,1.44,24.1,30.0,18.2,63.8,1.1
1998-08-13,0.0,1.22,24.3,29.7,19.8,60.5,2.3
1998-08-14,0.0,1.01,22.6,27.0,19.0,63.5,1.8
1998-08-15,0.0,0.94,23.1,29.4,18.3,58.8,1.9
1998-08-16,0.0,0.91,23.1,29.1,18.0,55.8,2.2
1998-08-17,0.0,0.89,21.0,25.0,19.0,67.3,1.3
1998-08-18,0.0,0.87,22.0,27.8,15.2,52.0,0.9
1998-08-19,0.0,0.87,23.2,30.5,16.5,59.0,0.9
1998-08-20,0.0,0.86,25.4,31.1,19.2,49.8,0.5
1998-08-21,0.0,0.86,24.9,29.9,21.0,54.8,1.9
1998-08-22,0.0,0.85,24.0,29.7,20.0,50.0,2.5
1998-08-23,0.0,0.85,21.7,25.3,19.2,67.5,2.0
1998-08-24,0.0,0.85,22.1,27.3,18.0,59.0,2.2
1998-08-25,0.0,0.85,23.4,29.0,18.2,57.5,1.1
1998-08-26,0.0,0.83,24.5,30.8,18.2,50.3,2.0
1998-08-27,0.0,0.83,24.7,31.0,18.0,47.5,1.2
1998-08-28,0.0,0.81,24.9,31.7,19.2,48.5,1.7
1998-08-29,0.0,0.81,23.0,31.7,18.6,60.8,2.6
1998-08-30,0.0,0.81,21.7,27.0,18.5,62.5,2.0
1998-08-31,0.0,0.83,18.5,21.9,16.0,71.8,1.5
1998-09-01,0.0,0.87,18.4,23.0,15.8,67.5,2.7
1998-09-02,0.0,0.86,19.5,25.1,15.3,61.8,2.3
1998-09-03,0.0,0.83,21.2,27.3,16.6,58.8,2.3
1998-09-04,0.0,0.81,22.6,28.4,17.2,55.0,0.6
1998-09-05,0.0,0.8,24.4,30.6,18.8,48.8,1.4
1998-09-06,0.0,0.8,25.3,32.0,20.0,48.5,1.3
1998-09-07,0.0,0.78,23.6,29.8,19.8,61.8,2.6
1998-09-08,0.0,0.78,25.9,32.0,19.8,51.8,1.4
1998-09-09,0.0,0.77,26.2,31.3,21.8,58.8,1.6
1998-09-10,0.0,0.77,22.9,27.5,20.0,55.3,2.5
1998-09-11,0.0,0.76,22.2,26.3,19.0,58.5,2.8
1998-09-12,0.0,0.75,22.5,27.7,18.8,56.0,3.0
1998-09-13,0.0,0.75,24.7,31.5,18.0,49.3,1.8
1998-09-14,0.0,0.74,24.5,29.9,20.8,52.0,3.0
1998-09-15,0.0,0.73,25.5,31.9,19.2,48.5,1.6
1998-09-16,0.0,0.73,24.2,32.3,20.4,58.8,2.6
1998-09-17,3.3,0.73,22.7,27.0,19.8,64.8,2.7
1998-09-18,0.0,0.72,25.7,32.6,19.2,55.5,1.1
1998-09-19,0.0,0.72,26.7,32.0,21.8,49.3,2.2
1998-09-20,0.0,0.71,25.7,32.3,21.5,46.0,2.3
1998-09-21,0.0,0.7,24.8,31.4,19.8,52.8,1.8
1998-09-22,0.0,0.7,20.6,26.5,18.3,69.0,3.0
1998-09-23,0.0,0.7,19.3,23.3,16.2,68.0,2.5
1998-09-24,0.0,0.69,19.4,23.2,16.2,71.0,2.6
1998-09-25,0.0,0.69,20.9,25.3,16.2,59.3,2.2
1998-09-26,0.0,0.69,22.2,26.5,18.8,55.0,1.8
1998-09-27,0.0,0.68,23.9,30.2,18.6,54.8,2.3
1998-09-28,0.0,0.68,22.8,31.7,18.0,71.8,1.2
1998-09-29,1.0,0.67,22.6,29.7,18.0,73.0,1.5
1998-09-30,29.6,0.73,23.7,27.7,21.0,65.8,1.8
1998-10-01,0.0,0.89,22.6,26.0,20.2,64.3,0.8
1998-10-02,11.3,0.87,20.3,24.6,16.8,72.8,3.0
1998-10-03,0.0,0.78,22.2,27.0,18.7,58.5,3.3
1998-10-04,0.0,0.73,24.4,29.9,19.0,50.0,1.9
1998-10-05,0.0,0.71,26.0,32.0,20.8,47.8,1.9
1998-10-06,0.0,0.73,26.0,32.3,19.8,50.8,2.0
1998-10-07,0.0,0.77,23.9,30.5,19.3,80.8,3.7
1998-10-08,2.6,0.79,20.7,22.0,19.5,80.5,1.4
1998-10-09,1.5,0.81,22.4,26.4,18.8,67.8,1.8
1998-10-10,0.0,0.77,23.5,29.5,18.4,60.5,1.6
1998-10-11,0.0,0.83,24.7,30.7,20.4,61.5,2.5
1998-10-12,37.1,0.85,22.3,27.5,17.9,70.0,1.7
1998-10-13,0.3,1.3,22.2,26.2,19.6,73.0,2.0
1998-10-14,0.0,1.36,21.7,26.0,19.4,75.0,0.8
1998-10-15,0.0,1.02,22.4,26.7,19.8,69.5,2.6
1998-10-16,0.0,1.31,21.7,25.3,19.8,82.5,1.1
1998-10-17,17.8,1.77,21.8,25.7,19.2,87.3,1.2
1998-10-18,12.9,1.76,21.8,26.0,19.3,72.0,1.9
1998-10-19,0.0,1.28,20.9,26.0,17.2,64.8,2.7
1998-10-20,0.0,0.97,19.3,22.7,17.0,70.3,2.5
1998-10-21,0.0,0.81,20.4,25.4,16.5,56.0,2.5
1998-10-22,0.0,0.76,20.2,24.0,16.4,62.8,3.0
1998-10-23,0.0,0.73,21.7,27.7,16.9,62.8,1.9
1998-10-24,0.0,0.71,23.3,28.1,18.0,51.8,2.6
1998-10-25,0.0,0.7,23.5,28.0,19.0,54.8,2.5
1998-10-26,0.0,0.69,21.1,27.2,18.1,74.3,2.2
1998-10-27,8.7,0.85,20.9,23.0,19.0,81.3,0.2
1998-10-28,2.1,1.09,22.9,27.1,19.8,70.0,1.1
1998-10-29,1.5,1.6,21.6,27.3,18.8,79.5,1.3
1998-10-30,37.7,2.25,21.0,27.1,19.1,82.8,0.9
1998-10-31,13.4,3.2,17.4,19.4,16.7,93.5,1.8
1998-11-01,45.1,4.16,19.1,21.7,17.5,86.5,1.0
1998-11-02,0.1,3.97,20.6,23.4,17.7,78.8,1.4
1998-11-03,1.1,3.19,19.0,22.2,17.6,89.8,2.3
1998-11-04,29.1,2.94,19.8,22.8,17.2,89.0,0.3
1998-11-05,5.7,3.57,22.6,28.7,18.1,71.8,1.4
1998-11-06,3.8,3.99,22.6,26.9,18.8,66.0,1.8
1998-11-07,0.0,3.49,23.4,29.1,19.6,61.0,1.9
1998-11-08,0.0,2.71,23.0,29.6,19.2,64.5,2.1
1998-11-09,0.0,2.77,23.9,29.8,18.8,63.3,1.1
1998-11-10,12.6,3.53,20.0,24.3,17.8,81.5,3.0
1998-11-11,18.8,3.86,18.5,21.2,17.2,86.3,1.2
1998-11-12,33.9,3.29,19.8,23.8,15.8,69.8,1.9
1998-11-13,0.0,2.5,19.8,22.8,17.2,67.5,3.8
1998-11-14,2.8,2.56,18.9,22.1,16.5,80.5,2.0
1998-11-15,0.0,3.09,21.6,28.0,16.4,68.5,2.0
1998-11-16,0.0,2.33,22.5,26.9,19.0,68.8,2.1
1998-11-17,0.0,1.81,24.2,29.0,18.2,66.8,1.2
1998-11-18,0.0,1.44,25.9,31.0,20.6,61.5,2.1
1998-11-19,0.0,2.25,25.2,31.0,22.0,66.5,2.0
1998-11-20,18.9,4.2,23.0,29.0,18.5,73.3,1.6
1998-11-21,0.4,3.86,23.7,30.4,19.6,68.0,2.4
1998-11-22,7.7,4.01,21.6,28.8,18.1,75.5,2.1
1998-11-23,19.2,4.2,21.3,26.8,17.4,69.5,1.9
1998-11-24,6.1,3.32,23.1,29.4,18.0,63.3,1.8
1998-11-25,0.0,2.48,24.5,29.0,19.2,62.0,1.2
1998-11-26,0.0,1.92,25.7,32.3,20.2,59.8,1.5
1998-11-27,0.0,2.03,22.2,26.8,19.6,80.5,0.8
1998-11-28,34.9,3.12,23.0,27.0,20.5,70.3,2.5
1998-11-29,0.0,3.72,23.3,29.0,20.4,72.0,2.0
1998-11-30,36.4,4.31,22.7,28.7,18.0,71.8,1.8
1998-12-01,6.7,5.12,23.0,28.5,18.4,69.3,1.7
1998-12-02,4.9,4.56,24.2,30.0,20.2,65.0,0.9
1998-12-03,10.8,3.7,25.8,30.8,21.2,53.8,2.5
1998-12-04,15.1,3.06,24.9,29.8,20.4,57.3,2.0
1998-12-05,0.1,2.75,22.4,26.6,20.5,88.5,1.3
1998-12-06,15.7,3.79,22.4,27.6,20.3,83.5,2.6
1998-12-07,27.3,6.06,22.3,26.6,20.0,88.8,1.4
1998-12-08,4.4,9.91,24.4,30.5,17.8,62.8,0.9
1998-12-09,0.0,13.52,23.5,27.8,21.6,79.5,1.4
1998-12-10,0.0,11.45,25.5,31.4,20.0,61.8,1.9
1998-12-11,0.0,9.23,25.7,30.7,20.8,52.8,1.1
1998-12-12,0.0,7.41,26.4,32.0,20.2,51.0,1.7
1998-12-13,0.0,6.16,26.4,32.5,22.7,62.3,1.8
1998-12-14,32.6,6.23,24.8,30.3,20.8,68.5,1.3
1998-12-15,0.6,6.26,22.9,29.1,19.2,86.8,1.4
1998-12-16,49.2,7.55,21.4,27.8,18.6,83.0,0.8
1998-12-17,8.2,8.18,21.2,28.1,18.4,88.3,1.0
1998-12-18,15.7,8.04,21.8,25.1,18.6,91.5,1.7
1998-12-19,32.8,8.16,23.2,28.7,19.3,80.5,1.5
1998-12-20,38.9,7.24,23.6,29.9,20.6,74.5,1.7
1998-12-21,1.3,7.09,24.1,28.7,19.2,69.8,0.9
1998-12-22,0.0,6.11,25.5,30.0,21.0,58.3,1.6
1998-12-23,0.0,4.98,25.8,31.0,20.0,52.0,1.5
1998-12-24,0.0,4.08,24.8,30.0,21.6,59.3,1.5
1998-12-25,0.0,3.8,23.3,28.1,20.4,58.0,2.4
1998-12-26,0.0,2.94,23.6,27.9,19.8,59.0,2.7
1998-12-27,0.0,2.45,22.7,28.2,20.0,66.5,2.1
1998-12-28,1.1,1.94,21.8,26.8,19.0,71.8,1.5
1998-12-29,10.2,1.99,24.0,29.1,18.8,65.0,1.3
1998-12-30,2.9,3.0,23.7,30.7,20.8,70.8,2.3
1998-12-31,2.6,3.97,22.9,27.0,19.2,81.3,1.4
1999-01-01,3.8,5.05,20.9,24.4,19.2,93.3,1.3
1999-01-02,22.3,7.05,21.9,25.7,19.6,90.8,1.4
1999-01-03,13.2,8.66,22.7,28.4,19.8,83.5,1.9
1999-01-04,12.2,8.62,22.5,27.1,20.4,90.8,1.0
1999-01-05,16.7,9.69,22.4,26.1,20.5,90.5,1.4
1999-01-06,12.1,9.57,22.0,28.6,19.8,86.3,1.5
1999-01-07,12.1,8.44,23.3,27.3,19.2,82.3,1.1
1999-01-08,2.3,7.24,25.9,31.9,21.2,59.5,1.5
1999-01-09,0.0,6.1,25.7,30.4,21.2,61.0,2.5
1999-01-10,0.0,4.83,24.5,28.7,21.8,62.8,2.2
1999-01-11,0.0,3.7,23.7,27.9,19.8,55.0,1.5
1999-01-12,0.0,2.81,24.0,29.6,19.4,57.3,1.3
1999-01-13,0.0,2.14,25.1,30.5,19.8,53.0,1.8
1999-01-14,0.0,1.78,25.3,31.0,21.2,60.3,2.1
1999-01-15,1.3,2.06,23.6,28.5,19.4,73.8,1.3
1999-01-16,0.0,2.87,26.0,31.3,20.1,61.0,1.6
1999-01-17,0.0,2.27,27.4,32.0,23.4,45.3,0.6
1999-01-18,0.0,1.67,26.3,31.4,22.2,43.0,1.3
1999-01-19,0.0,1.39,27.1,33.5,20.8,38.5,1.4
1999-01-20,0.0,1.25,26.9,33.8,22.8,45.3,1.4
1999-01-21,0.0,1.22,28.8,33.5,24.2,43.8,1.6
1999-01-22,1.4,1.22,27.3,32.2,22.5,46.0,1.9
1999-01-23,0.0,1.22,26.5,31.0,23.0,49.5,1.2
1999-01-24,0.0,1.28,24.5,30.1,21.4,69.5,1.9
1999-01-25,0.8,1.31,24.9,29.1,21.0,59.3,1.8
1999-01-26,0.0,1.31,25.9,31.3,21.6,61.8,1.7
1999-01-27,12.4,2.03,23.5,28.9,18.9,69.5,1.0
1999-01-28,42.8,4.04,21.2,28.0,18.2,82.8,1.2
1999-01-29,35.2,4.41,22.1,25.1,19.2,79.8,1.0
1999-01-30,1.8,3.59,25.3,31.3,19.9,64.8,2.0
1999-01-31,1.5,3.44,24.9,30.1,20.2,69.0,0.9
1999-02-01,0.0,3.29,26.4,31.7,21.2,51.0,1.7
1999-02-02,0.0,2.47,27.1,32.0,23.2,45.5,1.7
1999-02-03,0.0,1.81,25.8,30.5,22.0,59.0,2.2
1999-02-04,0.0,1.5,26.5,31.0,22.0,45.5,1.9
1999-02-05,0.0,1.31,25.8,30.0,22.2,58.3,1.5
1999-02-06,0.0,1.25,25.6,29.6,22.7,55.3,1.8
1999-02-07,0.0,1.25,25.0,29.8,22.0,58.0,1.1
1999-02-08,0.2,1.25,25.5,31.4,20.1,52.8,1.5
1999-02-09,0.0,1.22,27.2,32.7,22.0,49.3,1.6
1999-02-10,0.0,1.25,27.4,32.0,22.6,52.8,1.8
1999-02-11,0.0,1.56,27.3,33.7,22.2,53.3,1.7
1999-02-12,13.4,2.31,24.5,29.7,20.0,62.5,1.8
1999-02-13,0.0,2.31,25.3,29.7,22.2,60.8,2.6
1999-02-14,0.0,1.72,25.6,30.1,21.8,57.8,2.0
1999-02-15,0.0,1.38,26.2,31.6,21.6,53.0,2.4
1999-02-16,0.0,1.28,25.8,29.9,22.4,54.5,1.6
1999-02-17,0.0,1.25,24.9,29.0,21.5,61.8,1.1
1999-02-18,0.0,1.25,25.0,30.5,20.0,59.0,1.9
1999-02-19,0.0,1.22,25.3,30.7,21.2,57.0,1.8
1999-02-20,0.0,1.22,25.1,30.5,20.5,51.0,2.1
1999-02-21,0.0,1.22,24.8,30.1,20.2,55.3,2.1
1999-02-22,0.0,1.22,23.7,29.1,20.4,80.8,1.4
1999-02-23,0.0,1.22,22.1,24.2,20.4,76.5,1.2
1999-02-24,3.2,2.09,22.7,28.3,20.2,75.8,1.5
1999-02-25,5.4,4.5,22.1,25.1,20.0,83.8,1.8
1999-02-26,7.8,6.62,21.1,23.0,20.0,91.0,1.6
1999-02-27,11.1,9.07,21.0,23.2,19.0,87.8,1.1
1999-02-28,17.2,9.96,22.0,26.5,19.2,85.3,1.0
1999-03-01,7.1,9.72,21.4,25.1,19.2,87.0,1.1
1999-03-02,14.5,11.42,21.0,24.1,19.4,89.0,1.6
1999-03-03,36.7,17.92,21.8,27.4,19.0,88.3,1.5
1999-03-04,2.3,17.97,23.5,28.6,19.0,68.5,1.4
1999-03-05,0.0,16.3,23.6,28.5,19.2,75.0,1.4
1999-03-06,0.0,16.7,23.7,29.7,20.8,70.5,2.7
1999-03-07,13.5,20.83,21.1,24.4,19.4,90.0,1.0
1999-03-08,23.6,20.33,23.3,28.3,18.6,80.0,0.9
1999-03-09,0.0,16.99,24.7,30.1,21.2,71.0,1.3
1999-03-10,6.1,14.28,22.3,28.3,19.5,81.0,1.3
1999-03-11,0.0,13.49,22.9,28.0,19.2,79.3,1.8
1999-03-12,0.0,13.66,22.0,26.7,19.2,92.0,2.8
1999-03-13,37.2,13.35,22.0,26.5,19.0,68.8,2.3
1999-03-14,3.4,14.14,22.3,27.7,18.2,66.5,1.7
1999-03-15,0.8,11.79,22.7,27.9,18.6,68.5,2.2
1999-03-16,0.0,9.62,22.7,26.9,19.5,70.5,1.8
1999-03-17,0.0,7.97,22.6,27.1,20.0,71.8,1.3
1999-03-18,0.0,6.62,23.2,29.3,18.8,53.3,1.6
1999-03-19,0.0,5.31,23.2,28.2,18.2,57.3,1.5
1999-03-20,0.0,4.15,22.9,27.4,19.0,64.3,2.0
1999-03-21,0.0,3.38,25.1,30.0,19.0,53.8,1.8
1999-03-22,0.0,2.66,25.2,30.9,19.8,61.0,1.7
1999-03-23,0.0,2.31,24.7,29.2,19.3,53.5,1.8
1999-03-24,1.2,1.9,22.2,28.6,19.0,81.5,1.1
1999-03-25,77.9,1.65,23.9,29.4,19.2,67.8,1.4
1999-03-26,5.3,1.88,25.4,30.3,20.2,62.8,1.5
1999-03-27,0.0,2.28,25.1,30.1,21.4,64.3,1.2
1999-03-28,0.0,2.56,26.7,31.4,21.0,62.8,1.8
1999-03-29,0.0,2.22,27.5,30.9,21.5,58.5,1.8
1999-03-30,0.0,2.06,26.3,31.2,21.3,66.0,1.4
1999-03-31,0.0,1.9,25.6,29.5,22.2,59.8,1.9
1999-04-01,0.0,1.62,23.6,29.0,21.2,60.5,2.0
1999-04-02,0.0,1.47,23.5,28.0,19.2,64.0,1.7
1999-04-03,0.0,1.4,24.8,31.1,19.4,56.8,1.1
1999-04-04,0.0,1.38,24.9,30.0,21.0,60.8,1.9
1999-04-05,0.0,1.4,22.9,28.3,20.5,77.8,1.6
1999-04-06,0.0,1.4,24.8,30.2,20.0,66.5,0.9
1999-04-07,0.0,1.4,24.6,30.0,20.0,63.5,1.8
1999-04-08,0.0,1.38,24.9,30.7,20.5,55.0,1.3
1999-04-09,3.9,1.38,23.6,29.1,19.5,57.8,1.4
1999-04-10,0.0,1.38,20.6,24.4,18.8,72.3,1.9
1999-04-11,0.0,1.38,20.3,25.4,15.5,59.0,1.1
1999-04-12,0.0,1.34,20.9,26.5,16.5,63.5,1.5
1999-04-13,0.0,1.34,23.1,29.1,17.2,61.5,1.3
1999-04-14,0.0,1.34,23.0,30.0,19.5,71.3,1.3
1999-04-15,0.0,1.34,23.7,29.8,19.8,67.8,0.8
1999-04-16,0.0,1.44,23.1,28.0,20.4,78.0,1.2
1999-04-17,4.4,1.65,22.9,27.3,20.2,73.0,1.6
1999-04-18,0.0,1.69,22.7,27.3,19.1,72.3,1.3
1999-04-19,0.0,1.59,23.3,29.0,20.0,73.5,1.1
1999-04-20,0.0,1.5,23.0,29.0,20.5,72.3,1.1
1999-04-21,2.3,1.4,24.0,29.1,20.0,65.0,1.6
1999-04-22,0.0,1.47,22.6,27.1,19.8,77.8,1.5
1999-04-23,2.6,1.69,21.3,26.3,18.2,69.0,1.6
1999-04-24,0.0,1.65,21.0,27.0,15.2,61.0,1.5
1999-04-25,0.0,1.5,21.3,27.7,16.5,57.8,1.4
1999-04-26,0.0,1.4,21.3,26.5,17.2,58.5,1.2
1999-04-27,0.0,1.38,20.5,26.0,17.2,59.0,1.4
1999-04-28,0.0,1.38,19.8,24.3,16.2,64.3,1.3
1999-04-29,0.0,1.34,19.9,24.5,16.8,64.5,1.7
1999-04-30,0.0,1.34,20.9,26.0,16.8,62.5,1.7
1999-05-01,0.0,1.34,22.5,28.2,18.2,58.3,1.1
1999-05-02,0.0,1.34,20.8,26.1,18.0,64.0,1.6
1999-05-03,0.0,1.31,20.5,25.3,16.5,61.5,0.7
1999-05-04,0.0,1.31,21.1,26.3,17.5,64.0,1.1
1999-05-05,0.0,1.31,21.9,27.6,17.0,60.3,1.2
1999-05-06,0.0,1.28,23.0,29.0,17.8,60.0,0.9
1999-05-07,0.0,1.38,21.3,25.0,20.2,78.5,1.1
1999-05-08,1.7,1.44,21.0,26.7,17.4,68.5,1.4
1999-05-09,0.0,1.34,18.8,21.9,17.4,73.8,2.0
1999-05-10,0.0,1.31,18.8,24.4,15.0,67.5,1.3
1999-05-11,0.0,1.28,20.2,26.0,15.8,59.8,1.5
1999-05-12,0.0,1.31,22.1,27.6,17.2,55.8,1.1
1999-05-13,0.0,1.31,21.9,27.1,18.0,46.5,0.7
1999-05-14,0.0,1.28,17.4,23.2,13.2,58.0,2.4
1999-05-15,0.0,1.28,16.5,21.5,11.8,50.5,2.0
1999-05-16,0.0,1.25,16.9,22.1,13.2,58.5,2.0
1999-05-17,0.0,1.25,17.8,22.3,13.5,61.0,1.7
1999-05-18,0.0,1.25,18.7,24.3,13.5,61.3,1.0
1999-05-19,0.0,1.25,20.4,27.0,14.2,55.5,0.7
1999-05-20,0.0,1.22,19.4,25.3,15.8,48.0,1.2
1999-05-21,0.0,1.22,16.3,23.1,10.2,34.5,1.1
1999-05-22,0.0,1.22,17.1,24.0,11.2,42.3,1.1
1999-05-23,0.0,1.22,18.4,25.7,12.2,52.3,1.7
1999-05-24,0.0,1.19,19.9,26.9,14.0,56.5,1.6
1999-05-25,0.0,1.19,20.3,27.0,15.5,61.5,0.8
1999-05-26,0.0,1.19,19.2,23.5,16.5,67.0,1.6
1999-05-27,0.0,1.19,20.6,27.0,15.0,59.5,1.4
1999-05-28,0.0,1.19,21.8,27.0,17.2,59.0,1.3
1999-05-29,0.0,1.16,21.4,27.7,18.0,61.8,1.3
1999-05-30,0.0,1.16,21.9,26.6,18.2,61.3,1.7
1999-05-31,0.0,1.16,17.0,22.9,12.8,50.5,1.7
1999-06-01,0.0,1.16,16.9,21.9,12.5,67.5,1.5
1999-06-02,0.0,1.16,19.5,25.5,13.8,60.8,1.7
1999-06-03,0.0,1.12,19.9,26.5,15.5,59.3,1.1
1999-06-04,0.0,1.12,20.8,27.4,15.2,53.8,1.0
1999-06-05,0.0,1.12,20.7,27.0,17.3,58.8,1.0
1999-06-06,0.0,1.12,21.9,27.7,17.0,55.8,1.6
1999-06-07,0.0,1.12,19.3,23.0,16.4,67.8,2.2
1999-06-08,0.0,1.12,18.7,23.2,16.5,69.8,1.5
1999-06-09,0.0,1.12,17.9,20.0,15.5,69.0,2.3
1999-06-10,0.0,1.12,18.9,24.8,15.5,66.3,1.5
1999-06-11,0.0,1.09,21.3,27.5,14.8,59.8,1.3
1999-06-12,0.0,1.09,20.0,23.5,17.5,65.5,1.8
1999-06-13,0.0,1.09,19.2,23.8,16.2,74.5,1.3
1999-06-14,0.0,1.09,19.1,24.3,15.2,66.0,1.6
1999-06-15,0.8,1.09,17.5,19.2,16.2,79.5,1.1
1999-06-16,0.0,1.09,19.0,25.3,14.0,68.8,0.9
1999-06-17,0.0,1.09,19.3,26.1,13.5,50.0,1.1
1999-06-18,0.0,1.06,19.3,25.3,14.5,61.3,1.3
1999-06-19,0.0,1.06,20.5,26.9,15.3,56.5,1.2
1999-06-20,0.0,1.06,21.2,26.7,17.2,59.3,1.5
1999-06-21,0.6,1.06,21.6,25.8,17.4,60.5,1.2
1999-06-22,0.0,1.06,19.3,25.9,16.2,38.3,1.4
1999-06-23,0.0,1.06,,26.5,13.0,,1.3
1999-06-24,0.0,1.03,19.3,26.9,13.0,44.8,1.0
1999-06-25,0.0,1.03,20.8,27.1,14.2,52.3,1.6
1999-06-26,0.0,1.03,20.5,26.6,14.2,52.8,1.3
1999-06-27,0.0,1.03,18.8,24.2,14.8,60.0,1.3
1999-06-28,0.0,1.0,19.7,25.9,14.4,51.5,1.2
1999-06-29,0.0,1.0,21.5,27.9,17.6,49.3,0.9
1999-06-30,0.0,1.0,20.8,26.3,17.1,60.5,1.4
1999-07-01,0.0,1.0,19.3,24.0,16.5,70.5,2.0
1999-07-02,0.0,1.0,18.4,23.5,16.0,64.0,2.0
1999-07-03,0.0,1.0,19.4,26.3,14.5,63.3,1.6
1999-07-04,0.0,0.97,22.0,28.0,15.8,57.8,1.2
1999-07-05,0.0,0.97,21.2,27.0,17.6,68.3,1.2
1999-07-06,0.0,0.97,18.3,21.0,16.2,73.0,2.2
1999-07-07,0.0,0.97,18.6,23.5,15.2,67.0,1.1
1999-07-08,0.0,0.97,20.3,27.1,15.0,59.8,1.2
1999-07-09,0.0,0.97,20.4,26.2,16.0,63.5,0.6
1999-07-10,0.0,0.97,18.8,23.9,15.8,67.3,1.8
1999-07-11,0.0,0.97,17.3,21.7,14.6,66.8,2.5
1999-07-12,0.0,0.95,16.3,20.9,12.4,58.5,1.7
1999-07-13,0.0,0.95,16.4,20.3,13.5,62.3,1.8
1999-07-14,0.0,0.94,17.9,22.3,14.2,55.0,1.7
1999-07-15,0.0,0.94,18.4,21.7,15.8,70.8,1.9
1999-07-16,0.0,0.94,19.9,24.3,16.8,67.0,1.9
1999-07-17,0.0,0.92,20.9,26.7,16.6,67.3,1.0
1999-07-18,0.0,0.92,19.8,24.0,15.4,59.3,1.4
1999-07-19,0.0,0.92,19.9,24.1,17.2,63.5,2.1
1999-07-20,0.0,0.91,19.5,24.2,16.2,61.3,1.1
1999-07-21,0.0,0.91,21.1,28.0,14.6,49.8,0.9
1999-07-22,0.0,0.91,23.0,28.0,19.6,50.5,0.9
1999-07-23,0.0,0.89,20.2,24.4,17.2,61.3,2.2
1999-07-24,0.0,0.89,20.1,24.3,16.8,58.8,1.4
1999-07-25,0.0,0.89,21.4,27.7,17.2,55.5,1.6
1999-07-26,0.0,0.87,20.7,24.9,18.0,57.0,1.1
1999-07-27,0.0,0.87,20.8,26.9,17.0,58.8,1.1
1999-07-28,0.0,0.87,22.3,28.4,16.2,48.5,0.8
1999-07-29,0.0,0.86,20.6,25.0,17.5,58.0,1.6
1999-07-30,0.0,0.86,20.9,25.0,16.6,51.3,1.1
1999-07-31,0.0,0.86,20.0,25.8,16.0,57.0,2.2
1999-08-01,0.0,0.85,18.9,24.4,15.2,60.8,1.8
1999-08-02,0.0,0.85,19.7,25.9,15.0,50.8,1.0
1999-08-03,0.0,0.85,19.6,26.5,14.2,56.0,1.6
1999-08-04,0.0,0.83,17.6,23.5,13.2,53.0,2.0
1999-08-05,0.0,0.83,17.1,22.4,13.2,54.3,2.0
1999-08-06,0.0,0.83,16.8,22.3,12.2,55.3,2.4
1999-08-07,0.0,0.81,18.1,25.3,13.8,53.5,1.3
1999-08-08,0.0,0.81,21.3,27.7,14.0,42.5,1.6
1999-08-09,0.0,0.81,19.4,23.7,15.8,63.0,1.5
1999-08-10,0.0,0.8,21.1,27.5,15.8,47.8,1.4
1999-08-11,0.0,0.8,22.0,28.6,15.2,34.3,1.4
1999-08-12,0.0,0.8,21.6,28.4,15.0,31.3,1.9
1999-08-13,0.0,0.78,21.7,29.3,15.2,34.8,1.3
1999-08-14,0.0,0.78,23.4,31.5,16.0,35.3,3.5
1999-08-15,0.0,0.78,16.6,24.5,13.2,68.0,1.8
1999-08-16,0.0,0.8,11.9,13.6,9.5,64.3,2.1
1999-08-17,0.7,0.8,13.6,16.8,10.6,64.0,2.9
1999-08-18,0.0,0.78,15.7,20.7,12.2,60.3,2.1
1999-08-19,0.0,0.77,18.6,24.3,14.5,46.5,2.4
1999-08-20,0.0,0.77,18.0,22.9,13.6,57.8,2.3
1999-08-21,0.0,0.77,18.5,23.4,15.5,55.0,2.3
1999-08-22,0.0,0.75,19.0,25.0,13.9,45.0,2.8
1999-08-23,0.0,0.75,19.4,24.9,15.2,44.5,2.0
1999-08-24,0.0,0.73,19.7,25.3,14.8,36.8,2.1
1999-08-25,0.0,0.73,20.0,25.6,15.5,45.5,1.4
1999-08-26,0.0,0.73,21.6,27.2,16.0,47.5,1.3
1999-08-27,0.0,0.72,23.0,29.4,16.5,37.3,1.6
1999-08-28,0.0,0.72,23.7,30.0,18.2,41.0,1.6
1999-08-29,0.0,0.72,24.7,31.0,18.8,37.0,1.4
1999-08-30,0.0,0.7,24.8,29.8,21.0,37.3,2.1
1999-08-31,0.0,0.7,21.9,27.6,17.2,37.3,2.2
1999-09-01,0.0,0.7,21.3,27.9,16.4,40.5,2.2
1999-09-02,0.0,0.69,22.2,28.7,17.0,32.3,2.4
1999-09-03,0.0,0.69,22.8,30.1,17.0,36.3,1.7
1999-09-04,0.0,0.69,23.7,30.4,18.3,33.8,1.6
1999-09-05,0.0,0.69,22.5,28.2,19.0,41.3,2.1
1999-09-06,0.0,0.67,21.8,27.7,16.8,51.8,1.3
1999-09-07,0.0,0.67,23.1,28.5,18.6,47.8,2.5
1999-09-08,0.0,0.67,24.2,30.7,18.6,44.0,2.9
1999-09-09,0.0,0.66,23.6,29.0,20.2,51.8,2.5
1999-09-10,0.0,0.66,21.1,24.8,19.2,65.5,1.9
1999-09-11,0.0,0.66,18.9,23.0,17.0,69.8,1.5
1999-09-12,0.0,0.66,20.5,25.0,16.9,62.5,2.5
1999-09-13,6.1,0.65,20.9,27.1,16.2,71.0,1.5
1999-09-14,0.4,0.65,23.7,31.2,17.6,55.0,2.2
1999-09-15,0.0,0.64,21.2,23.4,18.0,74.3,1.7
1999-09-16,0.7,0.66,21.7,28.2,18.5,71.0,2.4
1999-09-17,5.8,0.66,20.1,23.7,18.2,74.0,2.5
1999-09-18,0.0,0.65,19.5,24.5,16.0,64.0,1.8
1999-09-19,0.0,0.64,21.3,26.7,17.2,55.3,2.5
1999-09-20,0.0,0.63,21.3,25.7,16.2,49.0,1.8
1999-09-21,0.0,0.63,21.9,27.7,17.4,52.8,1.5
1999-09-22,0.0,0.95,20.0,24.7,18.1,70.0,2.7
1999-09-23,8.4,1.21,17.2,23.3,14.4,63.0,2.3
1999-09-24,0.0,0.99,16.0,23.1,10.2,38.5,3.5
1999-09-25,0.0,0.77,17.6,24.1,10.0,38.0,1.6
1999-09-26,0.0,0.69,20.6,27.3,14.5,39.3,1.9
1999-09-27,0.0,0.66,24.3,32.9,16.2,34.8,1.5
1999-09-28,0.0,0.65,23.4,29.7,18.2,48.8,2.3
1999-09-29,0.0,0.63,25.2,32.2,19.0,39.3,2.4
1999-09-30,0.0,0.63,23.8,28.3,19.2,52.0,1.6
1999-10-01,0.0,0.58,24.0,30.9,18.2,56.8,2.2
1999-10-02,0.0,0.58,23.9,29.1,20.2,67.0,1.5
1999-10-03,0.0,0.63,21.1,26.1,18.9,71.3,2.7
1999-10-04,6.2,0.62,16.6,19.8,15.4,78.5,0.7
1999-10-05,0.0,0.6,16.7,19.8,14.4,69.5,2.6
1999-10-06,0.0,0.58,17.1,21.4,13.8,66.5,2.5
1999-10-07,0.0,0.58,17.7,21.4,15.0,63.3,2.0
1999-10-08,0.0,0.56,22.0,28.3,15.0,51.3,1.5
1999-10-09,0.0,0.56,24.6,30.7,18.6,45.5,1.5
1999-10-10,0.0,0.56,23.0,30.1,17.7,52.0,2.8
1999-10-11,0.0,0.55,22.3,31.8,18.0,63.8,3.1
1999-10-12,0.0,0.55,20.5,24.2,18.0,65.0,3.1
1999-10-13,0.0,0.54,20.6,26.7,17.1,58.3,2.7
1999-10-14,0.0,0.53,22.0,29.1,16.0,48.8,2.1
1999-10-15,0.0,0.53,24.3,30.9,17.7,32.8,1.8
1999-10-16,0.0,0.52,26.0,33.1,18.8,35.0,1.0
1999-10-17,0.0,0.52,26.4,33.5,21.5,40.0,1.5
1999-10-18,0.0,0.75,24.0,25.3,21.8,61.8,1.3
1999-10-19,24.1,0.9,21.0,24.6,18.8,78.5,2.2
1999-10-20,5.8,1.09,19.9,23.6,17.4,77.0,2.0
1999-10-21,0.7,1.0,22.6,28.4,18.3,67.5,1.9
1999-10-22,1.5,1.11,20.7,25.9,18.0,73.5,1.5
1999-10-23,0.3,0.9,21.2,27.1,16.6,57.5,1.7
1999-10-24,0.0,0.71,21.7,28.7,15.8,49.0,1.9
1999-10-25,0.0,0.63,19.6,23.7,16.8,62.0,2.1
1999-10-26,1.3,0.97,16.1,19.4,14.8,92.3,1.7
1999-10-27,36.2,0.95,16.6,19.5,13.8,81.0,1.4
1999-10-28,0.0,0.77,18.9,22.9,15.0,72.3,1.6
1999-10-29,0.0,0.67,18.9,22.9,15.0,72.3,1.6
1999-10-30,0.0,0.63,21.5,27.3,17.9,61.5,2.5
1999-10-31,0.0,0.59,20.3,28.1,15.2,55.8,2.3
1999-11-01,0.0,0.57,18.5,23.2,14.2,62.8,2.4
1999-11-02,0.0,0.56,20.3,25.7,15.6,43.8,1.9
1999-11-03,0.0,0.55,21.7,27.8,16.0,47.8,1.5
1999-11-04,0.0,0.53,24.2,30.3,17.2,40.5,1.8
1999-11-05,0.0,0.52,25.6,31.2,21.0,51.0,2.8
1999-11-06,15.7,1.52,22.4,27.1,19.0,79.0,1.8
1999-11-07,98.5,2.75,19.2,22.1,17.6,92.5,1.5
1999-11-08,37.2,2.74,19.4,20.9,17.8,92.3,1.1
1999-11-09,6.5,2.21,21.0,24.6,18.2,87.8,0.9
1999-11-10,24.8,1.92,18.6,22.1,16.7,77.8,3.1
1999-11-11,2.4,1.58,16.6,19.2,14.2,76.3,2.5
1999-11-12,0.0,1.08,18.7,22.5,15.8,79.5,1.7
1999-11-13,16.5,2.1,19.9,23.7,16.6,83.3,1.1
1999-11-14,1.8,3.89,20.9,27.7,18.2,76.3,2.3
1999-11-15,23.4,3.52,20.6,26.4,15.8,59.8,2.0
1999-11-16,0.0,2.52,20.1,26.4,15.2,59.0,2.0
1999-11-17,0.8,1.67,19.6,26.3,16.2,74.8,2.1
1999-11-18,0.0,1.17,21.6,27.7,17.2,67.0,2.0
1999-11-19,0.0,1.06,20.8,27.7,17.7,77.3,2.2
1999-11-20,43.9,1.61,19.1,21.4,16.8,83.5,1.0
1999-11-21,11.3,3.06,18.7,19.8,18.0,91.3,1.3
1999-11-22,5.8,6.5,21.9,28.0,16.8,64.5,1.4
1999-11-23,0.0,9.84,23.7,29.8,18.2,62.0,2.0
1999-11-24,0.0,7.95,22.5,28.1,18.2,67.5,2.1
1999-11-25,6.4,6.35,23.7,29.5,17.2,55.0,2.5
1999-11-26,0.0,5.07,24.0,29.3,19.8,65.0,2.2
1999-11-27,50.8,4.06,23.8,30.1,18.2,66.5,1.1
1999-11-28,1.3,3.79,21.5,29.5,18.7,77.5,0.9
1999-11-29,12.5,4.12,22.1,27.2,17.6,69.3,2.0
1999-11-30,0.0,4.08,22.4,27.2,18.8,67.8,1.9
1999-12-01,0.0,3.85,22.2,27.1,17.2,62.5,2.1
1999-12-02,0.0,3.03,21.4,25.1,17.8,62.8,2.1
1999-12-03,0.0,2.33,22.8,27.1,18.6,60.5,2.3
1999-12-04,0.0,2.36,21.0,25.7,18.5,83.8,1.2
1999-12-05,32.6,5.24,19.3,21.0,17.8,90.0,0.8
1999-12-06,36.2,8.82,19.9,24.2,17.2,90.0,1.4
1999-12-07,18.3,9.16,22.8,28.9,17.8,70.5,1.8
1999-12-08,2.1,8.98,21.7,25.7,19.0,84.0,1.4
1999-12-09,25.8,8.62,21.9,25.1,18.2,74.3,1.6
1999-12-10,0.3,6.96,24.5,29.7,20.6,54.8,1.7
1999-12-11,0.0,5.49,23.2,27.1,21.3,71.5,2.3
1999-12-12,8.3,4.73,22.0,26.3,19.8,84.0,1.7
1999-12-13,0.5,5.01,21.1,24.6,19.0,87.5,1.2
1999-12-14,9.4,4.85,22.8,27.7,19.8,82.8,1.8
1999-12-15,25.5,5.35,22.4,27.7,19.0,81.8,0.9
1999-12-16,0.0,5.17,24.2,29.7,20.2,35.8,2.6
1999-12-17,0.0,4.01,24.5,30.5,19.0,52.3,1.8
1999-12-18,0.0,3.02,24.2,30.7,20.2,62.5,1.6
1999-12-19,17.7,2.64,24.1,29.5,19.8,60.5,1.7
1999-12-20,7.1,2.85,25.4,30.3,20.8,58.3,1.5
1999-12-21,1.3,2.42,24.4,29.3,19.0,55.8,2.1
1999-12-22,0.0,2.09,24.6,29.9,20.2,60.3,1.8
1999-12-23,0.0,2.73,20.9,28.1,17.3,85.5,2.6
1999-12-24,65.3,4.98,18.6,20.1,16.8,86.5,1.6
1999-12-25,15.9,5.78,22.5,26.3,18.1,65.5,2.6
1999-12-26,2.1,4.81,23.4,28.1,20.5,67.5,1.6
1999-12-27,0.0,3.84,23.1,27.2,20.2,77.3,1.3
1999-12-28,7.7,3.52,23.6,29.5,18.0,66.0,1.7
1999-12-29,0.0,3.24,23.7,28.2,20.8,69.5,1.8
1999-12-30,34.4,2.86,22.4,28.5,19.5,79.0,1.6
1999-12-31,28.7,3.22,22.4,26.5,19.5,79.5,3.1
2000-01-01,24.1,5.07,20.3,22.0,19.2,94.0,2.1
2000-01-02,33.2,8.68,20.5,23.0,18.6,92.5,1.3
2000-01-03,13.4,11.74,21.3,25.9,18.8,85.0,1.4
2000-01-04,2.1,11.19,21.9,26.4,20.0,89.0,1.4
2000-01-05,8.7,9.45,24.1,28.8,20.0,67.5,2.0
2000-01-06,5.2,7.71,24.5,29.6,20.2,61.8,1.7
2000-01-07,0.0,6.16,24.1,29.0,20.0,49.8,1.9
2000-01-08,0.0,4.83,22.7,26.9,19.8,61.0,3.1
2000-01-09,0.0,3.89,22.8,27.9,19.2,62.5,1.9
2000-01-10,0.0,2.92,23.5,28.3,19.9,60.8,2.2
2000-01-11,0.0,2.13,24.0,29.0,19.5,54.8,2.3
2000-01-12,0.0,1.59,25.0,30.3,19.8,51.0,1.8
2000-01-13,0.0,1.26,26.2,31.9,21.0,55.0,2.1
2000-01-14,0.0,1.08,27.4,32.7,21.8,51.0,2.0
2000-01-15,0.0,1.03,28.2,33.1,23.2,49.0,1.3
2000-01-16,2.5,1.03,23.7,31.1,19.0,76.3,1.1
2000-01-17,34.8,1.52,24.8,28.6,20.8,76.3,1.0
2000-01-18,0.3,3.35,25.0,31.8,21.2,73.8,1.4
2000-01-19,4.3,4.5,24.3,29.0,21.2,80.8,1.4
2000-01-20,0.4,6.57,23.3,27.5,21.2,80.3,1.5
2000-01-21,4.8,10.04,22.1,27.7,19.0,81.8,1.6
2000-01-22,7.4,8.95,24.7,30.7,20.3,69.3,2.4
2000-01-23,0.0,7.97,25.7,30.2,21.4,63.3,2.2
2000-01-24,0.0,8.38,24.1,30.2,22.1,72.3,2.4
2000-01-25,1.1,8.55,24.0,30.3,20.5,70.3,2.1
2000-01-26,8.8,8.75,21.5,24.7,20.1,93.0,1.5
2000-01-27,20.5,9.84,20.5,22.8,19.5,93.0,1.6
2000-01-28,60.7,15.22,18.1,20.3,16.8,97.8,1.3
2000-01-29,28.1,23.04,20.4,23.7,17.6,88.3,1.3
2000-01-30,37.6,24.82,22.8,29.9,18.0,77.3,1.3
2000-01-31,68.3,21.86,21.0,24.1,19.0,86.8,0.7
2000-02-01,24.0,19.84,22.3,26.7,19.5,79.5,2.0
2000-02-02,3.8,20.09,20.8,26.0,17.0,87.5,1.4
2000-02-03,28.7,18.77,23.3,29.1,19.2,73.0,1.4
2000-02-04,57.9,16.3,24.5,29.4,19.8,70.0,0.9
2000-02-05,0.0,14.17,24.6,29.9,20.0,73.8,1.5
2000-02-06,58.3,13.13,22.9,28.9,19.8,77.5,1.1
2000-02-07,59.1,13.72,21.4,24.8,18.8,88.5,0.7
2000-02-08,15.8,16.62,20.8,23.1,19.4,90.8,1.0
2000-02-09,14.7,17.11,21.5,24.4,19.4,84.5,1.2
2000-02-10,3.9,16.18,23.8,28.7,19.4,66.5,1.8
2000-02-11,2.5,13.55,24.5,29.1,19.8,63.5,1.2
2000-02-12,0.0,11.25,24.3,28.3,20.8,65.8,1.7
2000-02-13,5.1,9.28,23.8,28.9,20.0,64.3,2.5
2000-02-14,0.0,7.57,24.7,28.8,21.0,59.3,1.5
2000-02-15,0.0,6.13,25.0,30.3,20.8,53.8,2.1
2000-02-16,0.0,4.85,26.0,31.3,20.1,51.3,1.3
2000-02-17,0.0,3.75,21.7,30.5,18.3,68.5,1.5
2000-02-18,85.7,3.16,21.2,26.3,16.6,75.8,2.5
2000-02-19,1.5,3.56,22.4,27.4,18.7,71.8,1.9
2000-02-20,0.0,3.79,22.1,25.1,19.4,69.3,1.6
2000-02-21,0.0,3.25,22.9,27.3,19.3,59.8,2.5
2000-02-22,0.0,2.69,23.6,28.1,19.5,58.8,2.0
2000-02-23,0.0,2.13,24.6,29.3,20.6,60.3,2.4
2000-02-24,0.0,1.72,23.6,28.3,20.3,76.5,1.2
2000-02-25,2.4,1.5,24.1,29.8,19.8,70.5,1.0
2000-02-26,0.0,1.34,25.1,30.5,22.0,63.0,1.5
2000-02-27,0.0,1.28,24.6,28.7,21.5,61.5,1.7
2000-02-28,0.0,1.31,24.3,29.5,20.7,61.3,1.3
2000-02-29,0.0,1.53,23.5,28.5,20.4,63.5,2.3
2000-03-01,0.0,1.75,22.9,27.5,19.8,68.8,3.1
2000-03-02,0.0,1.65,22.6,27.4,19.6,66.0,2.1
2000-03-03,0.0,1.5,23.9,28.1,20.2,60.3,1.6
2000-03-04,0.0,1.4,23.8,28.7,20.2,64.0,2.2
2000-03-05,0.0,1.38,23.4,27.7,19.7,64.3,1.9
2000-03-06,0.0,1.31,24.8,30.1,20.6,60.5,2.4
2000-03-07,0.0,1.28,25.7,31.7,20.3,56.0,2.1
2000-03-08,16.2,1.69,21.7,27.5,18.3,74.0,2.0
2000-03-09,0.9,3.47,21.4,26.5,19.2,81.5,1.8
2000-03-10,17.0,4.5,21.2,24.7,19.2,81.8,1.0
2000-03-11,23.5,5.59,20.0,24.7,17.8,92.3,1.2
2000-03-12,36.2,9.21,20.8,25.1,18.7,91.3,1.2
2000-03-13,33.1,11.85,21.5,25.8,18.3,77.5,1.6
2000-03-14,3.8,11.68,22.4,26.5,18.4,74.3,1.1
2000-03-15,0.0,11.13,23.4,27.9,19.4,71.5,1.6
2000-03-16,5.4,10.72,22.1,24.3,20.5,82.8,1.0
2000-03-17,8.5,10.48,22.6,26.3,20.0,83.0,1.1
2000-03-18,5.2,9.26,22.4,27.3,20.0,87.8,0.8
2000-03-19,6.9,7.93,22.3,26.7,20.0,80.8,1.7
2000-03-20,0.0,6.59,23.0,27.0,19.6,69.5,1.6
2000-03-21,0.0,5.71,22.5,25.5,19.6,72.8,2.3
2000-03-22,0.0,4.69,23.6,28.6,19.2,67.3,2.3
2000-03-23,0.0,3.75,23.6,28.3,19.2,67.5,2.3
2000-03-24,0.0,3.35,23.4,27.9,20.3,68.5,1.9
2000-03-25,0.0,2.62,24.7,29.3,20.7,68.5,1.7
2000-03-26,0.0,2.13,23.9,28.3,20.0,59.5,0.6
2000-03-27,0.0,1.78,23.9,28.3,20.3,66.5,2.3
2000-03-28,0.0,1.56,23.8,28.4,20.5,65.5,1.7
2000-03-29,1.1,1.44,23.7,28.6,20.0,60.8,1.6
2000-03-30,0.0,1.38,22.9,27.7,19.8,62.5,2.9
2000-03-31,0.0,1.38,22.7,26.8,19.6,66.5,2.1
2000-04-01,0.0,1.38,23.5,28.2,19.4,62.5,1.5
2000-04-02,0.0,1.4,23.1,27.7,19.3,70.0,1.6
2000-04-03,2.3,1.4,21.5,25.3,18.7,65.3,1.4
2000-04-04,0.0,1.38,20.5,26.5,15.6,61.0,1.3
2000-04-05,0.0,1.38,21.0,26.4,16.9,63.8,2.6
2000-04-06,0.0,1.38,22.1,27.1,18.2,63.0,1.6
2000-04-07,0.0,1.38,22.1,26.4,18.2,64.5,1.5
2000-04-08,0.0,1.34,22.3,26.5,18.6,66.3,1.4
2000-04-09,0.4,1.34,22.8,28.3,19.3,69.5,2.1
2000-04-10,0.0,1.34,22.6,28.1,19.0,71.0,1.5
2000-04-11,4.1,1.34,23.0,28.3,19.6,69.8,1.4
2000-04-12,0.0,1.38,24.1,30.2,18.8,59.8,1.4
2000-04-13,0.8,1.47,22.5,28.7,18.4,75.8,1.3
2000-04-14,2.7,1.88,24.0,28.5,20.1,69.5,1.2
2000-04-15,9.9,2.66,23.7,27.8,20.6,66.0,1.3
2000-04-16,0.0,2.34,22.5,26.8,18.4,74.3,1.4
2000-04-17,2.8,1.97,22.5,27.7,18.9,69.0,1.9
2000-04-18,0.0,1.69,21.4,26.3,19.0,81.8,1.0
2000-04-19,0.0,1.47,22.6,27.1,18.4,86.0,1.1
2000-04-20,5.5,1.47,21.9,25.8,19.8,90.0,1.1
2000-04-21,9.4,1.53,21.0,26.6,17.2,47.0,1.7
2000-04-22,0.0,1.4,20.2,26.7,14.2,56.0,1.1
2000-04-23,0.0,1.38,20.4,26.3,16.2,58.3,1.5
2000-04-24,0.0,1.38,20.9,26.8,16.0,56.8,1.7
2000-04-25,0.0,1.34,19.8,24.7,15.2,58.0,1.3
2000-04-26,0.0,1.34,19.8,24.5,16.0,58.5,1.1
2000-04-27,0.0,1.34,20.4,25.4,16.4,57.8,1.8
2000-04-28,0.0,1.31,21.0,24.3,17.0,67.8,1.9
2000-04-29,0.0,1.31,21.9,26.6,17.9,59.0,1.5
2000-04-30,0.0,1.31,21.0,21.9,18.6,70.3,2.5
2000-05-01,0.0,1.31,21.2,24.9,18.2,67.5,2.0
2000-05-02,0.0,1.31,21.0,24.3,17.6,71.3,2.6
2000-05-03,0.0,1.28,22.1,26.8,18.8,66.0,1.7
2000-05-04,0.0,1.28,21.9,26.2,19.0,56.8,2.0
2000-05-05,0.0,1.28,21.6,26.6,17.8,62.8,1.5
2000-05-06,0.0,1.28,22.3,28.6,17.5,60.8,1.4
2000-05-07,0.0,1.25,23.6,28.7,19.0,58.3,0.9
2000-05-08,6.9,1.25,22.4,26.8,19.8,72.0,1.8
2000-05-09,0.0,1.25,23.7,28.6,19.6,58.0,1.2
2000-05-10,0.0,1.25,21.3,26.3,17.5,58.0,1.5
2000-05-11,0.0,1.25,18.0,22.8,14.6,57.3,1.9
2000-05-12,0.0,1.22,17.7,22.3,12.6,55.0,2.0
2000-05-13,0.0,1.22,18.3,23.3,13.6,57.8,1.7
2000-05-14,0.0,1.22,18.3,23.3,14.7,62.0,2.4
2000-05-15,0.0,1.22,19.5,25.4,14.2,59.3,1.3
2000-05-16,0.0,1.22,20.7,27.3,14.5,59.0,1.5
2000-05-17,0.0,1.19,21.7,27.5,16.3,53.8,1.4
2000-05-18,0.0,1.19,20.6,25.6,17.2,57.0,2.1
2000-05-19,0.0,1.19,18.6,24.9,13.2,47.0,1.7
2000-05-20,0.0,1.19,19.3,25.7,14.2,57.5,1.7
2000-05-21,0.0,1.19,18.2,23.9,14.3,71.3,1.6
2000-05-22,0.0,1.19,17.6,20.8,14.5,69.0,2.4
2000-05-23,0.0,1.16,18.6,23.6,15.6,64.0,1.9
2000-05-24,0.0,1.16,17.4,21.7,13.9,57.3,1.7
2000-05-25,0.0,1.16,18.4,23.0,14.4,54.5,1.0
2000-05-26,0.0,1.16,19.8,26.1,13.8,53.0,1.5
2000-05-27,0.0,1.12,21.8,27.2,15.0,49.0,1.0
2000-05-28,0.0,1.16,20.3,26.9,16.8,67.3,0.5
2000-05-29,3.2,1.16,20.3,25.1,16.1,68.8,0.8
2000-05-30,0.0,1.16,21.3,27.2,16.1,56.5,2.3
2000-05-31,0.0,1.12,21.1,27.5,16.0,52.5,0.8
2000-06-01,0.0,1.12,22.6,27.5,18.4,55.3,2.1
2000-06-02,0.0,1.12,21.3,26.9,17.7,68.3,1.7
2000-06-03,0.0,1.12,19.8,24.4,17.1,68.5,2.5
2000-06-04,0.0,1.12,18.2,22.1,15.0,60.8,1.7
2000-06-05,0.0,1.09,16.4,19.6,14.3,61.8,2.5
2000-06-06,0.0,1.09,17.6,21.3,14.0,60.0,1.6
2000-06-07,0.0,1.09,17.8,22.3,14.3,64.0,2.3
2000-06-08,0.0,1.09,19.3,25.3,14.1,64.8,1.5
2000-06-09,0.0,1.09,19.8,25.0,14.8,58.5,1.2
2000-06-10,0.0,1.06,19.6,24.5,14.8,44.8,1.8
2000-06-11,0.0,1.06,19.1,24.9,14.8,57.5,1.1
2000-06-12,0.0,1.06,19.8,25.7,14.4,60.3,0.7
2000-06-13,0.0,1.06,20.6,25.1,16.1,61.5,1.0
2000-06-14,0.0,1.06,20.2,24.8,16.3,62.3,3.1
2000-06-15,0.0,1.06,19.5,23.3,16.8,62.5,1.8
2000-06-16,0.0,1.03,19.2,24.5,14.8,64.3,1.7
2000-06-17,0.0,1.03,19.5,24.7,15.8,60.8,1.9
2000-06-18,0.0,1.03,19.6,24.8,15.1,62.8,1.5
2000-06-19,0.0,1.03,20.5,25.5,15.5,58.0,1.4
2000-06-20,0.0,1.03,21.0,26.9,16.0,59.0,0.9
2000-06-21,0.0,1.0,20.6,26.3,16.0,57.5,1.6
2000-06-22,0.0,1.0,18.7,25.3,13.2,39.0,1.2
2000-06-23,0.0,1.0,18.1,23.0,14.6,56.0,1.6
2000-06-24,0.0,1.0,18.4,25.1,13.8,53.5,1.2
2000-06-25,0.0,1.0,18.4,26.5,12.2,45.0,0.7
2000-06-26,0.0,0.97,20.1,27.9,14.1,46.0,0.8
2000-06-27,0.0,0.99,19.5,21.8,14.0,43.3,0.8
2000-06-28,0.0,0.97,19.3,24.9,14.2,50.8,2.0
2000-06-29,0.0,0.97,,25.6,13.9,,2.2
2000-06-30,0.0,0.95,20.4,27.1,15.0,54.3,1.0
2000-07-01,0.0,0.95,20.8,25.2,16.2,48.3,1.6
2000-07-02,0.0,0.95,19.2,24.1,15.8,63.0,1.6
2000-07-03,0.0,0.94,18.9,24.1,14.0,56.0,1.2
2000-07-04,0.0,0.94,18.5,22.5,14.9,57.3,2.1
2000-07-05,0.0,0.94,18.4,22.1,15.0,60.5,1.3
2000-07-06,0.0,0.92,18.3,22.3,16.2,65.3,1.4
2000-07-07,0.0,0.92,19.2,25.3,15.0,59.3,2.4
2000-07-08,0.0,0.92,19.0,23.9,15.8,64.5,2.9
2000-07-09,0.0,0.91,19.4,24.9,15.2,59.8,1.8
2000-07-10,0.0,0.91,19.8,25.4,15.4,67.3,1.9
2000-07-11,0.0,0.91,20.3,26.7,15.7,67.5,1.7
2000-07-12,0.0,0.89,21.2,27.5,16.0,63.0,1.2
2000-07-13,0.0,0.89,19.1,21.5,17.3,66.5,1.5
2000-07-14,0.0,0.89,17.6,21.6,15.2,71.8,1.6
2000-07-15,0.0,0.87,19.1,25.1,15.1,64.8,1.5
2000-07-16,0.0,0.91,16.5,21.0,14.9,72.8,2.0
2000-07-17,6.8,0.91,12.8,19.3,8.7,45.0,1.2
2000-07-18,0.2,0.89,15.0,22.0,9.2,53.3,1.1
2000-07-19,0.0,0.89,17.7,25.8,11.5,49.3,1.5
2000-07-20,0.0,0.87,18.4,23.7,14.1,49.3,0.9
2000-07-21,0.0,0.86,18.5,23.0,15.2,68.5,0.9
2000-07-22,0.0,0.86,20.5,27.1,15.8,64.5,0.8
2000-07-23,0.0,0.86,20.7,25.1,16.4,63.0,1.1
2000-07-24,0.0,0.86,20.6,25.4,16.3,63.0,1.3
2000-07-25,0.0,0.86,18.8,23.2,16.6,74.5,1.3
2000-07-26,2.8,0.86,18.3,21.8,15.4,77.0,1.5
2000-07-27,0.0,0.85,18.5,23.7,14.7,61.3,1.6
2000-07-28,0.0,0.85,16.9,23.3,12.6,62.3,1.4
2000-07-29,0.0,0.83,16.1,21.2,12.4,56.3,1.8
2000-07-30,0.0,0.83,17.5,24.1,12.1,48.8,1.4
2000-07-31,0.0,0.81,18.7,24.7,12.8,43.3,1.8
2000-08-01,0.0,0.81,18.0,22.5,14.6,61.8,2.3
2000-08-02,0.0,0.81,18.9,23.3,16.2,66.0,1.6
2000-08-03,0.0,0.8,20.0,25.1,16.0,60.5,1.6
2000-08-04,1.3,0.87,19.2,25.4,15.8,65.3,2.0
2000-08-05,2.1,0.91,16.0,21.6,12.2,59.3,2.5
2000-08-06,0.0,0.85,17.8,24.9,12.0,50.5,1.2
2000-08-07,0.0,0.81,19.9,27.3,13.2,34.5,0.5
2000-08-08,0.0,0.8,21.8,29.0,14.4,38.5,0.8
2000-08-09,0.0,0.8,21.7,28.2,17.2,50.8,1.1
2000-08-10,0.0,0.78,23.3,28.9,16.8,46.8,1.7
2000-08-11,0.0,0.78,22.1,27.3,18.0,63.0,0.7
2000-08-12,0.0,0.77,17.2,24.4,14.4,58.3,1.2
2000-08-13,0.0,0.77,15.7,22.1,10.1,53.5,0.5
2000-08-14,0.0,0.77,17.3,24.1,12.7,54.3,0.3
2000-08-15,0.0,0.75,19.0,26.1,13.0,49.0,0.4
2000-08-16,0.0,0.75,21.7,28.3,14.8,46.0,1.0
2000-08-17,0.0,0.75,19.0,24.1,14.8,60.3,1.6
2000-08-18,0.0,0.73,20.5,26.4,15.0,57.5,0.5
2000-08-19,0.0,0.73,20.9,26.7,15.3,51.5,1.5
2000-08-20,0.0,0.73,20.1,25.5,16.9,56.3,2.0
2000-08-21,0.0,0.72,20.4,25.8,15.4,51.8,1.6
2000-08-22,0.0,0.72,20.3,25.7,16.2,53.0,1.8
2000-08-23,0.0,0.72,21.4,27.5,15.4,51.5,0.8
2000-08-24,0.0,0.7,22.5,29.5,15.6,45.0,1.1
2000-08-25,0.0,0.7,24.2,30.5,18.4,46.3,0.7
2000-08-26,0.0,0.7,25.2,32.3,19.4,45.5,0.7
2000-08-27,0.0,0.69,25.9,32.3,20.4,45.8,1.1
2000-08-28,0.0,0.69,22.0,27.4,18.8,72.8,0.9
2000-08-29,25.9,1.34,18.1,19.2,17.4,87.8,1.6
2000-08-30,4.3,2.22,19.4,24.1,15.5,70.3,1.5
2000-08-31,0.0,2.05,20.6,23.6,18.2,68.3,2.6
2000-09-01,0.0,1.42,22.4,27.9,17.2,61.5,0.3
2000-09-02,0.1,1.33,19.3,23.3,18.4,87.0,0.9
2000-09-03,21.3,1.47,18.0,19.4,16.6,92.3,0.4
2000-09-04,22.4,1.38,16.3,20.2,14.8,73.0,2.4
2000-09-05,0.0,1.11,17.6,22.0,14.5,69.0,1.9
2000-09-06,0.0,1.47,16.1,17.4,15.1,84.3,2.4
2000-09-07,9.6,2.66,17.0,20.8,14.8,77.0,2.2
2000-09-08,0.0,2.83,18.1,22.7,14.4,63.5,1.5
2000-09-09,0.0,2.09,16.2,18.4,15.4,87.0,1.2
2000-09-10,2.1,1.69,19.4,24.6,14.5,89.5,1.6
2000-09-11,0.0,1.16,20.7,25.8,16.5,59.0,1.6
2000-09-12,0.0,0.91,20.2,24.5,17.2,65.5,2.8
2000-09-13,0.0,0.83,20.7,23.8,17.2,69.5,1.7
2000-09-14,0.0,0.8,22.3,26.2,19.2,60.3,2.3
2000-09-15,0.0,0.78,22.5,27.3,18.2,61.8,1.7
2000-09-16,1.3,0.78,22.7,28.3,18.2,62.5,2.1
2000-09-17,1.9,0.78,22.5,26.3,20.0,67.3,1.8
2000-09-18,2.4,0.77,21.9,26.1,18.9,65.0,1.5
2000-09-19,0.0,0.77,22.3,27.3,18.4,58.0,2.0
2000-09-20,0.0,0.75,21.5,26.8,17.5,54.3,2.5
2000-09-21,0.0,0.75,21.9,27.9,17.3,52.3,3.0
2000-09-22,0.0,0.73,23.6,30.3,17.0,48.5,1.5
2000-09-23,0.0,0.73,23.0,28.6,18.2,49.8,2.3
2000-09-24,0.0,0.73,23.4,29.4,17.8,46.3,0.5
2000-09-25,0.0,0.72,23.8,30.2,18.8,51.5,1.8
2000-09-26,0.0,0.77,17.2,22.0,15.1,74.0,4.1
2000-09-27,5.8,0.85,16.1,19.4,14.3,75.3,1.4
2000-09-28,1.3,0.8,17.8,21.5,14.0,68.8,2.2
2000-09-29,0.0,0.77,20.8,26.2,15.6,58.0,1.7
2000-09-30,0.0,0.75,21.7,27.1,15.8,53.0,2.2
2000-10-01,0.0,0.73,20.5,28.4,17.8,70.5,1.1
2000-10-02,5.8,0.72,22.8,29.4,15.4,56.5,0.4
2000-10-03,0.0,0.72,25.4,32.0,18.8,48.3,0.8
2000-10-04,0.0,0.7,27.4,34.4,20.8,43.8,1.4
2000-10-05,0.0,0.75,26.7,31.8,22.8,49.3,1.4
2000-10-06,3.2,1.19,24.3,30.4,21.1,63.5,1.5
2000-10-07,13.6,1.75,23.4,28.5,20.2,72.3,1.2
2000-10-08,0.0,1.53,23.7,29.5,20.0,61.0,3.1
2000-10-09,0.0,1.12,22.8,27.9,19.0,59.5,2.0
2000-10-10,0.0,0.87,24.0,30.5,18.8,49.5,3.2
2000-10-11,0.0,0.78,24.9,31.1,18.9,42.5,1.3
2000-10-12,0.0,0.75,26.3,33.4,20.3,42.5,1.9
2000-10-13,0.0,0.73,26.8,33.2,21.8,37.3,1.5
2000-10-14,0.0,0.72,26.4,31.8,21.9,33.0,2.8
2000-10-15,0.0,0.7,25.7,30.5,21.9,48.3,1.5
2000-10-16,0.0,0.7,23.2,27.7,20.1,56.8,2.6
2000-10-17,0.0,0.69,23.9,30.0,19.1,50.8,2.6
2000-10-18,0.0,0.69,25.4,31.1,20.5,51.3,2.0
2000-10-19,0.0,0.67,26.0,31.3,21.3,48.8,1.2
2000-10-20,0.0,0.67,25.9,33.9,22.0,51.8,2.1
2000-10-21,0.0,0.66,27.2,33.9,21.3,48.5,1.2
2000-10-22,0.0,0.66,23.5,31.8,19.5,67.5,1.2
2000-10-23,35.5,0.66,25.8,32.1,19.5,50.0,1.7
2000-10-24,0.0,0.66,26.1,31.5,22.0,44.3,2.0
2000-10-25,0.0,0.64,25.3,30.1,21.0,46.3,1.6
2000-10-26,0.0,0.64,24.7,29.8,20.6,44.5,2.3
2000-10-27,0.0,0.64,25.1,31.3,19.6,41.8,1.8
2000-10-28,0.0,0.63,26.9,32.3,22.4,43.8,1.7
2000-10-29,4.8,0.64,19.2,26.3,16.7,87.3,1.9
2000-10-30,9.7,0.86,17.1,19.8,15.4,81.8,1.8
2000-10-31,6.5,0.85,19.5,24.3,15.6,76.0,1.5
2000-11-01,0.0,0.75,21.0,26.5,15.6,65.3,1.4
2000-11-02,0.0,0.69,23.0,29.3,18.0,57.5,1.6
2000-11-03,0.0,0.67,25.0,30.2,18.5,57.3,0.9
2000-11-04,19.3,0.67,22.3,26.0,18.7,74.0,1.0
2000-11-05,32.5,1.19,19.6,23.2,16.8,80.5,1.6
2000-11-06,17.8,1.86,19.1,21.8,17.1,84.8,2.2
2000-11-07,25.3,2.48,18.5,19.5,17.2,84.0,2.0
2000-11-08,28.1,2.56,19.3,22.4,17.4,77.8,1.6
2000-11-09,2.3,1.8,21.1,24.9,18.0,63.5,1.7
2000-11-10,0.0,1.16,23.5,28.3,18.1,57.5,1.6
2000-11-11,0.0,0.86,24.0,29.6,18.1,66.0,1.0
2000-11-12,0.0,0.95,22.2,28.0,20.1,83.3,0.0
2000-11-13,16.4,1.08,22.2,25.8,20.0,88.3,0.9
2000-11-14,42.3,1.33,21.3,25.7,19.3,88.8,1.5
2000-11-15,40.5,2.05,19.7,22.4,18.6,83.0,0.9
2000-11-16,4.2,2.34,18.9,20.5,17.2,82.3,2.4
2000-11-17,9.6,1.9,18.2,19.0,17.3,95.5,0.5
2000-11-18,28.7,1.77,20.7,24.3,17.8,74.0,1.9
2000-11-19,0.0,1.31,20.6,26.2,18.0,74.8,0.9
2000-11-20,2.6,1.01,22.5,27.5,17.2,63.5,1.2
2000-11-21,0.0,0.97,23.9,28.1,20.2,66.3,1.1
2000-11-22,0.0,0.87,23.4,29.1,20.3,70.8,1.2
2000-11-23,2.8,0.81,24.3,28.8,20.9,54.3,2.8
2000-11-24,0.0,0.77,25.0,30.4,20.0,48.8,1.0
2000-11-25,0.0,0.75,24.6,30.9,20.9,61.5,2.3
2000-11-26,0.4,1.53,22.5,27.3,18.7,75.0,0.9
2000-11-27,1.1,2.73,20.3,24.1,18.4,86.5,1.3
2000-11-28,2.3,3.22,20.7,24.0,18.1,81.3,1.0
2000-11-29,3.9,3.19,21.5,28.5,18.9,80.0,0.5
2000-11-30,9.6,3.12,23.2,28.4,18.7,76.3,1.4
2000-12-01,7.8,4.3,21.3,26.1,19.7,89.5,0.2
2000-12-02,15.9,5.52,23.8,28.9,19.0,70.5,1.7
2000-12-03,19.5,4.71,24.2,29.3,19.8,70.5,1.1
2000-12-04,0.0,4.15,23.7,30.1,20.8,76.5,1.1
2000-12-05,23.8,3.75,24.3,29.5,20.2,73.3,1.2
2000-12-06,10.4,4.36,22.7,30.1,19.6,82.8,1.3
2000-12-07,6.2,4.83,22.2,26.6,19.7,75.5,1.7
2000-12-08,0.0,3.86,23.5,29.3,19.6,63.3,1.9
2000-12-09,0.0,2.81,24.6,30.7,19.0,59.8,0.6
2000-12-10,0.0,2.36,21.8,25.6,19.4,78.0,0.3
2000-12-11,1.7,2.72,24.2,29.3,19.2,59.5,2.1
2000-12-12,0.0,2.45,24.7,29.5,20.2,61.5,2.2
2000-12-13,0.0,1.84,24.8,29.7,21.0,62.5,1.4
2000-12-14,0.0,1.38,24.3,28.8,21.3,61.5,2.5
2000-12-15,0.0,1.14,23.5,26.6,20.1,66.0,2.2
2000-12-16,0.0,1.01,24.0,27.9,20.7,66.0,1.4
2000-12-17,0.0,2.03,22.9,26.9,21.0,88.5,1.3
2000-12-18,115.9,7.69,20.6,26.2,16.9,80.0,1.2
2000-12-19,3.6,14.0,22.3,27.3,18.5,66.8,1.6
2000-12-20,0.2,11.65,24.4,29.6,19.8,58.5,2.3
2000-12-21,0.0,9.38,24.7,30.6,20.2,62.5,0.6
2000-12-22,3.3,7.93,25.0,30.2,19.6,67.3,1.5
2000-12-23,3.6,6.76,24.8,29.2,21.8,66.8,1.1
2000-12-24,0.0,5.92,27.3,29.9,21.4,50.5,0.6
2000-12-25,9.5,5.46,25.5,31.5,21.6,61.5,2.3
2000-12-26,0.0,4.4,24.9,30.3,21.4,62.0,1.9
2000-12-27,0.0,3.35,24.2,30.1,21.2,73.5,0.6
2000-12-28,36.1,2.55,23.8,28.5,17.5,64.8,1.7
2000-12-29,3.2,2.4,22.7,26.7,19.3,81.0,1.5
2000-12-30,26.9,2.67,22.4,27.3,19.4,87.8,0.7
2000-12-31,9.7,3.7,21.7,25.5,19.7,91.0,0.4
2001-01-01,4.8,5.85,20.9,23.2,19.7,93.3,0.3
2001-01-02,29.5,7.99,21.1,26.1,19.4,92.8,0.8
2001-01-03,32.3,7.71,21.1,23.9,19.2,87.5,0.3
2001-01-04,2.3,6.98,23.3,28.4,19.4,73.8,0.6
2001-01-05,0.0,5.53,23.9,29.3,19.4,49.8,0.8
2001-01-06,0.0,4.25,24.9,30.5,19.0,55.5,1.1
2001-01-07,0.0,3.17,25.7,32.1,19.6,57.3,1.0
2001-01-08,0.0,2.34,24.9,29.4,20.9,67.0,1.7
2001-01-09,0.0,2.11,21.3,25.0,18.2,77.0,1.1
2001-01-10,5.7,2.36,24.0,29.5,18.2,61.0,2.4
2001-01-11,0.0,1.8,24.7,30.0,19.3,58.8,2.2
2001-01-12,0.0,1.4,25.0,29.9,20.8,57.8,1.9
2001-01-13,0.0,1.19,23.7,29.1,20.2,61.0,1.6
2001-01-14,0.0,1.06,23.4,27.9,19.3,53.8,2.2
2001-01-15,0.0,1.05,23.1,27.4,19.9,51.5,1.5
2001-01-16,0.0,1.03,23.8,28.8,19.8,54.5,1.5
2001-01-17,0.0,1.01,24.5,29.7,20.0,52.5,1.5
2001-01-18,0.0,1.03,23.9,29.2,20.2,62.3,2.3
2001-01-19,0.0,1.01,24.6,29.5,19.8,55.5,1.5
2001-01-20,0.0,1.05,23.0,29.3,20.0,72.0,0.7
2001-01-21,9.4,1.8,21.9,28.3,18.4,77.8,0.7
2001-01-22,29.2,4.11,21.4,26.7,18.8,84.5,1.2
2001-01-23,11.3,5.53,23.2,27.6,20.2,83.0,0.9
2001-01-24,59.8,6.0,24.4,29.5,19.2,71.5,1.7
2001-01-25,1.8,4.94,24.5,28.3,21.0,59.3,2.0
2001-01-26,0.0,3.75,24.1,28.9,20.0,60.3,1.1
2001-01-27,0.0,2.79,25.8,30.8,21.0,59.3,0.6
2001-01-28,5.8,2.28,24.7,29.2,21.9,70.5,0.7
2001-01-29,1.2,2.5,23.5,29.1,21.0,74.5,1.2
2001-01-30,0.0,3.17,25.3,31.5,21.0,67.3,1.2
2001-01-31,0.0,3.17,25.7,31.0,21.1,65.0,0.8
2001-02-01,0.0,2.6,26.8,31.7,22.2,62.3,1.0
2001-02-02,0.0,2.03,25.7,32.8,21.4,65.5,1.8
2001-02-03,0.0,1.62,27.0,32.5,21.3,57.8,1.2
2001-02-04,0.0,1.34,28.2,33.3,22.6,44.8,1.1
2001-02-05,0.0,1.16,27.8,32.0,24.6,53.3,1.6
2001-02-06,2.6,1.09,26.2,32.5,19.9,57.0,1.6
2001-02-07,13.2,1.16,24.3,30.5,20.3,70.3,1.3
2001-02-08,6.8,1.62,24.9,30.5,19.9,65.0,1.1
2001-02-09,0.6,2.31,26.6,30.8,23.3,60.0,1.6
2001-02-10,0.0,1.9,27.1,31.5,23.2,49.8,1.2
2001-02-11,0.0,1.47,26.8,31.6,22.2,47.8,1.1
2001-02-12,0.0,1.25,24.2,30.0,20.3,76.0,0.5
2001-02-13,0.1,1.25,24.3,28.5,20.4,67.8,1.6
2001-02-14,2.2,1.34,25.0,31.0,19.2,58.3,2.1
2001-02-15,0.0,1.19,25.2,31.0,21.4,60.3,0.8
2001-02-16,0.0,1.12,26.3,31.5,21.9,60.3,0.5
2001-02-17,0.0,1.09,25.7,29.6,23.4,55.3,2.5
2001-02-18,0.0,1.09,25.5,30.3,21.4,48.8,2.4
2001-02-19,0.0,1.06,25.3,30.3,21.4,52.0,1.9
2001-02-20,0.0,1.06,25.6,31.2,20.8,53.3,1.1
2001-02-21,0.0,1.06,25.5,30.6,21.5,53.3,1.5
2001-02-22,0.0,1.06,25.5,29.9,21.3,52.8,2.5
2001-02-23,0.0,1.03,24.8,29.3,22.0,61.0,1.5
2001-02-24,0.0,1.03,25.3,29.7,21.5,57.0,0.9
2001-02-25,0.0,1.03,25.1,30.3,20.8,54.3,1.9
2001-02-26,0.0,1.03,25.2,29.8,21.2,54.5,2.0
2001-02-27,0.0,1.03,24.7,29.3,21.0,56.0,2.2
2001-02-28,0.0,1.03,23.5,28.6,19.9,60.0,1.0
2001-03-01,0.6,1.03,23.5,28.0,19.2,60.8,1.5
2001-03-02,0.0,1.09,23.0,28.1,19.2,62.0,1.1
2001-03-03,0.0,1.69,22.1,28.1,19.6,72.3,1.6
2001-03-04,0.3,2.47,24.4,29.9,20.5,59.0,1.8
2001-03-05,1.1,2.56,22.0,28.0,19.5,72.3,0.9
2001-03-06,23.8,2.87,23.1,28.1,19.6,78.0,0.9
2001-03-07,0.1,2.81,25.4,31.1,20.2,62.3,0.3
2001-03-08,0.2,2.87,25.8,32.4,22.5,58.5,1.5
2001-03-09,3.8,3.62,22.6,28.7,19.2,81.0,1.0
2001-03-10,13.6,4.75,22.4,26.3,19.6,78.8,0.7
2001-03-11,59.8,5.97,21.5,26.0,19.0,86.0,1.5
2001-03-12,10.7,6.85,21.4,23.4,19.8,84.3,1.6
2001-03-13,1.1,5.93,23.3,27.6,20.0,68.5,1.8
2001-03-14,0.0,4.66,23.6,27.7,20.4,66.0,1.9
2001-03-15,0.0,3.66,23.6,28.2,20.2,65.5,1.4
2001-03-16,0.0,2.81,23.9,28.6,19.9,58.0,2.2
2001-03-17,0.0,2.18,25.4,31.1,19.6,53.0,0.8
2001-03-18,0.0,1.72,26.1,31.8,20.7,54.8,1.4
2001-03-19,0.0,1.44,25.4,31.0,22.2,60.8,0.9
2001-03-20,1.5,1.22,25.1,29.9,20.6,58.0,1.3
2001-03-21,0.0,1.12,24.8,29.7,21.6,60.8,1.8
2001-03-22,0.0,1.09,24.4,29.3,20.9,54.5,2.3
2001-03-23,0.0,1.09,25.2,31.0,20.9,56.3,2.5
2001-03-24,0.0,1.09,25.8,30.9,21.1,52.0,1.7
2001-03-25,0.0,1.06,25.7,30.8,20.5,50.0,1.9
2001-03-26,0.0,1.09,25.6,30.4,22.3,59.8,1.5
2001-03-27,0.0,1.09,25.3,31.3,21.9,61.0,1.7
2001-03-28,0.0,1.09,24.6,30.4,20.2,66.8,1.8
2001-03-29,0.0,1.19,24.2,28.3,22.0,69.8,1.5
2001-03-30,0.9,1.28,24.3,29.5,19.4,63.0,1.8
2001-03-31,0.0,1.16,23.8,27.4,20.9,61.0,1.7
2001-04-01,0.0,1.09,24.2,28.7,20.8,54.8,1.4
2001-04-02,0.0,1.09,24.5,30.6,19.8,52.0,2.0
2001-04-03,0.0,1.06,25.2,29.7,21.0,56.8,1.3
2001-04-04,0.0,1.12,24.2,28.6,20.8,62.8,2.0
2001-04-05,0.0,1.09,24.4,28.2,21.0,62.5,2.3
2001-04-06,0.0,1.06,24.7,30.1,20.2,57.0,1.4
2001-04-07,0.0,1.06,25.1,30.4,20.3,53.8,1.5
2001-04-08,0.0,1.06,23.6,29.3,21.2,76.8,0.9
2001-04-09,0.0,1.06,24.2,29.3,19.6,62.5,1.4
2001-04-10,0.0,1.03,25.5,30.9,21.2,62.0,0.6
2001-04-11,0.0,1.03,25.7,30.6,21.6,59.8,1.4
2001-04-12,1.6,1.03,24.3,29.1,21.2,64.8,1.6
2001-04-13,0.0,1.03,21.7,26.3,18.0,59.3,1.7
2001-04-14,0.0,1.03,21.4,25.5,17.3,63.3,2.4
2001-04-15,0.0,1.06,21.1,27.3,17.6,69.8,1.7
2001-04-16,32.3,1.16,21.1,27.0,16.6,65.5,2.0
2001-04-17,0.8,1.12,22.0,27.3,18.1,62.3,1.7
2001-04-18,5.3,1.06,22.0,27.4,17.7,56.0,1.3
2001-04-19,0.0,1.03,23.0,28.5,17.0,51.3,1.7
2001-04-20,0.0,1.03,23.8,29.8,18.8,55.0,0.4
2001-04-21,0.0,1.0,23.5,29.1,20.7,61.8,1.1
2001-04-22,0.0,1.0,24.8,30.7,19.6,51.8,1.7
2001-04-23,0.0,1.0,24.4,28.4,21.2,55.8,2.3
2001-04-24,0.0,0.97,23.7,28.6,20.3,55.8,2.2
2001-04-25,0.0,0.97,23.3,28.4,20.0,51.5,1.2
2001-04-26,0.0,0.97,23.3,28.1,19.3,54.8,2.2
2001-04-27,0.0,0.97,23.3,27.9,19.9,51.0,1.2
2001-04-28,0.0,0.94,22.7,27.5,18.3,59.8,1.6
2001-04-29,0.0,0.94,23.0,28.1,19.4,55.3,1.4
2001-04-30,0.0,0.94,22.5,26.5,18.0,52.3,2.6
2001-05-01,0.0,0.94,23.1,27.2,19.5,59.0,3.0
2001-05-02,0.0,0.94,23.6,27.9,19.8,69.5,1.8
2001-05-03,0.0,0.94,23.4,28.1,20.1,56.5,1.7
2001-05-04,0.0,0.91,24.2,29.8,18.0,54.0,1.0
2001-05-05,0.0,0.91,23.0,28.2,20.0,62.0,2.2
2001-05-06,0.0,0.91,20.3,26.8,15.3,32.0,1.3
2001-05-07,0.0,0.91,20.1,26.1,14.0,38.8,0.4
2001-05-08,0.0,0.91,20.4,27.2,15.1,48.0,0.9
2001-05-09,0.0,0.87,22.2,29.2,15.3,42.8,0.7
2001-05-10,0.0,0.87,22.4,28.8,17.3,48.0,0.5
2001-05-11,0.0,0.87,23.4,30.1,17.8,47.5,0.4
2001-05-12,0.0,0.87,24.5,30.5,19.2,51.8,0.7
2001-05-13,0.0,0.87,20.8,23.9,19.4,73.3,1.7
2001-05-14,1.2,0.91,20.6,23.7,18.8,71.8,0.9
2001-05-15,0.0,0.91,19.7,24.1,17.1,73.0,1.7
2001-05-16,0.0,0.91,19.4,25.5,17.2,82.8,1.1
2001-05-17,20.4,1.0,18.8,21.3,16.0,82.0,2.1
2001-05-18,0.1,0.97,18.3,23.7,16.2,56.3,1.2
2001-05-19,0.0,0.91,19.0,25.7,13.4,51.3,1.1
2001-05-20,0.0,0.91,18.4,24.2,14.6,58.5,1.5
2001-05-21,0.0,0.87,17.8,21.8,14.5,67.3,1.6
2001-05-22,0.0,0.87,19.1,25.2,13.4,61.5,1.5
2001-05-23,0.0,0.85,20.0,24.2,16.2,65.5,1.1
2001-05-24,0.3,0.85,19.2,22.5,17.2,68.0,2.6
2001-05-25,0.0,0.85,19.4,22.7,17.0,74.8,1.8
2001-05-26,0.0,0.85,20.8,24.8,17.8,68.8,1.8
2001-05-27,0.0,0.87,20.9,26.0,18.3,76.0,1.7
2001-05-28,4.7,0.91,21.8,27.2,18.0,71.5,0.7
2001-05-29,0.0,0.87,23.2,29.4,17.8,58.5,0.8
2001-05-30,0.2,0.85,23.1,29.3,17.0,52.0,0.6
2001-05-31,0.0,0.85,21.7,26.0,19.0,66.3,1.8
2001-06-01,0.0,0.81,21.4,25.7,18.6,61.3,1.7
2001-06-02,0.0,0.81,20.1,23.7,16.6,66.5,1.7
2001-06-03,0.0,0.81,21.1,25.6,17.6,69.8,2.1
2001-06-04,0.0,0.81,20.7,25.3,17.5,68.8,1.9
2001-06-05,0.0,0.78,20.1,22.9,17.0,66.3,1.5
2001-06-06,0.0,0.78,20.9,26.7,17.4,69.3,0.8
2001-06-07,0.0,0.78,21.6,26.7,16.7,60.5,1.0
2001-06-08,0.0,0.78,20.3,26.6,16.2,60.0,1.6
2001-06-09,0.0,0.78,20.0,25.1,16.4,60.0,1.6
2001-06-10,0.0,0.75,20.3,25.3,16.6,58.0,1.6
2001-06-11,0.0,0.75,19.2,23.1,15.6,58.0,1.9
2001-06-12,0.0,0.75,19.2,22.9,16.4,61.3,2.8
2001-06-13,0.0,0.75,19.5,24.7,15.8,60.3,1.1
2001-06-14,0.0,0.75,20.1,26.3,15.3,56.0,0.9
2001-06-15,0.0,0.75,20.1,25.3,16.2,61.0,1.0
2001-06-16,0.0,0.73,20.5,26.8,15.4,53.8,0.9
2001-06-17,0.0,0.73,20.8,26.7,16.2,54.8,1.2
2001-06-18,0.0,0.72,21.6,26.5,16.6,53.8,0.9
2001-06-19,0.0,0.72,19.5,24.3,16.8,70.8,1.6
2001-06-20,0.0,0.72,20.4,25.5,16.0,62.8,0.9
2001-06-21,0.0,0.72,19.3,23.7,16.4,60.5,1.2
2001-06-22,0.0,0.72,18.7,23.7,15.2,72.5,2.2
2001-06-23,0.0,0.69,19.7,26.3,15.6,68.0,1.2
2001-06-24,0.0,0.69,19.6,24.1,15.8,64.0,2.5
2001-06-25,0.0,0.69,19.0,22.5,15.6,63.0,2.1
2001-06-26,0.0,0.69,19.1,20.2,15.3,58.0,1.5
2001-06-27,0.0,0.67,20.0,25.6,16.2,58.8,1.3
2001-06-28,0.0,0.67,19.1,25.0,15.0,61.8,1.7
2001-06-29,0.0,0.67,19.3,24.6,14.6,53.5,1.1
2001-06-30,0.0,0.67,18.9,25.0,14.8,54.3,0.6
2001-07-01,0.0,0.66,19.0,24.3,14.0,51.3,1.2
2001-07-02,0.0,0.66,18.6,23.9,14.8,53.0,1.0
2001-07-03,0.0,0.66,19.1,24.9,14.0,54.3,1.1
2001-07-04,0.0,0.64,19.0,25.4,13.4,51.0,1.0
2001-07-05,0.0,0.64,20.1,28.2,14.1,47.3,0.7
2001-07-06,0.0,0.64,19.0,25.1,15.0,55.0,1.5
2001-07-07,0.0,0.63,18.3,22.0,14.4,63.5,1.5
2001-07-08,0.0,0.63,18.8,23.9,14.8,57.5,0.7
2001-07-09,0.0,0.59,19.5,25.1,15.6,60.3,1.7
2001-07-10,0.0,0.59,19.6,25.0,15.8,52.5,1.2
2001-07-11,0.0,0.59,19.8,26.1,14.6,54.3,1.2
2001-07-12,0.0,0.59,21.8,27.0,16.6,49.3,0.6
2001-07-13,0.0,0.58,18.1,23.5,15.7,68.8,1.8
2001-07-14,0.0,0.58,17.4,22.3,14.2,66.0,3.0
2001-07-15,0.0,0.58,18.3,23.6,14.6,58.0,1.3
2001-07-16,0.0,0.56,18.5,23.7,14.8,54.5,1.9
2001-07-17,0.0,0.56,19.6,26.5,13.2,51.0,1.2
2001-07-18,0.0,0.56,19.7,28.1,14.8,70.0,1.2
2001-07-19,5.6,0.56,20.2,27.0,16.0,71.3,0.9
2001-07-20,0.0,0.55,21.8,28.6,15.8,58.3,1.1
2001-07-21,0.0,0.55,23.2,29.8,17.8,51.3,0.5
2001-07-22,0.0,0.55,24.1,30.1,19.2,48.8,0.7
2001-07-23,0.0,0.55,19.9,23.5,17.6,72.0,2.6
2001-07-24,0.0,0.53,18.7,21.2,17.4,75.0,1.5
2001-07-25,0.0,0.53,20.1,25.4,16.4,66.5,1.7
2001-07-26,0.0,0.53,21.1,27.1,17.0,56.5,1.6
2001-07-27,0.0,0.53,21.9,28.7,16.0,52.0,1.1
2001-07-28,0.0,0.52,22.5,27.6,17.3,48.5,1.4
2001-07-29,0.0,0.52,17.9,22.7,15.4,69.3,1.9
2001-07-30,0.0,0.52,17.9,22.2,14.6,66.0,1.9
2001-07-31,0.0,0.52,19.6,25.2,15.4,52.5,2.2
2001-08-01,0.0,0.52,19.9,25.6,14.8,46.3,1.2
2001-08-02,0.0,0.5,20.4,25.4,15.5,51.8,1.7
2001-08-03,0.0,0.5,20.8,25.7,17.4,58.5,2.2
2001-08-04,0.0,0.5,20.1,25.3,15.8,49.3,1.4
2001-08-05,0.0,0.5,20.1,25.8,14.6,49.3,1.9
2001-08-06,0.0,0.49,19.8,25.0,16.0,50.0,2.1
2001-08-07,0.0,0.49,19.2,25.4,14.5,49.5,2.1
2001-08-08,0.0,0.49,17.7,23.4,14.2,53.5,1.3
2001-08-09,0.0,0.49,,22.5,14.4,,3.1
2001-08-10,0.0,0.47,19.8,23.3,17.9,52.5,1.1
2001-08-11,0.0,0.47,19.6,25.7,16.6,56.3,2.1
2001-08-12,0.0,0.47,19.0,23.5,15.8,53.0,2.1
2001-08-13,0.0,0.47,18.5,22.9,15.2,50.5,1.5
2001-08-14,0.0,0.45,18.5,23.9,14.8,51.5,1.8
2001-08-15,0.0,0.45,18.8,24.4,15.2,53.3,1.4
2001-08-16,0.0,0.45,17.9,22.6,14.6,51.8,1.9
2001-08-17,0.0,0.45,18.9,24.2,14.7,51.5,2.1
2001-08-18,0.0,0.45,18.6,22.1,14.8,69.3,3.0
2001-08-19,0.0,0.44,20.1,24.9,16.6,51.8,1.8
2001-08-20,0.0,0.44,18.9,24.0,15.4,59.3,2.0
2001-08-21,0.0,0.44,20.5,26.5,15.8,49.8,1.3
2001-08-22,0.0,0.44,21.5,27.6,15.8,50.3,1.8
2001-08-23,0.0,0.42,21.0,26.2,18.0,70.3,1.5
2001-08-24,14.1,0.49,18.7,21.8,14.6,73.3,1.0
2001-08-25,14.5,0.5,20.3,26.7,15.2,65.0,0.3
2001-08-26,0.1,0.47,22.1,28.8,17.0,56.3,1.2
2001-08-27,0.0,0.56,20.5,22.9,18.4,70.3,1.2
2001-08-28,0.8,0.59,21.3,25.2,16.7,62.3,1.9
2001-08-29,0.0,0.53,20.8,25.3,17.9,62.5,2.8
2001-08-30,0.0,0.49,20.4,23.5,17.7,55.8,2.1
2001-08-31,0.0,0.45,21.0,25.6,17.1,57.8,1.4
2001-09-01,0.0,0.44,20.6,25.3,17.4,55.8,2.7
2001-09-02,0.0,0.41,20.4,25.7,16.4,54.3,2.4
2001-09-03,0.0,0.39,20.8,26.0,16.8,60.3,1.8
2001-09-04,0.0,0.39,22.2,28.1,16.6,52.0,1.2
2001-09-05,0.0,0.38,23.5,29.4,18.2,45.5,0.7
2001-09-06,0.0,0.37,23.5,29.4,18.2,45.5,0.7
2001-09-07,0.0,0.38,20.6,26.2,17.5,58.3,1.7
2001-09-08,0.0,0.37,22.3,29.7,16.6,51.3,1.4
2001-09-09,0.0,0.37,24.7,31.6,18.2,41.5,1.0
2001-09-10,0.0,0.37,25.5,31.7,19.8,44.8,1.4
2001-09-11,0.0,0.36,26.8,34.1,20.1,45.5,1.0
2001-09-12,0.0,0.36,21.0,26.8,18.8,72.3,2.6
2001-09-13,0.0,0.35,19.6,24.6,17.4,68.5,2.1
2001-09-14,0.0,0.41,21.7,27.1,17.8,69.3,0.8
2001-09-15,26.8,0.86,21.0,27.0,17.8,87.8,0.3
2001-09-16,42.5,1.0,18.2,22.2,16.1,76.0,1.0
2001-09-17,1.3,0.73,16.5,22.7,14.2,54.3,2.6
2001-09-18,0.0,0.56,16.7,22.5,10.8,43.8,2.3
2001-09-19,0.0,0.47,17.1,20.9,12.8,61.3,2.2
2001-09-20,0.0,0.42,18.7,23.7,14.2,58.5,2.2
2001-09-21,0.0,0.4,18.6,23.1,15.2,58.0,2.1
2001-09-22,0.0,0.36,18.8,22.8,15.5,56.5,2.5
2001-09-23,0.0,0.44,19.5,23.9,16.0,64.3,1.4
2001-09-24,0.0,0.41,21.6,27.1,17.1,62.3,1.7
2001-09-25,0.0,0.39,21.7,27.1,18.0,70.8,1.6
2001-09-26,2.0,0.52,22.5,26.5,19.0,67.0,0.9
2001-09-27,0.0,0.87,22.5,25.1,20.0,71.0,0.3
2001-09-28,0.0,0.9,20.7,22.9,18.7,74.3,2.1
2001-09-29,0.0,0.66,20.6,23.8,18.8,73.3,2.8
2001-09-30,0.0,0.52,19.9,24.2,17.9,72.8,2.4
2001-10-01,0.0,0.56,21.2,26.2,17.0,68.8,2.3
2001-10-02,0.0,0.55,19.9,23.2,18.4,86.5,0.8
2001-10-03,25.2,0.63,22.1,27.4,17.6,73.0,1.2
2001-10-04,1.0,0.54,25.5,31.7,18.6,56.3,1.3
2001-10-05,0.0,0.46,25.2,30.9,19.8,47.8,0.5
2001-10-06,0.0,0.41,25.0,32.1,19.6,56.5,0.9
2001-10-07,0.0,0.41,22.6,27.4,20.1,68.8,2.0
2001-10-08,13.4,0.45,19.5,23.5,17.7,80.3,2.1
2001-10-09,1.5,0.88,17.9,19.3,17.1,88.8,2.1
2001-10-10,4.6,0.82,19.5,22.7,16.9,77.8,2.3
2001-10-11,0.0,0.58,19.6,22.7,17.7,74.5,2.5
2001-10-12,0.0,0.47,20.6,25.7,17.4,56.8,2.4
2001-10-13,0.0,0.42,19.9,25.1,16.5,56.8,2.1
2001-10-14,0.0,0.37,20.5,24.8,17.0,66.0,2.6
2001-10-15,0.0,0.36,20.5,25.6,17.5,62.0,2.0
2001-10-16,0.0,0.32,21.4,26.0,16.8,48.5,2.6
2001-10-17,0.0,0.31,20.3,24.1,17.2,59.8,1.2
2001-10-18,0.0,0.31,22.5,28.1,16.8,49.0,1.0
2001-10-19,0.0,0.58,21.8,26.8,19.4,69.3,1.8
2001-10-20,18.7,1.26,20.3,25.6,18.1,91.0,0.8
2001-10-21,29.2,1.32,23.2,29.1,18.4,58.5,1.0
2001-10-22,3.2,0.88,22.2,27.3,18.9,76.0,1.0
2001-10-23,5.9,0.6,23.6,29.8,17.6,46.3,1.1
2001-10-24,0.0,0.55,23.5,29.5,19.6,60.8,1.3
2001-10-25,1.3,0.48,21.5,26.9,18.1,57.0,2.4
2001-10-26,0.0,0.43,21.6,27.0,17.1,49.0,2.1
2001-10-27,0.0,0.41,21.0,26.6,16.4,50.3,2.1
2001-10-28,0.0,0.38,22.7,28.8,17.1,44.0,1.9
2001-10-29,0.0,0.35,22.7,28.7,17.2,48.8,2.3
2001-10-30,0.0,0.37,22.7,29.2,17.9,61.3,1.0
2001-10-31,11.9,0.46,21.5,27.0,17.8,75.8,1.2
2001-11-01,0.8,0.59,20.9,29.1,17.5,73.5,2.4
2001-11-02,6.5,0.62,21.6,28.8,17.2,68.5,1.7
2001-11-03,12.4,1.07,20.3,26.4,17.4,84.5,1.1
2001-11-04,15.2,1.86,21.8,25.1,18.4,76.8,0.7
2001-11-05,9.7,2.49,22.5,27.6,19.4,76.0,1.9
2001-11-06,3.9,2.37,24.2,29.3,19.2,61.3,1.6
2001-11-07,4.2,1.59,25.0,30.5,20.2,59.0,2.0
2001-11-08,0.2,0.98,24.1,29.8,21.2,68.0,1.2
2001-11-09,0.0,0.66,25.2,29.4,19.8,55.3,1.4
2001-11-10,4.9,0.52,24.2,29.2,20.8,57.5,2.1
2001-11-11,0.5,0.48,25.2,30.7,20.4,52.0,1.4
2001-11-12,1.7,0.75,22.7,26.2,20.2,80.3,1.0
2001-11-13,17.8,2.14,21.9,25.6,19.8,90.5,0.5
2001-11-14,49.5,3.7,21.7,25.6,18.3,84.3,1.0
2001-11-15,2.2,3.92,23.5,28.9,20.4,74.5,1.3
2001-11-16,6.5,3.57,23.4,28.0,20.3,80.3,0.2
2001-11-17,2.3,3.52,23.7,29.5,20.1,74.5,1.0
2001-11-18,3.4,4.01,21.2,24.3,18.7,77.8,1.7
2001-11-19,0.8,4.46,20.9,23.5,19.3,88.0,0.7
2001-11-20,12.5,5.17,20.8,23.0,19.0,85.0,0.6
2001-11-21,8.2,5.81,21.3,25.8,19.0,72.0,1.9
2001-11-22,0.2,5.01,21.3,26.5,18.4,79.8,1.3
2001-11-23,0.0,4.07,21.5,28.9,18.2,77.3,0.8
2001-11-24,12.8,3.67,23.2,29.2,17.8,71.0,1.0
2001-11-25,0.2,2.99,24.1,29.2,19.8,62.3,1.6
2001-11-26,8.9,2.31,23.2,27.5,19.5,61.0,1.3
2001-11-27,0.1,1.61,24.2,29.2,20.0,56.8,1.6
2001-11-28,0.0,1.07,24.2,30.7,19.9,60.8,1.9
2001-11-29,56.7,0.98,22.1,25.8,18.8,78.5,1.6
2001-11-30,36.8,1.88,21.0,23.5,19.8,89.8,1.4
2001-12-01,62.5,4.55,21.3,24.5,19.6,91.3,0.8
2001-12-02,32.2,6.89,21.9,28.7,15.8,45.8,1.0
2001-12-03,0.2,5.34,21.9,27.5,16.6,50.5,1.6
2001-12-04,0.0,3.99,22.5,27.4,18.0,49.8,2.0
2001-12-05,0.0,2.91,23.3,28.8,18.9,63.5,2.4
2001-12-06,0.0,2.16,23.5,28.3,20.4,68.8,1.4
2001-12-07,0.0,1.4,23.7,27.8,20.8,66.3,1.9
2001-12-08,0.0,0.95,24.0,28.8,20.3,54.5,2.5
2001-12-09,0.0,0.72,25.0,30.6,20.3,54.3,2.0
2001-12-10,0.0,0.65,25.1,30.6,21.5,50.8,2.1
2001-12-11,0.0,0.63,24.0,29.3,20.0,52.3,2.3
2001-12-12,0.0,0.63,24.8,29.3,20.4,52.0,4.1
2001-12-13,0.0,0.66,24.1,27.9,21.0,67.3,2.1
2001-12-14,0.0,0.69,21.5,26.1,19.0,79.8,0.9
2001-12-15,24.3,0.92,21.2,23.1,18.9,84.0,1.0
2001-12-16,16.8,1.77,21.6,25.1,18.5,80.3,1.0
2001-12-17,60.7,3.5,21.3,24.0,18.8,95.0,1.2
2001-12-18,58.3,4.57,23.5,29.1,19.7,85.5,1.1
2001-12-19,13.5,4.22,22.8,25.9,20.6,88.3,0.5
2001-12-20,2.3,3.83,23.5,27.2,20.2,75.5,0.7
2001-12-21,0.1,3.7,24.0,28.8,20.6,64.5,1.4
2001-12-22,0.4,3.69,25.4,30.5,21.0,60.5,1.0
2001-12-23,1.2,3.02,23.7,27.2,20.2,78.3,0.4
2001-12-24,1.8,2.95,21.4,25.4,19.0,77.0,0.6
2001-12-25,6.8,3.21,19.6,21.4,18.2,85.0,0.9
2001-12-26,2.5,3.21,20.7,24.8,18.6,85.3,1.1
2001-12-27,3.6,3.38,21.4,26.8,18.8,80.5,1.1
2001-12-28,17.2,4.87,19.3,20.8,18.6,93.8,1.7
2001-12-29,34.1,7.07,18.9,20.0,17.7,96.3,1.0
2001-12-30,57.3,11.5,19.9,22.1,18.1,95.0,0.3
2001-12-31,13.7,16.62,21.8,27.2,17.8,86.8,0.8
2002-01-01,20.3,14.67,21.9,28.5,19.2,84.8,0.4
2002-01-02,21.7,12.74,23.6,29.3,19.6,77.5,1.2
2002-01-03,7.4,11.65,25.2,31.5,19.6,70.3,0.9
2002-01-04,0.3,10.07,25.2,31.5,21.0,61.8,1.5
2002-01-05,32.1,8.51,24.9,30.1,20.8,65.3,1.5
2002-01-06,0.1,7.45,24.8,29.6,21.2,59.5,2.0
2002-01-07,0.0,5.93,23.6,28.2,20.5,67.3,2.3
2002-01-08,0.7,4.78,23.8,28.7,20.0,63.0,2.1
2002-01-09,0.0,3.73,24.4,28.5,21.2,54.5,2.3
2002-01-10,0.0,2.86,22.2,25.2,19.3,58.5,2.6
2002-01-11,0.0,2.14,22.1,25.3,19.0,68.3,2.0
2002-01-12,0.0,1.65,21.7,24.5,19.6,70.5,2.1
2002-01-13,0.0,1.36,21.6,24.0,20.0,83.0,1.2
2002-01-14,19.8,1.94,20.8,24.1,19.4,93.0,0.7
2002-01-15,38.2,4.66,22.4,27.7,19.7,87.0,2.0
2002-01-16,20.7,6.35,24.0,30.7,18.5,67.5,1.2
2002-01-17,8.7,6.52,22.0,25.5,18.9,74.5,2.0
2002-01-18,12.0,10.04,20.9,23.9,18.9,87.0,1.3
2002-01-19,38.6,19.32,21.3,23.9,18.6,81.5,0.7
2002-01-20,3.2,18.23,23.7,28.6,20.2,59.0,1.9
2002-01-21,0.0,15.07,25.4,32.1,19.0,62.3,1.5
2002-01-22,0.0,12.34,26.0,31.7,20.5,55.3,2.2
2002-01-23,0.0,10.07,25.8,29.8,21.4,60.5,1.3
2002-01-24,0.0,8.18,25.5,30.2,22.3,67.5,1.5
2002-01-25,53.5,7.34,24.1,30.1,19.2,72.3,1.2
2002-01-26,73.3,8.08,22.9,29.5,18.5,78.0,1.3
2002-01-27,18.3,7.95,24.6,30.1,20.7,66.8,1.2
2002-01-28,0.1,8.89,24.5,30.1,20.2,78.3,0.7
2002-01-29,2.6,10.46,24.8,30.3,21.1,71.3,2.1
2002-01-30,12.7,10.53,23.8,30.1,20.7,83.5,1.0
2002-01-31,14.1,10.89,26.0,32.1,20.0,61.3,1.5
2002-02-01,0.1,10.32,23.3,30.0,19.9,73.8,0.8
2002-02-02,4.7,10.48,23.3,27.3,20.0,79.0,1.2
2002-02-03,26.8,12.52,21.7,26.1,19.7,75.8,1.7
2002-02-04,2.2,11.82,22.7,29.3,17.3,65.3,2.0
2002-02-05,0.0,9.86,23.3,27.5,19.4,66.5,1.3
2002-02-06,0.0,8.23,22.5,29.5,19.7,75.0,1.1
2002-02-07,0.0,8.12,22.4,27.3,19.2,73.0,1.7
2002-02-08,56.7,10.8,21.0,23.1,18.8,86.5,0.4
2002-02-09,50.2,14.63,20.4,24.3,18.4,96.3,0.8
2002-02-10,23.8,14.52,21.4,24.3,19.3,89.5,0.5
2002-02-11,5.5,13.06,23.3,27.8,19.9,70.8,2.3
2002-02-12,0.0,10.83,23.4,28.4,20.1,63.5,1.7
2002-02-13,0.0,8.91,24.0,29.5,19.2,59.0,1.4
2002-02-14,0.0,7.24,24.8,30.5,18.9,58.3,1.0
2002-02-15,0.1,5.93,22.4,29.5,19.8,81.8,0.9
2002-02-16,12.9,5.93,23.8,30.1,19.6,71.5,0.7
2002-02-17,12.3,7.53,21.7,27.1,19.4,84.3,0.8
2002-02-18,17.9,10.43,20.5,22.1,19.2,88.5,1.1
2002-02-19,20.2,11.94,21.2,24.5,19.2,83.8,0.9
2002-02-20,4.8,11.65,21.3,26.7,19.1,84.3,1.2
2002-02-21,22.8,11.33,22.4,26.0,19.1,83.3,1.0
2002-02-22,1.2,10.51,22.7,26.7,20.0,86.3,1.3
2002-02-23,26.5,10.56,21.9,28.1,19.6,86.8,1.3
2002-02-24,29.6,12.09,22.7,28.9,19.6,82.3,0.5
2002-02-25,1.7,12.61,22.6,26.8,20.2,64.8,2.5
2002-02-26,0.0,11.82,21.9,25.1,19.2,72.5,2.9
2002-02-27,0.0,10.38,22.7,26.1,20.2,72.3,1.9
2002-02-28,0.4,9.62,23.2,27.1,20.4,70.3,2.0
2002-03-01,0.0,8.75,23.5,29.1,19.9,62.3,1.4
2002-03-02,0.0,7.09,24.5,30.2,19.1,60.5,1.9
2002-03-03,0.0,5.71,24.5,28.7,21.0,54.3,3.2
2002-03-04,0.0,4.56,22.5,28.4,19.8,64.8,2.6
2002-03-05,0.0,4.19,23.3,28.9,18.2,63.5,2.3
2002-03-06,0.0,3.35,24.6,30.2,19.6,60.3,1.0
2002-03-07,0.0,2.62,24.8,30.2,20.0,59.3,1.8
2002-03-08,0.0,1.97,25.0,30.0,21.2,62.8,1.2
2002-03-09,0.0,1.56,24.6,29.5,20.8,60.0,1.1
2002-03-10,19.2,1.31,23.2,28.3,19.0,63.3,1.7
2002-03-11,0.2,1.22,23.6,28.1,20.0,64.0,2.5
2002-03-12,0.0,1.22,24.4,29.6,20.3,62.3,2.0
2002-03-13,0.0,1.22,25.1,29.5,21.0,60.0,1.4
2002-03-14,0.0,1.25,23.6,30.9,20.4,72.3,1.2
2002-03-15,15.9,1.9,24.8,30.8,19.6,62.8,1.1
2002-03-16,16.5,4.15,23.2,28.6,19.0,77.8,1.3
2002-03-17,0.7,4.31,23.4,29.1,20.5,75.3,1.0
2002-03-18,0.0,4.66,23.6,28.7,20.3,71.8,1.2
2002-03-19,0.0,3.81,25.0,30.1,20.1,65.8,1.7
2002-03-20,0.0,3.09,24.6,29.0,21.2,76.5,1.7
2002-03-21,10.4,3.72,23.9,29.6,20.7,69.0,1.5
2002-03-22,0.1,6.69,22.1,26.3,19.6,70.8,1.6
2002-03-23,0.0,5.5,22.3,25.7,19.6,72.0,1.7
2002-03-24,0.0,4.56,23.4,27.8,20.4,74.8,1.3
2002-03-25,28.7,4.9,21.4,25.1,18.4,85.8,0.7
2002-03-26,4.8,5.62,23.5,29.6,20.0,74.0,1.2
2002-03-27,0.0,5.53,24.4,28.6,21.1,61.8,1.7
2002-03-28,0.0,4.53,24.8,29.4,20.4,61.0,1.3
2002-03-29,0.0,3.47,23.3,28.4,20.4,60.3,2.1
2002-03-30,0.0,2.62,22.9,28.3,19.6,66.5,0.9
2002-03-31,0.0,2.03,23.2,28.5,18.9,61.0,1.3
2002-04-01,0.0,1.62,23.9,29.3,18.7,55.0,1.1
2002-04-02,0.0,1.4,24.7,31.1,19.8,58.8,1.6
2002-04-03,0.0,1.31,24.5,29.6,19.8,54.8,1.5
2002-04-04,0.0,1.31,23.8,28.8,19.6,60.5,1.7
2002-04-05,0.0,1.31,23.3,28.1,19.6,62.5,1.8
2002-04-06,0.0,1.34,22.8,28.7,19.0,65.0,1.4
2002-04-07,0.0,1.47,23.0,28.9,20.0,70.8,1.2
2002-04-08,17.6,1.88,21.9,29.2,17.8,71.8,0.7
2002-04-09,27.1,2.03,22.6,27.5,18.4,77.0,0.9
2002-04-10,0.0,2.22,22.0,25.9,19.1,70.5,1.8
2002-04-11,0.0,1.88,23.6,29.1,19.4,66.0,1.6
2002-04-12,0.0,1.59,24.8,29.9,19.8,62.0,1.0
2002-04-13,0.0,1.44,23.5,29.4,18.7,64.0,1.3
2002-04-14,0.0,1.34,22.7,27.5,18.7,64.3,0.6
2002-04-15,0.0,1.31,23.1,28.0,20.5,65.3,1.6
2002-04-16,0.0,1.31,23.4,28.1,18.6,61.8,2.2
2002-04-17,0.0,1.28,23.9,29.2,20.2,62.3,1.6
2002-04-18,0.0,1.28,25.0,30.6,20.0,50.5,1.5
2002-04-19,0.0,1.28,23.8,28.7,20.1,60.8,2.0
2002-04-20,0.0,1.28,23.5,28.4,20.6,64.5,0.8
2002-04-21,0.0,1.25,24.0,29.2,19.0,58.8,1.9
2002-04-22,0.0,1.25,23.2,27.2,20.1,58.0,1.5
2002-04-23,0.0,1.25,22.2,25.5,19.2,66.0,2.0
2002-04-24,0.0,1.25,22.6,27.4,20.2,63.8,1.6
2002-04-25,0.0,1.25,23.5,28.9,18.2,51.5,1.9
2002-04-26,0.0,1.22,24.2,30.3,19.2,59.5,1.9
2002-04-27,0.0,1.22,25.2,31.1,19.2,49.0,1.1
2002-04-28,0.0,1.22,23.5,28.5,19.6,57.8,2.4
2002-04-29,0.0,1.22,23.0,27.5,19.4,59.0,1.8
2002-04-30,0.0,1.22,23.7,29.5,18.4,58.5,0.8
2002-05-01,0.0,1.19,25.3,30.5,19.7,55.0,0.6
2002-05-02,0.0,1.19,23.7,28.8,20.8,64.8,1.7
2002-05-03,0.0,1.19,24.3,29.6,19.5,60.0,1.7
2002-05-04,0.0,1.31,24.4,30.1,20.2,61.5,1.2
2002-05-05,0.0,1.72,23.1,26.7,20.0,68.8,1.7
2002-05-06,0.0,1.47,21.4,26.9,19.2,77.8,2.3
2002-05-07,24.2,1.25,22.6,28.1,18.4,65.8,1.9
2002-05-08,1.0,1.22,22.7,28.3,19.2,64.8,1.1
2002-05-09,0.0,1.19,23.5,29.1,18.3,56.5,0.4
2002-05-10,0.0,1.19,22.5,26.7,20.2,65.5,1.5
2002-05-11,0.0,1.19,21.5,25.9,18.6,71.3,2.2
2002-05-12,0.0,1.19,21.4,25.8,18.7,66.8,2.4
2002-05-13,0.0,1.16,22.1,26.6,19.0,66.0,1.8
2002-05-14,0.0,1.16,21.7,25.7,18.9,63.0,2.9
2002-05-15,0.0,1.16,21.8,26.6,18.0,60.0,1.8
2002-05-16,0.0,1.16,22.6,28.0,17.3,53.8,1.6
2002-05-17,0.0,1.12,24.0,29.1,18.3,55.3,1.5
2002-05-18,0.0,1.12,22.7,27.4,20.0,67.8,1.0
2002-05-19,0.0,1.16,22.5,29.0,19.0,65.8,1.1
2002-05-20,0.0,1.16,23.6,29.7,18.6,64.0,0.9
2002-05-21,0.0,1.25,22.4,26.9,19.4,70.0,1.9
2002-05-22,1.6,1.59,20.2,25.8,18.4,76.0,1.5
2002-05-23,1.5,1.84,18.2,21.8,15.9,64.3,2.2
2002-05-24,0.0,1.34,17.2,22.5,13.6,55.8,1.6
2002-05-25,0.0,1.22,17.5,23.4,12.5,56.5,2.0
2002-05-26,0.0,1.19,17.6,23.7,13.9,56.8,1.7
2002-05-27,0.0,1.16,17.6,23.8,12.8,54.8,1.3
2002-05-28,0.0,1.16,18.6,23.7,13.8,62.8,1.1
2002-05-29,0.0,1.12,19.3,23.3,16.8,64.3,1.1
2002-05-30,0.0,1.12,20.6,25.6,16.1,57.0,1.0
2002-05-31,0.0,1.12,21.6,26.3,17.5,50.0,0.8
2002-06-01,0.0,1.09,21.0,26.5,16.2,58.3,1.2
2002-06-02,0.0,1.09,19.3,22.3,17.0,74.3,1.2
2002-06-03,0.0,1.09,20.2,25.9,15.8,64.3,1.2
2002-06-04,0.0,1.09,20.6,26.5,15.8,61.0,1.4
2002-06-05,0.0,1.06,20.5,26.7,17.1,64.8,0.7
2002-06-06,0.0,1.06,21.4,27.1,16.9,60.0,1.9
2002-06-07,0.0,1.06,21.1,26.5,17.7,70.0,1.4
2002-06-08,0.0,1.06,21.3,26.5,16.9,67.8,1.4
2002-06-09,0.0,1.06,20.9,25.8,17.6,69.0,1.0
2002-06-10,0.0,1.03,21.9,27.6,17.0,64.5,1.2
2002-06-11,0.0,1.03,20.6,25.2,16.6,66.5,2.1
2002-06-12,0.0,1.03,21.5,27.6,15.6,57.5,1.4
2002-06-13,0.0,1.03,21.2,27.9,16.6,63.0,1.4
2002-06-14,0.0,1.03,21.8,28.0,16.6,64.0,1.4
2002-06-15,0.0,1.0,20.7,24.9,17.4,62.8,1.5
2002-06-16,0.0,1.0,19.9,24.3,17.3,69.0,1.4
2002-06-17,0.0,1.0,20.3,25.3,16.6,63.8,2.2
2002-06-18,0.0,1.0,20.7,26.8,17.5,71.0,1.5
2002-06-19,0.0,0.99,21.5,27.4,16.9,57.3,1.0
2002-06-20,0.0,0.99,19.6,24.1,16.8,58.8,1.4
2002-06-21,0.0,0.99,19.7,24.9,14.7,59.5,0.3
2002-06-22,0.0,0.97,20.2,24.7,16.3,58.5,1.4
2002-06-23,0.0,0.97,18.3,21.8,16.6,72.0,1.5
2002-06-24,0.0,0.97,19.7,26.1,15.4,67.5,1.2
2002-06-25,0.0,0.95,20.3,25.2,15.4,62.0,1.7
2002-06-26,0.0,0.95,19.9,24.4,16.7,66.8,2.4
2002-06-27,0.0,0.95,20.0,24.4,16.7,63.5,2.1
2002-06-28,0.0,0.94,20.2,24.3,15.6,61.8,1.2
2002-06-29,0.0,0.94,20.0,24.5,15.8,68.3,1.4
2002-06-30,0.0,0.94,20.3,27.2,16.9,67.3,1.0
2002-07-01,0.0,0.92,20.4,25.1,17.5,61.5,1.4
2002-07-02,0.0,0.92,20.0,24.4,16.3,60.0,1.9
2002-07-03,0.0,0.92,19.5,23.3,16.6,71.0,1.5
2002-07-04,0.0,0.91,19.8,24.9,15.4,64.8,1.9
2002-07-05,0.0,0.91,19.8,25.4,15.8,64.5,1.5
2002-07-06,0.0,0.91,18.6,24.2,14.6,69.8,1.0
2002-07-07,0.0,0.89,20.7,27.1,14.4,55.8,1.5
2002-07-08,0.0,0.89,20.0,25.5,16.9,54.0,1.2
2002-07-09,0.0,0.89,20.4,26.1,15.8,64.0,1.5
2002-07-10,0.7,0.89,19.2,22.7,17.2,77.0,1.4
2002-07-11,0.0,0.87,20.6,26.2,15.6,58.3,3.8
2002-07-12,0.0,0.87,20.1,24.5,17.0,77.0,1.2
2002-07-13,2.1,0.92,19.9,25.3,16.6,71.5,1.9
2002-07-14,0.0,0.92,19.8,25.6,16.4,69.0,0.9
2002-07-15,0.0,0.91,20.5,26.1,16.8,66.8,1.5
2002-07-16,0.0,0.89,20.4,25.8,16.8,69.3,1.0
2002-07-17,0.0,0.89,21.4,26.7,16.2,61.5,1.2
2002-07-18,0.0,0.87,17.0,17.6,15.6,64.5,2.6
2002-07-19,0.0,0.87,16.8,21.0,13.4,69.3,2.2
2002-07-20,0.0,0.86,17.6,21.5,14.7,68.8,2.4
2002-07-21,0.0,0.86,17.4,20.4,15.0,69.8,1.7
2002-07-22,0.0,0.85,19.3,25.0,15.2,68.0,2.1
2002-07-23,0.0,0.85,18.4,18.9,16.8,77.0,0.3
2002-07-24,0.5,0.85,19.2,25.9,12.4,65.5,0.9
2002-07-25,0.0,0.83,19.6,25.4,14.6,65.0,1.7
2002-07-26,0.0,0.83,19.5,24.9,15.9,63.5,2.1
2002-07-27,0.0,0.83,20.9,26.6,15.0,66.3,1.5
2002-07-28,3.0,0.81,21.8,28.1,16.4,58.5,1.0
2002-07-29,0.0,0.81,19.7,24.7,16.2,71.0,2.4
2002-07-30,0.0,0.81,18.6,22.9,16.5,66.5,2.2
2002-07-31,0.0,0.8,20.3,28.8,13.8,69.5,1.0
2002-08-01,0.0,0.8,22.3,28.5,15.6,58.0,1.2
2002-08-02,0.0,0.8,23.4,29.1,19.2,59.0,1.4
2002-08-03,0.0,0.8,23.1,29.1,19.3,65.0,1.7
2002-08-04,0.5,0.8,24.2,31.1,18.7,60.5,0.9
2002-08-05,0.0,0.78,25.5,31.8,19.8,50.3,1.4
2002-08-06,0.0,0.78,24.7,32.1,19.0,47.5,1.4
2002-08-07,0.0,0.78,24.8,30.8,20.5,47.0,2.2
2002-08-08,0.0,0.77,23.2,28.8,20.3,50.3,2.2
2002-08-09,0.0,0.77,21.7,27.7,17.6,54.0,1.4
2002-08-10,0.0,0.75,21.7,28.0,17.3,60.8,1.7
2002-08-11,0.0,0.75,20.7,25.6,17.8,58.3,1.4
2002-08-12,0.0,0.75,21.7,27.7,16.5,51.3,2.2
2002-08-13,0.0,0.73,22.4,28.3,17.3,47.3,2.1
2002-08-14,0.0,0.73,22.9,28.8,16.8,46.5,1.0
2002-08-15,0.0,0.73,22.7,27.9,17.9,45.5,1.9
2002-08-16,0.0,0.72,20.4,25.7,17.0,53.8,2.6
2002-08-17,0.0,0.72,20.0,24.3,17.4,65.3,2.2
2002-08-18,0.0,0.72,19.6,24.3,16.8,58.8,2.4
2002-08-19,0.0,0.72,20.1,24.8,16.8,65.8,2.2
2002-08-20,0.9,0.7,19.1,23.1,16.0,57.0,2.7
2002-08-21,0.0,0.7,19.9,26.0,15.4,67.3,2.6
2002-08-22,0.0,0.7,20.7,26.4,16.4,55.3,2.4
2002-08-23,0.0,0.69,20.5,25.8,17.1,54.5,1.9
2002-08-24,0.0,0.69,20.2,25.3,16.2,53.3,2.6
2002-08-25,0.0,0.69,20.1,24.9,16.2,61.3,1.9
2002-08-26,0.0,0.69,20.3,25.2,16.8,59.5,2.2
2002-08-27,0.0,0.67,19.9,25.0,16.2,52.0,2.2
2002-08-28,0.0,0.69,19.5,23.8,15.8,63.3,2.7
2002-08-29,0.0,0.67,21.2,27.4,16.2,57.5,2.2
2002-08-30,0.0,0.67,21.9,27.1,17.2,60.0,0.9
2002-08-31,0.0,0.67,21.9,28.8,18.8,68.5,1.0
2002-09-01,9.5,0.95,21.1,24.6,17.8,71.8,1.7
2002-09-02,2.8,1.14,15.1,22.4,10.6,54.0,1.0
2002-09-03,2.5,0.94,18.2,27.7,10.2,62.3,1.5
2002-09-04,0.0,0.78,20.3,28.0,14.2,59.5,1.4
2002-09-05,0.0,0.72,20.3,25.3,16.2,70.3,1.7
2002-09-06,0.0,0.7,22.9,29.5,18.2,62.5,0.7
2002-09-07,0.0,0.78,21.1,24.2,18.0,74.0,0.2
2002-09-08,7.4,0.75,19.6,23.8,17.0,65.3,1.2
2002-09-09,0.1,0.71,21.8,25.3,19.0,58.5,1.9
2002-09-10,0.0,0.69,20.9,25.3,17.0,59.5,2.2
2002-09-11,0.0,0.71,19.9,24.1,17.2,62.0,2.4
2002-09-12,0.0,0.69,20.9,27.4,15.1,48.3,1.7
2002-09-13,0.0,0.68,23.5,31.1,16.4,42.8,1.0
2002-09-14,0.0,0.66,24.1,30.3,20.4,47.0,1.4
2002-09-15,0.0,0.65,25.0,32.8,20.1,47.8,0.9
2002-09-16,0.0,0.64,22.1,29.7,18.8,58.8,2.6
2002-09-17,0.0,0.63,21.4,26.2,18.6,61.5,1.9
2002-09-18,0.0,0.63,23.3,26.3,17.8,51.8,2.4
2002-09-19,0.0,0.62,21.0,26.9,17.2,60.5,1.7
2002-09-20,0.0,0.62,23.0,29.5,17.4,52.8,3.9
2002-09-21,0.0,0.64,23.1,29.0,20.4,61.0,1.2
2002-09-22,7.0,1.7,19.9,24.1,17.8,86.3,0.9
2002-09-23,17.6,2.69,19.0,22.6,17.6,78.3,0.9
2002-09-24,25.4,4.35,18.7,21.8,16.6,84.8,0.5
2002-09-25,10.3,5.62,15.9,19.1,14.1,81.8,1.2
2002-09-26,4.8,4.45,18.5,23.6,13.4,64.0,1.5
2002-09-27,0.0,3.18,20.8,26.4,15.2,46.5,1.9
2002-09-28,0.0,2.17,21.9,29.2,16.6,51.8,2.4
2002-09-29,0.0,1.43,22.5,28.8,17.2,56.0,1.9
2002-09-30,0.0,0.97,23.8,30.9,18.4,56.5,1.4
2002-10-01,0.0,0.75,24.0,33.6,18.7,56.3,
2002-10-02,0.0,0.78,23.3,29.6,18.2,58.5,2.1
2002-10-03,0.0,0.75,24.4,32.2,19.2,54.0,
2002-10-04,0.0,0.71,24.6,30.3,19.6,53.3,1.0
2002-10-05,0.0,0.69,23.9,28.6,20.6,54.0,1.9
2002-10-06,0.0,0.68,23.6,31.5,20.1,51.0,2.2
2002-10-07,0.0,0.66,23.9,30.4,19.4,55.8,1.7
2002-10-08,0.0,0.66,25.8,32.6,20.2,46.8,1.5
2002-10-09,0.0,0.65,25.6,31.6,21.0,36.3,2.7
2002-10-10,0.0,0.64,24.6,30.6,20.8,44.8,1.9
2002-10-11,0.0,0.63,24.7,31.3,20.0,46.5,2.2
2002-10-12,0.0,0.63,25.1,31.4,20.7,52.0,1.9
2002-10-13,0.0,0.63,25.2,31.7,19.8,40.5,1.5
2002-10-14,0.0,0.62,24.2,30.9,20.1,38.0,2.1
2002-10-15,0.0,0.61,24.7,30.7,20.0,38.8,2.6
2002-10-16,0.0,0.61,25.2,32.3,20.1,39.3,1.5
2002-10-17,0.0,0.6,26.8,34.0,20.0,38.3,1.5
2002-10-18,0.0,0.59,24.6,30.6,20.2,50.5,2.4
2002-10-19,0.0,0.59,22.5,28.4,19.4,55.8,2.9
2002-10-20,0.0,0.58,23.5,30.0,18.4,57.5,1.7
2002-10-21,0.0,0.58,26.6,34.0,19.1,47.3,1.9
2002-10-22,0.0,0.63,24.7,33.9,22.6,72.0,2.6
2002-10-23,9.7,0.79,21.9,27.9,19.0,73.3,2.2
2002-10-24,0.0,0.72,21.6,27.4,18.3,62.5,2.4
2002-10-25,0.0,0.66,23.6,31.3,18.0,56.0,1.7
2002-10-26,0.0,0.69,24.5,30.7,19.9,60.3,0.9
2002-10-27,1.1,0.66,26.5,34.3,19.1,53.5,1.7
2002-10-28,0.0,0.63,26.7,33.2,21.6,55.5,1.9
2002-10-29,0.0,0.74,24.7,29.3,20.3,64.5,1.5
2002-10-30,0.0,1.15,21.9,25.1,20.8,86.5,0.0
2002-10-31,22.1,1.67,22.7,28.4,19.5,80.8,0.9
2002-11-01,16.2,2.57,21.6,26.4,19.1,87.3,1.4
2002-11-02,3.5,3.09,22.9,29.7,19.3,74.0,1.0
2002-11-03,2.5,2.37,24.6,31.9,20.0,65.3,1.4
2002-11-04,0.1,1.65,24.0,28.8,20.1,65.5,1.0
2002-11-05,1.3,1.42,22.5,27.7,20.9,88.5,0.3
2002-11-06,66.8,2.78,18.2,21.9,17.7,85.0,2.6
2002-11-07,16.6,4.04,17.7,24.3,15.3,79.0,1.4
2002-11-08,6.5,2.98,19.3,25.2,14.2,62.5,1.2
2002-11-09,0.0,2.01,21.4,28.1,15.9,61.8,1.5
2002-11-10,0.0,1.31,24.2,30.9,16.8,66.5,1.7
2002-11-11,0.0,0.92,21.9,23.0,21.1,81.3,1.4
2002-11-12,26.2,1.06,23.4,29.7,17.8,61.5,1.2
2002-11-13,2.1,1.33,23.0,26.7,20.5,55.5,2.1
2002-11-14,0.0,0.98,23.0,27.1,19.0,59.5,2.1
2002-11-15,0.0,0.78,24.1,30.2,19.5,60.8,1.5
2002-11-16,6.5,0.86,25.6,32.2,18.7,56.0,2.1
2002-11-17,2.6,1.26,22.8,30.5,19.5,75.3,1.5
2002-11-18,27.2,1.94,23.0,29.5,18.4,80.5,1.2
2002-11-19,1.0,2.48,24.0,30.1,18.5,65.8,1.5
2002-11-20,0.0,3.5,25.9,32.3,20.2,59.5,1.7
2002-11-21,0.0,4.41,24.5,28.9,21.7,75.3,1.0
2002-11-22,0.0,4.01,23.8,27.6,22.0,74.3,1.9
2002-11-23,0.0,3.22,24.0,28.1,21.3,68.0,1.5
2002-11-24,3.5,2.81,23.1,30.8,19.5,74.3,0.3
2002-11-25,2.1,2.71,23.6,30.1,19.4,75.5,1.4
2002-11-26,0.7,2.22,26.0,31.5,21.5,55.5,1.4
2002-11-27,0.0,1.72,21.4,25.7,20.5,73.8,1.0
2002-11-28,0.0,1.47,24.8,31.0,18.1,52.0,1.7
2002-11-29,0.0,1.14,25.6,31.1,20.8,54.3,1.9
2002-11-30,0.0,0.91,26.9,33.3,21.2,47.0,1.5
2002-12-01,0.0,0.8,27.5,34.0,21.9,43.5,0.9
2002-12-02,0.0,0.77,28.0,34.8,19.9,45.0,1.2
2002-12-03,0.0,0.8,26.9,32.3,22.8,58.3,1.9
2002-12-04,0.0,0.78,26.0,31.1,21.9,61.3,1.5
2002-12-05,0.0,0.81,26.1,31.8,22.0,62.0,0.7
2002-12-06,0.8,0.95,25.2,31.4,22.9,77.0,1.5
2002-12-07,20.2,1.84,23.4,31.8,20.6,78.3,1.7
2002-12-08,29.3,4.01,23.9,30.1,19.7,75.0,1.7
2002-12-09,22.1,5.67,23.9,29.4,20.7,79.8,1.5
2002-12-10,1.7,8.62,23.2,28.6,20.9,75.3,1.9
2002-12-11,0.7,14.81,22.2,25.9,20.3,90.5,1.0
2002-12-12,57.2,17.32,20.4,21.9,19.3,95.8,2.1
2002-12-13,70.4,19.51,20.2,22.7,18.6,91.3,1.7
2002-12-14,29.8,20.88,19.9,22.1,18.4,94.0,1.4
2002-12-15,26.2,21.18,19.9,22.3,18.1,91.0,0.5
2002-12-16,11.2,19.09,19.5,21.7,18.9,92.0,1.0
2002-12-17,39.5,19.04,21.3,26.4,17.7,86.8,1.2
2002-12-18,1.3,17.58,24.9,31.0,19.1,60.5,1.9
2002-12-19,0.0,17.79,24.1,30.1,20.5,67.5,1.5
2002-12-20,0.0,14.92,26.1,31.5,19.9,58.3,1.0
2002-12-21,2.5,12.55,24.4,29.8,21.6,81.8,1.3
2002-12-22,34.8,12.06,24.3,29.1,19.1,72.3,0.5
2002-12-23,0.8,12.84,24.3,29.0,21.3,80.0,1.5
2002-12-24,36.8,11.56,24.3,29.9,20.0,79.8,0.3
2002-12-25,3.2,10.94,24.1,31.8,21.1,79.0,0.0
2002-12-26,47.6,10.99,23.2,27.2,21.0,81.3,1.4
2002-12-27,19.6,9.76,22.8,28.1,18.7,68.0,1.4
2002-12-28,0.2,7.97,23.1,27.4,18.3,68.0,1.2
2002-12-29,0.0,7.05,23.4,29.8,18.5,64.8,1.5
2002-12-30,1.2,6.78,22.2,25.8,19.6,87.0,1.2
2002-12-31,3.6,7.15,22.7,29.3,19.8,83.5,0.7
2003-01-01,4.1,7.32,22.9,27.6,19.9,85.8,1.0
2003-01-02,5.6,7.43,22.4,26.9,20.2,89.5,0.6
2003-01-03,13.8,8.91,22.4,26.1,19.4,87.5,1.0
2003-01-04,48.0,10.43,21.6,25.7,19.6,90.8,1.6
2003-01-05,43.2,12.9,22.0,23.3,20.1,92.0,1.8
2003-01-06,26.3,16.58,22.3,26.2,20.9,95.8,0.8
2003-01-07,47.6,21.39,20.5,23.0,18.5,88.3,0.7
2003-01-08,69.2,24.88,21.5,26.3,17.3,82.0,0.9
2003-01-09,5.3,25.67,23.9,30.3,19.3,84.8,0.8
2003-01-10,0.6,22.77,24.7,33.6,20.4,73.0,1.3
2003-01-11,9.1,20.04,22.9,31.0,19.7,80.5,0.7
2003-01-12,5.2,18.19,23.9,29.7,19.9,72.8,1.1
2003-01-13,29.3,17.54,23.6,30.0,19.5,76.0,0.7
2003-01-14,13.8,19.42,23.3,28.7,19.9,78.8,0.9
2003-01-15,21.1,20.33,23.1,27.3,20.2,88.0,1.1
2003-01-16,158.2,22.39,20.8,23.1,19.5,95.3,0.4
2003-01-17,38.2,21.65,19.9,21.6,18.8,94.5,0.7
2003-01-18,47.1,20.38,22.8,29.6,18.8,81.0,0.5
2003-01-19,30.7,18.36,23.0,27.8,18.9,80.0,0.9
2003-01-20,4.6,19.56,22.5,27.7,19.4,82.0,0.6
2003-01-21,70.1,18.77,22.5,28.7,19.1,84.0,0.6
2003-01-22,18.7,19.37,22.9,28.1,18.7,77.0,0.4
2003-01-23,0.1,20.43,25.5,31.2,20.7,56.3,1.9
2003-01-24,0.0,17.24,26.0,32.1,19.7,50.3,1.9
2003-01-25,0.0,14.31,25.8,31.6,21.7,55.8,1.2
2003-01-26,0.0,11.79,24.7,30.4,21.5,64.3,1.5
2003-01-27,0.0,9.94,25.0,30.0,21.3,57.8,1.4
2003-01-28,0.0,8.23,24.1,27.6,21.3,75.8,1.3
2003-01-29,1.2,7.22,22.2,26.4,19.7,90.3,1.6
2003-01-30,26.9,7.3,21.9,26.5,18.8,80.0,1.0
2003-01-31,3.0,7.09,24.0,29.4,18.8,59.8,1.6
2003-02-01,0.0,5.7,24.5,29.3,20.7,61.0,2.5
2003-02-02,0.0,4.43,24.6,29.4,21.1,57.8,2.2
2003-02-03,0.0,3.53,23.7,28.1,20.9,68.3,1.8
2003-02-04,0.0,2.62,24.5,29.5,20.3,63.3,1.8
2003-02-05,0.0,1.99,25.1,29.9,20.9,56.3,1.6
2003-02-06,0.0,1.48,24.6,29.7,20.7,57.5,2.1
2003-02-07,0.0,1.26,25.2,30.5,20.9,55.5,2.2
2003-02-08,0.0,1.19,25.6,31.0,20.7,56.8,2.2
2003-02-09,0.0,1.19,25.9,31.2,21.4,49.3,2.4
2003-02-10,0.0,1.17,25.5,30.5,20.5,55.3,1.8
2003-02-11,0.0,1.17,26.5,31.8,21.6,46.0,1.9
2003-02-12,0.0,1.16,26.0,31.1,22.1,48.8,2.0
2003-02-13,0.0,1.16,25.4,30.5,21.3,48.3,1.9
2003-02-14,0.0,1.14,26.1,31.7,20.9,49.8,1.3
2003-02-15,0.0,1.28,22.1,28.3,18.5,78.8,1.2
2003-02-16,62.8,1.88,23.1,27.2,18.5,71.5,1.3
2003-02-17,0.2,1.59,22.8,30.1,19.4,78.8,0.8
2003-02-18,45.9,2.78,23.0,29.5,19.2,77.8,0.8
2003-02-19,0.3,7.57,21.5,27.4,19.3,87.3,1.6
2003-02-20,14.6,8.57,24.5,29.5,19.3,65.0,1.6
2003-02-21,0.7,8.29,25.1,30.6,20.9,63.5,0.9
2003-02-22,0.0,6.87,24.5,29.8,20.3,58.8,2.4
2003-02-23,0.0,5.44,25.2,29.8,21.5,55.3,1.6
2003-02-24,0.0,4.24,24.9,30.1,20.9,51.5,2.2
2003-02-25,0.0,3.21,26.3,32.1,20.2,46.0,1.5
2003-02-26,0.0,2.36,25.4,32.6,21.3,66.3,0.4
2003-02-27,0.0,1.81,26.1,31.8,21.3,61.5,1.5
2003-02-28,0.0,1.47,25.6,30.7,21.6,59.3,1.4
2003-03-01,0.0,1.26,26.0,31.4,21.6,56.0,1.8
2003-03-02,0.0,1.22,26.3,31.5,21.5,53.8,1.5
2003-03-03,0.0,1.22,26.0,31.5,22.1,57.3,1.3
2003-03-04,0.0,1.2,26.6,31.7,21.3,53.8,1.7
2003-03-05,0.0,1.2,26.4,31.7,21.7,48.0,1.6
2003-03-06,0.0,1.19,25.2,30.3,21.0,51.5,2.4
2003-03-07,0.0,1.19,25.7,30.9,21.3,52.5,2.1
2003-03-08,0.0,1.23,22.6,29.3,19.5,76.3,1.6
2003-03-09,15.8,1.59,22.1,25.1,19.4,76.3,1.4
2003-03-10,0.6,2.81,23.4,28.1,21.0,71.3,2.2
2003-03-11,4.8,3.06,23.4,27.8,20.7,70.5,2.1
2003-03-12,5.1,3.81,22.7,28.1,20.1,79.3,1.3
2003-03-13,24.6,4.85,22.5,27.4,20.1,82.8,1.2
2003-03-14,8.9,5.28,23.0,27.4,20.1,78.3,1.3
2003-03-15,3.3,6.21,22.9,28.9,20.2,79.8,1.4
2003-03-16,5.8,7.18,22.8,29.0,19.4,87.3,1.6
2003-03-17,53.3,7.75,21.6,28.6,18.6,77.3,0.6
2003-03-18,8.2,10.43,20.8,24.0,18.5,82.5,0.5
2003-03-19,0.1,13.0,22.3,26.0,19.3,79.8,0.3
2003-03-20,1.5,11.76,24.1,28.5,20.1,66.0,1.0
2003-03-21,0.0,9.81,24.5,28.8,21.9,67.8,1.1
2003-03-22,15.5,8.4,22.1,25.9,20.1,83.3,0.9
2003-03-23,0.6,8.51,22.7,27.3,19.6,74.5,1.6
2003-03-24,0.0,7.53,22.6,27.9,19.3,71.8,1.2
2003-03-25,0.0,6.62,22.9,27.5,19.3,68.3,1.5
2003-03-26,0.0,5.41,22.4,27.5,19.1,69.0,0.7
2003-03-27,0.8,4.62,20.4,23.6,18.5,87.3,0.4
2003-03-28,8.5,5.22,21.7,27.3,17.5,69.3,1.2
2003-03-29,0.2,5.0,22.6,28.2,18.0,62.8,1.7
2003-03-30,0.0,4.06,23.6,29.4,18.1,55.3,1.2
2003-03-31,0.0,3.09,23.4,28.0,19.1,60.5,1.0
2003-04-01,0.0,2.4,23.3,27.8,19.3,60.3,1.2
2003-04-02,0.0,1.97,24.1,29.0,19.3,56.5,1.0
2003-04-03,0.0,1.72,23.9,28.4,21.2,64.0,1.7
2003-04-04,0.0,1.5,23.3,27.3,20.2,66.0,1.5
2003-04-05,0.5,1.4,23.3,27.9,20.3,78.0,0.4
2003-04-06,4.8,1.65,23.5,29.2,20.1,77.5,0.7
2003-04-07,3.5,2.81,23.1,27.8,20.0,69.8,1.9
2003-04-08,0.0,3.38,21.6,25.2,18.9,76.8,1.8
2003-04-09,0.0,2.66,23.4,27.3,20.4,71.8,2.0
2003-04-10,0.0,2.44,23.8,29.4,21.1,71.5,1.0
2003-04-11,7.8,2.47,24.1,29.3,19.3,64.0,1.4
2003-04-12,0.0,2.03,24.0,28.6,20.1,65.3,1.2
2003-04-13,0.0,1.65,20.4,24.4,18.5,74.8,2.1
2003-04-14,0.0,1.47,20.4,24.5,16.8,68.0,1.8
2003-04-15,0.0,1.4,21.2,25.6,17.9,69.8,1.0
2003-04-16,0.0,1.38,21.5,26.7,18.0,63.0,1.7
2003-04-17,0.0,1.38,21.9,26.7,18.1,58.0,1.6
2003-04-18,0.0,1.34,21.8,25.9,18.3,65.5,2.3
2003-04-19,0.0,1.34,22.8,28.1,19.2,65.3,1.5
2003-04-20,0.0,1.34,22.9,27.8,18.4,61.3,2.1
2003-04-21,0.0,1.34,23.7,28.6,19.6,64.3,1.5
2003-04-22,0.0,1.31,22.9,27.7,19.1,60.5,1.9
2003-04-23,0.0,1.31,22.1,28.4,17.1,61.8,2.6
2003-04-24,0.0,1.31,22.2,26.4,17.5,67.3,1.1
2003-04-25,0.0,1.31,22.2,27.3,17.8,63.8,1.3
2003-04-26,0.0,1.31,23.2,28.9,18.3,60.3,1.5
2003-04-27,0.0,1.28,24.1,30.0,18.8,47.8,1.5
2003-04-28,0.0,1.28,24.4,30.4,18.3,43.3,0.5
2003-04-29,0.0,1.28,24.2,29.8,17.9,44.5,1.0
2003-04-30,0.0,1.28,23.7,30.4,18.1,46.5,1.1
2003-05-01,0.0,1.25,24.2,30.0,18.5,47.8,1.1
2003-05-02,0.0,1.25,24.0,29.4,18.4,47.8,1.9
2003-05-03,1.8,1.28,19.1,25.1,16.6,77.3,1.7
2003-05-04,0.1,1.28,19.1,24.0,14.7,61.8,1.7
2003-05-05,0.0,1.28,18.8,23.4,16.9,79.3,1.0
2003-05-06,13.8,1.31,20.1,23.6,16.4,86.3,1.4
2003-05-07,2.3,1.31,17.7,23.1,15.5,63.0,1.6
2003-05-08,0.0,1.28,17.5,24.5,11.7,40.3,0.9
2003-05-09,0.0,1.28,18.3,24.9,12.8,44.5,1.9
2003-05-10,0.0,1.25,18.8,25.5,14.5,59.8,1.5
2003-05-11,0.0,1.25,18.7,23.7,15.1,66.8,1.5
2003-05-12,0.0,1.22,18.3,23.2,14.5,69.0,1.7
2003-05-13,0.0,1.22,20.0,24.7,15.4,64.3,1.5
2003-05-14,0.0,1.22,20.4,24.8,16.5,60.5,1.9
2003-05-15,0.0,1.22,20.3,25.1,17.3,69.5,1.2
2003-05-16,0.0,1.19,20.1,24.7,17.2,64.0,1.6
2003-05-17,0.0,1.19,20.0,24.6,16.9,62.3,0.9
2003-05-18,0.0,1.19,20.5,27.0,15.1,53.8,1.3
2003-05-19,0.0,1.19,19.9,25.7,16.0,59.8,1.2
2003-05-20,0.0,1.19,21.3,27.1,16.3,63.5,1.2
2003-05-21,0.0,1.16,21.7,27.0,17.5,55.8,1.0
2003-05-22,0.0,1.16,22.1,27.9,16.6,53.5,0.6
2003-05-23,0.0,1.16,22.6,28.0,17.1,54.5,0.8
2003-05-24,0.0,1.16,21.3,25.7,17.9,65.5,1.2
2003-05-25,0.0,1.16,19.3,24.5,16.5,45.5,0.7
2003-05-26,0.0,1.12,19.7,27.2,13.5,36.8,1.3
2003-05-27,0.0,1.12,20.2,26.4,14.3,56.5,0.7
2003-05-28,0.0,1.12,20.2,24.1,16.9,68.0,1.3
2003-05-29,0.0,1.12,20.5,24.7,16.9,62.0,1.0
2003-05-30,0.0,1.12,19.8,24.8,15.9,62.3,1.6
2003-05-31,0.0,1.12,19.4,24.7,15.9,64.0,1.1
2003-06-01,0.0,1.12,19.6,24.7,15.1,64.3,1.1
2003-06-02,0.0,1.09,19.6,25.5,15.5,65.0,1.2
2003-06-03,0.0,1.09,22.0,28.4,15.5,59.0,0.9
2003-06-04,0.0,1.09,22.8,28.8,17.8,61.5,1.0
2003-06-05,0.0,1.09,21.3,25.6,18.7,63.8,1.9
2003-06-06,0.0,1.06,21.4,26.7,17.7,61.0,1.6
2003-06-07,0.0,1.06,22.4,27.9,16.9,57.5,1.2
2003-06-08,0.0,1.06,22.3,28.0,18.9,62.8,1.1
2003-06-09,0.0,1.06,21.3,25.9,18.3,61.8,2.0
2003-06-10,0.0,1.06,20.6,24.7,18.2,64.3,0.9
2003-06-11,0.0,1.06,21.6,27.4,16.5,59.5,1.5
2003-06-12,0.0,1.03,21.8,28.0,16.7,56.5,0.5
2003-06-13,0.0,1.03,22.2,27.7,17.1,58.0,1.5
2003-06-14,0.0,1.03,22.5,28.0,17.1,57.8,1.2
2003-06-15,0.0,1.03,21.4,26.2,17.5,58.3,1.2
2003-06-16,0.0,1.03,20.9,26.4,16.3,60.0,0.8
2003-06-17,0.0,1.0,19.8,26.4,15.5,62.5,1.0
2003-06-18,0.0,1.0,20.2,26.7,15.2,52.8,0.9
2003-06-19,0.0,1.0,20.5,26.6,15.9,48.5,0.7
2003-06-20,0.0,1.0,20.7,26.8,15.5,50.3,0.4
2003-06-21,0.0,1.0,20.9,26.6,15.5,47.3,0.9
2003-06-22,0.0,0.97,21.0,27.1,16.3,45.5,0.9
2003-06-23,0.0,0.97,20.3,26.8,16.1,51.8,1.2
2003-06-24,0.0,0.97,21.0,26.7,15.7,49.5,1.0
2003-06-25,0.0,0.97,20.4,25.7,15.9,51.8,1.8
2003-06-26,0.0,0.97,19.9,26.7,15.3,49.0,1.0
2003-06-27,0.0,0.97,19.8,25.3,15.5,52.8,1.1
2003-06-28,0.0,0.95,19.4,25.9,14.5,47.8,1.4
2003-06-29,0.0,0.94,19.8,26.3,14.5,52.5,1.3
2003-06-30,0.0,0.94,18.7,24.5,15.7,53.3,1.1
2003-07-01,0.0,0.94,17.5,22.3,14.1,57.8,1.4
2003-07-02,0.0,0.92,18.7,25.1,12.7,50.3,0.7
2003-07-03,0.0,0.92,19.2,25.4,14.7,42.5,1.5
2003-07-04,0.0,0.92,19.1,25.7,14.1,44.8,0.7
2003-07-05,0.0,0.91,18.7,25.9,13.3,53.8,0.7
2003-07-06,0.0,0.91,19.4,26.6,13.7,49.0,0.6
2003-07-07,0.0,0.91,20.2,27.1,15.1,50.8,0.7
2003-07-08,0.0,0.89,20.9,27.3,15.5,45.3,0.6
2003-07-09,0.0,0.89,21.4,27.9,15.1,47.3,0.7
2003-07-10,0.0,0.89,21.4,28.4,15.9,49.3,0.7
2003-07-11,0.0,0.87,22.8,27.8,17.1,48.0,1.0
2003-07-12,0.0,0.87,18.6,23.6,16.7,72.0,1.2
2003-07-13,0.0,0.87,17.4,22.5,14.8,72.3,1.1
2003-07-14,0.5,0.86,17.5,21.3,14.9,66.8,1.0
2003-07-15,0.2,0.86,16.3,20.0,13.9,63.5,2.3
2003-07-16,0.0,0.86,18.1,23.5,13.9,56.8,2.0
2003-07-17,0.0,0.85,17.9,22.9,14.7,59.0,1.7
2003-07-18,0.0,0.85,18.5,23.7,14.7,57.3,1.3
2003-07-19,0.0,0.85,18.9,25.6,14.3,58.8,1.5
2003-07-20,0.0,0.83,20.6,27.2,14.2,48.3,1.1
2003-07-21,0.0,0.83,19.7,26.7,14.2,54.3,0.5
2003-07-22,0.0,0.83,19.9,24.9,15.4,54.0,0.9
2003-07-23,0.0,0.81,19.3,23.9,15.9,55.8,1.8
2003-07-24,0.0,0.81,18.9,22.6,16.1,65.3,1.6
2003-07-25,0.0,0.81,20.1,24.9,16.5,56.8,0.8
2003-07-26,0.0,0.8,20.7,26.0,16.3,48.0,1.4
2003-07-27,0.0,0.8,18.7,23.8,15.9,62.0,1.2
2003-07-28,0.0,0.8,18.9,23.6,14.7,56.8,1.3
2003-07-29,0.0,0.78,18.8,23.6,15.1,59.8,1.3
2003-07-30,0.0,0.78,19.9,25.1,14.5,50.5,0.9
2003-07-31,0.0,0.78,20.5,25.8,16.3,55.8,0.9
2003-08-01,0.0,0.77,20.5,26.0,17.6,59.3,1.1
2003-08-02,0.0,0.77,19.8,25.6,16.5,58.8,0.9
2003-08-03,0.0,0.77,19.7,25.7,15.4,53.3,1.0
2003-08-04,0.0,0.77,19.0,24.6,15.5,55.3,1.7
2003-08-05,0.0,0.75,19.8,25.1,14.6,55.3,1.0
2003-08-06,0.0,0.75,22.0,27.7,17.1,56.0,1.0
2003-08-07,0.0,0.75,23.0,29.8,16.5,48.8,0.5
2003-08-08,0.0,0.73,23.3,29.1,18.7,49.3,1.5
2003-08-09,0.0,0.73,22.9,29.4,18.0,52.0,0.7
2003-08-10,0.0,0.73,21.5,26.9,19.1,60.5,0.8
2003-08-11,0.0,0.72,18.5,23.9,15.9,71.0,1.5
2003-08-12,0.0,0.72,19.0,25.2,15.1,65.3,1.6
2003-08-13,0.0,0.72,19.9,25.5,15.7,61.3,1.1
2003-08-14,0.0,0.7,21.0,28.2,16.1,54.8,1.5
2003-08-15,0.0,0.72,21.3,27.6,16.5,54.5,0.7
2003-08-16,0.2,0.75,20.6,26.7,16.1,57.0,1.0
2003-08-17,0.0,0.73,20.1,27.0,15.1,32.3,1.3
2003-08-18,0.0,0.72,18.5,25.5,13.1,52.8,1.4
2003-08-19,0.0,0.7,19.6,25.2,14.9,50.3,1.3
2003-08-20,0.0,0.7,19.3,26.8,13.9,49.5,2.0
2003-08-21,0.0,0.69,19.5,25.7,14.8,49.3,1.9
2003-08-22,0.0,0.69,21.6,28.6,14.5,40.3,1.1
2003-08-23,0.0,0.69,20.2,26.2,16.3,53.3,1.6
2003-08-24,0.0,0.67,22.1,28.3,16.9,48.3,1.0
2003-08-25,0.0,0.67,23.3,29.4,17.3,49.3,0.6
2003-08-26,3.2,0.77,18.5,24.9,16.4,79.3,1.2
2003-08-27,0.1,0.81,18.5,22.7,15.5,73.0,1.3
2003-08-28,0.0,0.89,20.3,25.2,17.1,73.8,1.4
2003-08-29,1.2,1.17,18.6,23.7,16.5,75.3,1.1
2003-08-30,0.0,1.08,17.7,21.4,15.4,76.8,1.5
2003-08-31,0.0,0.85,21.1,27.8,16.2,69.5,1.1
2003-09-01,0.0,0.77,23.1,29.7,16.9,53.5,1.2
2003-09-02,0.0,0.75,22.8,29.8,18.9,62.3,1.0
2003-09-03,0.0,0.72,18.9,22.4,17.6,70.5,2.6
2003-09-04,0.0,0.7,19.5,25.5,15.9,58.5,1.3
2003-09-05,0.0,0.69,17.9,21.4,15.3,60.5,2.0
2003-09-06,0.0,0.67,18.3,23.7,14.5,51.8,2.1
2003-09-07,0.0,0.67,18.5,23.8,14.5,53.5,2.4
2003-09-08,0.0,0.66,19.9,26.0,15.7,51.5,1.5
2003-09-09,0.0,0.66,21.0,26.8,16.1,51.3,1.9
2003-09-10,0.0,0.64,22.2,28.4,17.4,53.3,0.9
2003-09-11,0.0,0.64,23.0,29.2,18.7,56.5,1.4
2003-09-12,0.0,0.63,20.3,24.9,17.3,64.0,0.8
2003-09-13,0.0,0.66,23.4,28.7,18.2,55.0,1.2
2003-09-14,7.8,0.89,19.4,25.2,17.3,71.3,1.6
2003-09-15,0.1,0.85,19.4,24.5,16.7,67.0,2.9
2003-09-16,0.0,0.73,21.9,28.6,16.9,60.5,1.2
2003-09-17,7.5,0.86,19.7,22.4,17.9,81.3,1.2
2003-09-18,0.8,0.91,19.7,25.0,16.9,74.0,1.5
2003-09-19,0.0,0.77,21.1,27.3,17.1,60.0,1.7
2003-09-20,0.0,0.7,22.4,30.0,16.1,42.8,0.8
2003-09-21,0.0,0.67,23.6,29.6,18.5,33.3,1.1
2003-09-22,0.0,0.65,23.3,29.6,18.9,37.3,0.9
2003-09-23,0.0,0.63,24.4,31.2,18.9,39.0,1.3
2003-09-24,0.0,0.63,26.1,33.5,18.5,38.8,0.5
2003-09-25,0.0,0.62,27.7,34.3,20.7,27.5,1.5
2003-09-26,0.0,0.61,26.4,33.1,21.1,51.8,0.9
2003-09-27,0.0,0.6,26.4,32.4,21.1,42.0,0.8
2003-09-28,1.3,0.69,23.1,29.4,18.8,64.8,1.1
2003-09-29,0.7,0.67,21.8,25.3,19.9,77.5,0.7
2003-09-30,0.2,0.67,23.2,29.6,18.8,59.3,1.1
2003-10-01,0.0,0.64,21.8,28.0,18.5,66.3,1.8
2003-10-02,0.0,0.62,23.1,29.2,18.1,53.5,1.0
2003-10-03,0.0,0.6,23.5,30.8,17.7,44.8,1.4
2003-10-04,0.0,0.59,22.6,28.2,18.6,50.5,1.9
2003-10-05,0.0,0.58,23.0,29.1,18.1,52.0,1.4
2003-10-06,0.0,0.58,25.4,32.4,19.5,41.8,1.2
2003-10-07,0.0,0.57,25.9,33.0,20.9,46.3,2.0
2003-10-08,0.0,0.62,23.0,28.3,21.0,68.5,1.9
2003-10-09,2.2,0.66,22.4,25.0,19.9,60.5,1.8
2003-10-10,3.2,0.7,21.9,26.5,18.9,72.3,1.5
2003-10-11,1.8,0.74,23.0,27.7,19.9,68.5,1.1
2003-10-12,8.8,1.34,18.4,23.1,16.8,74.3,2.7
2003-10-13,0.2,1.44,18.9,23.1,16.1,68.8,2.1
2003-10-14,0.0,0.9,20.0,26.4,15.5,52.8,1.6
2003-10-15,0.0,0.7,18.8,24.4,14.9,54.8,1.9
2003-10-16,0.0,0.64,19.9,27.5,13.7,47.8,2.7
2003-10-17,0.0,0.61,21.3,29.4,14.3,39.0,0.6
2003-10-18,0.0,0.59,24.0,31.7,15.9,26.3,1.4
2003-10-19,0.0,0.58,25.9,33.4,19.3,30.3,0.4
2003-10-20,0.0,0.57,27.4,34.5,21.7,28.5,1.3
2003-10-21,0.0,0.56,28.2,35.1,22.9,35.0,0.9
2003-10-22,0.0,0.55,25.8,33.5,21.9,45.0,1.7
2003-10-23,2.9,0.66,22.0,27.0,19.9,65.5,0.9
2003-10-24,13.8,1.65,19.4,24.0,15.7,71.5,1.4
2003-10-25,0.8,1.99,23.1,28.8,17.5,51.0,0.8
2003-10-26,0.0,1.2,24.1,31.1,18.3,50.5,1.1
2003-10-27,0.0,0.77,23.6,29.9,18.5,47.5,1.9
2003-10-28,0.0,0.66,23.1,29.8,17.5,48.3,1.2
2003-10-29,0.0,0.61,22.8,27.3,18.6,46.8,2.1
2003-10-30,0.0,0.59,22.6,28.0,19.6,66.0,1.4
2003-10-31,0.0,0.7,22.3,29.8,17.7,71.3,1.9
2003-11-01,3.8,0.95,23.6,30.3,17.9,62.5,1.5
2003-11-02,8.3,2.71,21.5,27.2,19.1,77.3,2.5
2003-11-03,32.6,3.86,19.2,24.4,17.1,67.5,0.8
2003-11-04,0.5,3.11,20.1,27.9,14.4,46.8,1.3
2003-11-05,0.0,2.03,20.4,26.8,16.1,54.8,1.6
2003-11-06,0.0,1.38,17.8,19.7,15.9,79.3,1.3
2003-11-07,8.8,1.11,20.1,25.0,15.7,69.8,0.8
2003-11-08,36.9,0.87,21.3,28.5,15.3,70.3,0.7
2003-11-09,3.8,0.74,24.8,31.1,18.1,53.3,1.6
2003-11-10,13.9,0.68,25.9,33.2,18.0,49.8,1.0
2003-11-11,0.8,0.67,25.2,30.3,21.0,53.0,2.4
2003-11-12,0.0,0.64,25.6,31.6,20.7,73.5,1.5
2003-11-13,0.0,0.7,23.8,30.9,18.6,62.3,1.6
2003-11-14,0.5,1.75,24.1,29.0,18.5,89.3,0.9
2003-11-15,1.8,2.61,22.9,27.3,20.9,68.5,2.2
2003-11-16,0.0,1.82,23.8,29.1,19.8,61.8,1.7
2003-11-17,0.3,1.14,22.3,30.7,18.6,73.8,1.8
2003-11-18,12.8,0.87,23.1,29.2,18.6,68.0,1.2
2003-11-19,3.5,1.12,24.1,31.2,20.7,72.5,1.5
2003-11-20,37.8,1.64,20.6,24.3,17.9,81.0,0.4
2003-11-21,1.8,1.77,22.3,27.0,19.4,67.8,2.4
2003-11-22,0.0,1.23,22.5,27.0,19.3,64.0,1.9
2003-11-23,0.0,0.89,23.6,29.0,19.5,57.5,4.2
2003-11-24,0.0,0.75,23.7,29.0,18.7,52.8,2.0
2003-11-25,0.0,0.7,25.5,31.0,20.7,52.8,1.7
2003-11-26,0.0,0.67,25.4,31.6,21.7,64.0,1.1
2003-11-27,0.1,0.66,24.0,30.7,21.0,70.3,1.5
2003-11-28,47.8,0.69,24.7,30.1,19.9,65.3,1.6
2003-11-29,1.3,0.75,22.8,26.9,21.3,76.3,1.1
2003-11-30,2.8,0.73,24.5,27.8,22.9,68.8,1.6
2003-12-01,16.6,0.81,23.9,28.2,20.1,73.0,1.2
2003-12-02,13.3,1.23,22.8,27.2,19.8,78.8,1.0
2003-12-03,13.6,1.78,25.0,30.3,19.6,63.0,1.6
2003-12-04,25.5,1.95,24.0,29.0,18.9,70.5,0.6
2003-12-05,2.8,2.45,22.4,27.8,18.9,84.5,1.6
2003-12-06,29.5,3.29,23.7,30.6,18.6,75.0,1.3
2003-12-07,40.4,4.87,20.8,23.4,19.1,88.8,0.8
2003-12-08,30.5,7.28,23.2,27.3,19.3,75.0,0.9
2003-12-09,1.3,7.47,23.9,29.0,20.9,68.8,1.6
2003-12-10,0.1,7.49,24.7,31.3,20.3,74.8,0.9
2003-12-11,0.0,7.2,26.1,32.5,20.7,48.3,0.8
2003-12-12,0.0,5.73,26.6,33.1,21.1,55.0,2.0
2003-12-13,0.0,4.94,25.9,31.4,21.0,59.5,1.8
2003-12-14,0.0,4.28,25.2,30.8,21.1,57.0,2.4
2003-12-15,0.0,3.21,26.3,31.4,21.7,47.0,1.5
2003-12-16,0.0,2.31,27.6,33.5,21.7,39.8,2.1
2003-12-17,0.0,1.7,26.3,31.7,23.3,59.8,1.9
2003-12-18,0.0,1.34,23.2,28.2,21.0,66.3,1.7
2003-12-19,0.0,1.09,22.6,26.6,19.9,67.8,1.6
2003-12-20,0.0,0.91,24.0,29.1,19.5,58.5,1.7
2003-12-21,0.0,0.87,24.0,32.1,20.4,71.8,2.3
2003-12-22,54.6,1.48,22.4,27.6,18.5,79.0,0.4
2003-12-23,3.8,2.52,23.5,30.0,19.7,72.0,1.4
2003-12-24,1.9,2.5,23.9,29.5,19.8,64.5,2.8
2003-12-25,0.0,2.56,22.4,27.1,20.0,71.5,1.7
2003-12-26,0.0,2.36,21.0,26.6,18.9,75.8,1.8
2003-12-27,0.6,2.72,22.1,26.5,18.0,63.8,2.2
2003-12-28,1.1,3.22,21.0,25.2,18.3,72.8,1.5
2003-12-29,2.1,3.61,21.5,25.4,18.5,75.8,0.8
2003-12-30,4.8,3.25,23.1,28.8,18.5,75.0,1.2
2003-12-31,8.2,2.66,24.7,30.0,19.9,69.8,1.7
2004-01-01,41.3,2.17,22.8,27.2,21.1,83.8,0.6
2004-01-02,67.8,3.25,21.9,28.2,19.1,84.3,1.0
2004-01-03,68.2,6.1,20.9,25.6,18.3,86.0,1.7
2004-01-04,1.8,7.43,22.4,26.4,19.4,83.3,1.1
2004-01-05,0.5,6.24,23.0,28.1,19.9,77.0,0.9
2004-01-06,1.1,5.5,23.5,29.5,19.7,68.8,2.5
2004-01-07,0.6,5.19,21.4,23.5,20.1,84.8,1.5
2004-01-08,2.8,5.44,21.3,25.2,19.5,89.8,0.9
2004-01-09,62.7,6.64,19.7,21.3,18.6,93.8,0.4
2004-01-10,54.2,8.38,20.7,24.6,18.7,96.0,1.3
2004-01-11,21.5,7.3,22.4,26.4,19.0,93.5,0.5
2004-01-12,2.3,6.5,23.6,27.4,20.4,90.5,1.0
2004-01-13,22.3,5.85,22.7,27.0,19.0,88.3,0.7
2004-01-14,32.6,6.06,22.5,26.9,20.1,95.0,0.5
2004-01-15,95.3,6.82,23.6,29.7,20.2,87.8,0.6
2004-01-16,7.9,7.41,23.5,29.1,20.1,86.5,0.9
2004-01-17,2.9,8.08,22.8,27.8,19.6,77.8,2.7
2004-01-18,0.0,6.59,22.7,28.8,17.9,71.0,1.6
2004-01-19,0.0,5.14,22.8,28.4,17.9,72.5,1.2
2004-01-20,0.0,3.94,22.2,26.6,18.3,71.8,2.4
2004-01-21,0.0,2.92,23.3,27.6,19.2,75.3,2.0
2004-01-22,0.0,2.47,23.1,29.0,20.5,88.8,1.3
2004-01-23,12.9,3.02,20.1,21.5,19.3,87.8,2.6
2004-01-24,6.3,3.07,22.4,26.2,19.3,81.0,2.4
2004-01-25,0.1,2.58,21.8,24.5,19.1,75.0,3.0
2004-01-26,0.0,1.94,23.2,27.1,19.5,71.3,1.7
2004-01-27,0.0,1.48,22.9,27.0,19.9,69.8,2.7
2004-01-28,0.0,1.22,23.6,28.2,20.3,68.5,2.2
2004-01-29,0.0,1.06,23.9,29.1,20.3,76.5,1.5
2004-01-30,0.0,1.03,24.3,30.0,19.9,69.5,2.2
2004-01-31,0.0,1.01,24.0,29.5,19.3,66.5,1.5
2004-02-01,2.4,1.12,23.1,27.0,19.9,82.3,0.9
2004-02-02,0.3,2.16,21.8,25.6,19.9,84.3,1.2
2004-02-03,2.5,4.08,23.5,28.0,18.4,75.0,1.4
2004-02-04,3.8,3.91,24.5,28.2,20.5,74.8,0.3
2004-02-05,0.0,3.16,26.0,31.0,20.3,68.0,1.5
2004-02-06,4.2,2.42,24.7,29.8,21.7,77.0,1.7
2004-02-07,5.5,3.44,20.9,26.7,17.9,87.0,1.9
2004-02-08,15.8,7.47,17.9,19.8,16.9,88.3,2.9
2004-02-09,27.1,7.99,17.5,20.7,16.1,91.0,1.0
2004-02-10,10.5,8.29,19.5,22.6,16.4,88.3,1.9
2004-02-11,32.1,8.89,19.3,22.7,17.1,91.8,1.1
2004-02-12,10.8,8.71,20.2,23.9,17.5,84.3,0.8
2004-02-13,0.1,8.33,22.7,28.8,17.1,77.0,1.5
2004-02-14,3.2,7.87,22.7,29.4,18.5,82.0,1.3
2004-02-15,2.1,7.49,20.3,22.5,19.3,94.8,1.1
2004-02-16,16.3,9.16,22.2,27.9,19.1,88.5,1.1
2004-02-17,5.5,9.3,23.0,27.8,19.7,83.8,1.9
2004-02-18,2.2,10.94,22.3,28.0,19.9,87.0,0.4
2004-02-19,20.2,11.65,22.7,28.3,19.9,84.5,1.3
2004-02-20,12.0,11.3,22.2,26.0,19.9,88.5,0.6
2004-02-21,18.3,10.12,21.1,23.2,19.5,91.0,1.0
2004-02-22,27.1,9.47,23.5,27.4,20.2,71.3,2.1
2004-02-23,0.1,7.91,23.1,29.6,19.9,80.3,1.7
2004-02-24,45.8,6.66,23.2,29.3,17.5,77.3,1.5
2004-02-25,0.5,6.21,24.2,29.7,20.0,76.8,0.7
2004-02-26,0.0,6.38,23.9,29.7,19.9,71.3,1.7
2004-02-27,2.1,7.09,23.6,29.3,19.8,78.0,1.1
2004-02-28,27.5,8.38,20.3,27.7,15.9,81.8,0.9
2004-02-29,8.1,7.18,21.4,27.7,15.9,81.3,1.2
2004-03-01,6.3,5.9,24.4,30.5,18.3,71.8,1.2
2004-03-02,5.2,5.1,23.8,29.6,19.5,73.5,1.3
2004-03-03,27.8,4.5,24.9,29.3,20.9,73.5,0.8
2004-03-04,2.8,4.35,22.8,28.8,20.0,81.5,1.1
2004-03-05,12.1,5.12,21.8,25.2,19.0,78.5,0.7
2004-03-06,45.8,5.19,21.6,25.1,19.5,79.8,2.3
2004-03-07,12.3,4.37,22.2,25.5,18.9,71.5,1.6
2004-03-08,0.5,3.41,22.9,28.6,19.9,73.5,2.1
2004-03-09,0.0,2.75,23.2,28.3,19.6,69.8,2.3
2004-03-10,0.0,2.16,24.3,30.2,17.4,64.8,1.3
2004-03-11,0.0,1.69,24.2,28.6,20.3,71.8,2.1
2004-03-12,0.0,1.47,23.0,29.2,19.2,74.0,1.4
2004-03-13,0.3,1.5,22.7,26.6,20.1,72.3,1.8
2004-03-14,0.0,1.97,22.7,27.6,18.8,71.0,2.6
2004-03-15,0.0,2.66,21.8,24.9,20.3,86.5,1.1
2004-03-16,4.5,6.03,22.8,29.3,19.6,84.8,0.9
2004-03-17,9.8,5.44,22.8,27.8,19.3,81.5,0.8
2004-03-18,0.3,4.85,24.3,30.6,20.2,69.0,2.5
2004-03-19,55.8,4.78,22.6,26.0,20.3,81.0,1.5
2004-03-20,2.6,5.1,21.0,26.0,18.5,86.3,2.5
2004-03-21,31.6,5.53,21.6,27.8,17.7,81.8,0.7
2004-03-22,0.1,5.22,20.6,26.9,15.2,76.8,1.4
2004-03-23,14.6,4.94,20.2,25.7,15.3,81.0,0.8
2004-03-24,0.2,4.71,21.1,27.3,16.9,75.5,0.8
2004-03-25,0.0,3.91,22.0,28.1,17.4,67.8,2.4
2004-03-26,0.0,3.25,22.6,28.4,18.5,68.8,1.9
2004-03-27,0.0,2.87,21.4,24.8,19.3,78.5,1.1
2004-03-28,0.0,3.81,22.3,27.6,17.3,72.0,1.2
2004-03-29,0.0,4.81,22.7,27.1,18.7,70.3,1.1
2004-03-30,0.0,4.43,23.5,30.0,18.5,69.5,1.2
2004-03-31,0.0,3.88,20.5,29.2,15.9,76.3,1.9
2004-04-01,26.4,4.0,22.6,29.3,15.8,55.3,1.4
2004-04-02,4.0,3.79,23.3,28.9,18.9,57.8,1.7
2004-04-03,0.0,3.09,23.8,29.8,18.8,62.3,1.0
2004-04-04,0.0,2.53,23.2,28.4,19.9,75.8,2.0
2004-04-05,6.8,2.34,21.1,24.1,17.5,87.5,1.8
2004-04-06,2.8,2.87,21.3,28.0,18.0,73.3,1.4
2004-04-07,10.2,2.97,22.3,27.8,18.1,74.3,0.6
2004-04-08,0.1,3.19,23.5,28.0,19.8,71.5,1.5
2004-04-09,0.0,2.91,23.3,29.4,19.7,71.0,1.5
2004-04-10,3.8,3.19,21.5,23.9,19.7,79.8,0.6
2004-04-11,41.9,4.47,21.1,26.6,18.8,79.8,1.1
2004-04-12,30.7,5.65,20.2,22.0,19.1,87.5,0.9
2004-04-13,3.9,6.5,21.1,23.1,18.9,79.0,0.2
2004-04-14,0.7,6.43,21.2,23.6,19.7,77.0,1.1
2004-04-15,0.2,5.5,22.3,25.9,20.2,76.3,1.9
2004-04-16,0.1,4.81,22.2,26.4,19.6,77.0,0.7
2004-04-17,0.0,4.0,23.5,28.6,18.6,67.3,1.3
2004-04-18,0.0,3.19,23.7,29.2,19.5,61.8,1.4
2004-04-19,0.0,2.5,22.9,28.0,18.7,59.8,1.1
2004-04-20,0.0,2.03,23.5,28.4,18.1,58.5,1.0
2004-04-21,0.0,1.72,23.0,27.8,19.7,59.3,2.4
2004-04-22,0.0,1.5,22.3,26.5,19.7,59.3,2.7
2004-04-23,1.9,1.47,22.5,27.8,18.3,73.5,0.5
2004-04-24,0.1,1.44,23.2,28.8,18.2,66.0,1.3
2004-04-25,0.0,1.47,23.7,28.1,19.9,66.5,1.0
2004-04-26,12.8,1.81,19.2,23.8,17.3,81.3,1.9
2004-04-27,1.0,2.85,19.7,23.3,16.9,73.5,1.6
2004-04-28,0.0,2.56,19.4,23.9,17.3,71.5,2.0
2004-04-29,0.0,2.25,18.9,23.9,15.9,58.5,2.2
2004-04-30,0.0,1.75,18.6,23.3,14.7,60.8,0.8
2004-05-01,0.0,1.53,19.6,25.3,14.8,54.3,1.2
2004-05-02,0.0,1.47,22.0,28.4,16.1,59.0,0.6
2004-05-03,0.0,1.47,22.5,27.4,17.8,62.5,1.9
2004-05-04,0.0,1.44,22.8,28.0,19.5,61.8,1.6
2004-05-05,0.0,1.44,22.1,26.4,19.0,67.5,1.7
2004-05-06,0.0,1.44,22.3,28.2,17.9,63.5,1.9
2004-05-07,0.0,1.4,22.7,28.0,18.5,62.3,0.8
2004-05-08,0.0,1.4,21.8,26.3,18.7,68.8,1.1
2004-05-09,0.0,1.4,21.2,25.7,17.7,67.0,0.8
2004-05-10,0.0,1.4,20.6,26.4,16.2,66.0,1.0
2004-05-11,0.0,1.38,21.2,26.8,16.3,67.0,0.9
2004-05-12,0.0,1.38,22.2,27.4,18.0,63.0,1.0
2004-05-13,0.0,1.38,21.7,26.3,18.4,71.0,1.3
2004-05-14,0.0,1.38,23.2,28.4,18.5,56.0,0.6
2004-05-15,0.0,1.44,23.3,27.2,19.6,66.8,1.6
2004-05-16,0.0,1.65,21.4,27.2,18.8,68.8,1.1
2004-05-17,0.0,1.78,21.1,26.2,17.9,75.8,1.8
2004-05-18,0.0,1.65,20.7,26.0,18.3,79.8,0.7
2004-05-19,1.2,1.69,21.2,25.9,16.9,70.5,1.0
2004-05-20,0.0,1.65,21.8,27.0,19.0,68.0,1.8
2004-05-21,8.5,1.84,19.3,23.5,17.0,73.3,0.9
2004-05-22,0.0,1.56,19.4,23.5,16.7,69.5,2.6
2004-05-23,0.0,1.44,18.7,22.1,16.4,67.3,2.4
2004-05-24,0.0,1.4,19.8,25.4,15.6,68.3,1.3
2004-05-25,0.0,1.38,21.3,27.4,16.3,64.3,1.3
2004-05-26,0.0,1.38,19.7,24.5,18.1,72.8,1.5
2004-05-27,2.6,1.38,17.6,23.6,12.8,40.3,1.2
2004-05-28,0.2,1.56,17.0,19.6,14.6,70.0,1.9
2004-05-29,9.3,2.47,17.0,20.8,14.9,86.3,0.7
2004-05-30,8.6,2.6,19.2,26.4,14.3,73.3,1.2
2004-05-31,0.1,1.9,20.5,27.0,15.5,71.3,0.6
2004-06-01,0.0,1.53,20.9,26.3,16.5,63.5,1.9
2004-06-02,2.8,1.4,20.6,25.1,16.7,67.5,0.8
2004-06-03,0.1,1.38,18.4,22.5,16.6,80.0,1.1
2004-06-04,16.8,1.75,16.8,20.8,15.0,78.5,0.9
2004-06-05,2.1,3.16,16.6,22.6,10.7,66.3,1.1
2004-06-06,0.0,2.44,17.9,25.1,12.8,56.3,1.0
2004-06-07,0.0,1.78,17.7,24.5,13.0,57.8,1.5
2004-06-08,0.0,1.47,18.1,23.5,13.5,62.8,1.6
2004-06-09,0.0,1.4,19.5,25.7,14.6,66.0,1.4
2004-06-10,0.0,1.38,19.8,24.1,16.7,68.0,1.9
2004-06-11,0.0,1.34,18.6,22.1,14.9,64.8,1.3
2004-06-12,0.0,1.34,20.0,26.6,15.1,57.5,0.8
2004-06-13,0.0,1.34,18.5,22.2,16.8,74.0,1.5
2004-06-14,0.0,1.31,17.2,21.1,14.9,71.8,2.3
2004-06-15,0.0,1.31,18.1,25.3,15.3,73.8,1.4
2004-06-16,0.0,1.31,19.2,25.0,14.5,69.0,1.9
2004-06-17,0.0,1.31,19.6,25.4,16.2,64.0,1.3
2004-06-18,0.0,1.3,19.7,25.3,15.9,60.8,1.5
2004-06-19,0.0,1.3,19.0,23.7,15.7,56.8,2.4
2004-06-20,0.0,1.28,18.5,23.0,15.3,60.3,2.0
2004-06-21,0.0,1.28,18.3,22.9,15.7,60.3,1.9
2004-06-22,0.0,1.26,20.0,26.4,14.1,54.3,0.9
2004-06-23,0.0,1.28,18.8,23.2,14.4,67.3,1.6
2004-06-24,0.0,1.28,18.6,23.0,15.9,68.0,2.2
2004-06-25,0.0,1.26,18.7,23.2,15.7,62.5,2.0
2004-06-26,0.0,1.26,18.9,23.1,15.5,64.8,2.4
2004-06-27,0.0,1.25,19.2,24.1,15.6,67.3,1.7
2004-06-28,0.0,1.25,19.5,23.9,15.7,62.3,1.7
2004-06-29,0.0,1.23,18.4,21.5,16.5,72.5,1.1
2004-06-30,0.0,1.23,19.3,23.9,16.9,65.0,1.6
2004-07-01,0.0,1.22,18.8,23.5,15.9,63.5,1.6
2004-07-02,0.0,1.22,20.2,25.5,16.2,61.3,1.2
2004-07-03,0.0,1.2,20.8,26.4,16.5,58.8,1.5
2004-07-04,0.2,1.2,20.7,25.9,15.8,53.5,1.4
2004-07-05,0.0,1.19,20.3,26.2,15.5,54.8,0.9
2004-07-06,0.0,1.19,20.2,25.1,15.9,61.0,1.3
2004-07-07,0.0,1.19,19.6,25.5,16.5,62.8,1.7
2004-07-08,0.0,1.17,20.1,25.4,15.7,61.5,1.2
2004-07-09,0.0,1.17,19.5,21.8,17.6,69.8,0.7
2004-07-10,0.0,1.26,20.0,25.7,16.9,74.8,1.3
2004-07-11,24.0,1.34,18.4,22.9,15.7,75.8,1.1
2004-07-12,0.1,1.23,17.0,21.1,14.1,74.5,2.0
2004-07-13,0.0,1.2,18.3,22.1,14.1,69.8,2.6
2004-07-14,0.0,1.19,19.7,23.1,17.5,64.8,1.9
2004-07-15,0.0,1.17,19.5,23.6,17.0,62.8,2.4
2004-07-16,0.0,1.16,19.5,25.1,15.1,60.0,1.2
2004-07-17,0.0,1.16,19.7,24.7,15.5,61.3,2.4
2004-07-18,0.0,1.14,18.0,22.1,16.3,71.5,1.5
2004-07-19,0.0,1.14,16.8,20.7,14.9,92.3,2.0
2004-07-20,8.3,1.22,15.2,18.5,13.9,81.3,2.0
2004-07-21,22.8,1.3,14.6,18.7,12.7,65.3,1.8
2004-07-22,0.1,1.19,14.0,19.5,10.3,53.3,2.5
2004-07-23,0.0,1.16,14.1,19.5,10.7,53.3,1.3
2004-07-24,0.0,1.14,14.5,20.2,10.5,52.8,1.7
2004-07-25,0.0,1.12,14.6,20.8,10.3,54.0,1.6
2004-07-26,0.0,1.12,14.6,20.2,10.3,53.3,1.1
2004-07-27,0.0,1.11,16.1,22.1,10.7,53.3,3.7
2004-07-28,0.0,1.09,15.6,19.7,13.3,55.3,1.7
2004-07-29,0.0,1.09,14.9,19.3,12.8,59.5,1.9
2004-07-30,0.0,1.09,16.0,22.1,10.8,58.0,1.4
2004-07-31,0.0,1.08,17.9,24.2,12.3,51.5,1.1
2004-08-01,0.0,1.08,19.4,27.2,13.1,55.8,1.4
2004-08-02,0.0,1.06,20.2,26.6,15.5,56.0,0.4
2004-08-03,0.0,1.06,20.2,25.7,16.5,54.5,1.8
2004-08-04,0.0,1.06,18.1,22.8,15.9,59.5,1.4
2004-08-05,0.0,1.05,18.1,23.1,13.3,54.0,2.8
2004-08-06,0.0,1.05,18.5,23.1,15.5,53.5,1.6
2004-08-07,0.0,1.03,19.8,27.0,14.0,47.5,1.3
2004-08-08,0.0,1.03,20.6,26.2,15.9,48.3,0.9
2004-08-09,0.0,1.03,17.1,23.6,14.0,62.0,1.1
2004-08-10,0.0,1.01,16.1,22.1,11.9,55.5,1.9
2004-08-11,0.0,1.01,17.7,24.3,11.3,48.8,0.8
2004-08-12,0.0,1.01,16.9,22.5,13.4,52.0,1.9
2004-08-13,0.0,1.0,15.0,20.8,10.3,48.3,2.5
2004-08-14,0.0,1.0,15.9,21.3,10.6,56.5,2.0
2004-08-15,0.0,0.99,16.9,22.1,11.9,59.0,2.0
2004-08-16,0.0,0.99,18.7,23.7,13.7,56.3,1.2
2004-08-17,0.0,0.99,19.0,25.3,14.1,56.5,1.5
2004-08-18,0.0,0.97,19.7,25.2,14.3,51.0,1.8
2004-08-19,0.0,0.97,20.6,26.4,15.1,48.3,1.5
2004-08-20,0.0,0.97,19.9,25.7,15.1,57.3,2.3
2004-08-21,0.0,0.95,21.3,27.7,17.1,53.0,1.3
2004-08-22,0.0,0.95,21.9,28.5,17.1,48.3,1.8
2004-08-23,0.0,0.94,22.8,30.2,16.5,45.0,1.1
2004-08-24,0.0,0.94,24.5,31.7,17.7,45.3,1.1
2004-08-25,0.0,0.94,23.4,30.0,19.1,56.5,1.1
2004-08-26,0.0,0.92,24.1,30.3,18.7,53.0,1.9
2004-08-27,0.0,0.92,23.5,29.2,20.3,49.5,2.1
2004-08-28,0.0,0.92,24.3,30.8,19.2,43.5,1.3
2004-08-29,0.0,0.91,23.9,29.7,20.3,43.8,1.5
2004-08-30,0.0,0.91,23.7,30.6,18.7,50.0,1.5
2004-08-31,0.0,0.91,23.1,28.6,17.9,47.3,1.8
2004-09-01,0.0,0.89,21.5,28.0,17.9,47.5,1.9
2004-09-02,0.0,0.89,22.0,28.5,17.1,35.8,1.8
2004-09-03,0.0,0.89,24.2,31.6,16.5,35.8,1.2
2004-09-04,0.0,0.88,23.1,29.0,18.7,49.3,1.9
2004-09-05,0.0,0.87,21.9,28.0,18.1,58.0,2.2
2004-09-06,0.0,0.87,22.3,29.0,18.3,56.5,1.9
2004-09-07,0.0,0.87,21.5,28.5,17.3,48.0,2.7
2004-09-08,0.0,0.86,20.5,26.8,15.9,47.3,1.5
2004-09-09,0.0,0.85,20.7,26.9,15.9,46.8,2.5
2004-09-10,0.0,0.85,22.2,28.2,16.6,45.3,2.6
2004-09-11,0.0,0.85,23.0,29.6,17.5,39.5,2.0
2004-09-12,0.0,0.84,21.6,26.1,17.0,48.3,3.0
2004-09-13,0.0,0.84,20.2,24.9,16.5,48.3,2.6
2004-09-14,0.0,0.83,21.2,26.7,16.3,50.5,2.4
2004-09-15,0.0,0.82,23.1,29.8,17.2,50.5,1.4
2004-09-16,0.0,0.81,25.0,31.3,18.5,42.5,1.2
2004-09-17,0.0,0.81,22.8,28.4,20.3,59.8,2.6
2004-09-18,0.0,0.8,21.9,26.7,18.7,56.8,2.5
2004-09-19,0.0,0.8,21.1,25.3,18.3,56.0,3.1
2004-09-20,0.0,0.8,21.8,28.0,18.5,49.8,1.9
2004-09-21,0.0,0.79,21.5,27.3,17.4,54.3,3.2
2004-09-22,0.0,0.79,22.8,28.6,18.1,50.8,1.7
2004-09-23,0.0,0.78,24.7,31.8,19.2,44.8,2.1
2004-09-24,0.0,0.77,25.4,31.9,19.7,39.0,1.4
2004-09-25,0.0,0.77,25.7,32.5,20.5,37.5,2.4
2004-09-26,0.0,0.77,24.1,30.8,19.9,41.5,2.8
2004-09-27,0.0,0.76,25.5,32.3,19.5,34.3,1.7
2004-09-28,0.0,0.76,26.0,33.4,19.9,31.3,2.1
2004-09-29,0.0,0.75,26.5,33.7,19.3,32.0,1.4
2004-09-30,0.0,0.74,23.0,,,56.3,3.8
2004-10-01,0.0,0.74,21.8,26.1,17.9,56.3,3.3
2004-10-02,0.0,0.73,22.2,29.9,18.8,67.8,2.3
2004-10-03,0.0,0.73,21.3,30.2,17.5,71.8,2.9
2004-10-04,42.7,0.89,18.1,20.1,16.5,88.0,1.0
2004-10-05,2.6,0.89,22.8,28.9,17.3,59.3,1.2
2004-10-06,0.0,0.85,21.5,28.8,17.7,60.0,1.7
2004-10-07,0.0,0.8,19.2,26.1,15.3,65.0,1.6
2004-10-08,0.0,0.77,21.0,28.7,13.5,42.8,1.5
2004-10-09,0.0,0.76,23.8,31.8,17.3,47.8,2.4
2004-10-10,0.0,0.74,25.5,32.2,19.5,48.5,0.6
2004-10-11,0.0,0.73,22.2,26.3,20.4,78.5,1.1
2004-10-12,3.1,0.73,22.1,25.6,19.1,70.8,2.3
2004-10-13,0.0,0.73,23.1,26.8,19.7,64.5,1.5
2004-10-14,0.0,0.72,25.0,31.1,20.6,56.5,1.5
2004-10-15,0.0,0.71,24.2,28.4,21.3,59.5,3.5
2004-10-16,0.0,0.7,23.8,29.2,20.5,48.5,1.9
2004-10-17,0.0,0.69,24.4,30.3,19.7,55.5,1.7
2004-10-18,0.0,0.69,25.7,31.6,21.8,44.0,2.9
2004-10-19,0.0,0.69,25.7,31.1,21.0,43.0,1.0
2004-10-20,0.0,0.69,22.5,29.0,19.7,61.5,2.8
2004-10-21,0.0,0.68,20.1,26.0,17.4,72.8,3.6
2004-10-22,0.0,0.68,20.7,25.9,17.0,59.3,3.1
2004-10-23,0.0,0.67,21.6,26.8,17.3,51.0,3.1
2004-10-24,0.0,0.66,24.1,30.9,18.7,51.0,1.8
2004-10-25,0.0,0.66,23.6,30.4,20.3,66.0,1.2
2004-10-26,7.9,1.06,23.6,28.5,19.7,68.8,2.3
2004-10-27,1.8,1.17,25.2,30.4,20.3,55.3,0.9
2004-10-28,0.0,0.91,21.8,28.5,19.8,64.8,3.5
2004-10-29,0.0,0.78,21.0,25.5,17.9,64.8,2.1
2004-10-30,0.0,0.73,23.7,29.9,18.1,52.0,2.4
2004-10-31,0.0,0.7,26.4,32.8,19.7,45.0,1.8
2004-11-01,0.0,0.68,23.5,31.9,19.3,69.8,0.8
2004-11-02,9.3,0.66,23.6,29.5,19.1,55.5,2.0
2004-11-03,0.1,0.66,23.7,28.6,19.1,48.8,1.1
2004-11-04,0.0,0.65,25.0,31.5,19.4,53.0,2.3
2004-11-05,0.0,0.64,26.4,32.3,21.5,49.8,1.4
2004-11-06,0.0,0.63,25.1,33.1,21.3,58.5,1.6
2004-11-07,6.3,0.94,22.9,27.8,19.6,66.8,2.9
2004-11-08,0.1,0.87,20.6,24.1,17.5,69.3,1.5
2004-11-09,0.0,0.75,22.7,27.9,17.7,54.8,3.4
2004-11-10,0.0,0.69,24.4,30.4,19.3,52.3,0.9
2004-11-11,0.0,0.66,26.5,32.2,20.1,41.3,2.1
2004-11-12,0.0,0.65,23.8,30.4,21.3,69.8,2.9
2004-11-13,13.2,0.63,25.5,32.3,19.7,44.8,2.0
2004-11-14,0.0,0.66,22.6,27.7,19.7,63.5,4.8
2004-11-15,0.0,0.64,21.6,26.8,19.3,67.5,1.5
2004-11-16,0.0,0.64,21.8,25.1,19.2,72.8,1.4
2004-11-17,3.3,0.96,23.1,27.8,19.5,79.3,0.6
2004-11-18,24.3,1.56,22.7,28.1,18.7,83.0,1.0
2004-11-19,2.4,2.29,22.2,26.7,19.7,87.5,1.4
2004-11-20,2.6,2.59,23.0,28.4,18.3,65.3,1.7
2004-11-21,0.0,2.21,21.0,26.0,18.3,71.8,2.7
2004-11-22,0.0,1.45,21.4,26.2,18.5,63.5,1.9
2004-11-23,0.0,1.01,22.1,28.4,17.4,52.8,2.5
2004-11-24,0.0,0.8,21.9,27.4,17.5,60.0,2.1
2004-11-25,0.0,0.72,24.1,30.4,18.8,51.0,2.6
2004-11-26,0.0,0.69,24.8,30.6,19.9,50.0,1.5
2004-11-27,0.0,0.66,25.2,31.4,20.3,50.5,1.3
2004-11-28,3.8,0.66,23.9,28.6,21.0,69.8,3.7
2004-11-29,30.3,1.86,21.3,26.3,18.9,86.0,1.7
2004-11-30,12.8,4.25,20.7,23.7,19.3,88.0,0.7
2004-12-01,22.8,5.59,21.2,24.5,18.3,72.8,1.5
2004-12-02,0.1,4.89,19.6,22.1,17.9,76.0,3.1
2004-12-03,0.0,3.79,20.3,23.8,17.9,75.8,3.1
2004-12-04,0.0,2.94,24.2,30.4,17.9,61.5,1.2
2004-12-05,0.0,2.13,24.1,32.6,20.3,69.8,1.1
2004-12-06,2.5,2.11,23.4,31.6,19.1,70.0,1.3
2004-12-07,9.8,2.37,23.7,30.1,19.1,68.5,1.2
2004-12-08,17.2,2.42,23.6,29.1,18.7,65.8,1.8
2004-12-09,0.8,2.01,23.4,29.4,19.5,73.8,0.8
2004-12-10,39.1,1.99,23.4,29.4,20.7,75.3,2.1
2004-12-11,5.9,3.32,20.9,23.7,19.0,86.3,2.2
2004-12-12,15.8,5.1,19.8,22.3,18.4,91.0,1.7
2004-12-13,31.4,5.58,23.0,28.6,18.3,66.5,1.1
2004-12-14,0.0,5.47,23.4,29.6,18.5,67.8,2.0
2004-12-15,44.3,4.86,23.1,27.9,18.5,67.8,0.8
2004-12-16,0.1,3.89,23.9,30.3,19.7,62.5,1.7
2004-12-17,0.0,3.62,24.6,30.6,20.1,64.8,1.7
2004-12-18,2.1,4.13,23.9,29.4,20.0,69.0,1.5
2004-12-19,28.0,5.68,21.9,24.1,19.6,87.0,1.1
2004-12-20,2.4,6.31,22.5,25.7,20.5,88.0,0.5
2004-12-21,26.5,6.96,21.4,25.8,18.8,91.8,1.3
2004-12-22,53.8,9.33,20.1,23.7,18.1,83.0,0.9
2004-12-23,25.0,11.05,20.3,23.5,17.7,88.8,1.2
2004-12-24,24.3,12.61,20.4,22.8,18.5,90.5,0.9
2004-12-25,23.8,12.77,23.0,28.7,17.9,70.0,1.0
2004-12-26,0.1,11.62,26.3,32.5,20.0,58.3,1.3
2004-12-27,0.0,9.59,24.8,30.0,19.9,61.3,0.9
2004-12-28,0.0,8.2,22.9,31.6,19.0,73.3,2.5
2004-12-29,13.2,8.25,22.9,28.6,19.1,77.0,1.1
2004-12-30,9.4,9.84,24.5,29.8,21.2,70.5,1.1
2004-12-31,2.1,9.19,23.7,28.6,20.9,73.0,1.0
2005-01-01,8.9,9.26,24.3,30.8,19.9,57.5,1.4
2005-01-02,1.1,10.14,21.6,25.6,19.5,72.0,1.5
2005-01-03,0.0,8.73,22.7,28.4,19.1,64.8,2.0
2005-01-04,0.0,7.97,22.0,26.4,20.1,76.3,1.0
2005-01-05,9.3,8.14,21.5,26.9,18.4,81.5,1.4
2005-01-06,34.9,7.39,22.3,25.9,18.5,78.3,1.1
2005-01-07,0.0,6.23,23.2,28.4,20.5,77.0,1.2
2005-01-08,5.4,5.25,23.0,27.8,19.7,82.0,1.1
2005-01-09,4.6,5.11,25.6,31.5,19.9,61.5,2.0
2005-01-10,0.0,4.3,25.5,30.8,20.5,62.3,1.3
2005-01-11,0.0,3.65,26.2,30.8,22.5,62.8,2.5
2005-01-12,12.3,4.96,21.7,26.6,19.9,85.5,1.4
2005-01-13,26.0,6.87,24.3,31.2,19.5,65.8,2.2
2005-01-14,0.0,7.07,24.0,29.8,19.7,65.5,1.1
2005-01-15,0.0,5.97,25.6,28.3,21.4,59.0,1.2
2005-01-16,2.1,5.17,25.6,30.2,22.1,74.0,2.0
2005-01-17,15.8,6.06,22.6,26.0,19.9,84.3,1.2
2005-01-18,4.3,8.1,23.0,28.6,20.6,88.5,0.9
2005-01-19,45.0,9.35,20.7,23.1,19.9,93.3,0.7
2005-01-20,12.8,9.07,24.5,29.0,18.9,72.8,1.1
2005-01-21,0.2,7.49,22.5,27.2,18.8,77.5,0.9
2005-01-22,2.1,6.13,24.9,31.4,19.7,68.5,1.2
2005-01-23,4.0,5.65,26.5,32.5,19.9,58.5,1.1
2005-01-24,0.0,5.68,26.3,30.4,22.1,64.8,1.4
2005-01-25,1.3,5.03,24.9,31.6,20.1,67.3,1.5
2005-01-26,4.9,4.6,24.2,29.4,21.9,76.0,2.5
2005-01-27,10.5,5.73,21.4,23.9,19.6,84.8,1.9
2005-01-28,4.8,4.94,22.7,27.4,19.7,75.0,2.1
2005-01-29,5.9,4.52,21.8,26.0,19.6,82.8,1.5
2005-01-30,1.2,4.28,22.1,26.0,20.1,78.3,1.6
2005-01-31,6.1,4.05,23.6,28.2,19.7,70.5,0.9
2005-02-01,1.1,6.33,21.1,25.6,19.6,80.5,1.5
2005-02-02,10.3,6.5,19.8,22.4,17.5,90.0,1.2
2005-02-03,5.9,6.19,23.2,29.8,18.6,74.8,1.9
2005-02-04,0.2,6.03,25.7,32.2,20.5,56.8,2.0
2005-02-05,0.0,5.17,22.7,27.3,20.6,82.5,1.3
2005-02-06,8.3,5.5,23.4,29.6,19.8,76.5,1.1
2005-02-07,6.2,4.89,20.7,25.8,15.9,59.0,2.1
2005-02-08,0.0,3.76,20.7,25.9,16.4,57.3,2.5
2005-02-09,0.0,2.78,20.7,25.1,16.1,59.0,1.8
2005-02-10,0.0,2.05,20.8,26.7,15.8,64.8,1.9
2005-02-11,0.0,1.67,24.2,28.9,17.3,54.0,2.0
2005-02-12,0.8,1.69,24.4,29.4,20.9,68.0,1.8
2005-02-13,0.0,2.73,23.9,30.8,20.6,65.5,2.1
2005-02-14,0.0,3.06,24.8,30.5,19.5,53.8,2.0
2005-02-15,0.0,2.39,25.2,30.2,20.5,61.0,1.4
2005-02-16,0.0,1.86,24.3,28.5,21.1,66.8,1.8
2005-02-17,0.0,1.75,24.3,30.5,21.3,74.3,1.1
2005-02-18,28.9,2.62,23.5,29.8,20.3,78.0,1.1
2005-02-19,29.5,4.5,22.1,28.2,19.1,83.8,1.5
2005-02-20,73.1,5.93,24.3,30.7,18.6,61.0,2.0
2005-02-21,0.1,5.22,23.5,28.6,19.1,60.0,1.1
2005-02-22,0.0,4.04,24.3,30.3,19.7,60.5,1.5
2005-02-23,0.0,3.03,25.7,31.6,19.5,60.0,1.2
2005-02-24,0.0,2.31,25.6,30.6,21.1,63.8,1.5
2005-02-25,0.0,1.84,25.3,31.5,21.7,61.8,1.6
2005-02-26,23.2,1.59,23.4,29.0,19.3,79.0,2.6
2005-02-27,3.3,1.72,24.0,31.2,20.0,71.0,1.9
2005-02-28,1.1,1.78,24.5,29.8,20.9,78.0,0.7
2005-03-01,3.5,2.53,23.5,28.7,21.0,77.0,0.6
2005-03-02,26.1,5.9,19.7,23.1,18.3,89.0,1.5
2005-03-03,50.6,8.38,18.6,19.9,17.5,94.0,1.4
2005-03-04,43.8,13.39,19.6,22.7,17.9,92.8,1.2
2005-03-05,74.6,15.0,20.4,24.1,17.9,90.0,0.5
2005-03-06,0.7,14.1,23.7,29.6,18.7,74.3,0.6
2005-03-07,0.0,11.94,23.9,30.9,20.3,70.8,1.7
2005-03-08,0.8,10.19,24.5,28.8,20.7,71.0,1.8
2005-03-09,0.2,9.28,24.4,30.4,19.7,77.0,0.8
2005-03-10,4.8,8.89,24.4,30.3,21.3,77.3,1.1
2005-03-11,0.5,7.65,23.2,28.4,20.6,81.8,1.2
2005-03-12,5.7,7.18,25.4,31.0,19.9,68.5,0.7
2005-03-13,0.0,6.1,25.8,31.8,21.6,62.3,1.7
2005-03-14,0.0,4.87,25.2,30.2,21.5,68.8,1.6
2005-03-15,0.0,4.31,23.3,29.0,20.1,80.3,1.0
2005-03-16,19.8,4.75,23.2,29.8,19.5,77.5,0.5
2005-03-17,0.5,4.35,23.7,29.1,20.7,77.0,1.4
2005-03-18,0.0,4.53,22.8,29.4,19.3,80.8,0.9
2005-03-19,45.9,4.66,23.6,28.7,19.4,81.8,0.8
2005-03-20,37.8,5.31,22.1,25.9,19.4,82.3,0.9
2005-03-21,7.9,6.31,23.9,27.7,20.0,78.5,1.3
2005-03-22,0.0,5.87,24.6,29.8,21.2,72.8,1.9
2005-03-23,0.0,4.75,24.5,29.6,20.8,73.0,1.9
2005-03-24,0.0,3.69,25.1,31.0,19.7,75.3,1.4
2005-03-25,0.0,2.97,22.7,26.7,20.9,85.0,1.8
2005-03-26,15.9,3.97,21.9,25.9,18.9,80.5,1.6
2005-03-27,2.1,7.24,22.3,26.4,19.7,86.3,1.3
2005-03-28,0.0,6.38,22.4,27.4,19.5,74.0,2.4
2005-03-29,0.0,5.34,22.6,27.0,19.5,71.5,2.1
2005-03-30,0.0,4.37,23.3,29.2,19.5,72.3,1.5
2005-03-31,3.9,3.5,23.8,30.0,20.1,71.3,2.0
2005-04-01,0.0,2.85,23.6,28.3,20.2,72.5,3.2
2005-04-02,0.0,2.34,23.3,27.8,20.1,77.5,1.2
2005-04-03,0.0,1.97,24.2,30.2,19.9,69.0,1.6
2005-04-04,0.0,1.69,24.9,30.7,19.5,67.8,0.9
2005-04-05,0.0,1.5,25.6,30.6,21.1,69.0,1.4
2005-04-06,0.0,1.44,24.9,29.2,21.7,70.0,1.5
2005-04-07,0.0,1.44,24.1,28.7,21.5,74.3,1.6
2005-04-08,0.0,1.4,24.8,29.4,21.1,73.8,1.2
2005-04-09,0.0,1.4,24.7,30.0,20.3,67.8,2.3
2005-04-10,0.0,1.4,24.2,29.0,20.9,70.0,2.1
2005-04-11,0.0,1.4,23.8,28.4,20.5,70.8,2.0
2005-04-12,0.0,1.38,24.1,29.3,20.1,68.8,2.5
2005-04-13,0.0,1.38,24.0,29.3,20.0,67.0,0.9
2005-04-14,0.0,1.38,23.7,28.9,20.9,69.0,2.3
2005-04-15,0.0,1.38,23.8,28.4,20.1,71.0,1.4
2005-04-16,0.0,1.38,23.9,29.0,19.9,67.3,1.4
2005-04-17,0.0,1.34,23.3,28.8,19.5,97.8,1.3
2005-04-18,0.9,1.34,23.6,28.1,19.3,67.3,2.5
2005-04-19,0.0,1.34,23.0,26.8,19.7,70.3,2.0
2005-04-20,0.0,1.34,23.5,28.4,19.2,75.3,0.5
2005-04-21,0.0,1.44,24.3,30.3,19.5,72.8,1.5
2005-04-22,8.2,1.88,23.7,30.7,18.9,74.5,1.2
2005-04-23,0.0,2.6,23.5,28.0,19.9,76.5,1.0
2005-04-24,2.2,2.25,23.8,28.9,19.5,72.0,1.6
2005-04-25,0.0,1.88,23.3,27.8,20.0,75.8,0.9
2005-04-26,0.0,1.72,20.6,25.7,18.1,87.0,1.8
2005-04-27,1.3,1.81,18.3,21.5,16.5,78.8,2.1
2005-04-28,0.0,1.62,19.7,23.3,16.8,82.3,2.2
2005-04-29,14.2,1.5,21.6,27.0,17.9,81.0,0.9
2005-04-30,5.0,1.56,20.8,24.9,18.3,86.5,0.7
2005-05-01,0.0,1.78,18.9,25.1,16.3,70.5,1.9
2005-05-02,0.0,1.5,18.6,24.8,14.5,72.0,1.3
2005-05-03,0.0,1.4,18.6,24.0,14.9,58.8,1.9
2005-05-04,0.0,1.38,18.7,24.5,15.1,63.0,1.0
2005-05-05,0.0,1.38,19.4,24.7,14.5,62.0,1.4
2005-05-06,0.0,1.34,19.8,25.1,15.5,66.3,2.1
2005-05-07,0.0,1.34,20.9,26.9,15.7,63.8,1.5
2005-05-08,0.0,1.34,20.8,26.6,17.0,66.0,1.5
2005-05-09,0.0,1.31,21.1,25.5,18.3,69.5,1.8
2005-05-10,0.0,1.31,21.1,24.2,18.4,70.8,2.3
2005-05-11,0.0,1.31,21.9,27.2,19.1,66.3,1.6
2005-05-12,0.0,1.31,22.3,26.8,18.2,65.5,2.3
2005-05-13,0.0,1.28,21.8,26.2,18.9,62.5,3.1
2005-05-14,0.0,1.28,21.1,25.3,18.7,67.3,1.9
2005-05-15,0.0,1.28,20.9,25.6,17.0,66.3,1.9
2005-05-16,0.0,1.28,21.5,26.0,18.7,69.0,1.0
2005-05-17,0.0,1.25,22.4,28.0,17.7,66.3,1.0
2005-05-18,0.0,1.25,22.1,27.1,18.3,65.8,1.5
2005-05-19,0.0,1.25,22.9,28.8,18.3,63.3,1.0
2005-05-20,0.0,1.25,23.5,29.4,18.5,60.8,1.1
2005-05-21,0.0,1.25,23.5,28.5,18.4,57.3,1.1
2005-05-22,0.0,1.22,22.0,25.9,19.0,67.5,0.8
2005-05-23,8.2,1.28,19.7,22.9,17.7,85.0,0.4
2005-05-24,2.3,1.44,20.4,23.5,18.3,82.0,1.2
2005-05-25,0.5,1.47,19.6,25.9,16.6,86.3,1.1
2005-05-26,18.0,1.72,18.6,22.9,15.8,79.0,0.7
2005-05-27,0.0,2.5,18.8,23.7,15.7,69.8,2.1
2005-05-28,0.0,1.81,18.3,21.3,15.7,64.3,1.8
2005-05-29,0.0,1.4,19.5,24.5,14.1,71.8,1.1
2005-05-30,0.0,1.31,19.1,22.9,16.5,75.8,1.8
2005-05-31,6.2,1.28,19.9,23.5,17.7,75.5,1.8
2005-06-01,0.0,1.25,20.0,23.3,16.7,67.8,1.7
2005-06-02,0.0,1.25,18.7,21.9,16.7,76.5,2.0
2005-06-03,0.0,1.25,19.6,24.1,15.3,73.8,2.0
2005-06-04,0.0,1.23,19.3,23.1,16.5,66.8,1.8
2005-06-05,0.0,1.22,19.6,23.9,16.5,66.5,2.1
2005-06-06,0.0,1.22,19.0,23.0,16.7,73.0,1.4
2005-06-07,0.0,1.2,18.9,23.3,16.3,72.3,1.4
2005-06-08,0.0,1.2,19.7,23.9,16.3,61.5,1.5
2005-06-09,0.0,1.19,19.4,23.8,16.9,57.3,2.3
2005-06-10,0.0,1.19,19.2,24.4,16.0,67.0,1.8
2005-06-11,0.0,1.17,19.1,23.3,16.5,65.5,2.4
2005-06-12,0.0,1.17,19.5,24.1,16.5,63.5,2.2
2005-06-13,0.0,1.17,19.9,25.0,16.5,62.0,1.5
2005-06-14,0.0,1.16,20.1,25.3,15.4,60.3,2.1
2005-06-15,0.0,1.16,20.2,23.7,17.5,65.3,1.9
2005-06-16,0.0,1.14,19.9,24.6,16.7,66.3,0.9
2005-06-17,0.0,1.14,21.0,27.0,16.0,57.8,1.3
2005-06-18,0.0,1.14,21.5,27.6,16.3,53.8,1.6
2005-06-19,11.8,1.12,19.4,24.8,16.7,72.5,1.2
2005-06-20,0.0,1.12,21.7,27.4,16.7,62.5,1.7
2005-06-21,3.9,1.34,19.3,23.9,17.3,68.5,1.7
2005-06-22,0.0,1.7,16.8,20.7,15.2,73.5,2.5
2005-06-23,0.0,1.28,16.6,20.3,14.1,69.0,2.1
2005-06-24,0.0,1.19,18.2,23.9,13.6,58.8,1.1
2005-06-25,0.0,1.16,18.2,23.3,14.2,57.8,1.0
2005-06-26,0.0,1.14,18.3,23.8,15.0,61.8,1.4
2005-06-27,0.0,1.12,19.2,24.6,14.2,64.3,1.7
2005-06-28,0.0,1.11,20.1,23.7,16.7,73.0,1.5
2005-06-29,0.0,1.11,19.8,23.7,17.3,72.0,1.8
2005-06-30,0.0,1.09,20.6,26.6,17.0,65.5,0.5
2005-07-01,0.0,1.09,21.2,26.2,16.9,62.0,1.8
2005-07-02,0.0,1.08,20.3,25.5,16.7,58.3,1.2
2005-07-03,0.0,1.08,19.9,25.7,15.4,48.3,1.3
2005-07-04,0.0,1.06,19.5,25.4,14.6,57.5,0.5
2005-07-05,0.0,1.06,19.9,26.0,14.7,51.5,0.9
2005-07-06,0.0,1.05,20.9,26.4,15.8,52.5,1.3
2005-07-07,0.0,1.05,16.4,21.3,14.0,72.5,2.2
2005-07-08,0.0,1.05,14.9,19.5,13.0,62.5,3.6
2005-07-09,0.0,1.05,14.6,20.5,11.0,51.8,2.0
2005-07-10,0.0,1.03,15.4,18.8,11.2,73.8,0.9
2005-07-11,0.0,1.03,16.4,20.1,13.4,66.0,1.6
2005-07-12,0.0,1.03,17.3,22.3,14.8,61.5,2.3
2005-07-13,0.0,1.01,17.5,23.5,13.6,50.5,1.5
2005-07-14,0.0,1.01,17.7,21.9,14.8,55.5,2.1
2005-07-15,0.0,1.0,17.5,22.4,15.3,68.5,1.9
2005-07-16,0.0,1.0,18.5,24.4,14.8,63.8,2.3
2005-07-17,0.0,1.0,20.3,26.7,14.7,54.5,1.3
2005-07-18,0.0,0.99,22.5,28.5,16.3,47.8,1.4
2005-07-19,0.0,0.99,19.2,23.5,17.7,69.5,0.6
2005-07-20,2.3,0.99,18.2,22.9,16.7,73.3,0.7
2005-07-21,0.0,0.99,18.7,23.7,15.9,63.8,1.5
2005-07-22,0.0,0.97,19.3,24.4,15.6,59.3,1.6
2005-07-23,0.0,0.97,19.7,25.2,16.0,58.3,0.4
2005-07-24,0.0,0.97,20.2,25.6,15.6,59.8,1.6
2005-07-25,0.0,0.95,21.2,27.4,16.4,54.3,1.6
2005-07-26,0.0,0.95,22.1,27.8,17.3,56.0,1.2
2005-07-27,0.6,0.95,19.8,24.7,17.5,69.5,1.9
2005-07-28,0.4,0.94,20.2,25.5,16.0,62.0,1.7
2005-07-29,0.0,0.94,20.0,25.2,16.7,54.0,1.2
2005-07-30,0.0,0.94,19.9,25.2,15.8,53.8,2.2
2005-07-31,0.0,0.92,19.5,24.3,16.5,51.8,2.6
2005-08-01,0.0,0.92,18.3,24.0,14.6,54.3,1.5
2005-08-02,0.0,0.91,19.0,24.6,15.0,46.8,2.3
2005-08-03,0.0,0.91,19.0,23.1,15.2,51.8,2.1
2005-08-04,0.0,0.91,19.3,24.8,14.8,51.3,1.9
2005-08-05,0.0,0.89,19.1,23.9,15.4,54.5,1.7
2005-08-06,0.0,0.89,20.2,26.1,16.6,53.3,2.0
2005-08-07,0.0,0.89,19.1,24.1,15.7,53.5,2.4
2005-08-08,0.0,0.87,19.5,25.2,15.0,49.5,2.0
2005-08-09,0.0,0.87,20.3,25.4,17.3,52.0,0.7
2005-08-10,0.0,0.87,20.6,26.6,15.7,57.8,1.5
2005-08-11,5.8,0.86,21.3,27.3,16.7,60.8,1.3
2005-08-12,0.0,0.86,21.7,26.3,18.9,63.3,2.2
2005-08-13,0.0,0.85,22.2,28.3,18.7,63.5,2.0
2005-08-14,1.0,0.85,21.4,25.6,18.3,57.3,2.1
2005-08-15,0.0,0.85,21.0,25.9,18.1,55.8,3.0
2005-08-16,0.0,0.85,20.0,25.6,17.5,65.5,2.6
2005-08-17,0.6,0.85,20.4,25.8,17.3,65.3,1.7
2005-08-18,1.8,0.84,21.1,26.7,17.1,58.5,2.8
2005-08-19,0.1,0.84,21.1,26.0,17.3,54.3,3.1
2005-08-20,0.0,0.83,20.4,24.8,17.3,57.0,1.9
2005-08-21,0.0,0.83,20.3,25.4,16.8,48.8,2.7
2005-08-22,0.0,0.82,19.9,24.8,16.4,53.0,2.5
2005-08-23,0.0,0.81,20.7,26.8,16.3,44.3,1.3
2005-08-24,0.0,0.8,22.5,29.6,15.9,42.5,1.4
2005-08-25,0.0,0.8,24.3,31.3,18.2,47.5,1.5
2005-08-26,0.0,0.8,21.7,26.8,19.3,60.5,2.1
2005-08-27,0.0,0.79,22.2,27.2,18.1,49.3,2.0
2005-08-28,0.0,0.79,22.1,28.1,18.0,50.8,0.4
2005-08-29,0.0,0.78,22.7,25.1,17.5,45.5,1.2
2005-08-30,0.0,0.77,25.7,33.6,19.1,41.0,1.5
2005-08-31,0.0,0.77,25.8,33.4,20.9,50.3,1.7
2005-09-01,0.0,0.77,22.8,28.0,19.7,55.0,2.1
2005-09-02,0.0,0.76,22.9,29.2,19.3,65.0,1.3
2005-09-03,5.3,0.76,22.7,28.8,19.9,58.0,2.6
2005-09-04,0.0,0.75,21.7,26.4,18.3,53.3,1.8
2005-09-05,0.0,0.75,21.0,25.0,18.3,63.3,1.5
2005-09-06,0.0,0.76,23.6,29.4,17.9,56.8,1.1
2005-09-07,0.1,0.86,20.0,29.2,14.3,71.3,1.2
2005-09-08,9.1,0.85,21.1,26.8,14.0,62.8,3.9
2005-09-09,0.1,0.81,20.2,24.9,18.2,65.5,3.0
2005-09-10,0.0,0.78,20.9,26.2,17.5,62.3,3.0
2005-09-11,0.0,0.77,22.4,28.5,17.7,53.0,1.6
2005-09-12,0.0,0.76,23.5,29.5,17.9,45.0,1.5
2005-09-13,0.0,0.74,22.1,26.8,19.3,59.5,2.1
2005-09-14,0.0,0.73,20.6,24.5,17.8,66.5,3.2
2005-09-15,0.0,0.73,21.3,26.5,18.3,61.0,1.9
2005-09-16,0.0,0.72,24.5,31.1,18.9,99.8,2.5
2005-09-17,0.0,0.72,24.4,28.9,21.4,57.5,1.9
2005-09-18,60.9,0.73,20.0,24.6,17.7,79.8,1.2
2005-09-19,1.9,0.73,20.7,24.8,18.3,72.8,0.9
2005-09-20,0.0,0.76,24.0,30.4,17.9,53.0,1.7
2005-09-21,0.0,0.74,21.8,29.6,17.3,50.5,1.7
2005-09-22,0.0,0.73,21.6,27.3,16.3,51.0,1.6
2005-09-23,0.0,0.77,21.3,27.2,18.5,63.0,2.7
2005-09-24,0.0,0.75,22.8,29.1,18.0,61.0,2.0
2005-09-25,0.0,0.92,21.8,28.0,19.0,75.3,1.1
2005-09-26,54.1,1.7,21.2,23.6,18.7,81.5,0.6
2005-09-27,0.1,2.25,18.1,21.9,16.7,76.0,1.8
2005-09-28,0.0,2.0,17.8,21.5,15.4,71.5,2.8
2005-09-29,0.0,1.57,19.4,25.1,15.4,63.3,2.2
2005-09-30,0.4,1.08,20.9,27.2,16.0,55.8,2.1
2005-10-01,0.0,0.85,22.8,29.6,17.7,52.8,1.1
2005-10-02,0.0,0.78,22.1,27.4,20.1,62.0,2.1
2005-10-03,0.0,0.76,20.6,24.8,18.8,68.3,2.7
2005-10-04,0.0,0.73,22.6,29.2,17.9,58.5,1.7
2005-10-05,0.0,0.73,24.3,30.2,19.3,55.0,2.8
2005-10-06,0.0,0.71,24.7,29.7,21.7,62.3,1.9
2005-10-07,0.0,0.7,24.1,29.0,21.6,50.3,1.8
2005-10-08,0.0,0.69,23.3,29.0,19.9,41.5,3.3
2005-10-09,0.0,0.69,24.1,31.0,18.9,48.3,1.5
2005-10-10,0.0,0.68,23.9,30.2,20.1,43.3,2.5
2005-10-11,0.0,0.68,24.2,30.4,20.1,44.5,2.7
2005-10-12,0.0,0.67,25.1,31.9,20.0,41.5,2.4
2005-10-13,0.0,0.66,25.6,31.6,21.1,40.0,2.1
2005-10-14,0.0,0.66,27.2,33.6,21.5,38.3,1.5
2005-10-15,0.0,0.66,28.4,34.3,22.4,33.8,1.1
2005-10-16,0.0,0.65,26.0,31.5,21.6,45.5,3.2
2005-10-17,0.0,0.64,27.8,34.6,22.4,26.8,1.8
2005-10-18,0.0,0.64,28.3,34.9,22.3,27.0,1.5
2005-10-19,0.0,0.63,22.9,28.8,20.3,64.3,3.2
2005-10-20,0.0,0.63,22.6,26.9,19.5,50.3,2.5
2005-10-21,0.0,0.63,23.8,29.6,19.7,39.3,2.7
2005-10-22,0.0,0.63,24.2,28.9,19.7,48.8,2.3
2005-10-23,0.0,0.62,25.0,30.8,21.9,54.3,1.4
2005-10-24,0.0,0.62,25.1,29.5,22.3,56.5,3.2
2005-10-25,0.0,0.62,25.1,28.6,21.8,52.5,1.0
2005-10-26,0.0,0.63,26.2,34.3,21.6,56.3,1.3
2005-10-27,7.1,0.64,25.5,31.6,21.6,60.0,0.7
2005-10-28,0.1,0.63,26.2,31.0,23.1,59.8,0.6
2005-10-29,0.0,0.69,24.5,30.8,20.5,63.0,0.9
2005-10-30,12.8,0.98,22.2,24.1,20.7,76.8,1.8
2005-10-31,2.7,1.16,21.8,25.6,20.1,81.0,1.1
2005-11-01,27.8,1.16,22.0,26.4,19.2,73.0,2.0
2005-11-02,3.5,1.32,19.9,23.1,17.5,81.0,1.4
2005-11-03,3.8,1.77,20.8,27.0,18.3,78.3,1.9
2005-11-04,8.3,1.82,21.3,27.8,18.5,76.8,2.2
2005-11-05,8.8,1.43,23.1,28.5,18.9,68.8,1.6
2005-11-06,4.6,1.31,23.4,27.6,20.4,65.8,1.8
2005-11-07,1.5,1.65,24.0,29.4,21.6,67.3,1.5
2005-11-08,12.8,2.01,22.2,27.8,19.5,70.0,1.1
2005-11-09,28.9,1.67,20.7,24.3,18.8,72.3,2.4
2005-11-10,12.6,1.42,17.6,20.9,16.0,85.0,2.2
2005-11-11,14.4,1.52,16.9,19.2,14.0,78.3,2.0
2005-11-12,0.8,1.44,17.2,18.6,16.3,80.5,2.3
2005-11-13,3.8,1.22,19.8,24.4,16.7,67.8,1.8
2005-11-14,0.0,0.99,21.1,24.0,17.5,58.0,1.2
2005-11-15,0.0,0.81,23.3,29.0,18.6,58.0,2.1
2005-11-16,0.0,0.78,24.5,30.8,20.1,56.5,1.5
2005-11-17,0.1,0.81,22.7,30.1,19.7,77.0,1.5
2005-11-18,19.8,1.06,21.2,22.3,19.7,82.0,0.5
2005-11-19,21.3,1.53,22.2,27.2,19.3,84.0,1.9
2005-11-20,39.9,2.17,23.0,29.1,19.1,72.5,1.5
2005-11-21,1.2,2.84,21.6,24.3,19.7,73.8,2.7
2005-11-22,0.0,2.82,20.7,24.3,18.9,77.3,2.1
2005-11-23,0.0,2.17,21.7,26.5,19.3,84.3,1.2
2005-11-24,12.3,1.91,22.0,25.4,19.3,80.0,1.1
2005-11-25,3.9,1.84,21.3,24.5,20.2,91.0,1.5
2005-11-26,22.8,2.7,20.9,23.3,19.8,83.8,1.9
2005-11-27,19.3,4.31,19.7,23.5,17.1,73.5,1.9
2005-11-28,0.3,4.04,20.2,23.5,18.2,78.3,3.5
2005-11-29,0.0,3.17,21.1,23.4,19.5,74.3,2.8
2005-11-30,0.0,2.32,21.4,24.1,18.5,70.3,1.1
2005-12-01,0.8,1.81,22.9,28.6,19.9,75.8,0.9
2005-12-02,2.5,2.27,23.3,28.1,20.1,76.3,1.4
2005-12-03,4.3,3.2,20.7,23.5,19.1,69.3,2.6
2005-12-04,0.1,2.6,20.4,26.4,17.1,69.8,1.9
2005-12-05,0.0,1.82,22.5,28.2,17.4,62.3,1.8
2005-12-06,0.0,1.86,21.8,25.0,20.4,84.3,0.8
2005-12-07,37.9,2.78,21.1,26.3,19.1,72.5,1.3
2005-12-08,3.4,3.3,17.9,20.7,15.8,79.3,2.4
2005-12-09,2.0,3.75,20.0,24.6,17.1,85.5,1.5
2005-12-10,9.8,3.55,23.3,29.4,18.6,75.3,0.8
2005-12-11,19.0,3.44,20.1,22.5,18.7,90.3,1.2
2005-12-12,37.3,6.0,18.8,21.5,17.1,86.0,0.7
2005-12-13,10.9,8.48,19.5,23.0,17.2,83.5,1.4
2005-12-14,19.8,8.42,19.9,24.0,18.5,88.8,1.3
2005-12-15,62.9,10.04,22.4,27.4,18.3,72.3,1.2
2005-12-16,1.8,10.78,22.9,27.4,19.3,68.0,1.9
2005-12-17,0.0,9.35,21.7,26.7,18.9,67.8,3.0
2005-12-18,0.0,7.79,22.9,29.8,19.5,67.0,1.1
2005-12-19,9.7,6.64,23.0,30.4,19.7,63.3,0.8
2005-12-20,4.5,6.01,25.3,31.7,18.9,47.3,1.4
2005-12-21,0.1,5.03,24.0,31.8,20.3,51.5,1.5
2005-12-22,0.0,3.84,24.0,27.4,20.3,49.8,2.9
2005-12-23,0.0,2.83,23.6,27.8,20.7,51.3,2.7
2005-12-24,0.0,2.0,25.2,31.5,19.3,48.5,1.4
2005-12-25,0.0,1.58,23.7,30.4,20.5,80.8,1.1
2005-12-26,8.8,3.19,19.4,21.1,18.3,80.0,2.2
2005-12-27,3.1,6.96,21.4,25.8,17.3,67.3,1.6
2005-12-28,0.0,7.05,21.9,27.1,19.0,64.0,1.4
2005-12-29,0.0,6.53,21.7,26.0,18.8,66.0,1.7
2005-12-30,0.0,6.55,21.9,27.4,19.3,67.3,1.4
2005-12-31,0.0,6.43,23.0,27.4,18.7,59.5,2.1
2006-01-01,0.0,5.76,23.9,29.4,19.5,60.3,1.6
2006-01-02,0.0,5.15,24.1,28.6,21.6,65.8,0.9
2006-01-03,0.3,4.35,23.6,26.8,21.5,64.3,1.3
2006-01-04,0.0,3.5,23.7,29.8,21.4,67.0,1.0
2006-01-05,15.6,2.83,21.9,25.5,19.1,73.0,1.1
2006-01-06,3.5,2.79,21.9,24.8,18.5,77.0,0.9
2006-01-07,10.8,3.06,23.7,29.4,20.8,72.3,2.6
2006-01-08,0.0,3.29,22.6,25.6,20.5,67.3,1.1
2006-01-09,0.0,2.55,23.7,28.5,20.3,57.0,3.1
2006-01-10,0.0,1.97,23.2,27.8,19.6,57.0,2.5
2006-01-11,0.0,1.59,22.4,26.5,19.8,62.5,3.3
2006-01-12,0.0,1.34,22.6,27.8,19.5,60.8,2.5
2006-01-13,0.0,1.19,23.4,28.6,19.7,52.8,2.0
2006-01-14,0.0,1.09,24.2,28.8,20.1,53.3,1.8
2006-01-15,0.0,1.06,24.2,29.4,20.3,56.8,2.0
2006-01-16,0.0,1.06,24.6,30.2,21.1,52.8,2.0
2006-01-17,0.0,1.05,24.5,29.6,21.1,54.8,1.3
2006-01-18,0.0,1.05,24.2,29.1,20.0,51.3,2.3
2006-01-19,0.0,1.03,24.2,29.5,19.9,54.0,2.0
2006-01-20,0.0,1.03,24.3,29.1,20.9,52.0,1.8
2006-01-21,0.0,1.03,24.0,29.6,19.7,46.8,2.0
2006-01-22,0.0,1.01,25.4,31.0,20.7,48.0,1.3
2006-01-23,0.0,1.0,27.0,33.2,20.7,43.0,0.9
2006-01-24,0.0,1.0,28.0,33.8,22.4,39.8,2.1
2006-01-25,0.0,1.0,28.9,35.1,23.8,36.5,2.0
2006-01-26,0.0,1.0,29.2,35.4,23.8,39.5,1.0
2006-01-27,0.0,1.12,26.6,34.1,23.8,57.8,2.8
2006-01-28,53.8,1.5,24.5,30.1,19.9,66.5,0.9
2006-01-29,27.6,1.28,22.8,28.7,19.5,78.3,1.1
2006-01-30,12.6,1.12,23.1,27.9,19.8,72.3,1.3
2006-01-31,0.0,1.09,22.9,29.8,19.7,79.3,1.1
2006-02-01,35.4,1.06,23.8,27.4,19.9,67.8,0.9
2006-02-02,0.5,1.03,24.9,29.0,21.6,55.5,1.6
2006-02-03,0.0,1.03,24.2,29.2,21.4,53.8,1.9
2006-02-04,0.0,1.0,25.1,29.8,20.9,47.8,1.5
2006-02-05,0.0,1.0,25.2,30.4,21.0,50.0,2.8
2006-02-06,0.0,0.97,25.7,31.1,21.6,45.5,5.1
2006-02-07,0.0,0.97,27.2,32.4,22.0,45.5,1.6
2006-02-08,0.0,0.97,27.8,32.9,23.5,55.3,1.9
2006-02-09,4.2,0.97,26.2,32.3,22.0,61.8,0.7
2006-02-10,4.8,1.16,23.1,29.8,20.5,78.5,1.2
2006-02-11,10.6,1.62,23.7,27.9,20.5,84.8,0.6
2006-02-12,31.5,2.44,21.9,26.1,18.3,78.8,2.3
2006-02-13,12.8,3.12,24.3,28.8,19.5,66.8,1.3
2006-02-14,0.0,2.94,25.0,31.7,22.0,68.8,1.5
2006-02-15,0.0,2.16,26.0,31.4,22.6,64.0,2.1
2006-02-16,0.0,1.75,25.0,27.6,23.6,69.0,2.0
2006-02-17,0.0,1.4,24.9,29.4,22.4,58.3,2.3
2006-02-18,0.0,1.16,25.8,31.3,21.7,51.8,1.5
2006-02-19,0.0,1.03,26.3,31.4,22.8,50.5,2.0
2006-02-20,0.0,1.0,26.3,31.6,22.6,54.8,1.5
2006-02-21,0.0,1.0,26.6,31.6,22.0,51.5,1.3
2006-02-22,0.0,1.09,25.0,30.5,22.4,63.3,2.3
2006-02-23,0.0,1.5,23.3,27.3,21.3,75.5,2.0
2006-02-24,0.3,1.94,23.7,29.8,20.0,69.3,2.2
2006-02-25,5.5,1.69,25.3,30.0,21.6,66.3,4.7
2006-02-26,1.9,1.69,23.7,31.1,20.8,77.0,1.7
2006-02-27,5.8,1.88,24.6,28.8,21.8,71.8,0.9
2006-02-28,11.5,2.4,24.3,29.7,21.6,70.8,1.9
2006-03-01,0.0,3.75,23.8,29.2,21.7,80.8,1.6
2006-03-02,1.8,4.28,24.1,29.1,21.4,77.5,0.6
2006-03-03,0.0,4.06,24.3,31.2,20.8,77.0,2.9
2006-03-04,16.6,3.88,24.8,31.4,21.3,76.8,1.0
2006-03-05,1.5,3.88,23.4,30.8,20.9,79.0,1.7
2006-03-06,22.1,4.35,22.3,28.5,20.1,82.8,1.4
2006-03-07,16.3,4.87,22.2,27.7,18.8,80.0,0.7
2006-03-08,6.8,4.69,24.2,30.6,20.3,67.5,1.3
2006-03-09,15.7,3.94,23.8,28.5,20.1,69.3,1.6
2006-03-10,18.7,3.59,24.2,28.7,20.7,75.0,1.1
2006-03-11,26.8,4.31,21.7,26.4,19.7,89.8,0.5
2006-03-12,46.0,4.31,22.0,25.8,19.9,70.0,0.8
2006-03-13,0.0,3.38,22.3,25.3,19.3,70.0,1.9
2006-03-14,0.0,2.91,23.3,27.1,21.6,72.3,1.5
2006-03-15,0.1,3.91,21.7,24.6,20.3,83.3,1.3
2006-03-16,15.3,5.71,21.3,22.5,20.3,85.0,1.2
2006-03-17,15.6,4.97,22.2,25.8,19.5,72.5,1.9
2006-03-18,1.1,4.15,22.2,27.2,20.1,76.8,1.8
2006-03-19,61.0,4.09,21.4,24.4,18.6,81.3,2.4
2006-03-20,0.9,3.84,22.5,27.8,19.5,76.0,1.5
2006-03-21,1.5,3.25,23.8,29.5,19.5,68.5,1.5
2006-03-22,7.5,2.56,23.7,27.9,20.5,61.8,2.8
2006-03-23,0.0,2.06,23.9,30.3,20.5,65.0,1.8
2006-03-24,0.0,1.69,24.6,30.8,20.3,63.8,1.3
2006-03-25,0.0,1.47,25.4,30.5,20.9,63.0,2.0
2006-03-26,3.5,1.59,23.1,29.2,19.9,80.8,0.8
2006-03-27,28.1,1.88,23.3,27.8,20.1,61.0,1.5
2006-03-28,0.0,1.56,23.7,29.3,18.9,54.8,1.2
2006-03-29,0.0,1.31,24.9,29.6,20.3,61.5,1.0
2006-03-30,0.1,1.31,24.1,29.6,21.4,71.5,0.6
2006-03-31,1.6,1.47,22.8,27.5,20.3,68.0,1.6
2006-04-01,0.0,1.47,22.0,25.7,19.1,69.8,2.1
2006-04-02,0.0,1.28,23.0,28.0,19.1,67.0,1.2
2006-04-03,0.0,1.22,22.9,28.2,20.5,67.3,1.7
2006-04-04,0.0,1.22,22.0,26.6,19.1,61.5,1.3
2006-04-05,0.0,1.19,21.7,26.8,18.1,70.0,0.9
2006-04-06,0.0,1.19,22.4,27.3,18.2,63.8,1.5
2006-04-07,0.0,1.19,22.2,25.8,19.8,67.3,2.7
2006-04-08,0.0,1.19,22.6,27.2,19.3,75.0,1.4
2006-04-09,23.5,1.34,22.3,26.9,18.7,76.3,1.0
2006-04-10,0.1,1.72,23.1,27.5,20.9,78.8,1.5
2006-04-11,8.8,1.84,24.3,29.2,20.5,66.3,1.5
2006-04-12,1.6,1.47,23.6,30.5,20.1,68.8,1.9
2006-04-13,0.5,1.25,24.5,30.4,20.2,58.5,1.0
2006-04-14,0.0,1.19,24.1,30.2,19.9,58.3,1.1
2006-04-15,0.0,1.16,23.3,25.4,20.7,63.0,1.6
2006-04-16,0.0,1.16,24.7,29.2,20.3,59.8,1.6
2006-04-17,0.0,1.47,21.6,25.4,19.9,77.8,1.5
2006-04-18,7.5,2.16,17.8,20.4,16.9,77.0,2.3
2006-04-19,2.3,2.34,17.7,20.4,15.4,83.0,1.9
2006-04-20,5.7,2.06,19.3,24.4,15.4,70.8,1.5
2006-04-21,0.0,1.56,20.5,26.4,16.7,64.8,1.7
2006-04-22,0.0,1.28,21.9,28.4,15.6,60.8,1.3
2006-04-23,0.0,1.19,23.9,29.4,18.3,58.3,0.7
2006-04-24,0.0,1.19,23.9,29.1,19.5,57.3,1.4
2006-04-25,0.0,1.16,22.4,26.8,20.1,64.3,1.6
2006-04-26,0.0,1.16,23.1,28.8,18.9,57.5,1.0
2006-04-27,0.0,1.12,23.7,29.2,19.0,60.0,1.2
2006-04-28,2.1,1.12,22.6,28.8,19.5,68.0,1.6
2006-04-29,5.2,1.12,22.0,27.6,19.0,69.3,1.5
2006-04-30,3.8,1.12,21.3,27.2,18.9,77.5,1.6
2006-05-01,3.8,1.12,22.0,27.4,18.2,70.5,1.4
2006-05-02,5.6,1.12,22.6,27.7,18.9,67.0,1.4
2006-05-03,0.1,1.09,22.9,28.3,18.9,59.0,1.2
2006-05-04,0.0,1.09,22.3,28.2,17.7,52.3,2.3
2006-05-05,0.0,1.09,21.7,28.4,16.9,56.5,1.7
2006-05-06,0.0,1.09,20.1,26.4,15.4,54.0,1.6
2006-05-07,0.0,1.06,19.7,25.3,16.0,62.5,1.3
2006-05-08,0.0,1.06,19.4,23.5,16.3,62.8,1.7
2006-05-09,0.0,1.06,20.5,25.7,17.3,65.3,1.2
2006-05-10,0.0,1.06,19.4,26.1,16.8,73.5,2.1
2006-05-11,12.8,1.19,19.2,24.8,16.7,73.0,1.4
2006-05-12,0.0,1.22,19.2,25.4,14.8,52.5,1.1
2006-05-13,0.0,1.12,19.4,25.4,14.4,53.8,1.3
2006-05-14,0.0,1.09,19.3,25.5,15.2,61.5,2.0
2006-05-15,0.0,1.06,19.9,25.4,16.0,62.0,1.3
2006-05-16,0.0,1.06,18.6,23.7,15.4,64.0,0.9
2006-05-17,0.0,1.03,18.1,23.3,14.6,54.5,2.0
2006-05-18,0.0,1.03,17.4,22.8,13.7,51.8,1.5
2006-05-19,0.0,1.03,17.4,23.2,13.1,50.8,1.2
2006-05-20,0.0,1.03,17.9,23.9,13.0,53.0,1.6
2006-05-21,0.0,1.0,19.6,25.5,14.0,56.3,1.1
2006-05-22,0.0,1.0,21.5,26.8,16.7,56.0,0.8
2006-05-23,0.0,1.03,20.7,25.8,17.6,66.5,1.3
2006-05-24,0.0,1.03,18.9,22.4,17.6,71.8,1.6
2006-05-25,0.0,1.0,18.6,22.9,15.5,70.8,1.6
2006-05-26,0.0,1.0,20.0,25.8,15.8,63.0,1.0
2006-05-27,0.0,1.0,20.5,26.4,16.0,62.8,1.0
2006-05-28,0.0,1.0,21.2,28.6,15.4,57.0,1.1
2006-05-29,0.0,0.97,21.8,27.8,16.9,55.0,1.3
2006-05-30,0.0,0.97,21.1,27.5,17.1,60.5,1.1
2006-05-31,0.0,0.97,20.9,26.8,15.6,55.0,1.3
2006-06-01,0.0,0.97,21.7,27.6,16.5,54.5,0.6
2006-06-02,0.0,0.94,19.0,23.4,15.7,61.0,2.0
2006-06-03,0.0,0.94,17.6,22.1,14.0,59.3,1.6
2006-06-04,0.0,0.94,16.1,18.8,14.2,57.3,1.8
2006-06-05,0.0,0.94,17.2,22.7,12.2,55.0,0.9
2006-06-06,0.0,0.94,18.6,24.1,13.2,57.5,0.9
2006-06-07,0.0,0.94,18.7,23.7,14.2,57.3,1.7
2006-06-08,0.0,0.91,18.5,22.6,15.2,60.8,2.0
2006-06-09,0.0,0.91,18.3,21.3,15.4,67.5,1.6
2006-06-10,0.0,0.91,18.3,23.0,15.0,69.8,2.2
2006-06-11,0.0,0.91,19.7,26.2,14.6,55.3,1.7
2006-06-12,0.0,0.91,20.1,25.5,15.4,62.3,2.0
2006-06-13,0.0,0.91,18.1,21.7,16.3,71.0,1.2
2006-06-14,0.0,0.87,18.2,23.5,14.2,59.3,1.6
2006-06-15,0.0,0.87,17.6,24.8,12.0,54.0,0.9
2006-06-16,0.0,0.87,19.2,26.2,12.6,48.0,1.8
2006-06-17,0.0,0.87,19.6,25.2,15.6,54.5,1.9
2006-06-18,0.0,0.87,18.2,22.3,15.7,57.0,1.9
2006-06-19,0.0,0.85,17.8,22.5,13.8,62.8,2.0
2006-06-20,0.0,0.85,17.2,20.2,14.9,64.8,1.9
2006-06-21,0.0,0.85,18.1,22.5,14.4,63.5,1.6
2006-06-22,1.1,0.85,18.2,22.2,15.6,72.5,2.9
2006-06-23,0.0,0.85,19.0,23.9,15.2,60.8,1.6
2006-06-24,0.0,0.85,17.9,22.6,14.8,65.8,2.6
2006-06-25,0.0,0.83,18.2,22.0,15.5,65.8,2.1
2006-06-26,0.0,0.83,18.7,26.1,14.7,68.3,1.9
2006-06-27,2.3,0.83,19.8,24.6,15.8,62.3,1.0
2006-06-28,0.0,0.81,16.3,22.6,12.1,60.5,1.4
2006-06-29,0.0,0.81,15.6,18.8,13.6,76.8,1.4
2006-06-30,0.0,0.81,17.3,22.2,14.2,70.8,1.4
2006-07-01,0.0,0.8,17.7,22.3,13.5,54.0,2.9
2006-07-02,0.0,0.8,17.3,22.6,14.0,59.5,2.5
2006-07-03,0.0,0.8,16.9,21.1,13.8,65.0,1.1
2006-07-04,0.0,0.8,16.4,20.3,13.9,71.8,0.8
2006-07-05,0.0,0.78,18.0,23.9,11.8,56.5,1.0
2006-07-06,0.0,0.78,17.9,22.0,13.2,56.0,1.2
2006-07-07,0.0,0.78,17.8,24.4,13.6,60.8,1.5
2006-07-08,0.0,0.77,19.0,26.8,12.4,56.3,1.0
2006-07-09,0.0,0.77,20.5,28.3,14.2,47.3,0.8
2006-07-10,0.0,0.75,21.2,29.0,15.0,48.8,0.7
2006-07-11,0.0,0.75,20.0,25.0,16.7,60.3,1.7
2006-07-12,0.0,0.75,18.5,23.6,15.4,56.0,2.6
2006-07-13,0.0,0.75,18.5,23.5,15.0,57.5,2.2
2006-07-14,0.0,0.73,17.7,22.3,14.6,55.5,2.1
2006-07-15,0.0,0.73,17.9,22.8,13.8,56.5,1.6
2006-07-16,0.0,0.73,18.2,23.3,13.8,53.8,2.6
2006-07-17,0.0,0.72,18.9,25.1,14.9,57.3,1.5
2006-07-18,0.0,0.72,18.0,23.7,13.8,52.0,2.3
2006-07-19,0.0,0.72,18.7,25.4,12.6,45.3,1.4
2006-07-20,0.0,0.7,19.3,26.6,12.8,39.0,0.8
2006-07-21,0.0,0.7,20.2,26.8,14.0,40.3,1.2
2006-07-22,0.0,0.7,20.0,26.4,14.6,41.3,1.1
2006-07-23,0.0,0.69,19.8,27.2,13.8,41.3,1.1
2006-07-24,0.0,0.69,20.8,27.8,13.8,35.3,1.2
2006-07-25,0.0,0.69,20.7,27.6,14.4,45.3,1.3
2006-07-26,0.0,0.69,21.0,28.2,15.0,40.3,1.3
2006-07-27,0.0,0.67,21.1,28.6,13.8,38.0,1.2
2006-07-28,0.0,0.67,22.4,30.0,16.3,41.0,1.2
2006-07-29,0.0,0.67,23.5,29.4,17.5,41.3,1.2
2006-07-30,0.0,0.66,22.0,28.8,19.1,63.0,1.7
2006-07-31,7.1,0.73,19.3,22.9,17.9,76.5,1.7
2006-08-01,0.0,0.73,21.1,27.8,16.7,64.0,1.7
2006-08-02,0.0,0.89,21.7,29.0,16.9,58.8,2.0
2006-08-03,0.0,0.95,21.2,25.6,18.5,65.3,1.2
2006-08-04,0.0,0.83,21.9,27.3,18.3,59.0,0.9
2006-08-05,0.0,0.75,21.4,27.4,17.3,57.8,1.4
2006-08-06,0.0,0.7,21.1,26.6,17.5,56.5,1.0
2006-08-07,0.0,0.69,20.7,25.4,17.5,55.5,1.9
2006-08-08,0.0,0.67,20.9,27.6,17.0,44.0,2.0
2006-08-09,0.0,0.66,21.2,27.8,15.6,44.5,1.5
2006-08-10,0.0,0.66,21.9,28.7,16.5,52.5,0.9
2006-08-11,0.0,0.64,21.4,26.8,17.7,50.3,1.5
2006-08-12,0.0,0.64,20.5,25.4,16.8,51.3,1.9
2006-08-13,0.0,0.63,21.2,27.4,17.3,52.5,1.5
2006-08-14,0.0,0.63,21.1,27.6,16.3,53.0,1.7
2006-08-15,0.0,0.63,21.9,28.8,16.5,51.3,1.4
2006-08-16,0.0,0.61,23.1,30.0,17.0,45.8,1.4
2006-08-17,0.0,0.58,24.8,31.4,18.5,38.5,1.6
2006-08-18,0.0,0.58,22.5,28.3,18.8,52.5,2.1
2006-08-19,0.0,0.57,23.8,30.9,18.5,47.3,1.0
2006-08-20,0.0,0.57,21.8,26.8,18.8,56.0,1.5
2006-08-21,0.0,0.56,22.2,29.0,17.3,30.8,1.0
2006-08-22,0.0,0.58,18.0,23.0,14.9,67.0,3.1
2006-08-23,0.0,0.58,20.6,27.8,15.8,54.3,1.0
2006-08-24,0.0,0.57,22.0,28.5,16.6,47.3,2.2
2006-08-25,0.0,0.56,21.3,26.7,17.5,49.3,2.6
2006-08-26,0.0,0.56,20.0,25.8,17.1,57.5,2.7
2006-08-27,0.0,0.55,20.3,25.4,17.3,61.5,1.1
2006-08-28,0.0,0.55,19.9,22.7,18.3,79.0,1.0
2006-08-29,15.2,0.56,20.4,27.8,17.3,68.0,1.4
2006-08-30,0.0,0.56,16.0,20.4,12.8,62.5,2.1
2006-08-31,0.0,0.55,18.2,22.9,13.6,57.5,1.7
2006-09-01,0.0,0.54,22.0,29.5,15.4,49.5,1.2
2006-09-02,0.0,0.55,18.6,22.8,16.8,81.3,1.3
2006-09-03,3.5,0.54,21.6,28.4,16.3,57.0,1.3
2006-09-04,0.0,0.61,22.9,28.8,19.7,58.8,1.3
2006-09-05,1.3,0.58,17.8,26.8,14.2,63.0,1.8
2006-09-06,0.0,0.57,14.8,18.2,12.4,67.8,2.3
2006-09-07,0.0,0.56,15.9,20.7,12.8,66.0,3.6
2006-09-08,0.0,0.54,18.2,23.9,14.2,55.5,1.7
2006-09-09,0.0,0.52,18.1,25.0,13.3,51.3,2.2
2006-09-10,0.0,0.52,20.2,26.2,15.4,50.8,2.7
2006-09-11,0.0,0.51,21.6,27.1,17.5,56.3,2.2
2006-09-12,0.0,0.5,21.6,28.8,16.9,48.0,1.4
2006-09-13,0.0,0.5,22.3,29.9,16.9,39.5,1.8
2006-09-14,0.0,0.49,23.0,30.0,16.0,38.0,0.8
2006-09-15,0.0,0.49,23.6,31.4,16.0,40.8,1.3
2006-09-16,0.0,0.49,25.7,33.0,18.9,38.5,2.2
2006-09-17,0.0,0.48,24.3,30.7,19.7,45.8,2.1
2006-09-18,0.0,0.55,22.2,29.6,18.7,61.3,1.5
2006-09-19,7.8,0.56,20.2,24.4,17.3,70.0,2.9
2006-09-20,0.0,0.54,22.4,27.8,17.5,67.0,1.7
2006-09-21,0.0,0.64,21.8,26.1,17.6,69.3,1.3
2006-09-22,0.0,0.91,21.6,25.0,19.5,81.0,0.9
2006-09-23,45.5,0.89,23.8,30.2,18.3,61.5,1.3
2006-09-24,7.5,0.7,21.7,27.2,19.1,72.0,1.3
2006-09-25,1.3,0.59,21.3,27.5,18.4,73.3,2.6
2006-09-26,0.3,0.55,19.8,23.9,18.3,72.0,1.5
2006-09-27,0.0,0.54,18.8,23.0,16.3,60.0,3.0
2006-09-28,0.0,0.52,19.8,25.0,14.8,52.5,1.0
2006-09-29,0.0,0.5,22.9,30.4,16.0,47.5,1.8
2006-09-30,0.0,0.49,22.1,27.2,19.3,61.5,2.1
2006-10-01,0.2,0.49,21.0,23.8,19.3,66.3,3.1
2006-10-02,0.0,0.58,19.9,22.5,18.5,81.0,0.4
2006-10-03,3.0,0.58,21.5,25.7,18.1,70.0,1.2
2006-10-04,0.0,0.65,24.1,28.6,19.3,54.5,1.5
2006-10-05,0.0,0.63,23.7,27.9,20.5,62.3,2.1
2006-10-06,0.0,0.56,23.1,26.6,20.5,65.0,2.0
2006-10-07,0.0,0.73,20.8,23.0,19.9,83.5,0.9
2006-10-08,3.1,0.7,22.3,26.8,18.5,68.5,1.6
2006-10-09,0.0,0.81,20.9,24.0,19.6,81.5,1.0
2006-10-10,6.8,0.7,20.4,22.5,18.9,65.3,3.0
2006-10-11,0.1,0.6,21.7,26.8,18.3,60.8,1.5
2006-10-12,0.0,0.54,23.8,30.4,18.9,63.8,1.5
2006-10-13,0.0,0.8,23.0,27.7,20.3,72.5,1.7
2006-10-14,0.0,1.24,22.7,27.8,19.7,74.8,1.0
2006-10-15,7.8,1.31,23.3,28.3,18.7,65.0,2.4
2006-10-16,0.0,0.96,23.8,28.5,20.5,60.3,2.6
2006-10-17,0.0,0.69,24.2,30.6,21.1,67.8,1.6
2006-10-18,0.0,0.66,23.4,27.4,21.4,69.8,2.8
2006-10-19,4.9,1.97,21.7,23.6,20.5,90.5,1.4
2006-10-20,31.3,3.44,21.5,26.8,18.8,68.5,1.5
2006-10-21,0.1,2.88,19.2,23.3,16.3,67.3,2.0
2006-10-22,0.0,1.9,19.4,24.5,16.5,68.0,2.1
2006-10-23,11.1,1.4,17.9,21.4,16.5,78.0,1.9
2006-10-24,0.2,1.11,17.9,22.7,14.7,69.5,3.0
2006-10-25,0.0,0.81,20.4,25.0,16.5,62.5,1.0
2006-10-26,0.0,0.63,22.6,28.6,17.6,60.3,0.8
2006-10-27,0.0,0.56,25.7,31.4,20.0,51.3,1.4
2006-10-28,1.3,0.63,23.6,30.2,19.5,66.8,1.7
2006-10-29,0.0,0.59,23.0,29.4,18.7,60.0,2.1
2006-10-30,0.0,0.56,24.2,30.5,19.9,61.0,1.7
2006-10-31,0.0,0.65,25.3,31.0,20.7,57.5,1.2
2006-11-01,0.1,0.95,23.0,27.8,20.7,76.8,2.6
2006-11-02,40.5,1.36,22.7,28.0,20.3,83.8,1.3
2006-11-03,4.0,1.58,22.1,28.1,18.9,81.8,1.4
2006-11-04,36.8,1.81,22.9,26.6,20.5,80.3,1.7
2006-11-05,1.2,1.76,22.2,25.4,19.9,72.5,3.6
2006-11-06,0.0,1.19,23.5,27.6,20.1,74.5,1.1
2006-11-07,0.0,1.43,22.8,27.2,20.3,83.0,0.8
2006-11-08,16.2,2.01,22.2,28.5,18.9,72.8,1.1
2006-11-09,0.3,1.62,20.3,25.0,17.7,75.8,2.4
2006-11-10,2.8,1.65,16.5,19.4,14.6,86.0,2.2
2006-11-11,16.3,2.37,15.7,18.2,14.7,79.0,1.7
2006-11-12,3.8,2.16,15.9,19.9,13.2,75.5,1.9
2006-11-13,0.1,1.74,19.0,24.1,14.6,66.3,1.4
2006-11-14,0.0,1.65,19.4,23.3,15.8,82.3,1.3
2006-11-15,7.5,1.55,21.2,24.4,17.7,63.5,1.2
2006-11-16,0.4,1.44,23.6,29.0,19.3,55.5,1.6
2006-11-17,0.0,1.06,24.5,30.6,18.7,50.8,2.1
2006-11-18,0.0,0.8,24.9,30.8,20.1,57.5,2.2
2006-11-19,11.6,0.83,24.8,30.6,21.1,73.5,1.4
2006-11-20,26.5,1.42,23.5,27.8,19.1,69.3,1.5
2006-11-21,0.0,2.78,23.8,30.5,20.5,67.0,1.8
2006-11-22,29.3,3.65,23.8,29.4,20.3,67.5,1.5
2006-11-23,0.8,3.39,23.4,28.6,21.1,73.5,1.9
2006-11-24,15.7,3.25,23.4,28.6,19.9,66.5,2.4
2006-11-25,0.8,2.69,24.1,29.0,20.6,60.8,2.5
2006-11-26,0.3,1.95,23.6,28.8,20.7,72.8,1.4
2006-11-27,0.0,1.39,23.8,28.4,20.5,66.3,1.4
2006-11-28,16.8,1.17,21.9,26.3,19.9,86.8,1.1
2006-11-29,13.6,1.42,22.0,26.4,19.5,86.8,0.6
2006-11-30,78.3,2.28,21.4,24.8,20.0,90.0,1.0
2006-12-01,48.5,3.97,21.7,24.3,20.1,73.5,2.2
2006-12-02,3.6,5.4,21.5,25.5,18.6,69.5,2.7
2006-12-03,0.0,4.11,23.4,28.2,18.9,62.8,2.2
2006-12-04,0.0,3.0,24.2,29.4,20.3,60.3,1.2
2006-12-05,0.0,2.28,22.4,26.3,20.1,80.0,0.7
2006-12-06,0.0,2.27,24.3,29.4,19.3,65.3,1.5
2006-12-07,8.2,2.52,22.5,28.3,19.9,79.3,2.1
2006-12-08,35.1,3.99,21.7,27.2,18.3,75.3,0.8
2006-12-09,46.8,6.83,21.4,25.8,19.7,90.0,1.4
2006-12-10,2.8,10.07,22.6,26.8,20.1,81.8,1.6
2006-12-11,0.9,9.16,21.5,23.9,20.0,83.3,2.2
2006-12-12,21.3,7.79,21.2,24.7,18.9,80.3,1.8
2006-12-13,3.1,6.85,21.0,23.4,19.5,86.3,1.8
2006-12-14,4.8,8.23,21.7,24.6,19.5,80.8,1.5
2006-12-15,29.3,9.26,20.6,22.5,19.5,89.8,1.2
2006-12-16,17.8,8.73,20.6,23.5,18.8,87.3,1.3
2006-12-17,1.9,8.35,22.8,27.0,19.3,73.8,1.0
2006-12-18,0.3,7.15,24.3,29.4,20.3,61.8,2.0
2006-12-19,0.0,5.98,24.4,30.8,20.4,64.3,1.8
2006-12-20,0.0,4.92,23.0,27.8,19.5,74.5,1.8
2006-12-21,17.8,3.89,24.7,30.4,19.8,60.3,1.6
2006-12-22,0.0,3.02,26.5,32.4,20.9,58.5,1.3
2006-12-23,0.0,2.28,26.9,32.2,23.2,57.0,1.3
2006-12-24,0.0,1.64,27.2,32.1,22.4,46.0,2.0
2006-12-25,0.0,1.45,23.6,29.4,20.8,69.5,1.1
2006-12-26,1.6,2.37,23.9,29.8,20.9,75.0,1.4
2006-12-27,1.3,3.46,22.4,27.7,20.5,86.8,0.8
2006-12-28,13.9,5.73,23.8,29.6,20.5,70.8,1.4
2006-12-29,1.8,11.59,22.6,27.6,20.8,78.3,2.1
2006-12-30,15.5,19.09,22.8,26.6,20.6,74.3,2.2
2006-12-31,3.8,17.54,20.7,22.5,19.3,79.5,1.5
2007-01-01,0.1,15.37,20.7,22.3,19.5,76.5,2.0
2007-01-02,0.0,14.67,20.7,25.4,18.7,85.8,1.1
2007-01-03,45.8,15.79,20.6,22.6,18.9,90.3,1.3
2007-01-04,15.5,18.82,20.7,23.5,19.7,86.8,1.0
2007-01-05,9.8,17.97,20.7,23.3,19.6,92.0,1.1
2007-01-06,18.6,15.41,20.9,25.7,17.9,84.3,0.6
2007-01-07,0.8,13.03,24.2,30.0,20.0,67.5,1.4
2007-01-08,3.6,11.11,24.6,31.4,20.5,62.8,1.3
2007-01-09,7.5,10.4,24.3,31.2,21.1,70.8,1.2
2007-01-10,64.4,12.15,23.9,30.0,20.0,80.3,0.8
2007-01-11,1.3,11.91,24.7,29.7,20.5,73.0,1.2
2007-01-12,1.2,11.33,25.6,31.4,21.1,65.0,1.1
2007-01-13,3.9,10.27,23.5,26.8,22.2,83.5,1.2
2007-01-14,15.2,10.43,22.0,25.2,20.3,88.5,1.4
2007-01-15,4.0,11.74,22.8,28.0,21.1,90.8,1.5
2007-01-16,12.2,12.15,23.1,29.2,20.3,77.8,1.4
2007-01-17,0.2,11.62,25.4,30.8,21.6,60.5,2.0
2007-01-18,0.0,10.04,25.4,30.4,21.8,60.0,1.9
2007-01-19,0.0,8.2,26.1,31.2,20.5,60.3,1.6
2007-01-20,0.2,7.04,24.9,29.7,20.1,62.8,1.2
2007-01-21,8.2,5.67,25.1,30.5,22.4,68.3,2.0
2007-01-22,8.3,5.41,23.8,28.0,22.2,72.8,0.9
2007-01-23,0.1,6.91,21.4,27.0,19.3,86.5,0.8
2007-01-24,23.3,8.35,22.6,28.7,19.2,78.3,1.6
2007-01-25,15.8,9.52,22.6,27.4,20.3,78.0,1.0
2007-01-26,1.5,8.77,24.0,30.9,20.3,70.5,1.2
2007-01-27,30.8,7.91,22.0,28.8,19.9,89.5,0.9
2007-01-28,21.2,7.41,23.8,27.4,20.3,73.8,1.4
2007-01-29,28.3,8.73,21.8,25.9,20.1,84.5,2.0
2007-01-30,24.8,10.14,21.0,22.7,19.6,92.3,1.9
2007-01-31,14.3,11.59,22.2,26.4,20.3,84.3,1.0
2007-02-01,1.3,11.47,23.0,27.8,20.1,77.8,1.3
2007-02-02,0.0,9.79,23.3,29.6,20.5,69.5,1.8
2007-02-03,4.8,9.09,22.5,26.0,19.6,79.5,0.9
2007-02-04,12.1,10.53,23.3,28.7,20.5,76.5,1.4
2007-02-05,2.8,12.09,22.6,28.3,20.5,80.3,1.6
2007-02-06,21.4,13.35,21.4,24.1,19.3,85.3,1.9
2007-02-07,14.9,12.09,23.0,26.8,20.0,72.8,2.3
2007-02-08,0.1,10.3,23.7,28.6,20.7,58.0,1.5
2007-02-09,0.0,8.38,24.2,29.1,20.7,61.3,2.1
2007-02-10,0.0,6.73,25.0,29.7,20.7,54.0,2.4
2007-02-11,0.0,5.32,26.5,31.2,21.4,52.8,2.2
2007-02-12,32.5,4.4,20.8,26.9,18.9,85.8,1.3
2007-02-13,18.8,4.68,19.7,23.1,17.6,77.5,2.5
2007-02-14,2.8,4.61,20.4,24.4,18.7,77.8,2.1
2007-02-15,0.0,5.82,22.4,28.5,18.8,74.8,1.5
2007-02-16,10.3,4.92,24.0,29.3,20.3,62.3,1.3
2007-02-17,0.0,4.0,25.0,29.7,21.6,65.3,1.6
2007-02-18,0.3,3.67,23.6,30.6,21.1,73.5,2.1
2007-02-19,8.2,3.79,23.5,27.1,21.1,72.0,2.5
2007-02-20,0.0,4.22,23.5,27.8,21.3,65.5,1.7
2007-02-21,0.0,3.38,23.6,28.7,20.7,56.3,2.6
2007-02-22,0.0,2.5,23.6,28.7,20.0,55.5,2.6
2007-02-23,0.0,1.82,24.4,29.7,20.8,53.8,1.8
2007-02-24,0.0,1.5,23.0,28.5,19.9,58.0,1.8
2007-02-25,0.0,1.44,23.1,27.8,19.5,59.3,1.8
2007-02-26,0.0,1.47,23.6,28.8,20.9,66.8,2.4
2007-02-27,0.0,1.72,22.6,26.6,20.5,63.5,2.1
2007-02-28,0.0,1.45,23.2,27.8,19.5,56.3,2.2
2007-03-01,0.0,1.36,23.6,28.6,19.9,55.8,1.9
2007-03-02,0.0,1.33,24.2,29.7,20.3,56.5,1.6
2007-03-03,0.0,1.31,23.7,27.9,20.5,59.5,2.7
2007-03-04,0.0,1.3,23.6,28.6,19.7,56.8,2.4
2007-03-05,0.0,1.3,23.9,28.8,19.9,51.3,1.5
2007-03-06,0.0,1.28,24.2,29.5,20.3,60.0,2.3
2007-03-07,0.0,1.28,24.3,30.8,19.7,58.5,1.9
2007-03-08,0.0,1.26,23.9,28.8,21.0,56.5,1.7
2007-03-09,0.0,1.26,24.5,30.2,20.3,48.0,1.5
2007-03-10,0.0,1.25,24.3,29.2,20.1,45.8,2.7
2007-03-11,0.0,1.25,24.2,29.6,20.2,53.3,2.5
2007-03-12,0.0,1.23,24.4,29.9,20.4,54.3,2.4
2007-03-13,0.0,1.23,24.4,29.6,20.5,53.8,1.2
2007-03-14,0.0,1.22,24.1,29.1,20.9,55.5,2.5
2007-03-15,0.0,1.22,24.5,30.2,20.1,54.3,1.5
2007-03-16,0.0,1.22,26.3,32.3,20.5,50.0,1.2
2007-03-17,0.0,1.2,25.6,30.8,21.1,61.3,0.9
2007-03-18,0.0,1.38,22.6,25.6,20.7,81.8,1.4
2007-03-19,19.0,1.78,24.7,29.2,20.1,64.8,1.3
2007-03-20,0.1,1.5,23.6,31.5,20.5,73.8,1.9
2007-03-21,43.9,1.47,24.2,30.0,19.1,65.0,1.2
2007-03-22,0.0,1.56,25.8,31.5,21.6,53.5,2.0
2007-03-23,0.0,1.34,25.9,31.2,22.0,54.3,1.5
2007-03-24,0.0,1.28,25.0,31.0,20.4,54.5,2.4
2007-03-25,0.0,1.25,25.4,30.5,21.4,51.8,2.1
2007-03-26,0.0,1.22,25.6,30.5,21.9,48.5,1.6
2007-03-27,0.0,1.22,25.4,30.8,22.0,53.5,1.3
2007-03-28,0.0,1.22,25.5,30.8,21.9,53.0,1.8
2007-03-29,0.0,1.19,25.7,30.6,21.4,49.3,1.2
2007-03-30,0.0,1.19,24.3,29.3,20.5,59.3,1.9
2007-03-31,0.0,1.19,26.0,31.7,21.1,51.0,1.8
2007-04-01,0.0,1.19,26.1,31.7,21.6,45.5,1.4
2007-04-02,0.0,1.16,24.8,29.8,20.9,50.5,1.3
2007-04-03,0.0,1.16,24.9,30.3,20.9,52.8,2.0
2007-04-04,0.0,1.16,25.9,31.6,21.6,46.3,1.7
2007-04-05,0.0,1.16,25.7,31.4,21.6,56.5,1.3
2007-04-06,0.0,1.25,23.2,26.8,21.7,76.5,1.3
2007-04-07,0.0,1.62,22.9,29.4,20.5,76.0,1.9
2007-04-08,35.9,1.78,21.9,28.4,16.9,74.8,1.0
2007-04-09,25.1,2.06,22.1,26.5,19.6,77.5,1.2
2007-04-10,3.8,3.0,23.1,29.6,17.5,64.8,1.5
2007-04-11,0.1,2.44,23.0,27.8,19.7,63.8,1.6
2007-04-12,0.0,1.78,23.1,27.2,19.7,62.8,1.6
2007-04-13,0.0,1.44,24.0,29.2,19.9,53.0,1.9
2007-04-14,0.0,1.25,23.1,27.4,20.3,57.3,1.3
2007-04-15,0.0,1.22,22.6,26.6,19.9,62.0,2.1
2007-04-16,0.0,1.22,22.9,27.8,20.1,63.8,1.2
2007-04-17,0.0,1.25,22.3,27.1,18.8,63.0,2.5
2007-04-18,0.0,1.22,22.9,27.8,19.5,58.8,1.7
2007-04-19,0.0,1.22,22.7,26.8,19.9,63.0,1.8
2007-04-20,0.0,1.22,22.3,25.2,20.3,66.8,1.4
2007-04-21,0.0,1.38,22.0,24.8,19.5,74.3,2.0
2007-04-22,2.1,1.94,21.4,26.6,19.3,87.5,0.6
2007-04-23,17.0,2.37,22.4,27.7,18.2,78.3,1.0
2007-04-24,0.0,2.4,22.7,27.5,19.7,66.0,2.0
2007-04-25,0.0,1.81,23.1,28.3,19.4,60.8,2.0
2007-04-26,0.0,1.44,23.7,29.7,19.1,60.0,1.5
2007-04-27,0.0,1.44,23.5,29.6,20.0,65.0,2.0
2007-04-28,6.8,1.88,18.6,21.9,17.1,77.3,2.0
2007-04-29,2.9,1.75,19.9,23.2,17.0,73.5,1.7
2007-04-30,0.0,1.38,21.5,27.2,16.9,68.5,1.2
2007-05-01,6.8,1.25,21.7,27.8,17.5,53.3,1.2
2007-05-02,0.0,1.22,21.5,27.4,16.8,47.5,0.7
2007-05-03,0.0,1.22,22.1,27.8,16.5,47.0,1.8
2007-05-04,0.0,1.19,20.8,24.8,18.4,64.3,1.5
2007-05-05,0.0,1.19,19.8,25.2,15.0,58.5,1.9
2007-05-06,0.0,1.16,21.1,27.4,17.5,65.3,1.4
2007-05-07,0.0,1.16,21.8,28.1,17.3,61.3,1.9
2007-05-08,0.0,1.16,23.5,29.9,18.8,52.5,1.3
2007-05-09,0.0,1.16,22.9,29.1,19.7,63.3,1.5
2007-05-10,0.0,1.16,16.6,21.1,14.8,63.3,2.8
2007-05-11,0.0,1.16,17.0,21.2,13.4,59.3,3.6
2007-05-12,0.0,1.12,19.5,25.0,15.2,59.8,2.3
2007-05-13,0.0,1.12,20.9,27.3,15.5,53.0,1.7
2007-05-14,0.0,1.12,21.5,28.1,15.8,53.5,1.3
2007-05-15,0.0,1.12,23.1,29.4,17.9,53.0,1.1
2007-05-16,0.0,1.09,21.9,26.2,19.1,63.3,1.8
2007-05-17,0.0,1.09,22.7,28.6,17.6,56.8,1.7
2007-05-18,0.0,1.09,21.9,27.6,17.9,55.8,1.0
2007-05-19,0.0,1.09,21.9,27.8,18.0,56.3,1.0
2007-05-20,0.0,1.06,21.0,25.4,18.6,64.0,2.0
2007-05-21,0.0,1.06,20.8,26.9,17.9,61.3,2.4
2007-05-22,0.0,1.06,21.8,26.9,17.5,59.5,1.6
2007-05-23,0.0,1.06,21.9,27.7,18.3,62.8,2.5
2007-05-24,2.2,1.09,18.7,22.7,17.0,72.3,1.3
2007-05-25,0.0,1.09,16.3,22.3,13.0,53.5,1.8
2007-05-26,0.0,1.06,17.0,22.5,13.4,67.3,2.4
2007-05-27,0.0,1.06,18.4,24.5,14.4,72.5,1.5
2007-05-28,4.0,1.09,19.6,25.2,16.3,72.5,0.9
2007-05-29,0.0,1.16,20.8,26.1,17.2,62.5,1.0
2007-05-30,0.0,1.12,18.3,25.6,15.5,62.8,1.6
2007-05-31,0.0,1.09,16.0,21.3,12.2,64.3,2.2
2007-06-01,0.0,1.06,17.6,22.7,14.2,70.0,1.2
2007-06-02,0.0,1.06,20.3,27.2,14.5,63.0,2.2
2007-06-03,0.0,1.06,20.9,25.5,17.3,73.8,1.9
2007-06-04,0.0,1.06,18.0,24.8,14.2,49.5,0.7
2007-06-05,0.0,1.03,17.9,24.7,13.8,69.8,1.4
2007-06-06,0.0,1.03,19.2,26.1,13.2,58.0,0.9
2007-06-07,0.0,1.0,20.5,28.0,14.8,59.5,0.6
2007-06-08,0.0,1.0,21.0,27.2,16.2,61.5,1.1
2007-06-09,0.0,1.0,21.0,26.5,16.5,56.8,1.6
2007-06-10,0.0,1.0,20.9,26.4,17.5,57.0,1.7
2007-06-11,0.0,0.97,20.6,26.2,16.6,55.5,1.0
2007-06-12,0.0,0.97,20.0,27.4,15.0,50.0,1.2
2007-06-13,0.0,0.97,20.4,27.3,15.2,55.8,1.0
2007-06-14,0.0,0.97,21.5,28.8,16.3,59.5,1.1
2007-06-15,0.0,0.95,21.6,28.8,16.3,56.0,0.9
2007-06-16,0.0,0.95,21.4,28.2,16.7,59.0,0.9
2007-06-17,0.0,0.95,20.8,25.6,18.1,62.5,2.5
2007-06-18,0.0,0.94,20.3,26.8,17.1,61.8,1.5
2007-06-19,0.0,0.94,19.8,24.9,16.4,50.8,2.2
2007-06-20,0.0,0.92,18.1,22.7,14.9,65.5,2.1
2007-06-21,0.0,0.92,19.3,25.1,15.0,66.5,2.0
2007-06-22,0.0,0.92,19.8,25.8,16.5,58.3,1.2
2007-06-23,0.0,0.91,19.4,25.6,14.4,64.0,1.0
2007-06-24,0.0,0.91,20.9,27.2,15.2,56.8,1.1
2007-06-25,0.0,0.91,19.4,23.7,16.5,56.3,1.7
2007-06-26,0.0,0.89,20.4,25.0,16.3,59.0,2.7
2007-06-27,0.0,0.89,19.5,24.9,14.8,56.8,2.0
2007-06-28,0.0,0.89,20.4,26.9,15.0,51.3,1.2
2007-06-29,0.0,0.87,21.3,27.4,16.0,50.8,1.4
2007-06-30,0.0,0.87,20.5,26.2,17.2,59.5,1.5
2007-07-01,0.0,0.87,21.1,27.2,16.3,49.3,1.5
2007-07-02,0.0,0.86,20.4,26.1,16.2,50.5,1.1
2007-07-03,0.0,0.86,19.3,25.8,15.2,52.8,1.9
2007-07-04,0.0,0.86,19.1,25.4,14.6,58.0,1.5
2007-07-05,0.0,0.85,19.3,24.4,15.8,63.3,1.3
2007-07-06,0.0,0.85,19.2,23.5,15.4,55.8,1.8
2007-07-07,0.0,0.85,19.2,25.2,14.2,52.3,1.6
2007-07-08,0.0,0.83,20.1,27.0,14.4,53.8,2.4
2007-07-09,0.0,0.83,20.3,25.6,16.5,57.3,1.5
2007-07-10,0.0,0.83,19.9,26.6,14.9,56.3,1.5
2007-07-11,0.0,0.81,21.4,28.0,15.3,47.8,1.4
2007-07-12,0.0,0.81,19.6,23.9,16.9,54.5,2.3
2007-07-13,0.0,0.81,19.5,25.2,16.2,50.0,1.8
2007-07-14,0.0,0.8,19.5,25.7,14.8,51.8,1.7
2007-07-15,0.0,0.8,21.1,28.1,14.8,45.5,1.3
2007-07-16,0.0,0.8,22.4,29.0,16.9,43.5,1.9
2007-07-17,0.0,0.78,20.7,25.6,18.3,62.5,1.9
2007-07-18,0.0,0.78,21.7,26.6,17.3,52.5,1.6
2007-07-19,0.0,0.78,20.4,27.0,16.5,34.5,1.3
2007-07-20,0.0,0.77,20.6,27.4,15.0,56.8,2.2
2007-07-21,0.0,0.77,21.0,28.9,15.0,54.0,2.4
2007-07-22,0.0,0.77,21.5,28.6,15.0,46.0,1.9
2007-07-23,0.0,0.75,23.3,29.8,17.3,45.0,2.5
2007-07-24,0.0,0.75,24.5,30.2,20.7,49.0,1.6
2007-07-25,0.0,0.75,22.4,29.6,17.7,52.3,3.3
2007-07-26,0.0,0.73,20.8,25.0,17.5,59.8,3.2
2007-07-27,0.0,0.78,19.1,22.3,17.3,75.0,3.3
2007-07-28,6.8,1.26,17.6,22.4,15.8,79.8,1.2
2007-07-29,1.1,1.45,14.5,19.7,12.6,61.0,3.0
2007-07-30,0.0,0.99,14.2,19.9,11.2,51.5,3.4
2007-07-31,0.0,0.85,15.8,21.7,10.6,48.8,1.7
2007-08-01,0.0,0.8,17.4,23.6,13.0,52.3,2.2
2007-08-02,0.0,0.78,18.3,23.9,14.2,51.5,2.7
2007-08-03,0.0,0.77,18.4,23.7,14.1,51.8,2.2
2007-08-04,0.0,0.75,19.2,25.4,14.0,50.5,1.7
2007-08-05,0.0,0.73,20.5,27.4,14.4,47.5,2.5
2007-08-06,0.0,0.73,18.7,23.3,16.5,55.3,2.6
2007-08-07,0.0,0.72,20.8,27.6,15.6,49.3,2.5
2007-08-08,0.0,0.72,21.3,27.6,17.1,46.8,2.3
2007-08-09,0.0,0.7,19.7,24.8,15.7,51.3,3.2
2007-08-10,0.0,0.7,19.3,24.6,15.6,50.0,2.9
2007-08-11,0.0,0.69,20.1,25.0,15.4,57.0,1.6
2007-08-12,0.0,0.69,19.8,24.1,17.3,50.8,3.5
2007-08-13,0.0,0.69,19.3,25.0,15.8,56.5,3.5
2007-08-14,0.0,0.67,18.7,23.4,15.1,52.0,2.7
2007-08-15,0.3,0.67,18.7,24.3,16.0,56.8,2.2
2007-08-16,0.0,0.67,18.5,24.4,14.0,49.3,2.0
2007-08-17,0.0,0.66,19.8,26.4,13.6,42.3,1.7
2007-08-18,0.0,0.66,19.4,25.4,15.4,53.5,2.4
2007-08-19,0.0,0.66,18.2,22.9,15.4,50.3,3.2
2007-08-20,0.0,0.65,20.4,27.8,13.6,40.8,1.7
2007-08-21,0.0,0.64,22.5,29.6,16.0,36.0,2.9
2007-08-22,0.0,0.64,20.3,26.5,17.3,51.5,2.2
2007-08-23,0.0,0.63,20.1,26.6,15.6,46.5,3.1
2007-08-24,0.0,0.63,20.9,28.8,14.6,37.8,1.9
2007-08-25,0.0,0.63,22.4,29.8,15.6,36.0,2.4
2007-08-26,0.0,0.62,23.7,31.8,17.4,33.8,1.3
2007-08-27,0.0,0.62,25.6,33.4,18.7,27.3,1.3
2007-08-28,0.0,0.61,24.9,30.6,21.4,44.3,2.1
2007-08-29,0.0,0.6,22.2,27.2,19.1,53.0,2.8
2007-08-30,0.0,0.61,20.9,25.2,18.7,62.8,3.1
2007-08-31,0.0,0.63,19.9,22.9,17.9,63.0,2.8
2007-09-01,0.0,0.62,22.0,28.4,16.9,48.8,2.5
2007-09-02,0.0,0.61,22.1,29.4,17.7,56.0,2.6
2007-09-03,0.0,0.6,22.5,29.4,19.4,57.0,2.6
2007-09-04,0.0,0.59,20.9,25.4,17.9,54.0,3.5
2007-09-05,0.0,0.59,19.8,24.5,16.5,65.3,2.7
2007-09-06,0.0,0.59,20.0,25.2,16.5,53.5,2.6
2007-09-07,0.0,0.58,21.0,27.1,16.0,47.3,2.3
2007-09-08,0.0,0.58,20.1,26.2,16.3,49.3,3.3
2007-09-09,0.0,0.58,19.9,25.9,15.4,46.8,2.0
2007-09-10,0.0,0.56,20.0,25.7,16.0,47.8,2.3
2007-09-11,0.0,0.56,19.8,25.0,16.7,53.3,3.3
2007-09-12,0.0,0.56,20.0,25.9,15.4,42.8,3.2
2007-09-13,0.0,0.55,19.4,24.1,16.6,57.3,2.3
2007-09-14,0.0,0.55,20.3,27.2,15.6,46.8,2.5
2007-09-15,0.0,0.54,22.7,30.6,16.6,42.3,1.5
2007-09-16,0.0,0.54,24.7,32.0,17.5,36.0,2.3
2007-09-17,0.0,0.53,24.4,31.7,20.2,39.3,2.1
2007-09-18,0.0,0.53,22.0,28.0,17.3,51.8,3.3
2007-09-19,0.0,0.52,21.7,29.5,16.9,58.0,2.0
2007-09-20,0.0,0.52,24.4,32.0,18.1,42.0,1.8
2007-09-21,0.0,0.49,25.1,32.8,19.5,32.8,2.1
2007-09-22,0.0,0.49,23.9,30.6,18.7,34.8,2.4
2007-09-23,0.0,0.49,25.4,32.8,19.7,31.8,1.3
2007-09-24,0.0,0.48,27.8,36.1,20.1,27.8,1.3
2007-09-25,0.0,0.48,20.0,28.6,16.9,65.8,3.1
2007-09-26,0.0,0.47,18.5,22.7,15.0,60.3,3.8
2007-09-27,0.0,0.47,19.0,22.8,16.5,60.5,2.6
2007-09-28,0.0,0.46,23.2,30.6,17.1,51.5,1.7
2007-09-29,2.3,0.46,23.4,30.2,18.8,61.5,1.3
2007-09-30,0.0,0.45,21.2,27.6,18.9,63.0,2.7
2007-10-01,0.0,0.45,18.6,22.8,16.3,61.3,2.7
2007-10-02,0.0,0.45,20.5,27.8,15.8,55.5,2.9
2007-10-03,0.0,0.45,21.9,29.5,16.3,43.5,2.8
2007-10-04,0.0,0.45,22.2,29.2,17.0,45.3,2.7
2007-10-05,0.0,0.44,21.4,27.7,16.9,47.5,2.3
2007-10-06,0.0,0.44,24.0,31.0,17.2,38.0,2.5
2007-10-07,0.0,0.43,24.2,30.6,19.1,39.5,2.4
2007-10-08,0.0,0.43,22.8,29.8,18.5,45.3,2.2
2007-10-09,0.0,0.42,21.1,26.8,17.5,44.8,2.3
2007-10-10,0.0,0.42,22.2,28.0,16.7,37.3,1.9
2007-10-11,0.0,0.41,22.6,28.8,17.1,39.8,2.7
2007-10-12,0.0,0.41,23.7,31.0,18.7,40.5,2.3
2007-10-13,0.0,0.41,25.4,32.7,19.8,45.3,1.9
2007-10-14,0.0,0.41,25.8,32.0,22.2,44.5,2.3
2007-10-15,0.0,0.4,24.5,30.2,20.1,43.5,1.9
2007-10-16,0.0,0.37,25.1,32.1,19.9,42.5,1.9
2007-10-17,0.0,0.37,28.4,36.2,21.6,34.0,2.4
2007-10-18,0.0,0.37,26.1,34.8,22.6,61.3,2.1
2007-10-19,137.7,0.5,22.3,28.9,18.5,72.3,1.8
2007-10-20,12.8,0.7,24.9,30.8,18.9,57.0,2.5
2007-10-21,0.1,0.57,26.3,32.2,22.0,50.5,1.3
2007-10-22,0.0,0.61,23.4,32.7,18.7,61.0,2.4
2007-10-23,22.3,0.54,22.5,27.6,18.3,64.8,2.6
2007-10-24,3.8,0.48,22.1,25.2,20.5,62.3,3.6
2007-10-25,0.0,0.43,22.4,27.4,18.9,65.3,1.9
2007-10-26,9.1,0.46,21.9,27.1,17.9,80.0,1.1
2007-10-27,18.8,0.44,25.5,32.2,19.4,51.5,1.7
2007-10-28,0.1,0.46,24.8,33.2,21.5,65.8,2.3
2007-10-29,0.0,0.45,27.1,33.6,20.7,46.0,2.1
2007-10-30,0.0,0.42,28.5,34.4,24.8,41.0,2.4
2007-10-31,0.0,0.39,26.7,33.2,22.8,49.0,1.2
2007-11-01,0.0,0.38,27.3,33.8,22.0,42.8,2.1
2007-11-02,0.0,0.37,27.3,33.2,22.6,47.0,2.2
2007-11-03,0.0,0.36,28.0,33.4,24.0,47.8,2.2
2007-11-04,1.1,0.71,23.9,30.4,22.0,55.8,3.0
2007-11-05,13.6,0.87,21.5,26.2,18.1,66.5,2.8
2007-11-06,0.0,0.64,22.1,25.6,19.1,62.5,2.9
2007-11-07,0.1,0.51,22.8,27.0,20.5,63.5,2.2
2007-11-08,0.0,0.51,22.1,23.8,21.4,74.8,1.2
2007-11-09,0.0,0.58,21.4,28.0,18.3,75.0,2.4
2007-11-10,14.6,0.5,23.3,27.2,18.7,60.5,1.1
2007-11-11,0.0,0.44,25.7,30.4,21.6,52.5,2.7
2007-11-12,0.0,0.58,24.9,31.8,22.0,66.8,2.5
2007-11-13,4.7,0.52,21.8,25.8,19.1,63.8,2.7
2007-11-14,0.0,0.45,24.6,30.9,18.7,45.3,1.9
2007-11-15,0.0,0.41,25.3,30.3,21.8,51.0,1.5
2007-11-16,0.0,0.38,22.9,28.0,20.2,63.0,2.6
2007-11-17,0.0,0.37,22.2,27.2,19.3,61.0,2.7
2007-11-18,0.0,0.36,22.8,27.0,18.4,51.3,2.6
2007-11-19,0.0,0.35,21.4,28.8,18.4,70.3,1.9
2007-11-20,24.3,0.56,24.4,29.4,18.1,58.3,2.2
2007-11-21,2.8,2.21,22.1,26.4,18.3,63.8,2.5
2007-11-22,0.0,2.64,22.5,28.6,18.6,58.3,1.7
2007-11-23,0.0,1.74,22.2,27.2,18.1,56.8,2.4
2007-11-24,0.0,1.06,23.8,28.7,19.5,59.5,1.9
2007-11-25,0.0,0.85,22.8,27.6,20.5,74.0,2.1
2007-11-26,56.2,1.42,21.1,27.2,18.1,79.5,3.1
2007-11-27,17.4,2.42,24.3,31.0,18.3,58.8,1.7
2007-11-28,0.0,2.36,24.0,29.9,19.3,56.8,1.5
2007-11-29,0.0,1.53,22.1,30.2,18.1,62.5,2.2
2007-11-30,14.1,1.03,22.2,27.7,18.2,68.0,2.5
2007-12-01,0.0,0.78,24.0,29.6,19.5,58.5,1.8
2007-12-02,0.0,0.63,24.7,30.2,19.9,56.0,2.0
2007-12-03,0.0,0.67,25.3,32.9,20.9,56.5,0.8
2007-12-04,0.0,1.11,24.3,31.6,21.1,70.5,2.1
2007-12-05,11.6,1.26,24.4,31.4,20.7,63.3,1.8
2007-12-06,3.4,0.91,25.1,29.2,21.1,65.0,1.1
2007-12-07,14.8,0.87,24.0,32.8,20.1,73.8,2.5
2007-12-08,3.7,1.4,23.1,29.2,20.1,77.5,2.4
2007-12-09,17.4,2.53,24.0,29.3,20.5,72.5,2.2
2007-12-10,0.0,2.83,23.7,29.3,21.1,62.3,2.2
2007-12-11,0.0,2.16,23.9,29.2,19.1,58.5,2.5
2007-12-12,0.0,1.4,26.3,31.7,21.1,50.8,1.4
2007-12-13,0.0,1.08,23.2,28.0,20.9,72.8,1.3
2007-12-14,3.1,1.25,21.3,23.1,19.1,80.8,1.8
2007-12-15,7.8,1.52,23.5,28.6,18.8,62.5,1.1
2007-12-16,17.3,1.33,25.2,31.6,19.9,45.0,2.2
2007-12-17,0.0,0.89,24.2,30.6,19.6,47.8,1.8
2007-12-18,0.0,0.64,23.5,29.0,19.1,59.0,1.9
2007-12-19,0.0,1.01,23.5,27.2,21.1,79.5,1.5
2007-12-20,32.1,2.24,21.9,28.1,20.1,80.8,1.8
2007-12-21,50.8,3.67,20.5,23.8,18.7,91.3,1.2
2007-12-22,17.6,4.01,22.2,27.2,18.7,79.0,1.4
2007-12-23,16.2,3.88,22.4,28.5,19.9,75.5,1.3
2007-12-24,15.3,3.79,22.6,26.6,18.5,61.5,2.9
2007-12-25,0.0,2.69,23.1,27.1,20.0,56.0,2.0
2007-12-26,0.0,1.78,23.4,29.2,18.1,50.0,2.0
2007-12-27,0.0,1.17,24.8,30.3,20.4,49.5,1.8
2007-12-28,0.0,0.85,25.0,30.2,20.7,50.8,2.0
2007-12-29,0.0,0.66,25.2,30.7,20.5,48.8,2.6
2007-12-30,0.0,0.61,25.4,30.8,20.9,48.5,2.0
2007-12-31,0.0,0.59,,,,,1.6
2008-01-01,0.0,0.56,,,,,
2008-01-02,0.0,0.55,24.5,29.4,22.0,48.5,3.1
2008-01-03,0.0,0.55,23.9,29.4,18.2,48.8,1.8
2008-01-04,0.0,0.53,25.1,30.0,21.0,50.0,2.6
2008-01-05,0.0,0.53,27.1,32.6,20.9,38.5,0.9
2008-01-06,0.0,0.69,21.1,27.9,19.1,86.8,0.8
2008-01-07,9.8,1.19,22.3,26.8,19.1,74.8,1.5
2008-01-08,4.6,1.64,23.6,28.2,20.1,73.5,2.3
2008-01-09,14.3,1.5,21.2,23.9,19.7,85.8,2.8
2008-01-10,1.8,2.06,22.2,27.0,19.0,74.8,2.0
2008-01-11,0.0,2.72,24.0,30.6,19.6,63.3,1.5
2008-01-12,0.0,2.5,24.0,28.6,20.1,70.0,2.2
2008-01-13,0.0,2.06,23.2,26.8,20.1,63.5,2.8
2008-01-14,0.0,1.47,22.4,27.0,19.6,59.3,2.2
2008-01-15,0.0,1.06,22.4,27.0,19.3,59.8,3.2
2008-01-16,0.0,0.85,23.0,28.0,19.7,59.8,1.6
2008-01-17,0.0,0.72,23.9,30.8,19.9,57.3,1.9
2008-01-18,0.0,0.66,24.5,28.5,20.9,63.5,1.4
2008-01-19,0.0,0.69,24.1,29.8,21.4,68.3,2.7
2008-01-20,0.0,0.78,23.0,30.4,19.5,75.8,1.5
2008-01-21,38.7,1.16,21.4,23.3,20.1,80.3,1.8
2008-01-22,2.3,1.56,21.8,26.5,19.7,81.3,1.6
2008-01-23,21.1,1.47,21.7,25.4,18.9,75.3,2.4
2008-01-24,0.0,1.34,22.3,26.5,19.9,72.3,2.1
2008-01-25,0.8,1.38,22.2,26.9,20.0,76.3,1.3
2008-01-26,2.1,2.18,21.0,25.8,19.5,90.0,1.6
2008-01-27,38.3,2.47,19.8,22.6,18.1,83.0,1.4
2008-01-28,8.8,2.62,18.9,20.9,17.3,86.5,1.0
2008-01-29,13.7,3.38,20.3,22.9,18.3,82.8,2.5
2008-01-30,56.8,5.15,21.8,25.6,18.9,84.5,1.4
2008-01-31,41.6,8.23,22.1,27.4,16.7,79.3,3.1
2008-02-01,0.0,7.65,23.9,31.8,20.1,71.5,0.9
2008-02-02,0.0,6.91,24.7,29.6,22.4,72.8,2.0
2008-02-03,8.5,6.43,22.3,27.1,20.5,86.0,1.8
2008-02-04,18.1,6.78,19.8,22.1,19.1,92.5,1.4
2008-02-05,43.2,8.38,20.9,24.1,18.9,79.8,0.8
2008-02-06,8.5,8.18,22.4,27.8,20.1,76.3,1.8
2008-02-07,6.2,7.63,23.6,28.6,19.3,66.5,2.4
2008-02-08,1.3,6.21,23.5,30.8,20.2,74.0,2.4
2008-02-09,0.0,5.0,25.3,31.9,20.5,52.5,1.9
2008-02-10,3.8,3.81,26.2,32.4,21.6,52.8,1.8
2008-02-11,0.0,2.78,26.2,31.4,21.8,60.5,1.2
2008-02-12,0.0,1.97,26.1,32.0,22.1,55.0,1.9
2008-02-13,0.0,1.4,24.8,29.8,20.3,59.3,1.9
2008-02-14,0.0,1.09,25.2,30.4,22.0,53.3,1.8
2008-02-15,0.0,0.87,24.7,30.0,21.6,51.8,2.2
2008-02-16,0.0,0.81,23.9,28.0,20.7,53.0,1.8
2008-02-17,0.0,0.78,24.4,29.2,20.1,50.8,2.4
2008-02-18,0.0,0.78,24.9,30.8,21.6,56.3,1.3
2008-02-19,2.8,0.91,21.2,24.6,19.3,79.3,3.0
2008-02-20,0.0,1.0,24.1,30.0,19.1,61.3,1.3
2008-02-21,0.0,0.87,23.8,28.7,20.9,68.8,1.6
2008-02-22,2.8,1.09,23.1,28.8,20.7,75.8,2.5
2008-02-23,19.5,1.84,24.5,28.8,20.9,67.5,1.3
2008-02-24,0.1,2.28,23.7,26.8,21.6,77.3,1.8
2008-02-25,50.8,3.0,21.3,25.6,19.0,85.8,1.5
2008-02-26,18.6,4.04,24.0,30.0,18.9,59.5,2.3
2008-02-27,0.0,3.75,23.1,28.5,19.3,65.0,1.7
2008-02-28,0.0,3.0,22.4,27.4,18.3,61.3,2.2
2008-02-29,0.0,2.22,23.1,27.4,19.5,67.0,2.0
2008-03-01,0.0,2.44,20.8,23.6,19.7,94.3,0.9
2008-03-02,58.3,4.22,22.5,27.6,19.9,82.5,2.6
2008-03-03,6.9,4.15,24.6,30.3,21.4,64.8,1.5
2008-03-04,7.8,3.25,24.1,30.2,19.3,61.8,2.1
2008-03-05,0.0,2.44,25.1,31.3,20.3,53.0,1.6
2008-03-06,0.0,1.9,25.4,31.6,21.1,55.5,1.9
2008-03-07,0.0,2.56,24.5,29.4,19.8,61.3,2.3
2008-03-08,0.0,3.32,23.8,29.8,19.1,63.0,1.0
2008-03-09,0.8,3.35,23.5,28.6,20.9,81.5,2.6
2008-03-10,0.3,4.09,24.1,29.4,20.5,66.3,1.2
2008-03-11,5.2,4.25,23.1,29.6,18.1,70.8,3.0
2008-03-12,20.3,3.66,21.9,29.0,19.6,82.3,0.7
2008-03-13,2.8,3.32,23.0,27.2,19.9,82.3,0.7
2008-03-14,3.1,3.44,20.5,23.9,19.3,89.5,3.2
2008-03-15,14.8,3.97,22.0,28.6,18.7,80.3,2.5
2008-03-16,61.1,4.35,21.8,26.8,18.1,78.8,2.2
2008-03-17,2.8,4.94,23.2,27.8,19.5,65.5,2.0
2008-03-18,0.3,3.94,23.1,28.1,19.9,59.8,1.6
2008-03-19,0.0,3.03,22.8,27.8,19.5,61.0,2.1
2008-03-20,0.0,2.34,23.0,28.1,19.5,57.5,2.1
2008-03-21,0.0,1.81,23.1,27.2,20.3,54.3,3.3
2008-03-22,0.0,1.47,24.2,29.2,19.9,55.8,1.8
2008-03-23,0.0,1.22,24.0,29.0,20.9,56.8,2.5
2008-03-24,14.3,1.22,23.1,29.3,20.7,82.5,1.9
2008-03-25,22.2,1.81,23.5,28.4,19.1,67.0,3.0
2008-03-26,0.1,3.35,21.8,24.6,19.9,71.3,2.8
2008-03-27,0.0,4.41,20.0,28.4,16.9,77.5,3.0
2008-03-28,34.1,4.04,22.5,28.3,17.1,68.0,1.2
2008-03-29,1.2,3.25,23.9,29.2,19.7,61.0,2.2
2008-03-30,3.5,2.44,22.4,28.2,19.3,60.0,2.6
2008-03-31,0.0,1.9,20.5,25.2,17.5,66.5,1.9
2008-04-01,0.0,1.5,21.4,26.7,17.5,59.8,1.9
2008-04-02,0.0,1.25,22.5,27.4,18.3,51.8,1.4
2008-04-03,0.0,1.06,23.0,28.0,19.1,60.3,3.1
2008-04-04,0.0,1.06,23.0,26.2,21.6,67.3,2.8
2008-04-05,18.1,2.56,20.7,23.8,19.1,84.8,1.4
2008-04-06,52.3,8.18,20.8,23.7,19.3,85.0,2.0
2008-04-07,27.8,12.34,22.8,29.0,19.8,76.0,1.7
2008-04-08,14.3,11.5,23.0,29.8,20.2,76.8,0.8
2008-04-09,0.0,9.99,24.3,29.2,20.2,69.0,1.7
2008-04-10,0.0,8.31,25.1,30.0,21.4,63.3,1.7
2008-04-11,4.3,7.22,24.7,30.2,19.9,65.3,3.1
2008-04-12,0.0,6.41,24.4,30.8,20.1,60.5,1.1
2008-04-13,63.2,5.15,23.4,30.4,19.9,70.8,1.8
2008-04-14,0.0,4.28,23.9,28.9,20.1,65.5,1.5
2008-04-15,3.6,4.13,23.5,28.1,20.3,68.3,1.2
2008-04-16,31.8,5.19,22.7,27.3,19.9,67.5,2.0
2008-04-17,0.0,4.43,23.6,28.4,19.9,65.8,2.8
2008-04-18,0.0,3.84,23.6,28.4,20.5,66.5,2.7
2008-04-19,0.0,3.75,22.5,27.4,19.0,63.5,1.8
2008-04-20,0.0,3.25,22.7,26.6,19.9,69.5,2.6
2008-04-21,0.0,3.19,24.1,29.4,20.7,59.5,2.4
2008-04-22,0.0,2.66,23.6,27.5,20.1,63.3,1.7
2008-04-23,0.1,2.25,23.6,28.7,20.5,68.3,2.8
2008-04-24,3.8,2.4,23.1,29.0,18.5,57.5,2.8
2008-04-25,0.0,1.88,23.6,29.2,19.3,54.3,1.6
2008-04-26,0.0,1.5,23.3,28.8,18.7,51.5,1.9
2008-04-27,0.0,1.28,23.8,29.4,18.7,48.3,1.3
2008-04-28,0.0,1.19,23.9,29.4,18.8,50.8,1.3
2008-04-29,0.0,1.16,24.6,30.1,19.8,55.0,1.3
2008-04-30,0.0,1.19,23.7,28.6,21.4,63.8,1.3
2008-05-01,0.0,2.0,19.7,23.7,18.1,74.3,3.2
2008-05-02,0.0,4.53,20.1,24.4,17.3,69.5,2.7
2008-05-03,0.0,3.66,22.4,28.0,18.1,64.0,1.7
2008-05-04,0.0,2.66,23.2,29.0,19.1,62.5,2.7
2008-05-05,0.0,1.88,23.1,28.2,19.3,59.8,1.5
2008-05-06,0.0,1.47,20.8,26.2,17.5,55.5,1.7
2008-05-07,0.0,1.22,19.8,26.2,15.1,42.3,1.8
2008-05-08,0.0,1.19,19.8,25.8,14.2,47.8,3.1
2008-05-09,0.0,1.16,20.5,27.4,15.4,53.8,2.7
2008-05-10,0.0,1.16,19.5,24.4,16.0,63.8,1.3
2008-05-11,0.0,1.16,18.4,22.3,15.6,67.0,2.0
2008-05-12,0.0,1.12,17.7,22.0,15.0,63.8,1.9
2008-05-13,0.0,1.12,17.4,21.7,14.4,61.8,1.5
2008-05-14,0.0,1.12,18.7,23.2,15.0,58.3,1.9
2008-05-15,0.0,1.12,19.6,25.4,15.4,62.8,3.0
2008-05-16,0.0,1.09,20.9,26.8,15.2,54.5,2.4
2008-05-17,0.0,1.09,20.1,22.5,18.3,66.8,2.5
2008-05-18,0.0,1.09,19.9,24.3,17.5,64.8,2.4
2008-05-19,0.0,1.09,21.3,27.9,15.4,56.5,1.0
2008-05-20,0.0,1.09,22.2,26.3,18.1,55.5,1.4
2008-05-21,0.0,1.09,21.6,27.1,17.5,55.0,1.4
2008-05-22,0.0,1.06,21.6,27.4,16.7,52.5,2.1
2008-05-23,0.0,1.06,21.2,26.6,16.9,53.0,2.3
2008-05-24,0.0,1.06,20.9,27.0,16.0,49.5,1.2
2008-05-25,0.0,1.06,20.9,26.8,15.6,49.0,1.3
2008-05-26,0.0,1.06,21.6,27.9,16.2,48.5,1.3
2008-05-27,0.0,1.03,21.8,27.3,17.9,55.5,1.2
2008-05-28,0.0,1.03,21.4,26.0,18.6,58.3,1.4
2008-05-29,0.0,1.03,21.0,27.6,16.0,55.3,2.2
2008-05-30,0.0,1.03,22.4,27.6,17.3,56.0,2.2
2008-05-31,1.4,1.03,19.8,23.7,17.5,67.3,2.5
2008-06-01,0.0,1.03,19.4,24.8,16.3,66.8,2.2
2008-06-02,0.0,1.03,19.0,24.0,15.6,66.0,2.1
2008-06-03,0.0,1.0,19.2,24.4,15.9,63.5,1.8
2008-06-04,0.0,1.0,20.6,26.6,15.9,60.3,1.2
2008-06-05,0.0,1.0,21.2,27.4,17.1,61.3,1.4
2008-06-06,0.0,1.0,21.5,27.2,17.7,50.3,1.8
2008-06-07,0.0,1.0,21.3,27.5,16.0,49.8,1.8
2008-06-08,0.0,0.97,21.1,26.8,17.7,50.5,2.1
2008-06-09,0.0,0.97,21.0,27.4,16.9,61.3,1.7
2008-06-10,0.0,0.97,22.0,28.3,18.0,52.0,1.6
2008-06-11,0.0,0.97,22.5,28.0,17.7,52.0,1.8
2008-06-12,0.0,0.97,21.1,25.8,19.1,51.3,2.4
2008-06-13,0.0,0.94,21.6,27.4,17.3,48.5,2.3
2008-06-14,0.0,0.94,21.2,27.2,16.9,52.5,0.9
2008-06-15,0.0,0.94,20.6,26.6,15.8,46.8,2.0
2008-06-16,0.0,0.94,20.3,26.6,15.9,61.8,1.5
2008-06-17,0.0,0.94,17.6,20.9,15.5,73.3,1.9
2008-06-18,0.0,0.94,19.4,26.4,14.8,67.0,1.0
2008-06-19,4.3,0.91,19.3,25.2,15.2,65.3,2.1
2008-06-20,0.0,0.91,20.3,26.2,15.2,56.5,1.9
2008-06-21,0.0,0.91,21.2,28.0,15.8,54.3,1.0
2008-06-22,0.0,0.91,22.3,29.2,16.5,52.0,1.6
2008-06-23,0.0,0.91,20.4,24.6,18.6,67.5,2.2
2008-06-24,0.0,0.91,18.3,21.7,17.3,76.5,1.7
2008-06-25,0.0,0.91,18.6,23.4,15.0,68.0,1.4
2008-06-26,0.0,0.94,16.7,20.5,14.0,65.3,2.9
2008-06-27,0.0,0.91,17.1,22.4,14.0,70.5,2.4
2008-06-28,0.0,0.91,17.6,22.5,14.2,64.0,2.1
2008-06-29,0.0,0.87,19.2,24.8,15.4,58.8,2.1
2008-06-30,0.0,0.87,19.6,26.1,14.2,52.3,1.5
2008-07-01,0.0,0.87,20.4,26.9,15.2,50.3,1.5
2008-07-02,0.0,0.87,20.0,24.9,16.3,56.8,2.0
2008-07-03,0.0,0.87,20.1,25.1,17.9,65.3,0.9
2008-07-04,0.0,0.86,20.0,26.1,16.2,54.5,1.4
2008-07-05,0.0,0.86,19.0,25.1,15.0,54.0,2.1
2008-07-06,0.0,0.86,18.0,22.1,16.0,60.5,2.4
2008-07-07,0.0,0.85,17.4,22.8,13.2,57.3,2.1
2008-07-08,0.0,0.85,17.6,23.3,13.2,53.0,2.0
2008-07-09,0.0,0.83,17.6,22.0,12.4,52.0,2.0
2008-07-10,0.0,0.83,18.0,21.7,16.0,58.3,2.9
2008-07-11,0.0,0.83,18.0,23.1,14.6,59.5,3.2
2008-07-12,0.0,0.81,17.6,23.3,13.6,54.5,2.2
2008-07-13,0.0,0.81,16.2,22.7,12.2,51.8,1.7
2008-07-14,0.0,0.81,17.4,22.9,11.8,48.3,2.3
2008-07-15,0.0,0.8,16.7,23.0,12.5,55.5,1.1
2008-07-16,0.0,0.8,16.0,21.9,11.3,54.8,1.9
2008-07-17,0.0,0.8,17.4,24.8,12.0,53.5,2.4
2008-07-18,0.0,0.78,18.6,26.3,12.4,48.3,1.6
2008-07-19,0.0,0.78,20.7,28.4,13.6,42.0,2.3
2008-07-20,0.0,0.78,21.7,28.2,16.7,42.0,1.6
2008-07-21,0.0,0.77,20.1,26.2,17.1,49.3,3.4
2008-07-22,0.0,0.77,19.6,25.6,15.4,52.0,1.7
2008-07-23,0.0,0.77,20.4,28.2,14.2,45.5,1.1
2008-07-24,0.0,0.75,22.0,29.4,15.2,37.5,0.7
2008-07-25,0.0,0.75,21.9,29.8,16.0,41.8,2.0
2008-07-26,0.0,0.75,21.0,27.0,17.1,57.3,1.7
2008-07-27,0.0,0.73,19.5,25.6,15.6,54.3,3.0
2008-07-28,0.0,0.73,20.1,27.0,15.0,40.3,2.6
2008-07-29,0.0,0.73,19.2,25.8,14.0,36.3,1.4
2008-07-30,0.0,0.72,19.4,26.7,13.6,42.0,2.4
2008-07-31,0.0,0.72,20.6,27.0,15.2,43.8,2.0
2008-08-01,0.0,0.72,20.5,26.4,15.9,47.0,2.0
2008-08-02,0.0,0.7,21.4,28.5,15.5,45.3,1.9
2008-08-03,0.0,0.7,22.9,28.6,17.8,42.3,1.6
2008-08-04,0.0,0.7,22.0,27.0,18.5,57.3,0.7
2008-08-05,0.0,0.7,19.8,25.6,17.3,81.5,1.3
2008-08-06,9.7,0.69,21.9,27.0,17.3,66.5,2.1
2008-08-07,0.0,0.69,22.3,28.2,18.1,56.0,1.8
2008-08-08,0.0,0.69,23.3,29.2,17.3,52.0,1.5
2008-08-09,0.0,0.67,21.9,26.8,19.1,57.0,2.3
2008-08-10,0.0,0.67,22.3,28.3,17.7,56.5,1.0
2008-08-11,0.0,0.67,20.5,25.8,17.3,60.8,3.4
2008-08-12,0.0,0.67,21.3,27.3,17.5,53.0,1.7
2008-08-13,0.0,0.66,21.8,28.0,17.6,46.8,2.5
2008-08-14,0.0,0.66,20.4,25.2,17.5,49.8,2.2
2008-08-15,0.0,0.66,20.4,25.8,16.5,47.3,1.9
2008-08-16,0.0,0.64,21.3,28.2,16.5,54.3,2.4
2008-08-17,0.0,0.64,20.8,26.6,16.7,48.0,1.9
2008-08-18,0.0,0.64,20.7,26.6,16.8,48.5,1.7
2008-08-19,0.0,0.63,20.1,25.7,16.5,46.3,1.5
2008-08-20,0.0,0.63,20.3,25.6,16.5,48.8,2.3
2008-08-21,0.0,0.63,21.1,26.6,16.5,48.8,2.5
2008-08-22,0.0,0.63,21.6,27.6,16.0,39.0,1.9
2008-08-23,0.0,0.61,20.4,25.0,16.5,49.3,2.6
2008-08-24,0.0,0.61,20.5,26.8,16.7,54.0,2.2
2008-08-25,0.0,0.61,21.3,27.8,16.5,52.0,2.4
2008-08-26,0.0,0.61,22.1,27.8,16.5,39.3,1.5
2008-08-27,0.0,0.59,23.6,30.6,16.7,36.0,2.1
2008-08-28,0.0,0.59,22.6,29.8,16.9,44.0,2.1
2008-08-29,0.0,0.58,24.3,31.6,17.9,38.3,1.8
2008-08-30,7.8,0.64,18.8,27.2,14.8,66.3,3.3
2008-08-31,0.0,0.67,17.6,23.1,14.4,66.8,2.9
2008-09-01,0.0,0.64,19.4,26.7,13.6,53.3,2.1
2008-09-02,0.0,0.62,21.1,28.3,15.2,40.3,1.6
2008-09-03,0.0,0.6,21.9,29.6,14.2,30.5,1.2
2008-09-04,0.0,0.57,23.9,31.8,16.5,32.3,1.7
2008-09-05,0.0,0.56,24.8,31.2,18.8,31.5,1.8
2008-09-06,0.0,0.55,25.7,33.8,19.1,32.8,1.8
2008-09-07,0.0,0.54,27.0,34.0,20.9,35.3,1.6
2008-09-08,0.0,0.54,24.8,30.2,22.2,51.8,2.6
2008-09-09,0.0,0.53,22.8,28.1,19.4,48.5,2.4
2008-09-10,0.0,0.53,22.6,29.5,17.6,54.0,2.1
2008-09-11,0.0,0.52,24.0,30.4,19.5,44.8,1.2
2008-09-12,0.0,0.52,25.2,32.8,18.5,32.5,1.5
2008-09-13,0.0,0.52,25.8,32.9,19.7,32.3,1.9
2008-09-14,0.0,0.51,25.3,32.6,21.6,45.8,3.4
2008-09-15,0.0,0.52,23.3,29.6,20.1,61.5,2.7
2008-09-16,23.8,0.56,19.7,22.8,17.3,79.0,1.6
2008-09-17,2.9,1.03,19.3,24.3,17.5,81.0,2.0
2008-09-18,6.9,1.71,16.5,20.1,15.0,73.8,1.6
2008-09-19,0.0,1.74,16.4,20.7,13.8,71.5,2.8
2008-09-20,0.0,1.08,17.9,22.5,14.6,67.8,2.5
2008-09-21,2.8,1.01,17.8,20.9,15.8,85.8,1.3
2008-09-22,19.1,0.91,18.9,24.1,16.7,58.0,2.0
2008-09-23,0.0,0.69,20.3,27.8,14.2,34.3,1.3
2008-09-24,0.0,0.62,20.2,26.6,14.4,48.8,2.0
2008-09-25,0.0,0.58,19.9,25.2,15.2,59.3,1.9
2008-09-26,0.2,1.06,16.8,22.9,14.0,81.8,2.5
2008-09-27,30.3,2.06,18.5,23.9,14.1,75.8,1.1
2008-09-28,3.8,2.33,21.3,27.4,16.3,49.0,2.0
2008-09-29,0.0,1.5,20.9,27.1,15.8,53.3,1.0
2008-09-30,0.0,0.89,23.1,29.4,17.6,56.5,1.8
2008-10-01,0.0,0.68,25.8,32.3,20.4,50.0,2.3
2008-10-02,0.0,0.77,22.6,26.4,21.1,66.8,1.7
2008-10-03,0.0,0.72,24.4,29.2,20.3,57.3,1.5
2008-10-04,0.0,0.64,26.0,32.5,20.9,50.5,2.2
2008-10-05,0.0,0.6,27.4,35.2,21.1,34.5,1.9
2008-10-06,0.0,0.58,26.1,33.6,22.3,50.0,1.8
2008-10-07,0.0,0.56,23.9,29.1,20.5,55.8,2.3
2008-10-08,0.0,0.58,20.6,25.4,18.6,69.0,3.4
2008-10-09,0.0,0.57,17.4,19.5,15.8,71.8,2.5
2008-10-10,0.0,0.56,18.9,23.8,14.8,62.5,2.6
2008-10-11,0.0,0.55,19.8,24.4,16.5,56.3,3.7
2008-10-12,0.0,0.54,21.8,26.6,17.5,54.0,3.1
2008-10-13,0.0,0.53,23.0,28.7,19.0,55.5,2.5
2008-10-14,0.0,0.52,24.2,30.4,19.5,53.0,2.0
2008-10-15,0.0,0.52,26.6,33.6,21.4,44.3,1.4
2008-10-16,0.0,0.52,28.5,34.4,22.0,38.0,2.3
2008-10-17,0.0,0.52,24.4,32.8,19.3,55.3,1.8
2008-10-18,14.7,0.56,21.6,29.8,18.3,69.0,3.0
2008-10-19,10.3,0.65,21.0,24.4,18.1,75.0,2.7
2008-10-20,39.8,0.76,20.4,23.6,18.8,73.0,2.3
2008-10-21,0.3,0.67,21.8,26.3,18.9,66.8,2.3
2008-10-22,0.0,0.6,22.3,27.8,18.9,59.5,1.7
2008-10-23,0.0,0.56,23.7,30.4,19.7,54.3,2.8
2008-10-24,0.0,0.54,24.8,30.8,20.1,46.8,2.3
2008-10-25,0.0,0.52,26.2,32.2,21.1,34.3,2.4
2008-10-26,0.0,0.52,27.7,34.2,22.6,36.3,1.6
2008-10-27,0.0,0.5,28.3,35.1,22.3,35.0,1.2
2008-10-28,0.0,0.5,27.6,32.9,24.6,52.8,1.7
2008-10-29,0.0,0.49,24.3,29.6,21.8,62.3,2.6
2008-10-30,0.0,0.49,25.8,30.8,21.4,55.0,2.0
2008-10-31,0.0,0.63,25.5,30.6,21.8,68.3,1.3
2008-11-01,54.3,0.87,22.3,25.5,19.7,75.3,2.4
2008-11-02,0.1,0.78,23.5,28.2,19.5,63.5,2.6
2008-11-03,0.0,0.62,25.4,31.0,21.6,54.8,1.4
2008-11-04,24.0,0.58,24.2,32.6,20.9,61.3,1.6
2008-11-05,0.3,0.69,24.5,29.6,19.6,64.5,1.3
2008-11-06,0.0,0.81,26.2,33.2,22.8,52.5,2.0
2008-11-07,22.1,0.96,22.4,26.0,19.5,73.8,1.3
2008-11-08,0.3,1.08,23.2,28.6,19.3,69.5,1.2
2008-11-09,0.0,1.06,25.9,31.8,20.1,56.8,2.0
2008-11-10,0.0,1.3,21.7,27.2,19.5,83.3,0.9
2008-11-11,21.3,1.7,22.3,27.1,18.8,72.0,1.6
2008-11-12,0.1,1.59,22.3,26.4,19.3,69.0,2.2
2008-11-13,0.0,1.28,21.5,23.3,20.3,81.0,3.1
2008-11-14,26.2,2.31,19.8,22.3,18.7,91.8,2.6
2008-11-15,35.1,3.61,24.1,30.7,17.7,57.3,1.3
2008-11-16,0.5,3.48,25.6,31.2,19.9,51.3,1.2
2008-11-17,0.0,2.98,24.0,29.2,21.8,63.0,2.4
2008-11-18,23.2,2.48,21.0,24.0,18.5,74.8,1.3
2008-11-19,0.1,2.33,21.1,25.3,19.3,73.0,1.3
2008-11-20,0.0,1.98,19.5,23.7,16.7,69.0,2.9
2008-11-21,0.0,1.44,,22.1,,,3.1
2008-11-22,0.0,1.21,19.1,22.7,16.3,73.3,3.0
2008-11-23,0.0,1.06,20.9,24.8,17.3,65.0,2.7
2008-11-24,0.0,1.08,21.6,26.8,18.1,62.5,2.0
2008-11-25,0.0,1.15,22.6,28.5,18.3,58.3,2.1
2008-11-26,0.0,1.06,22.1,26.3,18.9,61.8,2.0
2008-11-27,0.0,1.53,21.3,23.9,19.7,80.3,1.8
2008-11-28,9.3,2.66,22.3,27.4,17.5,67.5,2.6
2008-11-29,0.2,3.24,21.5,27.4,18.8,75.8,2.1
2008-11-30,7.1,3.27,22.9,28.6,18.6,65.3,1.4
2008-12-01,0.0,2.87,24.6,30.8,19.1,53.5,1.6
2008-12-02,0.0,2.17,26.2,32.2,21.1,55.0,1.2
2008-12-03,3.6,1.82,23.2,27.0,20.5,71.0,2.3
2008-12-04,0.0,1.92,23.3,30.0,18.3,56.0,2.4
2008-12-05,0.0,1.5,22.4,28.0,19.1,63.3,2.3
2008-12-06,0.0,1.19,21.4,24.8,18.8,69.0,2.7
2008-12-07,0.0,0.99,21.9,26.9,19.3,65.5,1.8
2008-12-08,0.0,0.87,22.6,28.8,18.9,66.5,2.0
2008-12-09,5.8,0.8,24.0,31.2,18.9,57.0,2.1
2008-12-10,0.0,0.75,25.3,31.4,19.5,47.0,1.5
2008-12-11,0.0,0.72,24.8,28.6,22.4,63.8,1.8
2008-12-12,0.0,0.92,23.2,30.2,20.1,73.8,1.6
2008-12-13,19.5,1.47,22.3,26.4,19.5,78.0,1.2
2008-12-14,9.5,1.95,21.3,23.4,18.9,82.3,1.7
2008-12-15,38.2,2.87,20.5,22.9,18.9,92.8,2.8
2008-12-16,88.1,6.43,19.6,21.4,18.5,95.3,1.0
2008-12-17,70.2,11.27,19.8,23.7,18.5,92.5,2.2
2008-12-18,38.5,13.76,20.2,24.6,18.1,90.5,2.1
2008-12-19,11.6,13.62,22.2,27.8,18.7,79.3,3.3
2008-12-20,0.1,11.5,22.6,26.4,18.5,58.3,2.7
2008-12-21,0.0,9.5,21.8,25.3,19.4,67.3,2.2
2008-12-22,0.0,8.44,21.7,25.7,19.7,76.5,1.5
2008-12-23,12.8,7.53,21.8,27.6,18.9,77.5,2.5
2008-12-24,58.6,7.43,22.1,28.6,18.9,79.8,1.2
2008-12-25,14.7,7.41,20.7,24.6,19.3,87.3,1.6
2008-12-26,17.2,7.04,21.7,25.0,19.1,84.0,1.0
2008-12-27,45.6,8.16,20.2,22.4,18.9,93.0,0.9
2008-12-28,48.4,10.12,20.8,24.8,18.7,91.3,1.3
2008-12-29,34.6,10.75,21.8,26.5,19.4,91.0,1.6
2008-12-30,15.8,9.91,24.3,30.2,19.8,74.3,1.8
2008-12-31,3.9,8.4,22.6,29.3,19.7,77.5,1.6
2009-01-01,23.8,7.24,23.6,29.4,19.1,72.3,1.1
2009-01-02,18.3,7.79,24.4,30.6,20.3,64.5,1.5
2009-01-03,25.2,7.77,22.7,29.3,19.9,80.8,2.7
2009-01-04,16.3,9.99,23.3,29.4,19.5,75.5,4.0
2009-01-05,44.9,13.55,20.2,24.4,17.7,87.8,0.8
2009-01-06,28.1,18.91,22.1,28.8,18.3,74.3,1.6
2009-01-07,3.2,19.61,23.0,28.8,18.5,67.3,1.9
2009-01-08,5.6,17.54,24.3,29.8,20.1,64.5,2.5
2009-01-09,0.3,15.44,24.6,30.0,21.4,64.3,2.4
2009-01-10,0.0,13.79,23.6,27.8,21.1,57.3,2.5
2009-01-11,0.0,11.39,23.3,29.3,19.5,58.0,2.1
2009-01-12,0.0,9.3,24.9,30.4,20.1,58.5,2.4
2009-01-13,0.0,7.79,25.8,31.1,21.4,52.0,2.4
2009-01-14,0.0,6.31,24.3,30.6,21.1,66.3,1.8
2009-01-15,0.0,5.03,25.2,30.3,21.5,60.5,1.6
2009-01-16,0.0,4.09,22.6,28.4,20.1,76.3,1.3
2009-01-17,3.8,3.53,23.8,27.8,19.1,68.5,1.6
2009-01-18,27.5,4.28,22.6,30.0,19.8,79.8,1.9
2009-01-19,11.1,4.53,23.5,29.2,20.0,75.8,2.5
2009-01-20,14.8,7.04,23.3,27.4,21.1,80.8,1.5
2009-01-21,10.5,9.62,21.9,23.9,20.5,86.8,1.3
2009-01-22,16.8,11.56,22.4,28.6,19.1,80.3,2.0
2009-01-23,19.6,12.87,21.1,24.8,18.5,76.8,2.0
2009-01-24,0.1,16.74,22.3,26.0,19.4,70.8,2.9
2009-01-25,0.0,14.17,22.8,26.0,20.3,69.0,1.9
2009-01-26,5.3,12.96,22.4,25.8,19.5,73.5,1.5
2009-01-27,7.8,13.83,21.8,26.0,19.9,86.3,1.3
2009-01-28,5.7,14.6,23.8,29.1,20.2,76.5,1.4
2009-01-29,0.0,14.42,25.1,30.8,20.3,62.0,1.4
2009-01-30,0.3,11.97,26.8,32.6,21.1,57.5,1.4
2009-01-31,0.8,9.79,25.6,30.8,21.6,63.0,1.4
2009-02-01,0.0,8.29,25.6,31.0,21.9,64.5,1.1
2009-02-02,0.0,7.99,22.9,29.1,18.8,73.5,1.4
2009-02-03,0.0,7.91,23.9,29.4,18.7,60.3,2.3
2009-02-04,1.3,6.41,25.8,31.3,21.3,56.3,2.0
2009-02-05,0.0,5.22,25.0,31.2,21.1,65.5,1.5
2009-02-06,0.0,4.22,24.4,29.5,21.4,74.5,1.3
2009-02-07,12.8,4.06,23.9,29.8,19.5,83.3,1.3
2009-02-08,0.6,5.5,23.2,28.0,19.5,83.5,1.1
2009-02-09,5.3,6.0,24.6,30.4,20.3,68.8,1.4
2009-02-10,0.1,6.78,23.6,26.7,21.1,78.5,0.3
2009-02-11,0.0,6.94,24.1,30.3,21.6,80.3,1.9
2009-02-12,23.6,5.97,24.9,29.0,21.4,69.8,1.7
2009-02-13,19.8,5.84,21.4,26.2,19.3,81.8,1.7
2009-02-14,31.1,8.82,20.7,22.8,18.5,83.0,1.7
2009-02-15,2.8,11.25,22.8,26.8,19.9,65.3,1.8
2009-02-16,0.0,9.3,23.4,28.6,19.5,56.0,2.2
2009-02-17,0.0,7.53,24.1,28.8,19.9,53.8,1.9
2009-02-18,0.0,6.13,24.0,28.6,20.6,57.5,2.8
2009-02-19,0.0,4.97,24.2,30.0,20.1,56.5,1.9
2009-02-20,0.0,3.91,24.1,29.4,20.2,61.3,1.8
2009-02-21,0.5,3.06,25.2,30.2,20.1,58.5,1.5
2009-02-22,0.0,2.47,21.9,30.2,18.9,76.5,0.9
2009-02-23,10.8,2.87,23.6,29.0,18.5,70.8,1.4
2009-02-24,3.6,2.6,24.6,29.2,20.5,72.5,1.1
2009-02-25,0.0,2.81,24.2,30.0,18.9,65.3,1.2
2009-02-26,0.0,3.79,24.9,29.8,21.8,62.0,2.5
2009-02-27,0.0,3.06,25.2,30.5,21.3,58.8,1.7
2009-02-28,0.0,2.28,25.1,30.4,20.1,55.3,2.1
2009-03-01,0.0,1.78,25.4,30.4,21.3,52.5,1.8
2009-03-02,0.0,1.47,26.5,32.4,21.1,44.0,2.0
2009-03-03,0.0,1.28,26.8,33.1,21.4,48.3,0.8
2009-03-04,0.0,1.25,26.2,31.9,23.0,60.0,1.9
2009-03-05,21.8,1.25,26.6,33.4,20.9,58.0,1.3
2009-03-06,0.0,1.4,26.0,32.8,22.4,66.5,1.8
2009-03-07,0.0,2.4,23.5,28.2,21.9,75.8,1.9
2009-03-08,0.0,3.72,24.0,29.4,20.0,66.8,1.3
2009-03-09,0.0,4.22,25.2,29.9,22.2,62.3,1.3
2009-03-10,0.0,3.35,25.3,30.4,22.0,58.3,2.7
2009-03-11,0.0,2.5,25.3,30.6,22.2,57.8,1.9
2009-03-12,0.0,1.88,25.3,31.5,20.9,56.5,2.0
2009-03-13,0.0,1.47,25.7,31.9,21.4,57.0,1.9
2009-03-14,0.0,1.38,26.2,31.4,22.2,57.0,2.0
2009-03-15,0.0,1.34,25.4,30.8,21.4,64.3,1.4
2009-03-16,5.8,1.5,23.2,29.2,21.1,77.0,1.4
2009-03-17,0.0,1.97,22.4,26.7,19.3,77.5,1.2
2009-03-18,56.8,1.75,24.2,29.7,19.3,63.0,2.0
2009-03-19,0.0,1.59,23.2,27.8,20.3,60.8,3.0
2009-03-20,0.0,1.38,23.4,28.1,18.7,57.0,1.5
2009-03-21,0.0,1.53,23.4,29.2,19.3,69.8,1.9
2009-03-22,1.2,2.69,23.0,29.2,20.3,69.0,1.4
2009-03-23,10.3,4.78,22.8,27.6,20.3,78.0,1.1
2009-03-24,1.5,6.78,21.9,25.2,20.2,87.8,0.9
2009-03-25,1.8,9.99,22.2,26.8,19.5,82.5,1.4
2009-03-26,2.6,11.76,22.6,27.0,18.9,68.8,1.6
2009-03-27,0.5,11.19,22.2,25.6,20.3,83.8,1.4
2009-03-28,8.3,10.94,21.4,24.3,19.9,92.5,0.8
2009-03-29,64.3,11.91,22.7,27.8,20.0,80.8,1.9
2009-03-30,41.8,12.27,22.0,27.8,20.2,86.0,0.5
2009-03-31,35.6,13.66,22.8,27.1,19.7,88.3,0.9
2009-04-01,0.8,14.21,23.7,30.1,20.2,77.8,1.8
2009-04-02,32.8,13.96,22.4,26.0,20.3,71.3,1.9
2009-04-03,1.9,13.32,22.4,25.8,19.5,66.3,1.2
2009-04-04,0.0,11.11,22.9,26.4,19.1,66.0,2.2
2009-04-05,0.0,9.19,23.9,29.4,20.4,68.5,0.8
2009-04-06,0.0,7.91,24.0,29.5,20.9,72.0,1.0
2009-04-07,2.8,7.38,23.4,27.4,19.5,72.3,1.4
2009-04-08,12.3,8.73,23.4,29.4,20.3,74.0,2.2
2009-04-09,0.1,8.98,22.7,28.1,19.3,67.0,1.0
2009-04-10,0.0,7.53,23.7,28.8,19.1,68.5,1.2
2009-04-11,0.0,6.13,22.8,25.6,20.3,70.0,2.2
2009-04-12,0.0,5.19,21.9,24.1,20.3,76.5,1.7
2009-04-13,0.0,4.41,21.8,24.1,19.7,72.8,2.0
2009-04-14,1.3,4.06,22.8,28.4,19.7,68.3,1.0
2009-04-15,0.0,5.1,21.9,25.2,20.1,73.3,1.2
2009-04-16,0.0,7.04,20.5,25.2,17.5,68.8,1.8
2009-04-17,0.0,5.84,21.1,26.3,17.3,61.0,2.2
2009-04-18,0.0,4.62,21.1,26.4,16.3,57.8,1.8
2009-04-19,0.0,3.56,21.5,27.4,16.9,53.8,1.2
2009-04-20,0.0,2.72,22.2,27.9,17.7,49.5,0.4
2009-04-21,0.0,2.13,22.1,27.6,18.5,53.0,1.3
2009-04-22,0.0,1.75,20.8,25.5,17.3,60.8,2.2
2009-04-23,0.0,1.56,21.4,27.2,16.7,58.8,1.7
2009-04-24,0.0,1.47,22.9,28.2,18.5,60.3,1.0
2009-04-25,0.0,1.47,22.9,28.9,17.9,53.3,1.6
2009-04-26,0.0,1.47,23.4,28.9,19.5,56.5,1.2
2009-04-27,0.0,1.44,21.8,26.4,19.0,66.5,1.6
2009-04-28,0.0,1.44,21.6,27.2,17.7,56.3,1.5
2009-04-29,0.0,1.44,21.9,28.1,17.5,56.0,1.5
2009-04-30,0.0,1.4,22.1,27.2,17.9,61.5,1.9
2009-05-01,0.0,1.53,19.4,23.2,17.4,73.0,1.6
2009-05-02,21.3,1.75,19.6,24.7,17.3,73.5,1.3
2009-05-03,3.5,1.53,18.9,23.7,15.4,67.8,1.1
2009-05-04,0.0,1.47,19.7,24.7,16.7,66.5,2.0
2009-05-05,0.0,1.44,20.2,24.8,15.8,67.5,1.4
2009-05-06,0.0,1.44,21.4,27.6,16.5,59.5,1.6
2009-05-07,0.0,1.4,22.8,28.8,17.7,49.8,1.0
2009-05-08,0.0,1.4,21.5,26.3,17.5,66.0,2.0
2009-05-09,0.0,1.4,21.2,25.3,17.9,66.5,1.9
2009-05-10,0.0,1.47,21.9,28.9,17.3,63.5,1.2
2009-05-11,11.1,1.62,21.3,28.4,17.9,69.0,1.0
2009-05-12,9.6,1.53,21.7,27.6,16.5,58.5,1.0
2009-05-13,0.0,1.44,22.2,28.0,18.2,58.0,0.9
2009-05-14,0.0,1.4,21.7,26.9,17.5,61.8,1.1
2009-05-15,0.0,1.4,22.3,28.1,18.5,62.8,1.7
2009-05-16,9.8,1.38,20.8,24.8,18.4,68.8,0.9
2009-05-17,0.0,1.38,19.4,23.8,16.8,74.8,2.7
2009-05-18,0.0,1.38,19.8,24.6,17.2,66.0,1.9
2009-05-19,0.0,1.38,19.6,25.6,15.1,63.0,1.6
2009-05-20,0.0,1.34,18.9,23.3,15.1,57.5,2.2
2009-05-21,0.0,1.34,19.2,24.0,14.9,63.3,1.5
2009-05-22,0.0,1.34,18.7,23.0,15.8,55.5,2.7
2009-05-23,0.0,1.31,19.1,23.6,16.2,67.3,2.1
2009-05-24,0.0,1.31,20.0,26.6,15.5,61.5,0.9
2009-05-25,0.0,1.31,20.7,27.4,15.7,59.0,1.4
2009-05-26,0.0,1.31,21.7,27.8,16.2,60.0,1.3
2009-05-27,0.0,1.31,23.1,29.0,17.7,54.8,1.7
2009-05-28,0.0,1.28,22.5,28.6,18.2,54.3,1.2
2009-05-29,0.0,1.28,22.2,27.6,18.3,63.5,1.1
2009-05-30,0.0,1.28,20.8,25.1,17.7,67.3,1.8
2009-05-31,0.0,1.28,21.1,26.6,16.9,68.3,1.2
2009-06-01,0.0,1.28,21.8,27.2,19.2,64.8,1.3
2009-06-02,0.0,1.28,17.8,23.8,14.5,49.3,1.8
2009-06-03,0.0,1.25,16.9,23.5,11.9,49.3,1.2
2009-06-04,0.0,1.25,17.5,22.3,13.1,70.0,1.9
2009-06-05,0.0,1.25,20.5,27.0,15.7,67.0,1.3
2009-06-06,0.0,1.25,21.2,27.5,16.9,60.8,1.0
2009-06-07,1.1,1.25,18.6,23.3,16.3,70.5,2.2
2009-06-08,0.0,1.22,17.2,20.3,14.5,68.0,2.1
2009-06-09,0.0,1.22,18.6,24.3,14.9,60.5,1.6
2009-06-10,0.0,1.22,20.2,26.1,14.8,53.3,1.3
2009-06-11,0.0,1.22,21.3,27.2,16.0,57.3,1.2
2009-06-12,0.0,1.28,21.5,27.1,17.4,59.3,1.5
2009-06-13,0.3,1.72,17.7,22.3,15.8,68.0,1.2
2009-06-14,0.0,2.53,17.1,23.2,13.0,64.8,1.2
2009-06-15,0.0,1.88,19.1,25.2,14.9,59.0,1.6
2009-06-16,0.0,1.44,19.8,25.8,14.0,59.5,1.1
2009-06-17,0.0,1.28,20.1,25.5,16.5,67.0,1.0
2009-06-18,0.0,1.25,20.7,26.3,15.9,49.5,1.7
2009-06-19,0.0,1.25,19.8,25.7,14.9,62.8,1.2
2009-06-20,0.0,1.22,20.6,26.6,17.1,59.8,1.6
2009-06-21,0.0,1.22,19.4,24.8,16.3,58.0,1.3
2009-06-22,0.0,1.22,18.1,24.6,12.9,48.3,1.0
2009-06-23,0.0,1.19,19.3,24.5,13.3,52.3,1.0
2009-06-24,0.0,1.19,20.5,27.0,15.3,52.0,1.0
2009-06-25,0.0,1.19,21.3,26.6,17.6,60.8,1.4
2009-06-26,0.0,1.25,20.6,26.4,18.4,75.3,1.5
2009-06-27,13.6,1.47,19.2,22.8,17.1,76.0,1.6
2009-06-28,19.8,1.44,17.6,22.7,14.8,78.5,0.6
2009-06-29,0.0,1.31,18.8,24.1,13.8,70.8,1.1
2009-06-30,0.0,1.22,19.8,26.1,13.9,53.3,1.2
2009-07-01,0.0,1.19,21.1,28.2,15.2,51.8,1.6
2009-07-02,0.0,1.19,21.9,28.3,16.6,55.0,1.0
2009-07-03,0.0,1.19,21.9,27.7,16.9,47.8,1.4
2009-07-04,0.0,1.16,21.2,27.4,17.3,58.3,1.8
2009-07-05,0.0,1.16,19.1,23.9,16.4,69.3,1.6
2009-07-06,0.0,1.17,18.6,23.0,16.7,67.0,2.5
2009-07-07,0.0,1.16,17.9,23.8,15.3,68.8,2.6
2009-07-08,0.0,1.16,18.3,24.5,14.3,64.0,1.3
2009-07-09,0.0,1.14,18.2,22.2,14.8,68.5,1.8
2009-07-10,0.0,1.12,21.0,27.4,15.2,57.3,1.2
2009-07-11,0.0,1.12,21.7,26.4,17.0,57.8,2.0
2009-07-12,0.0,1.12,18.9,24.0,17.1,56.5,2.3
2009-07-13,0.0,1.11,20.5,28.3,14.0,54.0,1.5
2009-07-14,0.0,1.11,20.9,28.0,15.5,59.8,2.0
2009-07-15,0.0,1.09,18.7,22.9,15.7,56.8,1.9
2009-07-16,0.0,1.09,18.0,22.9,15.0,61.8,2.5
2009-07-17,0.0,1.08,19.5,25.2,15.0,60.8,1.9
2009-07-18,0.0,1.08,19.9,26.6,15.0,98.3,1.1
2009-07-19,0.0,1.08,21.7,27.0,15.8,49.5,1.4
2009-07-20,0.0,1.06,20.0,25.6,16.3,64.0,1.4
2009-07-21,0.0,1.06,20.1,25.7,16.3,67.0,1.9
2009-07-22,0.0,1.06,21.7,28.6,16.0,60.3,1.2
2009-07-23,0.0,1.06,22.1,27.8,17.3,53.8,0.9
2009-07-24,0.0,1.05,23.1,29.4,17.3,54.3,1.2
2009-07-25,0.0,1.05,21.4,26.1,18.9,67.0,2.2
2009-07-26,0.0,1.03,22.0,27.5,17.9,61.3,1.5
2009-07-27,0.0,1.03,23.6,30.4,17.6,58.3,0.9
2009-07-28,0.0,1.03,22.7,29.4,17.9,45.5,1.3
2009-07-29,0.0,1.01,23.1,30.8,16.5,36.0,1.1
2009-07-30,0.0,1.01,23.9,30.8,17.9,42.3,1.4
2009-07-31,0.0,1.0,20.5,25.4,18.3,54.3,2.8
2009-08-01,0.0,1.0,21.4,27.4,16.5,51.3,1.9
2009-08-02,0.0,1.0,21.5,27.7,17.3,56.5,2.2
2009-08-03,0.0,0.99,22.5,29.2,17.5,51.3,1.2
2009-08-04,0.0,0.99,23.5,29.5,18.3,54.3,0.9
2009-08-05,0.0,0.99,20.3,24.5,18.1,62.8,1.6
2009-08-06,0.0,0.97,21.9,28.1,16.2,43.5,1.0
2009-08-07,0.0,0.97,23.0,29.0,17.1,36.5,1.6
2009-08-08,0.0,0.95,20.8,25.7,17.9,44.3,2.8
2009-08-09,0.0,0.95,20.6,27.1,15.0,46.0,1.6
2009-08-10,0.0,0.95,22.3,29.3,16.0,38.3,1.4
2009-08-11,0.0,0.94,20.6,26.7,17.7,60.0,1.9
2009-08-12,0.0,0.94,19.2,23.5,15.7,62.5,2.0
2009-08-13,0.0,0.94,19.3,25.3,15.4,55.5,2.3
2009-08-14,0.0,0.92,19.5,24.8,15.2,56.5,2.3
2009-08-15,0.0,0.92,19.3,24.1,15.8,53.3,3.4
2009-08-16,0.0,0.92,19.4,25.1,16.0,61.0,3.4
2009-08-17,0.0,0.91,20.0,25.5,16.4,53.5,2.4
2009-08-18,0.0,0.91,21.4,27.9,16.2,47.3,1.0
2009-08-19,0.0,0.91,21.8,27.6,16.5,51.3,1.1
2009-08-20,0.0,0.89,23.3,28.6,18.2,52.0,1.1
2009-08-21,0.0,0.89,21.8,28.2,18.7,60.8,1.5
2009-08-22,0.0,0.89,17.3,21.9,14.3,69.5,1.8
2009-08-23,0.0,0.89,17.9,21.7,14.8,68.3,3.6
2009-08-24,12.8,0.97,20.0,24.8,15.4,69.3,1.5
2009-08-25,1.5,1.33,18.8,22.1,17.2,83.0,0.9
2009-08-26,5.3,1.9,17.5,19.9,15.6,75.5,0.9
2009-08-27,0.1,1.59,17.8,22.1,14.5,67.8,1.5
2009-08-28,0.0,1.19,20.3,26.6,15.6,60.3,1.2
2009-08-29,0.0,1.05,20.8,26.9,15.4,54.3,2.3
2009-08-30,0.0,0.97,20.2,26.0,16.0,49.0,2.1
2009-08-31,0.0,0.94,20.2,26.5,14.9,51.8,1.4
2009-09-01,0.0,0.92,22.7,28.6,16.4,52.8,0.9
2009-09-02,0.0,0.91,25.2,31.2,19.4,46.3,0.5
2009-09-03,0.0,0.9,25.4,31.0,20.5,47.3,1.4
2009-09-04,0.0,0.89,24.0,30.6,20.5,60.0,1.2
2009-09-05,0.0,0.93,24.8,31.0,19.3,51.5,1.0
2009-09-06,0.8,1.26,22.6,26.6,20.9,72.8,1.3
2009-09-07,10.8,1.82,22.7,29.0,18.7,68.8,1.6
2009-09-08,0.0,1.64,24.3,30.4,19.0,53.8,1.7
2009-09-09,0.0,1.18,22.8,27.0,20.6,54.8,0.8
2009-09-10,0.0,0.99,21.5,26.1,18.2,52.0,2.6
2009-09-11,0.0,0.94,21.9,27.0,17.9,49.8,3.0
2009-09-12,0.0,0.91,22.3,28.2,17.7,49.5,0.8
2009-09-13,0.0,0.9,23.0,29.4,17.7,51.8,3.0
2009-09-14,0.0,0.89,24.6,31.0,19.3,46.8,1.7
2009-09-15,0.0,0.87,23.4,30.0,19.4,57.8,1.1
2009-09-16,0.0,0.87,23.1,28.5,19.6,57.3,0.5
2009-09-17,0.0,0.87,23.7,29.4,19.4,52.8,1.8
2009-09-18,0.0,0.86,25.0,31.7,20.3,48.5,2.7
2009-09-19,0.0,0.85,26.2,32.2,20.7,45.5,2.0
2009-09-20,4.0,0.92,25.6,32.4,20.6,54.5,1.4
2009-09-21,9.8,1.69,23.4,30.6,18.8,69.8,2.1
2009-09-22,50.5,3.81,21.4,25.1,17.8,73.0,1.5
2009-09-23,1.3,5.7,21.3,24.9,18.9,80.0,0.7
2009-09-24,19.7,6.0,21.0,26.7,16.8,76.5,0.9
2009-09-25,2.8,5.56,21.0,27.4,16.5,67.5,2.4
2009-09-26,0.0,4.25,20.8,26.2,18.4,64.8,0.7
2009-09-27,0.0,3.16,23.1,29.6,17.1,50.8,2.0
2009-09-28,0.0,2.24,25.3,32.4,18.5,46.3,2.0
2009-09-29,0.0,1.57,27.3,33.6,21.5,50.3,1.1
2009-09-30,0.1,1.35,20.9,26.3,19.0,67.8,0.9
2009-10-01,0.0,1.34,20.4,25.4,17.2,70.3,0.7
2009-10-02,0.0,1.07,22.7,31.4,17.3,66.5,1.4
2009-10-03,0.0,1.15,23.2,29.8,19.1,66.3,1.2
2009-10-04,27.8,1.39,23.6,29.2,19.3,59.5,2.4
2009-10-05,0.0,1.23,23.3,29.2,20.0,62.0,0.8
2009-10-06,0.0,1.04,22.8,30.5,19.2,66.5,1.9
2009-10-07,8.1,1.0,22.2,30.8,18.3,70.5,1.9
2009-10-08,27.8,1.26,20.5,22.4,18.5,83.0,0.9
2009-10-09,7.8,1.6,19.8,24.8,17.4,73.0,0.7
2009-10-10,0.0,1.36,20.8,27.4,16.0,61.0,2.0
2009-10-11,0.0,1.07,22.1,27.9,17.0,59.3,0.5
2009-10-12,0.0,1.0,23.9,29.6,18.5,54.3,1.7
2009-10-13,0.0,0.98,23.4,31.0,19.9,67.8,1.2
2009-10-14,2.7,0.97,23.8,28.5,20.2,59.3,0.4
2009-10-15,0.0,1.03,24.1,30.4,19.6,59.3,1.8
2009-10-16,34.5,1.21,23.8,30.9,19.9,62.5,3.1
2009-10-17,12.8,1.52,23.0,28.3,20.2,79.0,0.8
2009-10-18,6.8,1.57,23.8,28.2,19.3,66.0,0.7
2009-10-19,0.0,1.77,22.8,28.6,19.4,74.5,1.4
2009-10-20,32.6,2.84,23.5,28.7,18.0,68.3,0.8
2009-10-21,7.8,4.18,23.8,28.3,20.7,75.8,2.4
2009-10-22,29.9,5.55,19.6,22.6,17.9,90.0,0.8
2009-10-23,27.0,5.28,24.0,30.5,18.0,66.0,0.3
2009-10-24,0.0,4.66,25.1,30.6,20.7,59.8,1.9
2009-10-25,0.0,3.59,23.7,30.4,20.5,70.3,2.6
2009-10-26,35.8,2.7,23.6,27.8,18.9,69.0,0.3
2009-10-27,1.2,2.23,22.3,25.6,19.1,76.3,1.6
2009-10-28,12.5,2.64,21.8,26.1,19.1,80.8,2.0
2009-10-29,0.5,3.11,21.1,23.8,19.0,85.5,0.4
2009-10-30,4.9,2.45,21.7,26.1,18.3,69.0,1.7
2009-10-31,5.6,1.94,22.0,26.7,17.9,68.3,2.0
2009-11-01,5.7,1.67,22.9,29.3,17.4,62.3,0.5
2009-11-02,12.8,1.61,23.5,29.2,18.7,68.3,2.3
2009-11-03,36.4,1.82,22.2,28.1,18.0,72.3,0.7
2009-11-04,2.2,2.4,23.0,27.7,19.4,75.5,1.0
2009-11-05,0.5,2.44,25.1,30.7,20.1,51.3,2.6
2009-11-06,0.0,1.77,25.1,30.7,20.9,54.8,2.1
2009-11-07,0.0,1.42,25.5,30.8,20.5,56.3,1.2
2009-11-08,7.5,1.23,24.8,30.0,21.6,61.0,1.7
2009-11-09,8.9,1.44,24.0,29.9,21.1,67.8,1.5
2009-11-10,6.5,2.85,24.0,28.3,19.9,76.0,0.8
2009-11-11,3.0,5.21,22.6,27.1,20.7,84.0,1.1
2009-11-12,8.9,6.69,24.3,29.2,19.7,67.0,1.4
2009-11-13,0.0,6.6,24.8,29.6,21.9,62.0,1.1
2009-11-14,0.0,5.27,24.7,30.0,20.6,55.3,1.3
2009-11-15,0.0,4.01,26.7,31.7,20.5,51.0,1.4
2009-11-16,0.1,3.52,24.3,32.4,19.9,64.5,0.7
2009-11-17,20.3,4.56,22.6,27.4,20.1,69.8,1.8
2009-11-18,0.1,3.89,23.0,28.9,19.1,59.3,2.9
2009-11-19,0.0,2.98,24.1,29.5,19.7,64.3,0.9
2009-11-20,0.0,2.38,25.5,31.0,21.1,58.3,2.5
2009-11-21,0.0,1.91,25.3,30.2,21.1,50.8,2.1
2009-11-22,0.0,1.55,26.2,32.3,20.7,44.8,1.0
2009-11-23,0.0,1.31,26.1,31.6,20.5,45.5,1.7
2009-11-24,0.0,1.16,25.4,31.1,20.8,66.0,1.2
2009-11-25,12.8,1.13,26.1,31.9,20.9,56.0,1.6
2009-11-26,0.0,1.12,26.1,32.2,22.2,49.3,1.8
2009-11-27,0.0,1.15,26.0,32.6,21.6,54.0,1.8
2009-11-28,0.0,1.16,23.8,29.0,18.9,72.5,0.5
2009-11-29,20.5,1.48,22.0,27.4,18.9,79.3,1.3
2009-11-30,18.6,2.62,21.4,23.9,19.1,89.0,1.5
2009-12-01,12.8,3.97,21.9,26.8,19.0,84.0,1.4
2009-12-02,12.3,4.86,22.2,26.7,20.0,82.3,1.5
2009-12-03,10.4,5.7,22.0,27.2,19.3,87.0,1.6
2009-12-04,11.8,5.92,21.2,23.8,19.9,88.0,1.6
2009-12-05,30.1,8.02,19.4,22.3,17.5,92.8,1.7
2009-12-06,39.1,12.58,19.5,20.3,18.0,96.0,0.4
2009-12-07,10.8,15.03,22.2,25.8,18.8,79.3,2.1
2009-12-08,20.7,12.52,22.5,26.3,19.3,83.5,1.2
2009-12-09,9.6,10.75,21.7,26.2,18.0,85.0,0.9
2009-12-10,3.9,9.91,22.7,25.7,18.2,74.5,1.7
2009-12-11,0.0,8.44,24.2,30.1,19.9,52.5,2.4
2009-12-12,0.0,6.78,,,,,2.3
2009-12-13,0.0,5.37,25.7,30.6,20.8,57.8,1.7
2009-12-14,0.0,4.5,22.1,26.0,19.1,79.0,2.4
2009-12-15,33.2,4.79,22.0,25.6,18.9,72.8,1.7
2009-12-16,0.0,4.06,23.8,28.3,20.4,63.3,2.4
2009-12-17,0.0,3.12,25.3,30.7,20.7,53.8,2.1
2009-12-18,2.3,2.64,22.2,29.6,18.3,74.3,2.0
2009-12-19,25.5,3.49,22.0,28.9,17.8,71.3,1.6
2009-12-20,19.0,5.73,22.5,27.8,17.7,66.3,1.4
2009-12-21,0.0,6.05,23.0,28.6,19.7,68.0,1.1
2009-12-22,1.0,5.61,22.6,28.8,17.2,59.5,1.5
2009-12-23,0.0,4.97,24.4,30.4,18.5,54.3,2.1
2009-12-24,0.0,4.55,24.4,29.8,20.6,65.0,1.2
2009-12-25,11.8,5.73,21.8,26.3,18.7,85.0,0.8
2009-12-26,8.9,7.2,22.6,27.3,19.4,81.3,1.1
2009-12-27,1.8,7.24,22.4,26.5,20.2,87.0,1.5
2009-12-28,49.1,8.84,21.5,25.3,19.9,94.3,2.3
2009-12-29,61.2,11.16,21.8,26.6,19.7,88.5,2.5
2009-12-30,50.9,11.82,22.3,26.6,19.2,84.3,1.5
2009-12-31,52.3,13.35,21.1,23.5,19.6,92.3,1.0
2010-01-01,49.8,14.6,22.4,28.3,18.4,79.3,2.6
2010-01-02,0.1,13.29,24.1,29.2,20.1,55.5,2.4
2010-01-03,0.0,10.91,25.2,31.2,19.7,55.5,3.0
2010-01-04,0.0,8.89,24.6,30.0,18.7,61.3,1.1
2010-01-05,0.0,7.41,25.1,30.2,21.6,65.5,0.9
2010-01-06,25.9,6.26,22.2,26.9,18.9,82.3,1.4
2010-01-07,18.5,6.29,22.9,28.8,18.2,71.8,1.7
2010-01-08,0.0,7.3,25.0,30.5,19.5,61.0,1.6
2010-01-09,0.0,6.06,25.7,31.6,21.5,58.0,2.3
2010-01-10,0.0,4.86,25.3,30.6,21.4,55.8,2.3
2010-01-11,0.0,3.75,26.6,32.5,22.4,53.8,1.4
2010-01-12,0.0,2.86,26.6,31.2,22.4,57.0,1.5
2010-01-13,0.0,2.17,26.3,32.0,22.0,58.3,1.2
2010-01-14,0.0,1.77,26.5,31.6,22.4,59.8,1.3
2010-01-15,0.2,2.0,23.1,28.5,17.9,78.8,1.4
2010-01-16,3.8,3.67,23.6,28.9,17.9,62.0,2.5
2010-01-17,0.0,2.98,24.4,29.4,20.5,52.5,2.0
2010-01-18,0.0,2.21,25.8,31.9,20.7,51.3,2.0
2010-01-19,0.0,1.75,25.8,30.9,21.4,55.0,2.3
2010-01-20,0.0,1.61,25.9,30.2,22.0,59.3,1.4
2010-01-21,0.0,1.5,24.2,31.5,18.8,64.5,1.1
2010-01-22,3.1,1.52,22.5,28.8,19.3,71.0,1.4
2010-01-23,16.8,1.72,22.5,28.9,19.1,73.5,1.3
2010-01-24,19.6,2.05,23.1,27.7,18.6,67.8,1.4
2010-01-25,0.0,1.72,23.4,28.1,19.9,77.3,1.5
2010-01-26,0.8,1.53,23.4,27.2,20.0,64.5,1.4
2010-01-27,0.0,1.45,24.3,28.3,20.3,58.8,1.9
2010-01-28,0.0,1.44,24.2,28.8,20.5,58.0,3.1
2010-01-29,0.0,1.42,25.0,29.8,20.9,54.8,3.1
2010-01-30,0.0,1.4,25.6,31.1,21.6,52.3,2.7
2010-01-31,0.0,1.39,25.0,28.7,21.8,56.0,2.2
2010-02-01,0.0,1.39,25.1,29.8,21.1,55.8,2.2
2010-02-02,0.0,1.38,25.8,30.8,21.8,53.5,2.4
2010-02-03,0.0,1.38,26.5,31.6,22.1,51.0,2.4
2010-02-04,0.0,1.36,25.7,30.4,21.7,52.0,1.6
2010-02-05,0.0,1.36,25.3,30.6,20.5,47.8,2.0
2010-02-06,0.0,1.42,23.7,28.8,19.4,64.5,2.3
2010-02-07,0.0,1.4,25.0,29.6,20.2,53.5,1.3
2010-02-08,0.0,1.4,25.3,30.9,20.8,53.8,1.2
2010-02-09,0.0,1.4,24.0,30.0,20.5,66.3,1.2
2010-02-10,0.0,1.69,24.8,30.3,20.2,59.3,1.3
2010-02-11,0.0,2.31,24.4,28.8,20.4,60.0,1.3
2010-02-12,0.0,1.94,24.3,29.4,19.6,53.0,2.2
2010-02-13,0.0,1.59,25.1,30.0,20.0,48.3,2.4
2010-02-14,0.0,1.44,25.8,31.2,20.7,52.8,2.0
2010-02-15,0.0,1.38,25.9,30.8,20.9,53.3,2.0
2010-02-16,0.0,1.38,26.5,33.4,21.8,52.3,1.5
2010-02-17,0.0,1.34,28.2,34.3,22.8,46.3,1.3
2010-02-18,0.0,1.34,22.3,30.4,17.9,75.8,1.6
2010-02-19,7.9,1.34,23.7,27.5,19.2,65.0,2.0
2010-02-20,0.0,1.34,25.2,30.5,21.8,61.0,0.9
2010-02-21,0.0,1.31,25.6,30.6,20.9,53.0,1.9
2010-02-22,0.0,1.31,26.0,31.9,21.8,52.0,0.7
2010-02-23,0.0,1.31,27.4,33.1,22.6,43.8,1.4
2010-02-24,0.0,1.31,27.7,32.2,23.3,50.8,0.9
2010-02-25,0.1,1.31,26.2,31.8,22.7,53.5,1.4
2010-02-26,0.0,1.53,22.2,27.1,19.8,77.5,4.1
2010-02-27,62.3,1.72,23.1,27.4,19.9,71.8,2.4
2010-02-28,0.0,1.47,23.0,26.7,21.2,84.3,2.6
2010-03-01,12.8,1.81,22.7,25.5,19.6,77.0,1.1
2010-03-02,2.8,2.75,21.8,24.8,19.8,83.8,1.5
2010-03-03,68.3,3.38,20.9,22.4,19.7,93.0,1.1
2010-03-04,12.3,5.1,23.1,27.1,20.3,78.8,1.4
2010-03-05,2.8,6.91,23.2,28.1,20.2,70.0,1.8
2010-03-06,0.0,6.43,23.2,27.6,20.0,70.8,2.0
2010-03-07,2.3,6.31,24.4,29.4,20.5,68.3,1.5
2010-03-08,0.0,5.5,24.9,30.6,21.0,64.3,1.5
2010-03-09,12.6,4.5,24.5,30.5,19.4,65.8,1.6
2010-03-10,1.3,3.84,26.2,31.9,22.4,54.5,1.1
2010-03-11,0.0,2.94,26.0,31.5,21.7,57.8,2.0
2010-03-12,0.0,2.25,26.7,32.5,21.8,51.0,1.7
2010-03-13,3.1,1.78,25.6,32.2,20.7,62.8,1.2
2010-03-14,0.0,1.75,24.3,30.2,20.9,68.8,1.2
2010-03-15,23.8,1.84,24.2,29.4,20.9,74.0,1.4
2010-03-16,0.5,2.16,23.4,27.4,20.7,79.3,1.7
2010-03-17,1.4,3.03,22.0,25.8,19.7,71.5,2.1
2010-03-18,0.0,2.53,23.4,27.7,19.3,66.3,1.9
2010-03-19,0.0,2.25,23.6,28.3,19.8,64.0,1.4
2010-03-20,0.0,2.31,24.5,30.4,20.1,61.8,1.2
2010-03-21,12.7,1.97,23.4,27.6,20.5,75.0,1.4
2010-03-22,19.6,1.81,22.1,27.3,19.2,79.5,1.5
2010-03-23,14.8,1.69,23.4,29.1,19.4,69.8,1.5
2010-03-24,0.1,1.59,24.3,28.5,20.6,62.8,1.8
2010-03-25,0.0,1.47,24.2,29.0,20.7,61.8,1.9
2010-03-26,0.0,1.44,23.6,28.1,19.0,62.8,1.8
2010-03-27,0.0,1.44,24.4,29.0,20.3,59.3,2.4
2010-03-28,0.0,1.4,24.7,29.2,20.9,58.5,1.6
2010-03-29,0.0,1.4,25.4,30.9,20.6,56.8,1.2
2010-03-30,3.4,1.44,26.1,31.3,22.2,60.0,0.6
2010-03-31,3.8,1.97,23.4,29.3,20.7,79.3,1.2
2010-04-01,8.5,3.5,22.6,26.5,20.7,75.0,1.3
2010-04-02,0.0,3.91,23.3,27.2,20.1,68.0,2.4
2010-04-03,0.0,3.53,22.6,25.3,20.9,74.0,2.1
2010-04-04,0.0,3.44,22.5,27.7,20.4,84.5,0.8
2010-04-05,69.2,3.75,23.8,28.5,20.3,74.3,1.0
2010-04-06,0.0,5.1,22.7,28.3,19.8,71.0,1.5
2010-04-07,1.9,7.04,20.2,25.7,16.0,56.8,1.4
2010-04-08,0.0,5.81,19.1,24.9,13.4,51.8,1.1
2010-04-09,0.0,4.5,19.1,23.8,14.9,58.0,2.0
2010-04-10,0.0,3.5,19.8,24.7,15.3,51.8,1.4
2010-04-11,0.0,2.72,19.4,24.7,15.4,57.5,1.5
2010-04-12,0.0,2.16,20.1,24.7,15.7,54.0,1.7
2010-04-13,0.0,1.84,19.9,24.7,16.4,61.0,1.9
2010-04-14,0.0,1.62,20.4,25.5,16.0,62.5,2.0
2010-04-15,0.0,1.47,21.4,26.5,17.5,57.3,2.7
2010-04-16,0.0,1.44,22.9,28.9,18.0,55.8,1.6
2010-04-17,0.0,1.44,23.7,29.2,19.5,60.8,2.1
2010-04-18,0.0,1.4,23.3,28.4,19.5,60.5,1.8
2010-04-19,0.0,1.4,22.8,27.2,19.3,65.8,1.7
2010-04-20,0.0,1.4,23.5,29.0,18.9,60.5,2.0
2010-04-21,0.0,1.4,23.7,28.7,19.6,51.0,1.7
2010-04-22,0.0,1.38,24.4,30.0,19.2,54.0,1.2
2010-04-23,0.0,1.38,25.3,30.4,20.2,53.0,1.4
2010-04-24,0.0,1.38,25.1,29.7,21.6,60.8,2.0
2010-04-25,0.0,1.38,23.7,29.2,20.7,59.0,1.5
2010-04-26,0.0,1.34,24.1,29.5,19.6,58.0,1.2
2010-04-27,0.0,1.34,25.1,31.3,20.0,50.5,1.1
2010-04-28,0.0,1.34,23.8,28.5,20.6,67.8,1.3
2010-04-29,0.2,1.34,22.8,27.1,19.5,65.3,1.7
2010-04-30,2.5,1.53,20.9,26.6,18.6,76.0,1.6
2010-05-01,6.5,1.97,21.7,26.9,17.9,62.3,1.5
2010-05-02,0.0,1.84,20.0,22.8,17.0,68.5,1.6
2010-05-03,0.0,1.56,20.2,24.2,17.6,65.0,1.3
2010-05-04,0.0,1.4,20.9,26.9,16.5,59.0,1.5
2010-05-05,0.0,1.38,21.4,27.5,16.1,55.8,1.4
2010-05-06,0.0,1.34,23.5,29.1,17.6,46.0,1.2
2010-05-07,0.0,1.34,23.1,28.6,17.8,51.8,2.1
2010-05-08,0.0,1.31,23.5,29.2,19.0,53.8,1.5
2010-05-09,0.0,1.34,22.3,28.2,19.2,71.0,1.0
2010-05-10,1.3,2.31,17.1,20.2,15.5,75.5,1.7
2010-05-11,16.9,4.35,18.2,21.9,14.6,77.3,2.3
2010-05-12,1.8,4.31,20.2,25.2,17.0,71.3,1.6
2010-05-13,0.9,3.97,18.4,25.1,13.4,38.3,1.7
2010-05-14,0.0,2.97,19.7,27.1,12.3,43.3,1.4
2010-05-15,0.0,2.18,20.6,27.8,14.7,50.8,1.5
2010-05-16,0.0,1.72,21.2,28.2,15.4,58.0,1.3
2010-05-17,0.0,1.47,21.9,27.6,17.5,53.5,1.5
2010-05-18,0.0,1.38,20.6,24.7,17.6,66.5,1.1
2010-05-19,0.0,1.34,20.8,24.8,17.1,68.3,1.3
2010-05-20,9.5,1.4,20.5,24.7,17.3,71.8,1.4
2010-05-21,0.0,1.4,20.5,26.4,16.3,63.5,0.9
2010-05-22,0.0,1.38,20.9,26.8,15.5,64.0,1.4
2010-05-23,0.0,1.34,21.9,27.6,16.8,65.0,1.8
2010-05-24,0.0,1.31,21.9,26.9,18.2,67.0,0.7
2010-05-25,0.0,1.31,22.7,27.2,19.0,67.0,0.7
2010-05-26,0.0,1.31,22.8,28.2,18.5,58.8,1.8
2010-05-27,0.0,1.28,19.6,24.2,17.4,67.3,0.8
2010-05-28,0.0,1.28,18.7,21.5,16.0,67.0,1.9
2010-05-29,0.0,1.28,19.3,23.9,15.0,60.5,1.8
2010-05-30,0.0,1.28,20.1,25.6,15.3,59.8,1.0
2010-05-31,0.0,1.25,20.0,24.1,16.2,71.0,1.3
2010-06-01,0.0,1.25,17.9,23.2,15.6,63.0,1.8
2010-06-02,0.0,1.38,17.1,20.0,15.2,75.3,2.1
2010-06-03,0.0,1.44,17.5,20.7,15.1,70.5,2.0
2010-06-04,0.0,1.31,17.1,21.1,15.0,70.8,2.3
2010-06-05,0.0,1.28,17.3,20.0,13.5,82.3,1.4
2010-06-06,0.0,1.25,17.0,22.9,12.6,52.0,1.4
2010-06-07,0.0,1.25,16.9,23.6,11.5,59.0,1.2
2010-06-08,0.0,1.25,18.8,25.2,13.6,65.8,1.8
2010-06-09,0.0,1.22,18.4,23.7,15.3,62.3,1.9
2010-06-10,0.0,1.22,18.7,24.3,15.1,59.8,1.4
2010-06-11,0.0,1.22,19.7,25.5,15.0,61.0,1.2
2010-06-12,0.0,1.22,15.8,21.1,13.0,61.0,1.8
2010-06-13,0.0,1.19,15.1,21.0,8.8,49.0,2.0
2010-06-14,0.0,1.19,16.2,21.7,11.1,55.3,2.3
2010-06-15,0.0,1.19,17.4,24.0,11.9,57.5,0.7
2010-06-16,0.0,1.19,18.1,25.5,12.1,54.0,1.0
2010-06-17,0.0,1.17,19.7,28.6,12.4,50.0,0.9
2010-06-18,0.0,1.16,20.7,26.9,14.3,42.8,2.4
2010-06-19,0.0,1.16,19.9,27.2,15.2,45.0,1.4
2010-06-20,0.0,1.16,19.9,27.1,13.8,51.0,0.9
2010-06-21,0.0,1.14,20.3,28.5,13.9,50.5,0.9
2010-06-22,0.0,1.14,21.6,29.3,14.4,44.3,1.1
2010-06-23,0.0,1.12,20.3,24.5,17.1,68.5,2.0
2010-06-24,0.0,1.12,19.2,22.2,17.2,71.8,1.8
2010-06-25,0.0,1.12,19.6,25.7,14.8,62.3,1.6
2010-06-26,0.0,1.11,17.6,23.2,13.3,57.0,1.5
2010-06-27,0.0,1.11,18.1,22.9,14.9,62.3,2.5
2010-06-28,0.0,1.11,18.8,25.5,13.3,58.3,1.6
2010-06-29,0.0,1.09,18.7,25.1,13.3,54.3,1.9
2010-06-30,0.0,1.09,18.0,23.2,13.9,58.0,2.6
2010-07-01,0.0,1.08,18.1,24.2,13.7,55.8,0.8
2010-07-02,0.0,1.08,18.4,24.3,14.1,52.0,1.8
2010-07-03,0.0,1.08,19.3,24.5,15.7,57.3,1.4
2010-07-04,0.0,1.06,18.8,23.6,15.3,54.3,0.7
2010-07-05,0.0,1.06,18.7,22.5,14.6,67.5,2.7
2010-07-06,0.0,1.06,19.2,24.4,16.4,49.3,1.5
2010-07-07,0.0,1.05,18.8,25.1,14.7,47.8,1.0
2010-07-08,0.0,1.05,20.1,26.1,14.0,50.8,2.0
2010-07-09,0.0,1.03,21.1,25.4,17.5,56.5,2.4
2010-07-10,0.0,1.03,19.9,24.6,17.2,65.0,1.2
2010-07-11,0.0,1.08,20.4,24.6,17.1,66.5,1.7
2010-07-12,0.0,1.06,20.5,25.3,17.1,66.0,1.9
2010-07-13,0.0,1.05,21.7,28.5,16.0,54.0,0.6
2010-07-14,0.0,1.03,23.7,29.4,19.0,52.0,1.7
2010-07-15,0.0,1.03,21.6,25.9,19.0,60.5,3.0
2010-07-16,0.0,1.01,21.9,23.9,18.2,63.3,1.6
2010-07-17,0.0,1.01,20.2,25.4,17.4,64.3,1.4
2010-07-18,0.0,1.0,19.3,23.9,15.6,65.5,1.4
2010-07-19,0.0,1.0,17.7,20.5,16.4,71.5,1.8
2010-07-20,0.0,1.0,20.1,26.9,14.5,55.0,1.5
2010-07-21,0.0,0.99,18.9,23.7,15.6,61.0,2.5
2010-07-22,0.0,0.99,19.9,27.5,14.5,55.8,1.8
2010-07-23,0.0,0.97,21.3,28.9,14.9,54.5,1.7
2010-07-24,0.0,0.97,19.1,23.5,15.6,55.0,2.2
2010-07-25,0.0,0.97,18.4,22.6,14.3,57.3,1.9
2010-07-26,0.0,0.95,19.8,25.5,15.5,53.0,1.6
2010-07-27,0.0,0.95,19.3,23.9,14.3,49.3,1.8
2010-07-28,0.0,0.95,18.9,23.5,16.1,55.5,2.3
2010-07-29,0.0,0.94,19.6,24.5,15.2,58.8,1.9
2010-07-30,0.0,0.94,18.1,22.3,16.1,61.5,1.7
2010-07-31,0.0,0.94,19.5,26.8,13.4,51.5,0.9
2010-08-01,0.0,0.92,21.3,28.2,14.2,46.5,1.6
2010-08-02,0.0,0.92,21.0,26.4,15.9,43.0,1.3
2010-08-03,0.0,0.91,20.2,26.7,15.2,47.5,1.8
2010-08-04,0.0,0.91,19.7,24.9,15.3,53.3,1.6
2010-08-05,0.0,0.91,20.8,27.7,14.4,44.3,1.3
2010-08-06,0.0,0.89,21.4,27.9,15.6,43.3,1.0
2010-08-07,0.0,0.89,20.0,26.0,14.9,53.5,1.0
2010-08-08,0.0,0.89,21.7,29.2,14.9,43.3,1.6
2010-08-09,0.0,0.87,23.0,30.6,16.3,40.8,0.9
2010-08-10,0.0,0.87,20.5,27.2,15.9,58.3,1.2
2010-08-11,0.0,0.87,19.2,23.7,16.1,60.5,1.8
2010-08-12,0.0,0.86,18.2,23.3,14.8,55.3,2.4
2010-08-13,0.0,0.86,19.9,27.0,13.0,46.8,1.1
2010-08-14,0.0,0.86,21.9,28.6,15.2,44.3,0.9
2010-08-15,0.0,0.86,19.1,25.5,16.6,64.8,1.6
2010-08-16,0.0,0.86,15.0,22.7,10.4,46.0,2.2
2010-08-17,0.0,0.85,14.7,21.4,9.7,49.3,1.1
2010-08-18,0.0,0.85,14.7,20.8,8.5,47.0,2.4
2010-08-19,0.0,0.83,15.7,22.7,10.1,49.0,2.1
2010-08-20,0.0,0.83,17.8,25.2,10.5,43.3,1.0
2010-08-21,0.0,0.83,19.8,26.9,13.6,36.3,1.6
2010-08-22,0.0,0.81,19.9,26.6,14.8,39.3,2.5
2010-08-23,0.0,0.81,20.4,27.3,15.5,43.5,1.6
2010-08-24,0.0,0.8,20.9,28.4,15.0,39.5,1.5
2010-08-25,0.0,0.8,22.3,30.2,14.8,34.5,1.5
2010-08-26,0.0,0.8,22.3,29.9,16.1,33.3,1.4
2010-08-27,0.0,0.79,23.2,30.9,16.0,36.8,1.8
2010-08-28,0.0,0.79,23.5,30.2,18.6,35.3,1.3
2010-08-29,0.0,0.78,22.0,29.2,17.5,48.8,2.6
2010-08-30,0.0,0.77,21.6,27.5,17.8,45.3,2.6
2010-08-31,0.0,0.77,20.4,25.5,16.1,49.0,2.6
2010-09-01,0.0,0.77,19.4,24.6,15.3,49.3,1.8
2010-09-02,0.0,0.76,21.8,28.6,15.7,44.3,2.0
2010-09-03,0.0,0.76,22.6,30.3,15.8,31.8,1.9
2010-09-04,0.0,0.75,23.6,30.8,17.6,33.3,1.3
2010-09-05,0.0,0.74,25.1,32.6,17.5,30.3,1.8
2010-09-06,0.0,0.74,21.0,26.1,17.2,55.8,4.1
2010-09-07,0.0,0.73,21.7,28.6,16.8,50.8,2.9
2010-09-08,2.1,0.76,20.2,26.9,14.7,60.3,1.7
2010-09-09,0.0,0.75,18.4,23.9,14.9,64.8,1.8
2010-09-10,0.0,0.74,19.2,25.6,14.1,49.3,1.8
2010-09-11,0.0,0.73,18.7,25.0,14.6,47.3,2.8
2010-09-12,0.0,0.72,20.0,26.7,14.0,41.3,2.2
2010-09-13,0.0,0.72,20.0,27.3,14.7,46.0,2.1
2010-09-14,0.0,0.71,21.2,28.2,15.6,48.3,1.9
2010-09-15,0.0,0.7,23.9,32.0,17.0,42.8,2.0
2010-09-16,0.0,0.69,21.6,27.8,16.3,52.8,2.4
2010-09-17,0.0,0.69,22.8,29.4,18.3,54.8,1.9
2010-09-18,0.0,0.69,25.2,32.1,19.4,38.3,0.8
2010-09-19,0.0,0.68,20.5,25.3,18.5,65.3,3.3
2010-09-20,0.0,0.68,20.4,26.8,15.2,58.3,1.5
2010-09-21,0.0,0.67,21.2,26.9,16.3,59.5,2.6
2010-09-22,0.0,0.66,21.9,27.9,17.0,53.8,2.4
2010-09-23,0.0,0.66,22.5,27.9,17.8,48.5,1.7
2010-09-24,0.0,0.66,23.7,30.6,17.8,43.8,2.4
2010-09-25,0.0,0.65,22.4,28.9,18.6,57.8,1.2
2010-09-26,0.0,0.65,22.9,29.2,18.9,53.8,2.4
2010-09-27,0.0,0.65,20.6,25.8,18.7,68.5,1.3
2010-09-28,0.0,0.88,18.8,20.9,17.6,90.3,0.9
2010-09-29,23.0,0.8,22.6,28.0,16.5,66.0,1.3
2010-09-30,18.2,0.76,22.7,28.4,18.1,72.0,0.8
2010-10-01,0.0,0.89,26.0,31.9,20.2,53.5,0.7
2010-10-02,8.3,0.81,22.6,26.6,18.1,71.5,1.1
2010-10-03,0.0,0.77,23.1,30.6,20.1,65.8,2.0
2010-10-04,0.0,0.72,20.9,26.5,17.5,70.3,2.8
2010-10-05,28.0,0.69,23.1,30.4,16.6,67.5,1.3
2010-10-06,0.0,0.7,25.4,33.3,19.0,54.8,1.8
2010-10-07,2.8,0.69,22.7,25.2,20.6,76.3,1.3
2010-10-08,25.5,0.69,23.1,30.0,17.7,68.8,1.7
2010-10-09,0.0,0.66,22.1,30.8,17.0,43.3,2.4
2010-10-10,0.0,0.65,19.4,26.0,14.1,63.5,2.3
2010-10-11,0.0,0.65,19.7,23.0,16.6,73.8,1.5
2010-10-12,0.0,0.69,18.6,23.1,15.8,71.5,1.7
2010-10-13,0.0,0.67,18.0,22.8,15.6,71.3,1.9
2010-10-14,0.0,0.64,19.9,26.2,14.6,69.0,2.1
2010-10-15,0.0,0.63,22.4,28.3,17.2,64.0,2.1
2010-10-16,0.0,0.62,22.5,29.4,18.8,73.3,1.8
2010-10-17,4.2,0.73,23.2,28.1,18.8,65.5,1.5
2010-10-18,19.3,0.93,21.7,27.7,19.0,79.8,1.3
2010-10-19,19.5,1.34,21.4,27.1,18.0,74.0,1.4
2010-10-20,9.8,1.12,21.1,27.9,17.0,68.5,1.8
2010-10-21,0.0,0.84,22.8,29.9,16.1,55.0,1.8
2010-10-22,0.0,0.72,23.1,29.7,18.2,57.5,1.7
2010-10-23,0.0,0.65,24.3,30.4,19.0,52.0,1.6
2010-10-24,0.0,0.63,22.8,27.5,19.2,77.8,2.1
2010-10-25,17.8,0.71,23.0,28.5,18.4,61.3,1.6
2010-10-26,0.1,1.0,21.6,27.6,17.5,71.5,1.4
2010-10-27,42.8,2.03,22.6,28.9,17.4,53.3,1.3
2010-10-28,0.2,2.12,24.4,31.7,19.0,53.8,2.1
2010-10-29,0.0,1.28,24.5,31.8,18.6,57.3,2.1
2010-10-30,0.0,0.91,26.2,31.8,20.2,54.5,2.1
2010-10-31,29.8,0.95,23.6,29.2,18.1,66.5,1.4
2010-11-01,18.1,0.98,22.6,26.5,19.4,75.3,1.3
2010-11-02,32.8,1.69,20.4,23.0,18.6,78.5,0.8
2010-11-03,0.5,2.01,20.7,25.0,17.4,69.8,1.8
2010-11-04,0.0,1.32,22.9,28.5,17.3,58.0,1.9
2010-11-05,0.0,0.99,21.8,25.7,18.2,77.5,2.0
2010-11-06,54.9,0.98,20.0,21.9,18.3,92.8,1.3
2010-11-07,35.8,1.93,21.3,25.4,18.1,84.5,1.1
2010-11-08,0.2,3.26,23.1,27.5,19.0,68.3,1.3
2010-11-09,0.0,3.57,23.0,26.4,19.7,72.0,1.6
2010-11-10,10.9,3.53,21.5,26.7,18.2,80.8,1.3
2010-11-11,27.8,3.27,20.5,24.7,18.1,81.5,1.3
2010-11-12,17.5,2.66,20.7,25.2,17.5,69.8,1.5
2010-11-13,0.0,1.94,20.1,24.1,17.4,76.8,2.4
2010-11-14,5.2,1.54,18.5,21.5,16.1,77.8,2.5
2010-11-15,3.8,1.33,19.8,24.3,16.2,77.0,1.9
2010-11-16,2.3,1.24,19.9,24.6,16.7,83.5,1.8
2010-11-17,22.8,1.21,20.8,24.9,17.8,74.8,1.4
2010-11-18,3.7,1.11,21.9,28.3,16.1,61.0,1.5
2010-11-19,0.0,0.92,24.9,31.4,17.0,43.8,1.3
2010-11-20,0.0,0.81,25.6,32.9,19.9,49.5,1.5
2010-11-21,0.0,0.93,23.8,26.8,21.7,73.5,0.9
2010-11-22,6.8,1.25,20.8,24.3,18.1,85.0,1.4
2010-11-23,128.5,2.23,21.8,27.5,17.5,81.8,1.5
2010-11-24,7.3,4.13,23.7,28.8,19.6,72.3,1.9
2010-11-25,1.3,5.08,22.1,26.3,20.1,84.5,0.8
2010-11-26,8.1,4.68,20.3,26.3,17.7,85.0,1.8
2010-11-27,59.8,4.07,23.5,30.4,17.7,69.8,1.4
2010-11-28,0.1,3.21,24.8,30.6,19.4,57.5,2.5
2010-11-29,0.0,2.48,24.4,29.8,20.1,57.8,1.4
2010-11-30,0.0,1.92,25.2,29.7,20.0,58.5,1.4
2010-12-01,0.0,2.14,23.5,27.6,20.6,75.5,1.3
2010-12-02,1.3,3.67,22.9,26.5,20.1,77.5,1.3
2010-12-03,10.0,4.16,26.3,31.9,20.0,56.3,1.8
2010-12-04,12.3,4.32,25.7,31.3,21.1,69.8,1.5
2010-12-05,0.1,5.58,25.5,32.8,20.3,63.8,2.1
2010-12-06,41.8,4.69,23.3,29.2,19.2,77.3,1.4
2010-12-07,13.8,4.97,23.3,26.9,20.6,82.0,0.8
2010-12-08,6.5,6.08,24.0,31.1,19.4,72.5,2.0
2010-12-09,3.8,6.11,24.9,30.9,19.8,71.3,0.7
2010-12-10,0.0,5.56,24.7,30.2,20.8,66.3,2.1
2010-12-11,0.0,4.3,25.4,31.2,20.0,57.3,1.9
2010-12-12,0.0,3.17,25.7,31.6,20.3,62.5,1.3
2010-12-13,0.0,2.3,25.7,31.8,19.9,60.0,1.5
2010-12-14,3.8,1.75,25.2,29.5,22.4,73.5,1.4
2010-12-15,23.1,2.25,23.2,27.8,19.7,85.3,1.4
2010-12-16,9.5,4.14,24.0,30.3,18.7,62.8,1.8
2010-12-17,0.1,4.35,24.7,29.8,20.4,54.3,2.2
2010-12-18,0.0,3.22,24.4,30.0,19.6,58.3,1.5
2010-12-19,0.0,2.31,24.8,30.2,19.6,52.8,1.9
2010-12-20,0.0,1.55,25.4,31.2,20.4,49.5,1.8
2010-12-21,0.0,1.16,26.5,32.5,20.6,47.3,2.1
2010-12-22,0.0,0.99,27.8,32.8,22.9,48.3,1.8
2010-12-23,0.0,1.11,26.0,32.7,22.6,55.3,1.5
2010-12-24,5.3,1.81,22.3,25.7,18.4,81.5,1.0
2010-12-25,22.5,3.61,22.6,27.5,18.4,85.0,0.9
2010-12-26,12.3,5.35,22.4,27.1,19.9,89.8,1.2
2010-12-27,38.9,6.62,21.4,26.2,19.2,87.0,2.2
2010-12-28,33.8,8.16,21.3,24.1,19.2,90.5,0.7
2010-12-29,40.5,11.25,21.7,24.9,18.9,84.8,1.3
2010-12-30,2.3,15.48,21.8,25.1,19.2,80.5,1.7
2010-12-31,13.5,21.39,20.8,25.1,18.6,91.8,1.2
2011-01-01,51.3,25.73,19.3,20.9,17.4,90.5,1.4
2011-01-02,23.9,23.32,20.5,24.0,17.5,90.8,0.8
2011-01-03,14.8,21.13,20.4,24.3,17.9,91.8,1.1
2011-01-04,29.3,18.91,21.7,27.3,19.0,82.5,2.1
2011-01-05,9.9,17.84,20.9,23.9,18.9,88.8,1.1
2011-01-06,3.9,17.71,22.4,26.5,19.0,69.0,2.4
2011-01-07,0.0,14.89,22.7,27.2,19.2,65.8,1.7
2011-01-08,0.0,12.27,23.4,28.6,18.8,51.5,2.4
2011-01-09,0.0,10.07,24.2,30.0,19.2,54.5,1.6
2011-01-10,0.0,8.29,25.4,31.0,18.9,51.5,1.2
2011-01-11,0.0,6.94,23.1,27.3,21.2,77.5,2.1
2011-01-12,0.0,6.98,23.0,28.2,19.7,75.3,2.5
2011-01-13,11.3,7.11,21.8,24.8,19.2,88.8,1.9
2011-01-14,52.8,9.35,21.9,25.3,19.4,89.3,0.9
2011-01-15,15.6,11.91,21.8,26.9,19.5,94.0,1.2
2011-01-16,16.3,13.35,22.2,27.3,19.0,81.5,1.4
2011-01-17,43.7,12.61,25.6,31.4,19.7,62.8,1.2
2011-01-18,0.0,10.4,24.2,30.3,19.8,69.3,1.4
2011-01-19,0.0,8.89,24.6,30.5,19.5,58.0,1.4
2011-01-20,0.0,7.18,24.9,32.4,19.2,60.3,1.4
2011-01-21,0.0,5.7,25.3,30.3,21.0,54.3,1.3
2011-01-22,0.0,4.46,25.0,30.3,21.0,57.3,2.8
2011-01-23,0.0,3.47,24.6,29.3,20.1,60.5,1.9
2011-01-24,0.0,2.56,23.8,28.1,19.7,56.5,2.4
2011-01-25,0.0,1.84,24.2,29.5,19.2,53.8,2.3
2011-01-26,0.0,1.42,24.7,30.2,19.4,54.3,2.2
2011-01-27,0.0,1.22,25.2,31.0,20.3,56.5,3.1
2011-01-28,0.0,1.17,25.4,30.8,20.2,55.5,1.7
2011-01-29,0.0,1.16,26.0,30.8,21.1,53.8,1.7
2011-01-30,0.0,1.16,27.1,32.5,21.5,50.5,1.7
2011-01-31,0.0,1.14,27.1,32.7,22.2,49.8,2.3
2011-02-01,0.0,1.14,25.9,31.3,22.3,56.3,1.4
2011-02-02,0.0,1.12,25.3,30.2,21.1,52.3,2.3
2011-02-03,0.0,1.12,24.9,30.3,21.1,51.3,2.8
2011-02-04,0.0,1.11,24.1,29.5,20.2,51.0,3.1
2011-02-05,0.0,1.09,24.9,30.4,20.3,52.3,2.2
2011-02-06,0.0,1.09,24.9,30.4,20.4,53.5,2.4
2011-02-07,0.0,1.09,25.3,31.1,21.2,51.8,2.5
2011-02-08,0.0,1.09,24.5,30.0,20.0,49.0,2.1
2011-02-09,0.0,1.09,25.1,30.8,19.7,52.0,2.3
2011-02-10,0.0,1.09,26.5,32.2,21.4,50.8,1.6
2011-02-11,0.0,1.12,26.1,31.6,20.1,56.3,2.1
2011-02-12,11.8,1.16,25.5,31.2,21.7,54.8,2.5
2011-02-13,0.0,1.09,24.3,29.7,21.1,57.8,2.2
2011-02-14,0.0,1.09,25.4,30.4,20.3,49.5,1.6
2011-02-15,0.0,1.09,25.8,30.2,21.7,51.8,1.7
2011-02-16,0.0,1.06,25.1,30.2,20.7,51.8,2.9
2011-02-17,0.0,1.06,23.8,28.1,20.4,59.3,2.1
2011-02-18,0.0,1.06,24.8,30.2,20.0,49.0,2.6
2011-02-19,0.0,1.06,25.2,30.6,19.4,47.0,2.4
2011-02-20,0.0,1.03,25.9,32.4,20.8,52.5,1.8
2011-02-21,0.0,1.03,25.7,31.5,20.5,50.0,2.1
2011-02-22,0.0,1.03,26.2,32.8,21.2,51.5,1.0
2011-02-23,0.8,1.22,26.4,32.4,21.4,56.3,1.9
2011-02-24,5.6,2.13,24.4,30.0,19.7,73.8,1.1
2011-02-25,9.8,3.66,25.0,30.3,20.9,65.3,1.4
2011-02-26,29.3,4.09,24.2,29.8,19.1,66.3,1.8
2011-02-27,0.0,4.22,23.8,31.6,20.1,71.5,2.2
2011-02-28,26.8,4.04,22.2,29.3,17.7,77.3,1.7
2011-03-01,28.8,4.87,22.5,27.5,17.6,72.8,2.1
2011-03-02,0.5,6.43,21.7,25.5,17.8,79.3,2.0
2011-03-03,8.6,6.91,21.3,25.3,17.8,79.0,2.1
2011-03-04,9.7,6.85,20.4,24.4,18.7,81.3,2.0
2011-03-05,13.8,7.49,20.3,24.3,18.1,80.3,2.1
2011-03-06,42.6,9.69,20.8,23.7,17.9,87.8,1.0
2011-03-07,29.3,11.39,21.6,26.5,18.2,84.8,0.9
2011-03-08,26.9,12.34,21.7,25.6,18.6,86.0,0.4
2011-03-09,13.7,12.65,22.0,27.0,18.9,82.0,0.7
2011-03-10,14.1,13.06,23.2,28.2,18.3,73.5,1.6
2011-03-11,3.8,11.68,24.1,29.2,19.2,68.3,1.2
2011-03-12,2.7,10.32,24.1,28.2,20.1,72.8,0.6
2011-03-13,21.2,9.69,22.2,26.0,19.1,82.5,1.0
2011-03-14,23.3,10.32,22.5,26.3,19.7,85.5,1.4
2011-03-15,2.5,9.84,22.2,25.5,20.0,84.0,1.2
2011-03-16,0.8,9.72,23.4,28.7,20.3,83.3,1.3
2011-03-17,4.5,11.65,23.3,27.5,19.3,70.5,1.2
2011-03-18,0.0,10.38,23.1,26.2,21.8,76.3,1.7
2011-03-19,9.8,9.4,23.7,28.4,20.4,59.8,1.9
2011-03-20,0.0,7.69,22.6,27.1,19.8,59.3,1.9
2011-03-21,0.0,6.19,22.1,27.1,19.3,64.8,1.4
2011-03-22,0.0,4.94,22.3,25.8,19.5,61.5,3.1
2011-03-23,0.0,4.19,22.4,27.2,19.1,63.5,1.5
2011-03-24,0.0,3.44,23.2,27.4,20.3,64.5,1.5
2011-03-25,0.0,2.6,24.2,28.8,20.7,59.5,1.5
2011-03-26,0.0,1.97,24.9,30.4,20.4,63.3,1.4
2011-03-27,0.0,1.56,26.0,30.8,20.1,50.8,1.6
2011-03-28,0.0,1.34,25.8,31.6,20.3,52.8,1.5
2011-03-29,0.0,1.25,25.6,30.6,20.3,56.0,0.4
2011-03-30,2.8,1.22,24.5,31.0,21.9,68.8,1.0
2011-03-31,28.9,1.65,23.4,30.4,20.3,72.3,0.9
2011-04-01,28.7,3.72,24.3,30.2,20.5,66.0,0.8
2011-04-02,2.3,4.09,22.6,30.5,19.1,73.3,2.3
2011-04-03,24.9,3.62,22.9,30.0,19.4,75.3,1.0
2011-04-04,16.3,3.97,22.6,25.5,20.7,79.8,1.1
2011-04-05,20.9,4.6,22.1,27.4,18.7,74.0,1.2
2011-04-06,0.3,6.06,22.8,27.3,18.8,75.5,1.4
2011-04-07,6.2,5.41,22.5,27.4,19.0,65.5,0.9
2011-04-08,0.0,4.35,21.9,26.1,18.9,65.0,1.4
2011-04-09,0.0,3.5,22.5,27.2,,64.5,0.7
2011-04-10,0.0,3.29,21.7,25.4,19.2,71.8,2.1
2011-04-11,0.0,4.13,23.0,27.5,19.3,63.3,1.5
2011-04-12,0.0,3.41,23.0,27.8,19.9,61.8,1.0
2011-04-13,0.0,2.53,23.5,28.2,19.6,67.3,1.4
2011-04-14,0.0,2.0,23.2,27.8,20.1,61.8,2.1
2011-04-15,0.0,1.59,23.7,28.4,20.0,57.3,1.7
2011-04-16,0.0,1.38,23.1,27.4,19.7,57.3,1.4
2011-04-17,0.0,1.31,22.9,27.6,19.5,62.8,0.6
2011-04-18,0.0,1.31,22.5,27.3,18.0,61.0,1.7
2011-04-19,0.0,1.31,22.8,28.0,19.2,62.5,1.4
2011-04-20,0.0,1.28,22.6,27.1,20.1,57.0,1.0
2011-04-21,0.0,1.31,22.8,27.6,19.1,62.8,0.5
2011-04-22,0.0,1.31,22.7,27.8,18.7,63.8,2.4
2011-04-23,0.0,1.28,22.9,28.8,18.1,59.0,0.7
2011-04-24,0.0,1.28,23.3,29.2,18.1,56.8,1.0
2011-04-25,0.0,1.28,22.6,27.6,17.9,64.5,0.9
2011-04-26,0.0,1.28,21.3,25.9,19.7,68.3,1.4
2011-04-27,2.1,1.28,19.7,23.4,18.1,71.8,1.5
2011-04-28,0.0,1.28,20.3,25.3,16.0,62.8,1.4
2011-04-29,0.0,1.28,22.4,28.6,18.3,65.8,0.5
2011-04-30,0.0,1.28,22.4,26.9,18.1,62.5,0.7
2011-05-01,0.0,1.25,23.2,29.5,18.4,59.8,0.9
2011-05-02,0.0,1.25,23.6,30.0,19.3,56.8,0.9
2011-05-03,0.0,1.25,22.9,28.0,19.7,74.0,0.9
2011-05-04,0.0,1.25,22.3,27.1,18.8,69.3,1.2
2011-05-05,0.0,1.25,22.9,28.8,19.1,61.0,1.3
2011-05-06,0.0,1.22,23.5,28.2,19.9,56.0,1.4
2011-05-07,0.0,1.22,23.0,28.7,19.3,60.0,1.4
2011-05-08,0.0,1.22,21.6,27.8,18.1,61.3,1.2
2011-05-09,0.0,1.22,22.1,27.8,17.7,59.5,0.7
2011-05-10,0.0,1.22,20.3,25.0,17.4,66.5,1.0
2011-05-11,0.0,1.19,20.3,23.5,17.3,67.5,1.5
2011-05-12,0.0,1.19,20.9,25.9,17.7,67.0,1.0
2011-05-13,0.0,1.19,20.8,25.2,17.7,62.0,1.2
2011-05-14,0.0,1.19,20.5,24.7,16.6,57.5,1.2
2011-05-15,0.0,1.19,20.6,25.9,16.7,65.0,0.8
2011-05-16,0.0,1.19,20.3,25.8,17.7,63.5,0.8
2011-05-17,0.0,1.19,18.4,23.3,15.4,66.5,1.5
2011-05-18,0.0,1.19,18.4,24.1,14.4,65.8,0.8
2011-05-19,0.0,1.16,18.0,22.0,15.1,65.5,2.2
2011-05-20,0.0,1.19,18.0,20.2,16.0,71.3,1.6
2011-05-21,0.0,1.16,18.4,23.1,15.4,63.0,1.7
2011-05-22,0.0,1.16,17.3,21.9,13.7,62.5,2.4
2011-05-23,0.0,1.16,19.4,25.1,14.2,58.5,1.2
2011-05-24,0.0,1.16,19.7,25.7,15.0,50.8,1.2
2011-05-25,0.0,1.12,19.6,25.2,15.2,57.8,1.4
2011-05-26,0.0,1.12,20.2,26.7,14.8,52.3,0.8
2011-05-27,0.0,1.12,20.6,25.9,16.6,50.3,0.2
2011-05-28,0.0,1.12,19.5,24.0,15.8,59.8,1.6
2011-05-29,0.0,1.12,20.0,26.1,16.2,63.3,1.4
2011-05-30,0.0,1.09,19.3,24.7,14.6,63.5,1.6
2011-05-31,0.0,1.09,20.0,25.7,16.4,61.5,1.1
2011-06-01,0.0,1.09,20.7,26.5,15.9,59.5,1.0
2011-06-02,0.0,1.09,21.0,26.5,17.1,55.5,0.8
2011-06-03,0.0,1.09,20.6,26.3,16.8,58.0,0.8
2011-06-04,0.0,1.06,21.0,26.8,17.1,48.0,0.5
2011-06-05,0.0,1.06,16.9,23.6,13.4,58.0,1.5
2011-06-06,0.0,1.06,16.8,22.3,12.8,64.0,1.7
2011-06-07,0.0,1.06,18.2,23.3,14.2,67.8,0.9
2011-06-08,0.0,1.06,20.9,26.8,16.7,63.8,1.9
2011-06-09,0.0,1.06,19.3,27.6,15.5,69.3,1.6
2011-06-10,10.7,1.06,17.3,20.9,14.8,77.8,1.2
2011-06-11,0.0,1.06,18.2,24.9,14.2,54.5,1.3
2011-06-12,0.0,1.03,17.4,21.8,14.7,72.0,1.8
2011-06-13,0.0,1.03,18.3,24.3,14.0,60.0,0.9
2011-06-14,0.0,1.03,17.7,23.4,13.9,53.0,2.4
2011-06-15,0.0,1.03,17.1,22.2,13.0,60.0,1.8
2011-06-16,0.0,1.03,16.9,22.5,13.6,61.3,1.7
2011-06-17,0.0,1.0,19.0,24.8,13.3,57.3,2.1
2011-06-18,0.0,1.0,19.8,25.8,16.2,57.5,1.1
2011-06-19,0.0,1.0,20.0,25.9,14.8,53.5,1.1
2011-06-20,0.0,1.0,20.3,26.6,15.7,56.3,1.6
2011-06-21,0.0,1.0,20.2,27.1,15.3,63.0,1.2
2011-06-22,0.0,0.97,20.9,26.9,15.8,55.5,1.6
2011-06-23,0.0,0.97,19.7,24.3,15.3,59.3,2.2
2011-06-24,0.0,0.97,20.0,25.7,15.0,61.3,1.5
2011-06-25,0.0,0.97,19.2,25.3,15.6,62.3,0.8
2011-06-26,0.0,0.95,19.8,25.6,14.6,60.0,1.9
2011-06-27,0.0,0.95,19.6,25.2,16.6,66.5,1.5
2011-06-28,0.0,0.95,20.4,26.1,15.6,59.5,0.4
2011-06-29,0.0,0.95,20.2,24.0,17.6,66.8,1.8
2011-06-30,0.0,0.95,18.8,24.2,15.4,68.8,1.9
2011-07-01,0.0,0.94,20.5,27.1,14.3,60.0,0.5
2011-07-02,0.0,0.94,20.6,26.7,15.8,62.0,1.0
2011-07-03,0.0,0.92,21.3,28.2,15.7,55.3,0.9
2011-07-04,0.0,0.92,21.3,27.5,17.0,52.3,1.1
2011-07-05,0.0,0.92,20.9,26.9,15.8,54.5,1.1
2011-07-06,0.0,0.91,20.9,27.2,16.6,48.3,0.8
2011-07-07,0.0,0.91,20.6,26.2,16.1,46.8,1.6
2011-07-08,0.0,0.91,18.5,25.7,13.8,56.5,1.4
2011-07-09,0.0,0.89,18.0,24.7,14.0,68.3,1.6
2011-07-10,0.0,0.89,18.4,24.7,13.6,60.3,0.5
2011-07-11,0.0,0.87,18.3,24.3,13.5,52.3,2.0
2011-07-12,0.0,0.87,18.4,23.7,13.4,50.5,1.0
2011-07-13,0.0,0.87,18.1,23.5,13.6,52.5,0.6
2011-07-14,0.0,0.86,18.9,25.7,12.9,45.3,1.3
2011-07-15,0.0,0.86,19.4,26.5,13.0,40.5,0.8
2011-07-16,0.0,0.86,19.6,25.5,15.2,55.8,1.0
2011-07-17,0.0,0.85,19.8,25.3,15.9,62.0,1.5
2011-07-18,0.0,0.85,21.3,27.8,16.6,52.8,0.5
2011-07-19,0.0,0.85,22.2,29.0,16.4,55.5,1.1
2011-07-20,0.0,0.83,19.2,23.0,17.4,63.5,1.9
2011-07-21,0.0,0.83,19.4,26.5,15.0,50.0,0.9
2011-07-22,0.0,0.83,21.1,28.2,14.4,46.0,1.0
2011-07-23,0.0,0.81,18.8,23.0,16.5,68.8,1.9
2011-07-24,0.0,0.81,17.3,22.1,14.0,65.3,1.9
2011-07-25,0.0,0.81,17.4,20.7,13.8,65.0,1.7
2011-07-26,0.0,0.81,17.2,19.8,14.5,65.0,2.3
2011-07-27,0.0,0.8,17.4,22.1,14.2,63.0,1.4
2011-07-28,0.0,0.8,18.3,24.9,14.6,57.0,1.0
2011-07-29,0.0,0.8,20.0,26.3,13.9,50.8,1.1
2011-07-30,0.0,0.78,21.1,28.8,15.0,46.3,0.7
2011-07-31,0.0,0.78,22.5,29.2,16.3,51.0,0.9
2011-08-01,0.0,0.78,22.8,29.9,18.0,49.8,1.5
2011-08-02,0.0,0.77,23.7,30.3,17.0,37.3,1.1
2011-08-03,0.0,0.77,24.8,30.4,19.5,40.3,1.2
2011-08-04,0.0,0.77,19.8,26.3,16.2,32.5,1.3
2011-08-05,0.0,0.75,19.1,24.1,16.2,69.0,1.2
2011-08-06,0.0,0.75,21.0,27.9,15.7,64.3,1.2
2011-08-07,0.0,0.75,22.6,29.2,16.4,48.3,0.9
2011-08-08,0.0,0.73,23.8,31.0,18.7,49.3,1.0
2011-08-09,0.0,0.73,23.6,31.2,17.7,43.5,1.4
2011-08-10,0.0,0.73,23.3,30.7,18.6,56.3,1.1
2011-08-11,0.0,0.72,19.8,24.3,15.8,59.8,1.7
2011-08-12,0.0,0.72,20.4,27.2,15.6,56.5,1.7
2011-08-13,0.0,0.72,22.5,31.2,15.0,45.0,0.5
2011-08-14,0.0,0.7,24.0,31.4,17.1,36.5,1.0
2011-08-15,0.0,0.7,20.6,25.9,17.1,49.5,1.8
2011-08-16,0.0,0.7,19.7,25.8,15.1,50.3,2.4
2011-08-17,0.0,0.69,21.9,29.3,15.1,44.8,0.8
2011-08-18,0.0,0.69,22.7,29.0,17.5,42.3,1.3
2011-08-19,0.0,0.69,22.3,29.4,16.8,38.5,1.6
2011-08-20,0.0,0.69,23.6,31.2,17.7,42.8,1.1
2011-08-21,0.0,0.67,21.0,25.9,18.9,62.5,1.8
2011-08-22,0.0,0.67,19.3,24.0,15.9,63.3,3.0
2011-08-23,0.0,0.66,20.3,25.9,16.0,53.0,1.8
2011-08-24,0.0,0.66,21.4,28.2,16.0,51.8,2.0
2011-08-25,0.0,0.66,21.1,26.9,17.2,53.8,1.7
2011-08-26,0.0,0.66,22.7,29.4,16.6,44.0,0.8
2011-08-27,0.0,0.65,22.2,28.2,18.3,47.3,1.1
2011-08-28,0.0,0.64,21.6,28.2,16.6,48.5,1.4
2011-08-29,0.0,0.64,21.9,28.8,16.4,42.8,1.3
2011-08-30,0.0,0.63,23.2,30.8,16.5,39.8,1.1
2011-08-31,0.0,0.63,24.2,32.8,18.5,45.8,1.5
2011-09-01,0.0,0.63,20.2,26.5,18.1,67.8,1.8
2011-09-02,0.0,0.63,18.6,25.9,14.6,53.0,1.8
2011-09-03,0.0,0.62,18.0,25.7,10.7,43.8,3.2
2011-09-04,0.0,0.61,20.5,28.6,14.2,37.5,1.5
2011-09-05,0.0,0.61,21.6,30.0,15.4,37.5,1.4
2011-09-06,0.0,0.6,23.9,32.6,15.6,34.5,1.4
2011-09-07,0.0,0.59,23.2,30.1,18.4,41.8,2.0
2011-09-08,0.0,0.59,23.0,30.0,17.1,43.0,1.3
2011-09-09,0.0,0.58,25.4,32.9,17.7,33.0,1.0
2011-09-10,0.0,0.58,26.7,33.8,19.5,27.0,1.2
2011-09-11,0.0,0.58,25.9,33.0,20.9,36.5,1.6
2011-09-12,0.0,0.58,21.2,25.5,18.7,63.8,1.7
2011-09-13,0.0,0.57,21.5,27.6,17.5,62.5,2.3
2011-09-14,0.0,0.57,21.9,26.5,17.7,58.0,1.5
2011-09-15,0.0,0.56,19.6,22.7,17.8,65.8,1.5
2011-09-16,0.0,0.61,17.6,21.9,15.6,68.5,1.7
2011-09-17,0.0,0.6,17.2,21.0,13.7,54.8,1.7
2011-09-18,0.0,0.58,17.4,22.5,12.8,48.5,1.9
2011-09-19,0.0,0.58,16.9,21.8,12.7,53.0,2.4
2011-09-20,0.0,0.56,19.6,27.1,13.0,39.5,1.6
2011-09-21,0.0,0.56,22.5,30.6,14.6,34.0,1.0
2011-09-22,0.0,0.55,24.2,30.3,18.9,38.3,1.3
2011-09-23,0.0,0.55,24.7,31.5,19.4,37.8,2.1
2011-09-24,0.0,0.54,24.5,32.2,19.1,41.5,1.0
2011-09-25,1.5,0.53,18.6,23.7,16.0,62.5,1.8
2011-09-26,0.0,0.53,17.8,24.1,14.8,64.3,1.9
2011-09-27,0.0,0.52,21.1,28.2,14.1,44.5,1.3
2011-09-28,0.0,0.52,23.8,31.2,17.1,43.5,1.3
2011-09-29,0.0,0.52,23.3,29.5,18.7,49.8,2.1
2011-09-30,0.0,0.51,24.6,31.6,19.1,50.0,1.5
2011-10-01,0.0,0.51,25.7,33.6,19.1,35.3,1.4
2011-10-02,0.0,0.5,26.1,33.4,19.7,35.8,1.4
2011-10-03,0.0,0.58,20.2,26.7,17.4,85.3,1.1
2011-10-04,15.6,0.56,20.5,24.3,16.6,67.0,2.0
2011-10-05,0.0,0.54,18.1,20.8,16.5,80.5,2.4
2011-10-06,0.1,0.63,19.3,22.7,17.1,76.0,1.1
2011-10-07,0.0,0.58,21.2,25.8,16.6,61.5,2.3
2011-10-08,0.0,0.53,22.6,27.8,18.5,50.3,1.7
2011-10-09,0.0,0.51,23.8,30.2,17.9,52.5,1.3
2011-10-10,0.0,0.5,24.0,29.8,20.3,56.3,1.3
2011-10-11,0.0,0.87,22.6,31.2,17.2,73.3,1.7
2011-10-12,19.8,1.13,24.2,30.4,17.3,58.5,1.6
2011-10-13,0.0,1.19,23.0,28.3,20.2,72.3,1.2
2011-10-14,2.8,1.09,21.4,23.1,19.9,82.8,0.8
2011-10-15,1.9,1.06,21.3,25.3,19.7,86.5,1.4
2011-10-16,37.5,1.52,22.2,27.0,18.8,82.0,1.2
2011-10-17,2.7,2.47,21.3,26.4,18.6,78.8,1.8
2011-10-18,7.5,2.66,20.0,24.5,17.1,67.0,1.8
2011-10-19,0.0,1.84,18.3,24.3,14.1,60.3,1.8
2011-10-20,0.0,1.08,18.9,24.5,14.0,55.0,1.9
2011-10-21,0.0,0.75,17.6,21.6,14.1,56.8,2.7
2011-10-22,2.8,0.91,15.7,18.1,13.0,91.5,1.2
2011-10-23,41.5,1.16,16.6,18.3,14.9,92.3,1.1
2011-10-24,16.9,1.02,18.6,22.9,15.0,74.8,1.8
2011-10-25,0.3,0.76,21.2,26.8,15.7,65.5,1.4
2011-10-26,0.0,0.66,23.2,28.6,18.1,62.8,1.5
2011-10-27,21.5,0.79,22.7,27.8,19.0,72.8,0.8
2011-10-28,3.5,0.92,25.9,32.8,19.3,53.0,0.8
2011-10-29,2.5,0.87,24.8,31.8,20.6,61.8,1.3
2011-10-30,0.0,0.82,24.2,28.6,19.1,61.0,1.1
2011-10-31,3.2,1.06,18.0,24.7,14.4,79.8,1.6
2011-11-01,1.8,1.16,16.2,19.7,13.4,67.5,1.2
2011-11-02,0.0,0.85,17.8,23.5,12.9,61.3,0.6
2011-11-03,0.0,0.71,19.3,25.5,14.2,56.8,1.6
2011-11-04,0.0,0.66,20.2,26.3,15.0,57.8,2.2
2011-11-05,0.0,0.63,20.8,26.6,16.0,53.5,1.3
2011-11-06,0.0,0.6,22.2,28.7,15.9,44.3,1.3
2011-11-07,0.0,0.63,21.4,27.1,18.9,57.5,1.0
2011-11-08,0.0,0.61,22.1,27.1,17.7,57.8,2.2
2011-11-09,0.0,0.59,21.1,27.1,17.1,57.8,1.7
2011-11-10,0.0,0.58,22.1,28.3,17.2,60.0,0.6
2011-11-11,0.0,0.57,24.4,31.0,18.1,43.5,0.8
2011-11-12,0.0,0.56,24.3,29.8,20.0,58.8,1.4
2011-11-13,0.0,0.61,22.8,28.0,17.9,63.5,1.6
2011-11-14,0.0,0.83,21.5,28.1,17.7,80.0,1.4
2011-11-15,57.5,1.86,19.9,23.7,17.9,91.0,0.9
2011-11-16,48.1,3.03,22.4,28.5,17.3,65.5,1.1
2011-11-17,0.3,2.7,21.8,29.2,17.1,65.3,1.1
2011-11-18,0.0,2.13,21.0,26.3,17.6,74.8,1.9
2011-11-19,0.0,1.94,19.6,23.3,17.5,79.3,1.3
2011-11-20,34.8,1.95,19.4,23.9,16.0,74.5,2.3
2011-11-21,0.0,1.43,21.1,25.5,17.3,68.0,1.4
2011-11-22,0.0,1.01,22.4,29.1,17.8,71.5,1.1
2011-11-23,31.7,1.65,21.4,25.1,19.3,88.0,1.5
2011-11-24,34.3,2.82,23.2,29.6,18.1,63.0,1.0
2011-11-25,0.1,2.52,24.4,30.6,20.1,62.5,1.2
2011-11-26,0.0,3.66,20.1,24.0,17.7,87.8,0.9
2011-11-27,35.6,7.51,17.6,19.9,16.0,92.3,1.1
2011-11-28,42.3,11.47,18.2,19.9,16.4,88.0,1.7
2011-11-29,29.5,13.96,19.8,23.9,16.1,76.8,1.5
2011-11-30,0.0,13.89,21.7,26.3,18.5,75.5,1.0
2011-12-01,12.1,12.37,21.0,25.5,18.9,90.0,0.7
2011-12-02,29.4,12.15,20.9,24.3,18.7,85.3,1.2
2011-12-03,14.9,11.76,20.5,23.7,18.3,73.3,2.0
2011-12-04,0.0,9.99,20.5,24.1,17.3,75.3,1.2
2011-12-05,0.0,8.31,21.4,27.2,18.3,80.5,0.8
2011-12-06,0.0,7.22,23.1,28.1,19.2,72.3,1.2
2011-12-07,0.0,7.17,21.9,26.5,19.3,78.3,0.9
2011-12-08,23.4,7.99,22.6,25.5,19.3,70.8,0.6
2011-12-09,0.0,9.45,23.0,26.3,20.5,73.3,1.5
2011-12-10,14.3,9.35,19.1,22.9,16.5,92.3,1.0
2011-12-11,33.2,11.56,22.2,27.9,16.3,66.8,0.9
2011-12-12,0.0,11.3,21.8,29.1,15.9,77.0,0.9
2011-12-13,1.6,9.96,22.9,29.6,16.0,66.3,0.8
2011-12-14,6.8,9.91,22.0,26.1,19.5,81.3,1.6
2011-12-15,26.3,11.82,20.2,22.1,18.1,92.8,0.6
2011-12-16,81.4,18.95,20.6,25.3,18.5,88.0,1.5
2011-12-17,34.5,28.99,21.5,25.5,18.5,85.8,0.5
2011-12-18,106.5,28.72,20.5,23.1,18.3,92.8,0.9
2011-12-19,14.8,29.62,19.2,21.5,17.3,92.0,0.9
2011-12-20,89.2,28.99,22.0,27.7,17.5,75.0,1.0
2011-12-21,0.3,27.58,24.0,29.8,18.7,66.3,1.4
2011-12-22,0.0,25.67,21.9,26.6,19.5,74.8,0.6
2011-12-23,5.6,26.67,23.2,28.4,17.7,56.5,1.2
2011-12-24,0.0,23.83,24.6,29.2,20.0,61.8,1.5
2011-12-25,0.0,21.8,25.2,30.4,19.9,53.0,0.7
2011-12-26,0.0,18.91,21.4,28.8,17.8,75.0,1.2
2011-12-27,12.7,16.14,20.8,27.2,17.3,77.5,1.0
2011-12-28,22.0,15.29,22.2,28.6,17.8,77.0,0.8
2011-12-29,12.1,17.16,20.3,25.5,18.1,89.3,0.5
2011-12-30,12.9,19.23,21.4,28.2,18.0,82.0,1.2
2011-12-31,13.5,18.41,21.5,24.7,18.7,84.5,0.7
2012-01-01,45.8,19.7,20.9,24.3,18.8,92.3,1.3
2012-01-02,67.5,26.48,19.9,21.1,18.3,93.0,1.4
2012-01-03,34.5,30.33,22.7,28.2,18.5,76.5,1.8
2012-01-04,4.3,30.84,21.8,27.6,18.0,82.8,0.9
2012-01-05,2.7,28.99,21.5,26.1,17.1,75.0,1.0
2012-01-06,1.9,29.34,21.3,24.8,19.0,88.3,0.6
2012-01-07,24.8,29.2,21.5,26.4,18.0,79.3,1.0
2012-01-08,19.1,28.79,19.8,21.9,18.3,84.3,0.4
2012-01-09,11.1,32.57,18.8,20.6,16.8,86.8,1.0
2012-01-10,4.9,40.3,20.9,24.7,17.5,75.3,2.3
2012-01-11,2.1,36.07,20.5,23.3,18.3,75.5,1.0
2012-01-12,0.1,31.14,21.8,26.3,18.3,68.5,0.9
2012-01-13,0.0,26.23,22.0,26.5,19.4,69.3,1.1
2012-01-14,0.0,22.23,24.4,30.4,19.3,56.0,1.0
2012-01-15,0.0,19.14,25.0,30.8,20.3,59.8,1.0
2012-01-16,0.0,16.82,25.5,30.6,20.6,55.8,1.2
2012-01-17,0.0,14.14,24.9,29.8,20.3,46.5,0.7
2012-01-18,0.0,11.65,24.5,30.1,20.0,56.3,2.4
2012-01-19,0.0,9.59,23.5,28.0,19.9,52.5,2.0
2012-01-20,0.0,7.81,23.7,29.2,18.7,55.3,1.0
2012-01-21,0.0,6.41,23.2,28.4,18.7,56.0,1.5
2012-01-22,0.0,5.07,23.9,29.4,19.2,56.5,2.3
2012-01-23,0.0,4.0,23.5,28.4,19.4,56.0,1.7
2012-01-24,0.0,3.06,23.8,29.4,19.1,58.8,1.8
2012-01-25,0.0,2.25,23.5,28.6,18.9,60.0,1.1
2012-01-26,0.0,1.72,24.0,31.6,19.5,71.3,1.3
2012-01-27,0.0,1.38,25.3,31.0,19.5,58.5,1.7
2012-01-28,22.9,1.22,22.0,26.6,18.1,79.0,0.8
2012-01-29,15.2,1.9,21.4,28.2,17.5,78.0,0.9
2012-01-30,36.1,5.19,20.8,27.1,16.7,82.8,1.7
2012-01-31,5.3,8.12,21.5,26.5,17.7,73.8,1.4
2012-02-01,0.0,9.35,21.9,26.8,18.6,67.5,1.2
2012-02-02,0.0,10.43,22.3,27.1,18.3,58.3,1.5
2012-02-03,0.0,8.57,22.6,28.0,18.1,58.5,2.4
2012-02-04,0.0,6.87,22.7,27.4,18.5,53.8,1.6
2012-02-05,0.0,5.47,24.1,29.2,19.5,53.3,0.9
2012-02-06,0.0,4.25,24.0,29.0,19.9,58.3,1.3
2012-02-07,0.0,3.38,24.3,32.0,20.4,62.0,1.5
2012-02-08,4.5,2.56,25.4,31.2,18.1,53.0,0.9
2012-02-09,0.1,1.84,25.9,30.9,21.7,58.0,0.6
2012-02-10,0.0,1.69,24.7,29.0,20.7,62.8,0.8
2012-02-11,0.0,1.56,24.8,28.1,21.4,63.8,1.2
2012-02-12,0.0,2.13,23.3,28.2,20.3,72.3,1.0
2012-02-13,2.1,4.69,22.8,27.5,19.7,62.3,1.0
2012-02-14,20.5,4.47,23.6,28.6,19.9,57.0,1.2
2012-02-15,0.0,3.59,23.7,28.2,20.1,57.3,2.3
2012-02-16,1.3,2.69,23.0,28.0,19.3,56.8,1.4
2012-02-17,0.0,1.97,22.9,28.2,19.3,56.8,1.5
2012-02-18,0.0,1.5,23.4,27.8,19.7,58.8,1.0
2012-02-19,0.0,1.28,23.3,27.8,19.9,62.0,1.9
2012-02-20,0.0,1.25,21.8,25.7,19.5,59.5,1.7
2012-02-21,0.0,1.22,22.6,27.6,18.7,58.5,1.6
2012-02-22,0.0,1.25,22.8,27.2,20.3,71.0,1.1
2012-02-23,0.0,1.28,24.1,29.4,20.4,62.3,1.1
2012-02-24,0.0,1.31,25.2,30.2,21.1,58.0,0.8
2012-02-25,0.0,1.25,24.3,29.2,21.2,49.3,0.8
2012-02-26,0.0,1.22,24.9,31.0,19.7,48.5,0.5
2012-02-27,0.0,1.22,26.0,31.6,20.9,45.8,1.4
2012-02-28,0.0,1.22,25.7,31.4,21.7,50.3,1.4
2012-02-29,0.0,1.19,25.3,31.0,21.5,48.5,0.7
2012-03-01,0.0,1.19,26.0,32.0,20.9,42.8,2.0
2012-03-02,0.0,1.19,26.8,33.0,20.9,38.0,1.2
2012-03-03,0.0,1.19,25.3,32.0,15.6,43.0,1.3
2012-03-04,0.0,1.16,24.4,29.0,20.9,45.8,1.2
2012-03-05,0.0,1.16,24.1,29.2,20.1,52.0,1.7
2012-03-06,0.0,1.16,23.8,28.4,20.3,55.5,1.8
2012-03-07,0.0,1.16,23.2,28.2,19.1,51.8,1.1
2012-03-08,0.0,1.16,23.7,28.9,19.2,52.0,1.1
2012-03-09,0.0,1.12,25.0,30.2,20.5,48.3,1.3
2012-03-10,0.0,1.12,24.1,28.2,20.9,57.3,1.9
2012-03-11,0.0,1.16,23.0,30.7,20.0,69.0,0.9
2012-03-12,53.5,1.5,22.2,27.6,19.5,78.5,1.1
2012-03-13,23.8,3.25,22.2,27.8,18.5,77.0,1.2
2012-03-14,12.5,4.6,23.9,29.8,19.6,66.0,1.2
2012-03-15,22.8,4.06,23.0,30.0,19.1,75.5,0.5
2012-03-16,28.5,5.41,22.0,24.9,20.2,89.0,0.5
2012-03-17,21.3,8.35,21.5,25.5,19.5,71.0,1.3
2012-03-18,4.8,7.97,19.8,23.0,18.2,74.0,1.0
2012-03-19,0.3,6.59,19.5,21.5,17.5,78.8,0.9
2012-03-20,0.0,5.71,21.2,26.0,18.2,74.5,1.2
2012-03-21,0.0,5.56,22.6,28.2,18.3,72.8,1.2
2012-03-22,0.0,4.9,24.4,29.7,19.4,65.0,1.0
2012-03-23,0.0,3.97,22.6,26.7,19.7,79.8,0.9
2012-03-24,23.5,3.53,24.3,29.9,19.6,69.3,0.6
2012-03-25,0.1,3.41,23.0,28.6,19.7,83.0,0.4
2012-03-26,4.5,4.04,23.1,27.6,19.2,71.0,1.6
2012-03-27,0.0,3.22,23.4,28.6,18.9,59.0,0.8
2012-03-28,0.0,2.4,24.2,28.8,19.7,60.8,1.3
2012-03-29,21.6,2.03,22.2,26.3,18.9,73.3,1.1
2012-03-30,0.2,2.25,23.0,27.8,19.7,66.0,1.8
2012-03-31,0.0,2.03,23.2,27.6,20.7,63.3,1.1
2012-04-01,0.0,2.18,23.1,27.3,20.0,63.0,1.8
2012-04-02,0.0,2.09,23.3,28.6,19.9,63.0,1.0
2012-04-03,0.0,1.84,22.9,28.2,19.9,64.3,2.0
2012-04-04,0.0,1.62,23.0,27.8,19.7,68.8,1.2
2012-04-05,0.0,1.44,24.3,29.8,19.4,65.0,1.0
2012-04-06,0.0,1.34,22.4,29.4,18.5,83.3,0.6
2012-04-07,14.8,1.5,22.1,27.4,18.1,72.8,1.4
2012-04-08,0.0,1.59,23.3,28.0,19.5,64.8,1.0
2012-04-09,0.0,1.44,22.9,27.1,19.5,58.8,1.1
2012-04-10,0.0,1.31,22.6,27.1,19.3,61.0,1.6
2012-04-11,0.0,1.28,22.4,26.2,19.8,64.8,2.3
2012-04-12,0.0,1.28,22.3,26.7,19.5,68.3,1.8
2012-04-13,0.0,1.28,22.5,26.8,19.0,64.0,0.8
2012-04-14,0.0,1.25,23.7,29.0,19.4,61.8,0.8
2012-04-15,0.0,1.25,24.8,30.2,19.8,56.3,1.0
2012-04-16,0.0,1.31,24.1,29.4,21.6,78.0,0.7
2012-04-17,3.5,1.62,20.5,22.8,18.9,78.5,1.0
2012-04-18,0.0,1.47,21.5,27.8,16.8,61.0,0.9
2012-04-19,0.0,1.31,20.9,26.5,17.2,57.8,1.7
2012-04-20,0.0,1.25,21.4,26.5,16.2,51.8,1.3
2012-04-21,0.0,1.25,23.2,28.9,17.5,52.3,0.8
2012-04-22,0.0,1.22,23.3,28.2,20.0,64.3,0.5
2012-04-23,0.0,1.34,20.9,23.5,19.4,84.3,0.9
2012-04-24,8.6,1.53,22.6,28.6,17.8,63.3,1.1
2012-04-25,0.0,1.34,23.8,29.3,19.1,62.0,1.1
2012-04-26,0.0,1.28,23.7,27.6,19.0,68.3,0.9
2012-04-27,13.8,1.25,22.2,26.7,19.1,78.8,1.0
2012-04-28,0.0,1.31,23.9,28.2,19.6,68.5,0.7
2012-04-29,0.0,1.4,23.1,27.1,20.4,64.5,0.8
2012-04-30,0.0,1.28,24.6,30.1,19.2,59.8,1.0
2012-05-01,0.0,1.28,21.4,25.5,18.8,72.8,1.0
2012-05-02,0.0,1.28,18.7,23.9,15.6,73.8,1.4
2012-05-03,0.0,1.25,19.6,24.5,15.6,64.3,2.1
2012-05-04,0.0,1.22,19.3,23.7,15.6,64.5,1.7
2012-05-05,0.0,1.22,20.6,26.3,16.6,63.3,1.3
2012-05-06,0.0,1.22,19.6,24.4,15.8,67.8,1.4
2012-05-07,0.0,1.19,18.8,23.1,15.8,62.3,1.5
2012-05-08,11.8,1.4,17.2,20.5,16.5,76.5,0.8
2012-05-09,0.0,1.9,19.0,23.3,15.2,67.8,1.7
2012-05-10,0.0,1.5,20.1,26.5,14.9,58.8,1.3
2012-05-11,0.0,1.28,21.1,26.5,18.0,56.0,1.6
2012-05-12,0.0,1.22,22.2,28.0,16.6,58.0,1.2
2012-05-13,0.0,1.22,22.0,26.0,18.6,66.0,0.8
2012-05-14,0.0,1.44,19.4,23.1,17.9,90.5,2.0
2012-05-15,59.8,2.34,16.5,18.9,15.6,86.5,0.9
2012-05-16,4.5,3.0,17.4,20.5,15.0,74.5,1.6
2012-05-17,2.8,2.91,17.5,21.5,14.6,65.5,1.4
2012-05-18,0.0,2.06,18.1,23.8,14.4,63.3,1.9
2012-05-19,0.0,1.5,18.1,22.1,14.4,63.5,1.1
2012-05-20,0.0,1.28,17.8,22.1,15.2,66.8,1.8
2012-05-21,0.0,1.25,18.0,22.9,15.0,65.3,2.3
2012-05-22,0.0,1.22,18.1,22.1,15.0,66.3,1.3
2012-05-23,0.0,1.25,18.1,22.1,15.2,70.5,1.5
2012-05-24,0.0,1.25,19.0,23.9,15.2,68.5,2.2
2012-05-25,0.0,1.22,18.6,25.1,16.0,74.0,0.8
2012-05-26,0.0,1.28,19.5,24.7,16.2,84.0,0.2
2012-05-27,0.0,1.31,21.4,27.7,17.0,63.3,1.1
2012-05-28,0.0,1.25,21.7,26.9,16.7,62.8,1.0
2012-05-29,12.3,1.22,22.2,28.2,17.8,62.3,0.7
2012-05-30,0.0,1.19,22.4,28.1,17.7,62.3,0.7
2012-05-31,3.1,1.19,22.9,28.0,18.2,60.3,0.8
2012-06-01,0.0,1.22,22.4,27.6,19.0,65.8,1.3
2012-06-02,0.0,1.22,21.7,27.6,17.9,67.8,1.5
2012-06-03,0.0,1.19,22.0,27.4,17.4,64.5,0.7
2012-06-04,0.0,1.16,22.4,28.0,17.8,60.0,1.2
2012-06-05,0.0,1.16,23.4,29.0,19.4,62.5,1.0
2012-06-06,0.0,1.16,20.8,25.5,18.0,75.0,1.6
2012-06-07,16.8,1.31,20.4,23.3,18.0,77.5,1.0
2012-06-08,2.3,1.62,19.0,22.9,16.2,75.5,1.5
2012-06-09,1.1,1.38,19.8,25.1,15.8,72.0,1.2
2012-06-10,0.0,1.22,19.5,24.5,16.0,64.3,1.3
2012-06-11,0.0,1.19,19.7,24.9,16.2,67.5,1.3
2012-06-12,0.0,1.16,20.9,26.7,15.2,61.3,1.7
2012-06-13,0.0,1.16,20.4,25.3,17.4,63.5,1.4
2012-06-14,0.0,1.14,20.3,25.1,16.8,60.8,1.5
2012-06-15,0.3,1.12,19.6,24.1,16.8,62.5,1.6
2012-06-16,0.0,1.12,19.1,24.9,15.2,66.0,1.0
2012-06-17,2.1,1.11,20.2,26.1,15.4,56.3,0.7
2012-06-18,0.0,1.11,20.7,26.7,15.4,56.8,1.0
2012-06-19,0.0,1.11,21.1,27.4,16.8,62.3,1.5
2012-06-20,0.0,1.09,22.3,27.2,18.2,61.5,1.3
2012-06-21,0.0,1.09,22.0,27.4,19.0,71.5,0.7
2012-06-22,0.0,1.08,22.2,26.5,19.8,69.8,1.0
2012-06-23,0.0,1.08,21.6,27.8,18.0,65.3,1.1
2012-06-24,0.0,1.08,19.5,23.3,17.6,72.5,1.8
2012-06-25,0.0,1.06,19.9,26.2,15.4,61.3,1.3
2012-06-26,0.0,1.06,18.0,22.5,14.6,56.8,0.7
2012-06-27,0.0,1.05,18.6,24.3,13.8,62.5,0.9
2012-06-28,0.0,1.05,19.4,23.7,16.2,60.8,2.5
2012-06-29,0.0,1.05,20.1,25.5,16.0,54.3,1.7
2012-06-30,0.0,1.03,20.5,25.3,16.8,63.5,1.1
2012-07-01,0.0,1.03,20.6,25.6,17.2,61.5,1.6
2012-07-02,0.0,1.03,20.1,24.5,16.2,60.3,1.2
2012-07-03,0.0,1.01,19.7,24.5,16.6,55.8,0.8
2012-07-04,0.0,1.01,18.4,23.3,15.2,63.8,2.0
2012-07-05,0.0,1.0,19.2,23.5,15.3,57.8,0.9
2012-07-06,0.0,1.0,19.1,24.1,15.6,60.3,1.2
2012-07-07,0.0,1.0,19.5,25.1,14.7,59.3,1.9
2012-07-08,0.0,0.99,20.0,26.3,14.4,58.8,1.2
2012-07-09,0.0,0.99,16.9,22.3,13.6,61.5,1.7
2012-07-10,0.0,0.99,18.0,24.3,12.2,57.0,1.0
2012-07-11,0.0,0.97,20.3,25.9,14.5,55.5,0.9
2012-07-12,0.0,0.97,22.6,27.4,18.0,47.0,1.9
2012-07-13,0.0,0.97,20.6,24.3,18.2,61.8,0.6
2012-07-14,0.0,0.95,20.7,27.6,14.8,57.8,1.0
2012-07-15,0.0,0.95,21.0,25.7,17.8,58.0,0.9
2012-07-16,0.0,0.95,18.6,22.9,15.8,66.0,1.4
2012-07-17,0.0,0.94,18.0,21.1,16.1,72.0,1.0
2012-07-18,0.0,0.94,18.3,20.9,15.4,73.0,1.1
2012-07-19,0.0,0.94,15.9,23.5,11.2,46.0,1.1
2012-07-20,0.0,0.94,18.8,26.7,11.8,47.3,0.7
2012-07-21,0.0,0.92,20.4,27.2,13.6,45.8,0.7
2012-07-22,0.0,0.92,21.1,28.8,14.8,49.8,1.1
2012-07-23,0.0,0.91,22.3,27.4,16.8,47.8,1.3
2012-07-24,0.0,0.91,21.8,26.8,17.8,40.8,1.5
2012-07-25,0.0,0.91,21.4,27.8,15.4,41.8,0.9
2012-07-26,0.0,0.89,20.9,27.2,15.8,42.3,1.4
2012-07-27,0.0,0.89,21.0,27.2,15.2,42.3,1.4
2012-07-28,0.0,0.89,21.0,26.7,16.2,42.8,0.8
2012-07-29,0.0,0.87,20.0,26.3,15.2,53.5,1.1
2012-07-30,0.0,0.87,20.5,27.4,14.8,44.0,1.3
2012-07-31,0.0,0.87,19.2,23.5,15.6,53.8,1.3
2012-08-01,0.0,0.86,18.9,23.2,15.6,64.5,2.5
2012-08-02,0.0,0.86,18.7,23.2,15.6,63.5,1.7
2012-08-03,0.0,0.86,19.8,24.6,16.0,55.5,1.1
2012-08-04,0.0,0.85,20.7,27.0,14.8,52.3,0.7
2012-08-05,0.0,0.85,20.8,27.4,15.6,50.5,0.9
2012-08-06,0.0,0.85,19.7,24.7,16.8,57.0,1.5
2012-08-07,0.0,0.85,18.3,22.7,14.7,59.5,1.9
2012-08-08,0.0,0.83,18.4,23.7,14.8,54.5,2.1
2012-08-09,0.0,0.83,17.8,22.4,14.2,52.8,1.6
2012-08-10,0.0,0.83,18.4,23.1,14.2,51.8,1.0
2012-08-11,0.0,0.81,18.8,23.6,15.3,52.3,1.4
2012-08-12,0.0,0.81,18.7,23.1,14.1,56.8,2.0
2012-08-13,0.0,0.81,19.0,23.5,15.9,63.8,1.6
2012-08-14,0.0,0.81,18.5,22.9,15.8,65.5,2.1
2012-08-15,0.0,0.81,17.7,21.3,14.6,69.8,1.8
2012-08-16,0.0,0.8,19.0,23.6,15.8,65.8,2.4
2012-08-17,0.0,0.8,19.1,23.9,15.2,48.3,1.7
2012-08-18,0.0,0.8,19.2,24.3,15.4,52.0,1.8
2012-08-19,0.0,0.8,18.9,22.9,15.2,63.8,1.1
2012-08-20,0.0,0.78,18.0,22.0,14.1,49.3,2.7
2012-08-21,0.0,0.78,18.4,23.9,13.9,62.3,1.3
2012-08-22,0.0,0.78,18.7,24.3,14.8,49.5,1.6
2012-08-23,0.0,0.77,17.9,21.7,14.8,70.0,1.9
2012-08-24,0.0,0.77,19.6,25.9,15.2,52.3,3.7
2012-08-25,0.0,0.76,19.2,25.1,14.4,49.0,1.7
2012-08-26,0.0,0.76,20.2,24.7,15.6,55.0,1.4
2012-08-27,0.0,0.75,21.0,27.1,16.4,44.3,0.9
2012-08-28,0.0,0.75,20.8,25.9,15.8,53.5,1.5
2012-08-29,0.0,0.74,22.5,29.2,16.9,43.5,0.5
2012-08-30,0.0,0.73,21.9,29.1,16.2,44.0,0.6
2012-08-31,0.0,0.73,21.1,29.4,14.4,48.3,0.9
2012-09-01,0.0,0.73,23.0,30.9,16.9,45.0,0.8
2012-09-02,0.0,0.72,23.5,30.8,17.2,40.5,0.9
2012-09-03,0.0,0.72,24.6,32.4,18.2,38.8,1.1
2012-09-04,0.0,0.71,20.6,25.5,16.2,53.5,1.5
2012-09-05,0.0,0.7,21.0,28.2,15.4,53.5,1.5
2012-09-06,0.0,0.7,21.8,28.6,16.0,42.0,2.1
2012-09-07,0.0,0.69,21.7,27.6,17.4,52.3,1.5
2012-09-08,0.0,0.69,22.8,28.8,17.2,42.8,1.2
2012-09-09,0.0,0.69,24.7,31.2,17.8,36.8,1.5
2012-09-10,0.0,0.68,25.7,32.6,20.2,34.8,1.5
2012-09-11,0.0,0.68,26.3,34.0,20.0,33.5,0.6
2012-09-12,0.0,0.67,27.9,34.8,21.3,34.8,0.8
2012-09-13,0.0,0.66,27.3,34.6,22.6,42.0,1.9
2012-09-14,0.0,0.66,22.8,28.2,19.4,62.3,1.6
2012-09-15,0.0,0.66,22.8,28.7,18.9,53.8,0.8
2012-09-16,0.0,0.66,22.7,28.8,17.8,53.8,2.2
2012-09-17,0.0,0.65,23.5,29.8,19.4,50.3,1.5
2012-09-18,0.0,0.65,25.6,32.7,18.9,38.0,1.2
2012-09-19,0.0,0.64,26.9,34.4,20.2,36.0,1.4
2012-09-20,0.0,0.63,24.2,28.6,21.8,51.0,1.1
2012-09-21,0.0,0.63,22.6,29.7,19.3,67.5,0.4
2012-09-22,4.8,0.85,22.3,27.8,18.0,59.0,1.1
2012-09-23,0.0,0.85,18.3,22.3,16.6,70.0,2.0
2012-09-24,0.0,0.73,20.0,25.4,15.7,64.0,1.6
2012-09-25,0.0,0.68,21.7,30.1,17.2,68.8,1.5
2012-09-26,10.3,1.42,19.0,24.7,16.8,76.8,1.2
2012-09-27,0.0,1.67,15.9,23.7,9.9,43.5,2.0
2012-09-28,0.0,1.02,16.8,24.8,10.1,43.8,2.0
2012-09-29,0.0,0.77,17.7,23.3,11.6,42.5,0.7
2012-09-30,0.0,0.71,17.8,23.5,12.7,48.8,1.5
2012-10-01,0.0,0.68,21.0,28.6,14.2,41.0,1.7
2012-10-02,0.0,0.66,23.2,30.2,16.9,38.5,1.7
2012-10-03,0.0,0.64,22.1,27.5,18.2,51.3,2.7
2012-10-04,0.0,0.63,22.9,29.2,18.4,47.5,1.7
2012-10-05,0.0,0.63,22.8,28.8,17.8,44.3,1.6
2012-10-06,0.0,0.62,21.8,26.3,17.4,42.8,2.5
2012-10-07,0.0,0.61,21.7,27.1,16.4,45.8,2.0
2012-10-08,0.0,0.6,21.7,26.9,17.0,46.5,1.1
2012-10-09,0.0,0.6,21.9,26.8,17.4,48.8,2.5
2012-10-10,0.0,0.59,22.9,29.0,17.0,47.8,1.7
2012-10-11,0.0,0.58,25.6,32.4,18.4,38.0,1.4
2012-10-12,0.0,0.58,26.0,32.0,21.2,46.3,1.6
2012-10-13,18.9,0.68,20.8,26.5,17.2,73.3,1.6
2012-10-14,0.0,0.68,19.4,23.0,17.4,79.5,1.8
2012-10-15,1.8,0.64,20.1,26.3,15.1,62.5,2.4
2012-10-16,0.0,0.62,21.6,27.6,16.8,55.0,1.8
2012-10-17,0.0,0.6,21.3,25.3,17.2,62.0,1.4
2012-10-18,0.0,0.58,25.3,31.8,19.6,46.8,1.5
2012-10-19,0.0,0.59,24.0,31.4,20.2,50.3,1.9
2012-10-20,0.0,0.58,23.7,25.6,18.0,68.3,1.1
2012-10-21,0.0,0.58,24.9,30.0,20.0,51.8,2.0
2012-10-22,0.0,0.58,24.5,30.6,20.4,62.5,1.1
2012-10-23,0.0,0.56,26.5,33.0,20.8,51.0,1.1
2012-10-24,0.0,0.56,24.4,27.4,21.4,57.5,1.7
2012-10-25,0.0,0.63,26.0,30.8,22.0,52.3,1.3
2012-10-26,0.0,0.61,25.6,31.4,21.2,42.8,0.8
2012-10-27,0.0,0.58,26.8,33.2,21.6,34.3,1.9
2012-10-28,0.0,0.56,29.4,35.6,22.6,46.3,1.1
2012-10-29,0.0,0.56,26.8,34.8,22.2,46.5,1.1
2012-10-30,0.8,0.56,27.5,35.3,21.8,47.8,1.0
2012-10-31,2.8,0.65,27.6,37.1,22.2,49.8,0.9
2012-11-01,6.7,0.91,28.0,34.4,21.3,44.0,1.1
2012-11-02,0.0,1.23,23.5,30.4,20.0,71.3,1.8
2012-11-03,28.1,1.59,22.1,26.5,18.4,79.3,1.0
2012-11-04,7.8,2.39,22.5,28.7,19.7,80.5,1.1
2012-11-05,31.3,2.82,22.8,28.6,18.1,67.3,1.1
2012-11-06,0.2,2.33,22.3,27.4,18.6,69.3,1.4
2012-11-07,1.3,1.62,22.9,27.8,19.8,69.5,2.5
2012-11-08,1.8,1.12,22.4,26.3,19.1,63.8,1.5
2012-11-09,0.3,1.99,19.5,23.6,17.0,90.8,1.7
2012-11-10,17.8,3.67,19.2,21.1,17.2,88.3,0.9
2012-11-11,3.8,3.9,20.9,25.5,17.8,86.0,0.8
2012-11-12,16.6,3.13,23.9,29.8,19.1,69.5,1.0
2012-11-13,0.2,2.53,23.8,27.8,20.8,71.0,1.6
2012-11-14,0.0,2.16,21.5,26.3,19.2,74.8,1.0
2012-11-15,5.8,1.75,20.4,26.5,16.0,79.0,1.3
2012-11-16,41.2,2.23,21.2,26.4,15.9,75.3,1.3
2012-11-17,9.8,3.01,21.6,27.1,16.6,56.5,1.2
2012-11-18,1.3,2.18,21.1,25.9,16.0,60.3,1.3
2012-11-19,0.0,1.59,21.4,26.3,17.8,65.3,2.3
2012-11-20,0.0,1.53,20.9,25.6,18.5,75.8,0.9
2012-11-21,13.6,1.42,24.0,30.2,17.0,50.5,1.4
2012-11-22,0.0,1.06,24.6,31.0,18.2,48.5,1.7
2012-11-23,0.0,0.82,26.6,32.4,21.2,44.5,1.1
2012-11-24,0.0,0.73,25.9,30.2,21.9,59.0,0.6
2012-11-25,0.0,1.29,21.7,25.1,19.9,88.0,1.4
2012-11-26,55.1,2.17,21.7,25.5,19.0,75.5,1.7
2012-11-27,0.0,2.52,21.8,25.6,19.1,86.8,1.1
2012-11-28,13.6,3.49,23.1,28.8,20.2,80.0,0.7
2012-11-29,5.3,3.56,24.8,29.8,19.2,59.8,1.2
2012-11-30,0.0,2.62,23.6,28.2,19.0,59.8,1.6
2012-12-01,0.0,2.1,22.8,26.8,19.7,68.8,1.1
2012-12-02,0.0,2.08,24.3,28.4,20.2,56.3,1.2
2012-12-03,0.0,1.73,23.9,28.8,21.2,67.8,1.0
2012-12-04,0.0,1.71,24.6,29.7,20.5,56.0,0.9
2012-12-05,0.0,1.26,24.5,29.5,20.8,56.8,2.1
2012-12-06,0.0,0.98,25.9,31.2,20.8,50.8,0.9
2012-12-07,0.0,0.81,25.9,32.6,21.2,58.8,0.7
2012-12-08,0.0,0.78,26.4,31.2,22.1,61.5,0.5
2012-12-09,0.1,0.95,25.2,29.0,23.0,66.3,1.1
2012-12-10,7.9,1.44,23.4,30.2,20.0,71.3,0.6
2012-12-11,12.2,1.64,23.9,27.8,20.1,74.3,1.2
2012-12-12,5.9,1.39,24.6,28.3,21.3,71.8,1.0
2012-12-13,18.6,1.67,25.9,32.0,20.8,59.5,1.6
2012-12-14,0.0,2.3,24.7,27.8,21.2,72.0,0.8
2012-12-15,15.3,2.3,26.3,32.0,20.8,56.0,0.9
2012-12-16,6.2,1.8,25.6,29.4,22.7,62.8,0.6
2012-12-17,25.8,1.47,26.5,33.2,22.0,52.5,1.9
2012-12-18,0.0,1.26,27.4,33.0,21.8,53.5,0.7
2012-12-19,0.0,1.2,25.6,32.2,22.2,66.3,1.3
2012-12-20,0.0,1.33,25.8,30.5,20.7,64.5,0.9
2012-12-21,0.0,1.14,25.6,31.1,22.2,62.5,1.4
2012-12-22,0.0,0.94,27.5,32.4,21.8,45.3,1.2
2012-12-23,0.0,0.86,25.8,30.8,22.2,53.0,1.6
2012-12-24,0.0,0.85,25.5,30.2,21.8,51.0,0.9
2012-12-25,0.0,0.81,26.6,32.4,21.6,51.3,1.8
2012-12-26,0.0,0.81,26.6,33.2,22.2,61.5,1.4
2012-12-27,8.7,0.8,26.1,32.0,22.8,53.3,1.3
2012-12-28,0.0,0.81,24.4,32.2,20.2,59.0,0.8
2012-12-29,0.0,1.03,21.7,26.3,18.2,78.0,0.5
2012-12-30,0.0,1.16,24.9,30.0,18.2,56.5,1.0
2012-12-31,0.0,0.92,24.5,30.0,21.4,54.0,1.6
2013-01-01,0.0,0.85,26.0,31.7,20.3,44.5,1.1
2013-01-02,0.0,0.81,26.4,31.2,21.6,44.0,1.8
2013-01-03,0.0,0.8,26.4,31.4,21.8,47.0,1.6
2013-01-04,0.0,0.78,25.3,29.9,21.2,54.3,1.5
2013-01-05,0.0,0.77,25.1,30.4,20.5,49.3,1.2
2013-01-06,0.0,0.77,26.8,32.4,22.0,45.5,1.0
2013-01-07,0.0,0.81,24.6,31.1,21.9,71.3,1.0
2013-01-08,30.9,1.01,23.3,29.8,19.5,72.3,2.3
2013-01-09,5.8,1.09,23.8,27.6,20.8,61.8,1.5
2013-01-10,0.0,1.01,22.6,27.1,20.4,81.8,0.9
2013-01-11,19.8,1.53,19.4,21.6,17.8,84.8,1.0
2013-01-12,32.3,2.44,20.7,27.8,16.0,76.3,1.3
2013-01-13,0.3,2.28,21.2,27.1,16.0,71.3,1.7
2013-01-14,3.9,1.62,23.5,27.5,19.3,61.5,1.1
2013-01-15,0.0,1.23,22.5,27.8,19.2,72.8,1.3
2013-01-16,9.8,1.69,22.2,26.9,19.2,80.3,1.1
2013-01-17,28.8,2.79,21.8,26.2,18.9,84.3,0.3
2013-01-18,13.9,3.22,22.4,26.1,19.2,81.5,0.7
2013-01-19,9.7,2.79,24.3,31.0,19.4,67.5,1.0
2013-01-20,6.8,2.87,22.0,29.1,18.6,79.3,1.0
2013-01-21,72.1,4.08,22.6,27.1,18.6,64.3,0.8
2013-01-22,6.3,3.84,22.0,26.5,19.0,63.5,1.6
2013-01-23,0.0,2.83,22.1,26.1,19.6,65.3,1.1
2013-01-24,0.0,2.27,21.7,25.0,19.2,84.3,1.1
2013-01-25,28.1,2.08,23.7,28.6,19.9,78.8,0.7
2013-01-26,7.3,2.17,21.6,24.9,20.0,92.3,1.7
2013-01-27,8.2,2.79,23.4,26.7,20.2,84.5,1.3
2013-01-28,10.7,5.53,22.2,24.4,20.4,86.8,0.9
2013-01-29,9.8,9.09,22.0,25.0,19.6,80.5,0.8
2013-01-30,17.5,9.86,22.9,27.8,20.2,86.8,0.8
2013-01-31,8.3,9.02,21.4,23.9,19.8,87.3,0.4
2013-02-01,58.3,9.35,23.8,27.7,19.8,67.3,1.2
2013-02-02,0.0,9.72,22.3,27.7,18.6,77.5,0.7
2013-02-03,19.8,8.82,24.7,30.6,18.2,57.0,0.5
2013-02-04,0.0,7.13,23.1,28.8,19.4,75.5,1.2
2013-02-05,0.0,5.78,23.7,27.8,19.4,66.8,1.4
2013-02-06,0.0,5.0,22.1,25.9,18.7,72.5,0.8
2013-02-07,0.0,4.56,23.8,28.4,19.8,57.8,2.1
2013-02-08,0.0,3.56,23.5,28.0,20.2,63.3,1.5
2013-02-09,0.0,2.72,24.6,29.9,20.4,57.3,2.2
2013-02-10,0.0,2.13,24.6,29.2,21.2,58.8,1.9
2013-02-11,0.0,1.62,24.6,29.6,20.8,56.8,1.0
2013-02-12,0.0,1.28,24.9,30.2,19.2,46.0,0.8
2013-02-13,0.0,1.09,25.5,31.2,20.2,50.3,1.6
2013-02-14,0.0,1.0,25.5,30.9,21.2,52.3,0.9
2013-02-15,0.0,0.97,25.8,30.9,21.1,55.5,1.0
2013-02-16,0.0,0.97,25.0,30.0,21.6,60.3,1.1
2013-02-17,0.0,0.97,25.3,30.1,21.4,55.0,1.8
2013-02-18,0.0,0.94,25.4,31.5,21.2,55.0,0.7
2013-02-19,0.0,0.94,25.0,29.4,21.2,54.0,2.3
2013-02-20,0.0,0.94,24.0,29.0,20.2,53.3,1.4
2013-02-21,0.0,0.94,24.1,29.2,19.8,53.0,2.2
2013-02-22,0.0,0.94,24.6,30.3,20.2,54.5,1.0
2013-02-23,0.0,0.91,25.2,30.0,20.4,48.8,1.1
2013-02-24,0.0,0.91,23.5,27.8,20.2,63.0,1.6
2013-02-25,0.0,0.91,24.7,30.2,19.6,55.8,1.7
2013-02-26,0.0,0.91,26.6,32.8,20.5,51.8,1.0
2013-02-27,14.0,0.97,23.8,31.6,20.0,71.5,1.4
2013-02-28,8.9,1.62,23.7,29.0,19.4,63.0,1.3
2013-03-01,1.3,3.38,21.6,24.3,19.8,82.8,0.9
2013-03-02,15.8,4.31,22.3,25.8,19.3,72.0,1.0
2013-03-03,0.0,3.59,23.9,29.0,20.0,63.0,1.3
2013-03-04,0.0,2.78,25.0,30.0,20.2,59.5,1.0
2013-03-05,0.0,1.97,27.2,32.6,20.9,50.5,1.3
2013-03-06,0.0,1.44,23.5,31.5,19.8,80.0,1.1
2013-03-07,52.6,1.38,24.8,29.4,19.6,67.8,1.1
2013-03-08,0.0,1.5,25.4,30.2,21.2,61.0,1.0
2013-03-09,0.0,1.28,25.7,30.6,21.0,56.0,1.6
2013-03-10,0.0,1.06,25.2,31.4,21.5,63.5,0.7
2013-03-11,0.0,1.06,25.8,32.0,21.0,57.3,1.0
2013-03-12,4.8,1.09,27.7,33.9,22.2,53.0,0.6
2013-03-13,0.0,1.16,26.0,32.9,21.9,59.3,1.5
2013-03-14,0.0,1.62,25.1,29.6,21.4,67.8,0.8
2013-03-15,13.3,2.44,23.2,27.6,20.2,71.0,1.4
2013-03-16,4.6,1.97,23.9,28.3,20.2,61.8,1.0
2013-03-17,0.0,1.4,25.2,30.9,20.1,60.5,0.9
2013-03-18,0.0,1.28,23.6,29.8,20.7,66.8,0.9
2013-03-19,0.0,1.19,20.5,24.1,17.8,68.0,1.5
2013-03-20,0.0,1.06,21.5,26.2,17.2,66.5,1.5
2013-03-21,0.0,1.03,23.3,27.8,19.6,68.3,1.4
2013-03-22,0.0,1.19,22.9,28.7,19.9,77.5,1.5
2013-03-23,9.1,2.13,23.5,28.2,18.8,67.3,1.1
2013-03-24,0.0,4.19,22.8,25.5,19.6,71.3,1.4
2013-03-25,0.0,3.91,21.8,24.7,19.4,81.3,1.4
2013-03-26,5.8,3.29,23.1,27.8,19.0,73.3,1.0
2013-03-27,5.3,3.25,22.2,25.0,19.5,88.8,0.7
2013-03-28,11.2,3.94,20.3,22.5,18.8,89.8,0.8
2013-03-29,10.8,5.15,20.6,25.3,17.2,67.5,1.3
2013-03-30,8.8,5.65,19.9,22.5,17.4,83.0,1.1
2013-03-31,2.2,4.81,20.6,22.9,18.3,80.0,1.0
2013-04-01,4.3,4.31,22.8,28.4,17.6,68.0,1.0
2013-04-02,0.0,3.41,23.5,28.0,19.8,66.0,1.9
2013-04-03,0.0,2.91,23.4,27.9,20.4,72.8,1.1
2013-04-04,11.3,2.81,23.2,27.4,20.0,71.0,0.9
2013-04-05,3.8,2.66,21.1,24.5,19.2,84.0,0.5
2013-04-06,7.8,2.09,23.8,28.9,18.6,73.0,0.5
2013-04-07,9.6,1.97,23.5,29.4,19.2,68.0,0.8
2013-04-08,2.9,2.47,22.8,27.4,19.2,79.3,1.5
2013-04-09,1.7,3.03,22.0,27.9,19.4,78.8,1.6
2013-04-10,33.5,3.66,20.5,22.4,18.5,86.8,1.3
2013-04-11,2.5,4.04,20.4,22.1,18.6,77.3,1.8
2013-04-12,1.8,3.69,22.8,27.5,18.6,74.5,0.9
2013-04-13,0.0,3.41,21.4,25.4,19.6,87.0,0.7
2013-04-14,31.0,3.53,21.4,25.8,18.1,77.8,0.4
2013-04-15,2.8,3.0,21.9,28.0,18.0,72.8,1.3
2013-04-16,0.0,2.69,22.2,28.3,17.3,61.0,0.6
2013-04-17,0.0,2.16,22.3,28.6,15.8,51.8,0.7
2013-04-18,0.0,1.69,21.1,26.3,16.6,63.5,1.8
2013-04-19,0.0,1.44,21.7,27.1,17.2,60.8,0.9
2013-04-20,0.0,1.25,20.3,24.4,16.4,63.5,0.4
2013-04-21,0.0,1.16,19.5,25.3,15.8,53.5,1.7
2013-04-22,2.3,1.16,18.5,23.8,15.3,62.3,2.1
2013-04-23,0.0,1.12,18.6,23.5,14.2,61.0,1.4
2013-04-24,0.0,1.12,19.3,24.3,14.7,62.3,0.3
2013-04-25,0.0,1.12,19.1,23.1,15.0,59.3,1.0
2013-04-26,0.0,1.12,19.5,23.8,15.2,54.8,1.8
2013-04-27,0.0,1.09,20.1,26.3,13.8,53.0,1.2
2013-04-28,0.0,1.09,19.7,24.8,15.0,58.0,0.9
2013-04-29,0.0,1.09,19.6,24.7,15.0,56.5,0.8
2013-04-30,0.0,1.09,21.7,28.1,14.9,56.3,1.1
2013-05-01,0.0,1.06,22.3,28.0,16.7,59.3,0.8
2013-05-02,0.0,1.06,21.8,26.6,17.1,59.0,2.0
2013-05-03,0.0,1.06,21.7,27.7,16.3,58.8,0.9
2013-05-04,0.0,1.06,21.8,28.4,15.9,45.5,1.0
2013-05-05,0.0,1.06,21.9,28.3,16.0,44.3,0.9
2013-05-06,0.0,1.03,22.9,28.9,16.7,49.5,0.5
2013-05-07,0.0,1.03,22.3,27.4,17.4,57.5,1.6
2013-05-08,0.0,1.03,20.1,26.9,14.9,47.8,1.3
2013-05-09,0.0,1.03,19.5,25.7,13.7,60.3,0.8
2013-05-10,0.0,1.03,19.2,23.9,15.5,58.0,1.1
2013-05-11,0.0,1.03,18.5,23.1,14.6,60.3,1.6
2013-05-12,0.0,1.0,19.6,25.5,14.3,57.8,0.8
2013-05-13,0.0,1.0,20.5,25.2,16.3,63.3,1.6
2013-05-14,0.0,1.0,22.1,27.9,17.4,56.3,1.6
2013-05-15,0.0,1.0,21.8,26.9,17.9,62.5,1.2
2013-05-16,0.0,1.0,21.8,27.4,17.8,60.5,1.1
2013-05-17,0.0,0.97,21.2,26.6,16.8,64.5,1.0
2013-05-18,0.0,0.97,20.0,23.8,17.2,70.5,0.9
2013-05-19,0.0,0.97,20.8,26.7,16.2,59.5,0.9
2013-05-20,0.0,0.97,21.5,27.1,17.6,66.8,1.0
2013-05-21,0.0,0.97,22.8,28.8,17.5,59.8,0.4
2013-05-22,0.0,0.97,23.5,29.0,19.2,61.3,1.0
2013-05-23,1.9,1.31,20.7,24.2,18.4,70.5,1.2
2013-05-24,0.6,2.28,19.3,22.8,16.4,72.5,0.6
2013-05-25,0.3,2.37,17.5,21.7,15.2,72.8,1.2
2013-05-26,0.0,1.88,17.9,22.6,15.0,69.5,1.9
2013-05-27,0.0,1.44,18.9,22.6,15.4,73.3,1.3
2013-05-28,18.7,1.16,20.2,25.5,14.6,69.0,0.8
2013-05-29,42.1,1.44,17.9,21.9,15.4,87.5,1.4
2013-05-30,2.3,2.22,17.7,19.8,15.3,88.8,0.3
2013-05-31,0.8,1.69,19.7,23.8,14.9,69.3,1.6
2013-06-01,0.3,1.28,20.6,25.7,17.4,70.3,1.6
2013-06-02,0.0,1.06,21.1,26.8,15.7,65.5,0.7
2013-06-03,0.0,1.4,19.7,25.7,16.6,81.8,0.9
2013-06-04,15.8,2.5,18.4,22.9,14.2,67.3,1.5
2013-06-05,0.2,2.62,18.7,24.1,14.4,69.8,1.5
2013-06-06,0.0,1.84,19.9,24.6,15.2,72.5,0.6
2013-06-07,0.0,1.38,21.0,26.5,16.2,66.3,0.9
2013-06-08,0.0,1.12,21.2,25.9,16.5,66.8,1.2
2013-06-09,0.0,1.06,19.3,24.1,16.2,69.3,1.3
2013-06-10,0.0,1.03,19.3,23.9,15.9,66.0,0.6
2013-06-11,0.0,1.03,20.3,25.7,14.8,60.5,0.6
2013-06-12,0.0,1.0,20.8,26.4,15.6,56.8,1.0
2013-06-13,0.0,1.0,20.8,26.7,15.6,61.5,1.0
2013-06-14,0.0,1.0,20.6,25.8,16.1,62.0,0.7
2013-06-15,0.0,1.0,20.2,24.9,16.2,64.5,0.7
2013-06-16,0.0,0.97,20.7,27.5,16.2,57.0,1.7
2013-06-17,0.0,0.97,20.4,25.7,15.1,65.8,0.6
2013-06-18,0.0,0.97,21.4,27.2,15.8,59.0,1.2
2013-06-19,0.0,0.97,20.9,26.3,17.2,65.5,1.0
2013-06-20,0.0,0.95,20.5,26.0,16.1,55.8,0.6
2013-06-21,0.0,0.95,21.0,26.5,15.8,61.0,0.8
2013-06-22,0.0,0.94,21.9,27.4,16.8,60.8,1.0
2013-06-23,0.0,0.94,22.1,28.3,18.1,67.3,1.0
2013-06-24,0.0,0.94,19.5,22.7,17.4,70.5,1.6
2013-06-25,0.0,0.92,19.1,23.4,16.8,66.5,2.1
2013-06-26,0.0,0.92,19.6,26.4,14.4,68.0,0.7
2013-06-27,0.0,0.92,21.0,27.1,16.0,67.5,1.0
2013-06-28,0.0,0.91,21.7,27.2,17.2,62.5,1.1
2013-06-29,0.0,0.91,21.9,26.9,19.9,64.0,0.6
2013-06-30,0.0,0.91,22.9,29.1,16.6,57.5,0.7
2013-07-01,0.0,0.89,22.8,27.6,20.1,56.3,1.1
2013-07-02,0.0,0.89,19.7,24.3,18.0,71.5,1.5
2013-07-03,0.0,0.89,17.2,19.0,15.1,69.3,2.3
2013-07-04,0.0,0.87,17.6,21.9,15.0,66.3,2.2
2013-07-05,0.0,0.87,17.2,23.0,13.4,64.0,1.9
2013-07-06,0.0,0.87,17.6,24.6,11.3,55.0,1.2
2013-07-07,0.0,0.86,19.2,26.5,13.1,51.0,0.8
2013-07-08,0.0,0.86,20.5,27.1,14.8,50.3,0.8
2013-07-09,0.0,0.86,18.8,24.3,15.1,59.3,1.2
2013-07-10,0.0,0.85,17.7,23.4,14.2,62.5,1.4
2013-07-11,0.0,0.85,16.7,22.3,12.4,62.8,1.6
2013-07-12,0.0,0.85,18.5,23.3,14.3,55.5,1.0
2013-07-13,0.0,0.83,19.7,24.5,17.1,68.0,1.5
2013-07-14,0.0,0.83,20.8,27.1,16.0,60.8,0.7
2013-07-15,0.0,0.83,21.7,27.9,15.9,47.3,1.4
2013-07-16,0.0,0.81,21.1,27.5,15.8,46.5,0.6
2013-07-17,0.0,0.81,20.9,27.0,16.4,58.3,1.0
2013-07-18,0.0,0.81,20.8,26.3,15.5,58.0,0.9
2013-07-19,0.0,0.8,21.9,27.8,16.5,53.8,0.7
2013-07-20,0.0,0.8,22.4,28.4,17.2,50.5,0.9
2013-07-21,0.0,0.8,23.1,30.2,17.6,49.0,0.4
2013-07-22,0.0,0.78,24.2,31.3,18.9,51.8,0.4
2013-07-23,0.0,0.78,23.4,29.6,18.2,61.8,0.8
2013-07-24,0.0,0.78,20.9,25.7,18.6,66.8,1.6
2013-07-25,0.0,0.78,20.6,25.5,17.2,67.8,1.3
2013-07-26,0.0,0.78,19.6,25.7,16.7,69.3,1.1
2013-07-27,0.0,0.78,19.3,26.5,13.2,46.5,1.4
2013-07-28,0.0,0.77,20.4,27.0,14.1,47.0,0.8
2013-07-29,0.0,0.77,19.2,25.3,15.0,58.0,1.1
2013-07-30,0.0,0.77,18.6,24.7,13.2,57.8,1.2
2013-07-31,0.0,0.75,18.9,25.2,14.6,55.3,1.6
2013-08-01,0.0,0.75,20.2,27.0,14.5,43.3,0.6
2013-08-02,0.0,0.73,20.8,28.6,14.0,39.0,0.5
2013-08-03,0.0,0.73,21.1,28.4,14.2,40.3,1.0
2013-08-04,0.0,0.73,21.7,28.8,14.8,39.3,0.3
2013-08-05,0.0,0.72,22.4,28.3,16.1,42.5,1.9
2013-08-06,0.0,0.72,20.3,26.7,15.9,55.3,1.5
2013-08-07,0.0,0.72,19.9,24.8,16.0,52.8,2.2
2013-08-08,0.0,0.72,20.3,25.4,15.8,51.5,0.7
2013-08-09,0.0,0.7,20.5,26.8,15.3,53.3,1.3
2013-08-10,0.0,0.7,21.1,27.4,16.1,50.5,1.1
2013-08-11,0.0,0.7,23.3,29.0,15.6,39.8,0.8
2013-08-12,0.0,0.69,21.8,27.2,18.2,54.3,1.2
2013-08-13,0.0,0.69,22.5,27.9,17.8,43.8,1.6
2013-08-14,0.0,0.69,23.2,29.8,17.2,47.0,1.0
2013-08-15,0.0,0.67,17.8,24.5,14.2,71.3,2.1
2013-08-16,0.0,0.67,17.5,23.5,12.9,68.0,1.7
2013-08-17,0.0,0.67,19.1,25.0,15.1,63.8,1.0
2013-08-18,0.0,0.67,17.6,21.1,15.0,64.0,0.9
2013-08-19,0.0,0.66,17.2,21.5,14.2,61.3,3.3
2013-08-20,0.0,0.66,18.2,23.7,12.2,53.8,1.5
2013-08-21,0.0,0.66,18.8,23.4,14.3,62.5,1.1
2013-08-22,0.0,0.66,21.0,26.9,16.0,57.0,0.9
2013-08-23,0.0,0.64,22.1,29.0,16.2,52.3,2.0
2013-08-24,0.0,0.64,21.6,27.8,17.2,38.5,1.7
2013-08-25,0.0,0.64,21.9,28.2,17.0,43.5,1.5
2013-08-26,0.0,0.63,23.7,30.8,16.1,45.3,1.0
2013-08-27,0.0,0.63,24.3,30.4,18.4,42.3,1.3
2013-08-28,0.0,0.63,20.1,28.6,15.4,47.0,0.7
2013-08-29,0.0,0.63,17.7,24.0,12.3,62.0,2.3
2013-08-30,0.0,0.59,18.8,24.7,13.9,47.0,1.6
2013-08-31,0.0,0.58,19.1,25.1,13.9,49.3,1.4
2013-09-01,0.0,0.58,21.3,28.4,14.5,38.5,1.6
2013-09-02,0.0,0.58,22.5,29.4,16.6,43.3,1.3
2013-09-03,0.0,0.58,23.5,30.0,17.6,43.0,0.9
2013-09-04,0.0,0.83,17.6,24.5,13.8,80.3,1.8
2013-09-05,12.8,0.99,18.0,22.7,13.6,64.8,1.6
2013-09-06,0.0,0.78,18.9,24.3,15.0,60.0,1.5
2013-09-07,0.0,0.67,18.7,23.7,14.6,55.5,1.9
2013-09-08,0.0,0.64,19.6,25.1,14.8,54.8,1.6
2013-09-09,0.0,0.61,20.9,27.4,15.2,50.3,1.2
2013-09-10,0.0,0.59,21.5,26.8,16.6,51.5,2.3
2013-09-11,0.0,0.58,19.4,23.5,15.8,52.5,1.5
2013-09-12,0.0,0.58,19.4,24.3,15.0,50.8,1.4
2013-09-13,0.0,0.56,20.1,25.9,15.0,57.5,2.4
2013-09-14,0.0,0.56,21.0,27.1,15.4,51.5,1.5
2013-09-15,0.0,0.56,21.5,28.0,16.2,54.0,1.4
2013-09-16,0.0,0.55,23.0,29.5,17.0,47.5,1.4
2013-09-17,0.0,0.55,22.8,25.6,19.2,60.3,1.5
2013-09-18,2.8,0.58,21.8,26.3,17.6,68.5,0.7
2013-09-19,0.0,0.56,23.2,27.9,19.8,60.3,1.9
2013-09-20,0.0,0.56,22.4,28.2,18.6,56.3,1.8
2013-09-21,0.0,0.55,23.7,30.8,17.6,53.0,0.9
2013-09-22,0.0,0.54,26.9,34.0,19.0,38.8,1.1
2013-09-23,0.0,0.53,28.4,34.8,21.8,38.5,0.8
2013-09-24,0.0,0.52,25.4,31.0,22.0,66.0,1.4
2013-09-25,0.0,0.52,23.6,30.2,19.0,53.3,1.3
2013-09-26,0.0,0.52,20.3,28.4,14.2,53.0,1.4
2013-09-27,0.0,0.51,20.7,27.4,15.1,62.3,1.7
2013-09-28,0.0,0.51,23.2,31.0,16.6,56.8,1.4
2013-09-29,2.8,0.87,19.2,23.9,17.2,84.0,1.2
2013-09-30,13.9,1.08,19.4,23.9,15.2,69.5,1.6
2013-10-01,1.8,0.95,20.8,26.3,17.1,82.8,0.4
2013-10-02,2.1,0.76,20.4,24.9,17.2,77.8,1.3
2013-10-03,10.5,0.76,22.3,28.0,16.9,66.0,1.3
2013-10-04,1.3,1.06,21.4,28.0,18.0,81.0,0.4
2013-10-05,15.8,1.28,21.9,26.0,17.8,67.0,0.7
2013-10-06,0.3,1.03,21.4,26.7,16.8,64.0,1.6
2013-10-07,0.0,1.02,16.8,21.0,14.1,77.5,1.6
2013-10-08,3.5,1.26,15.4,18.6,13.4,87.8,1.8
2013-10-09,20.3,1.32,16.2,19.8,12.9,73.8,2.8
2013-10-10,0.0,1.01,18.1,23.3,14.2,62.5,2.3
2013-10-11,0.0,0.78,17.9,23.3,13.1,55.5,1.4
2013-10-12,0.0,0.66,18.2,23.7,13.6,61.3,1.4
2013-10-13,0.0,0.61,20.3,27.3,14.3,49.5,0.9
2013-10-14,0.0,0.58,21.4,27.4,16.2,58.3,1.5
2013-10-15,0.0,0.57,22.4,28.2,17.0,58.8,1.4
2013-10-16,0.0,0.56,21.6,25.7,18.6,67.5,1.4
2013-10-17,6.8,0.69,18.2,21.8,16.3,92.0,0.7
2013-10-18,39.3,1.0,20.0,23.7,15.9,88.5,1.1
2013-10-19,10.8,1.21,22.1,29.0,16.1,64.3,0.9
2013-10-20,5.3,0.99,24.5,30.8,18.2,58.8,0.9
2013-10-21,0.0,0.73,25.6,31.9,20.7,56.0,0.8
2013-10-22,0.0,0.67,25.0,30.4,21.0,59.0,1.4
2013-10-23,0.0,0.63,24.4,29.9,20.4,49.0,1.3
2013-10-24,0.0,0.59,24.3,30.4,18.6,45.5,1.0
2013-10-25,0.0,0.58,25.4,31.2,19.6,36.5,1.2
2013-10-26,0.0,0.56,23.6,29.0,18.9,55.8,1.4
2013-10-27,0.0,0.56,26.2,32.4,19.0,43.3,0.8
2013-10-28,0.8,0.55,23.9,31.2,20.6,57.3,1.1
2013-10-29,0.0,0.54,20.7,25.9,16.9,68.0,1.6
2013-10-30,0.0,0.54,20.8,26.3,17.2,72.3,1.6
2013-10-31,0.0,0.67,21.5,27.2,17.2,69.0,1.4
2013-11-01,0.0,0.66,20.3,24.3,17.4,69.8,2.0
2013-11-02,0.0,0.6,21.6,27.3,16.0,54.3,1.0
2013-11-03,0.0,0.57,22.0,29.0,16.2,47.0,1.3
2013-11-04,0.0,0.55,22.9,29.7,15.9,48.5,1.2
2013-11-05,0.0,0.57,20.8,27.1,17.2,72.0,1.2
2013-11-06,18.2,0.77,18.2,20.3,16.2,85.5,1.3
2013-11-07,12.1,0.91,19.4,24.1,16.1,85.8,1.1
2013-11-08,37.2,1.11,20.8,25.3,16.4,78.8,0.6
2013-11-09,1.1,1.08,24.3,30.6,17.4,52.5,1.7
2013-11-10,0.0,0.76,25.6,31.5,20.1,56.0,1.6
2013-11-11,0.0,0.63,26.2,32.2,20.8,56.3,1.1
2013-11-12,0.0,0.59,27.5,33.3,21.1,54.8,0.7
2013-11-13,0.0,0.85,23.9,29.6,20.8,62.3,1.6
2013-11-14,0.0,0.87,21.9,25.5,18.2,64.5,1.6
2013-11-15,0.0,0.75,21.7,26.9,18.0,63.5,1.4
2013-11-16,0.0,0.66,22.9,28.2,18.0,58.0,1.5
2013-11-17,0.0,0.77,21.6,26.1,18.2,68.8,1.3
2013-11-18,0.0,0.8,21.8,26.3,17.2,69.3,1.6
2013-11-19,0.0,0.69,23.5,28.8,19.4,55.8,2.0
2013-11-20,0.0,0.63,24.2,29.9,18.8,52.8,1.0
2013-11-21,0.0,0.58,24.5,30.8,19.0,49.0,0.4
2013-11-22,0.0,0.56,23.4,32.7,18.8,59.8,1.5
2013-11-23,21.1,0.56,22.3,26.8,17.8,64.0,2.0
2013-11-24,2.1,0.61,20.1,23.0,18.2,79.0,1.1
2013-11-25,4.9,0.73,20.3,23.3,17.8,84.0,1.0
2013-11-26,6.8,1.31,20.5,23.1,17.5,78.5,1.4
2013-11-27,4.4,1.77,21.2,26.3,17.8,78.0,1.1
2013-11-28,2.6,1.47,22.5,28.5,17.7,74.3,2.6
2013-11-29,0.0,1.39,23.5,28.8,19.4,73.8,1.2
2013-11-30,3.2,1.45,22.0,25.2,19.3,83.8,0.8
2013-12-01,15.6,1.23,24.4,29.2,18.9,68.3,0.7
2013-12-02,0.0,0.97,22.7,29.6,19.2,79.3,1.3
2013-12-03,0.0,0.85,24.9,30.2,18.4,68.3,1.2
2013-12-04,0.0,0.73,27.0,33.1,20.6,56.5,1.0
2013-12-05,1.1,0.7,27.0,34.2,21.3,58.0,1.2
2013-12-06,42.9,1.06,23.0,29.8,18.6,69.8,1.4
2013-12-07,0.0,1.44,22.5,27.6,19.2,79.8,1.2
2013-12-08,3.8,1.81,21.6,25.8,18.6,84.0,1.6
2013-12-09,34.1,2.22,22.6,27.2,18.8,79.5,1.2
2013-12-10,1.6,1.82,22.7,26.7,19.0,81.0,1.7
2013-12-11,12.8,1.89,22.0,27.1,19.1,84.0,1.3
2013-12-12,76.8,5.08,20.9,24.6,18.3,87.5,1.3
2013-12-13,32.9,8.23,21.6,26.5,17.6,75.0,1.0
2013-12-14,0.0,6.52,23.8,30.4,17.8,69.3,1.3
2013-12-15,1.3,5.82,22.2,27.2,19.5,79.5,1.2
2013-12-16,0.0,7.61,22.9,26.9,19.3,69.0,1.9
2013-12-17,3.5,9.99,20.6,23.5,18.2,81.5,1.1
2013-12-18,2.3,9.96,22.9,27.4,18.4,65.8,1.4
2013-12-19,2.9,8.02,24.1,30.2,18.9,60.3,1.4
2013-12-20,0.0,6.73,24.0,28.7,19.8,69.8,1.4
2013-12-21,7.5,6.85,20.4,23.5,19.0,90.0,1.5
2013-12-22,42.6,7.85,20.7,23.8,18.0,89.8,1.1
2013-12-23,21.5,10.53,20.9,24.1,19.3,91.8,0.8
2013-12-24,25.5,13.66,21.7,25.4,19.4,91.3,1.5
2013-12-25,25.9,14.92,22.7,28.4,19.6,85.0,1.2
2013-12-26,21.5,13.39,24.6,29.9,20.0,64.8,1.5
2013-12-27,4.8,11.76,24.2,30.2,20.1,69.0,1.0
2013-12-28,1.5,9.91,24.9,29.3,21.6,64.5,1.1
2013-12-29,0.5,8.29,24.3,28.2,21.8,72.0,1.2
2013-12-30,8.9,7.02,23.9,27.1,21.4,72.8,1.0
2013-12-31,6.8,5.92,25.1,29.0,21.3,69.0,0.8
2014-01-01,1.3,5.31,26.6,31.4,21.3,64.3,0.5
2014-01-02,0.0,5.03,27.6,33.2,23.2,51.8,1.4
2014-01-03,0.0,4.47,27.1,33.6,21.9,46.0,1.4
2014-01-04,0.0,3.36,26.9,33.3,21.1,46.3,1.0
2014-01-05,0.0,2.39,25.3,30.6,21.6,48.3,1.2
2014-01-06,0.0,1.67,24.2,29.2,20.9,47.3,1.7
2014-01-07,0.0,1.22,23.7,28.7,20.4,50.3,1.6
2014-01-08,0.0,0.97,24.3,30.2,19.2,51.5,1.7
2014-01-09,0.0,0.86,23.7,30.0,20.0,57.8,1.5
2014-01-10,0.0,0.87,24.6,29.6,20.5,61.0,1.1
2014-01-11,0.0,0.86,25.0,30.3,21.0,56.3,1.3
2014-01-12,0.0,0.85,25.5,30.6,21.2,52.0,1.4
2014-01-13,0.0,0.85,25.7,30.8,21.4,53.3,1.7
2014-01-14,0.0,0.83,25.3,30.3,21.1,51.5,1.2
2014-01-15,0.0,0.81,26.1,32.1,20.9,44.5,1.1
2014-01-16,0.0,0.81,26.9,32.4,21.7,46.0,0.9
2014-01-17,0.0,1.12,23.0,30.6,19.3,80.8,0.9
2014-01-18,24.8,2.72,21.0,27.1,18.3,86.5,1.0
2014-01-19,12.5,5.05,22.6,28.8,18.4,68.5,1.6
2014-01-20,0.0,6.59,22.6,29.1,19.1,76.3,1.4
2014-01-21,12.6,7.22,23.8,30.0,19.0,60.8,1.3
2014-01-22,2.8,6.91,23.1,30.7,19.0,69.3,1.2
2014-01-23,19.4,6.94,24.3,29.6,18.6,65.8,1.7
2014-01-24,0.0,6.53,25.5,31.1,21.0,58.8,1.4
2014-01-25,0.0,5.31,25.4,30.9,20.4,49.8,1.1
2014-01-26,0.0,4.06,25.2,29.9,21.2,55.5,2.1
2014-01-27,0.0,3.0,24.7,29.8,20.9,53.5,1.6
2014-01-28,0.0,2.31,24.6,30.0,19.8,46.0,1.8
2014-01-29,0.0,1.69,24.2,29.0,20.2,56.8,1.8
2014-01-30,0.0,1.31,24.4,29.4,20.4,52.8,0.9
2014-01-31,0.0,1.06,24.5,30.2,19.6,45.3,1.5
2014-02-01,0.0,0.91,24.8,29.4,20.8,54.5,1.6
2014-02-02,0.0,0.87,25.3,30.0,21.4,54.3,0.9
2014-02-03,0.0,0.87,25.2,30.4,21.0,49.5,1.6
2014-02-04,0.0,0.87,26.3,31.1,21.8,47.5,1.2
2014-02-05,0.0,0.87,24.9,29.4,21.6,58.5,2.2
2014-02-06,0.0,0.87,24.4,29.3,20.0,55.0,1.1
2014-02-07,0.0,0.85,24.4,29.4,20.4,49.5,0.8
2014-02-08,0.0,0.85,24.6,30.2,20.2,53.3,1.8
2014-02-09,0.0,0.85,24.6,29.6,20.4,48.8,2.6
2014-02-10,0.0,0.85,24.8,30.2,20.6,55.5,1.5
2014-02-11,0.0,0.85,24.0,28.9,20.2,51.3,1.2
2014-02-12,0.0,0.81,23.7,28.7,19.8,54.8,1.8
2014-02-13,0.0,0.81,25.5,31.2,20.4,47.3,1.2
2014-02-14,0.0,0.81,25.3,31.9,21.2,58.5,1.0
2014-02-15,0.0,0.81,25.8,30.8,22.6,52.5,1.7
2014-02-16,0.0,0.81,23.8,27.4,21.2,63.5,1.3
2014-02-17,0.0,0.85,22.6,29.0,20.0,76.0,1.0
2014-02-18,8.8,1.22,22.1,25.9,19.3,73.5,1.8
2014-02-19,6.4,1.84,23.5,28.0,18.8,57.8,1.6
2014-02-20,0.0,1.4,24.0,29.4,19.4,55.8,1.4
2014-02-21,0.0,1.06,23.8,29.5,19.8,60.0,2.4
2014-02-22,0.0,0.91,23.9,29.8,19.3,57.5,2.2
2014-02-23,0.0,0.85,24.8,29.6,20.8,57.3,1.7
2014-02-24,0.0,0.85,25.0,30.4,20.0,54.8,1.0
2014-02-25,0.0,0.81,24.4,30.0,19.5,52.5,1.8
2014-02-26,0.0,0.81,24.8,30.6,19.6,49.3,1.3
2014-02-27,0.0,0.81,26.0,31.3,20.2,51.5,0.9
2014-02-28,0.0,0.81,24.5,33.2,21.0,64.8,1.3
2014-03-01,41.8,1.06,22.0,28.2,18.9,82.3,1.1
2014-03-02,71.2,1.25,22.8,28.4,18.8,72.5,1.9
2014-03-03,5.2,1.09,22.9,26.3,20.0,62.3,1.7
2014-03-04,0.8,0.94,23.4,28.1,19.8,60.3,1.0
2014-03-05,0.0,0.87,23.7,29.2,19.9,64.8,2.0
2014-03-06,0.0,1.22,22.1,27.7,19.7,73.8,0.7
2014-03-07,19.6,2.37,21.4,26.3,17.6,79.3,1.0
2014-03-08,12.8,3.79,20.8,23.9,19.2,87.3,0.9
2014-03-09,15.5,4.5,22.7,28.9,17.9,74.8,0.7
2014-03-10,0.0,4.53,23.6,29.7,18.8,64.0,1.5
2014-03-11,0.0,3.35,23.9,28.9,20.4,61.3,2.3
2014-03-12,0.0,2.4,24.1,28.7,19.9,63.3,0.7
2014-03-13,0.0,1.72,24.6,28.4,20.6,58.0,1.4
2014-03-14,0.0,1.31,24.0,28.9,20.2,55.5,1.8
2014-03-15,0.0,1.06,23.6,27.7,20.2,65.3,1.3
2014-03-16,0.0,0.94,23.6,28.8,19.4,57.8,1.7
2014-03-17,0.0,0.87,23.9,30.4,19.1,59.8,1.5
2014-03-18,0.0,0.85,24.3,28.8,20.2,54.0,1.3
2014-03-19,0.0,0.85,23.8,28.8,19.9,61.5,1.1
2014-03-20,0.0,0.85,25.2,30.5,20.2,56.8,1.0
2014-03-21,0.0,0.85,25.9,32.2,21.0,58.8,1.1
2014-03-22,11.5,1.0,24.6,30.4,20.9,74.8,0.8
2014-03-23,1.8,1.44,23.0,27.2,20.7,74.3,1.0
2014-03-24,16.6,1.62,19.4,21.9,17.6,81.3,1.3
2014-03-25,12.8,1.47,21.8,27.2,17.0,67.0,1.3
2014-03-26,0.0,1.16,21.4,25.1,18.8,72.8,1.1
2014-03-27,0.0,0.97,22.5,26.3,18.5,66.8,1.7
2014-03-28,0.0,0.91,23.1,28.4,18.8,64.5,1.4
2014-03-29,0.0,0.94,22.9,27.1,19.4,67.0,2.1
2014-03-30,0.0,1.06,22.7,27.4,20.1,73.8,1.2
2014-03-31,0.0,1.4,23.8,27.8,20.7,73.5,1.3
2014-04-01,6.8,2.18,23.1,29.8,20.0,81.5,0.6
2014-04-02,18.5,3.41,22.5,29.4,19.0,81.3,1.1
2014-04-03,52.1,4.22,22.6,29.0,18.7,78.3,1.1
2014-04-04,4.0,4.6,22.2,26.1,18.4,75.3,1.4
2014-04-05,3.5,4.15,22.2,26.8,18.6,67.0,1.4
2014-04-06,0.0,3.09,23.0,30.2,17.0,60.8,1.0
2014-04-07,0.0,2.31,24.2,30.7,18.1,51.0,0.6
2014-04-08,0.0,1.72,24.9,31.2,18.8,53.3,1.1
2014-04-09,0.0,1.38,25.8,31.6,20.4,54.8,0.8
2014-04-10,0.0,1.19,25.1,30.9,21.0,67.5,1.4
2014-04-11,0.0,1.12,23.8,28.8,21.2,69.8,1.3
2014-04-12,0.0,1.03,22.8,25.7,20.1,70.0,1.2
2014-04-13,0.0,0.97,24.3,29.4,20.4,65.0,0.8
2014-04-14,4.1,0.94,22.7,26.4,20.2,74.5,1.0
2014-04-15,0.0,0.91,21.7,25.2,19.4,73.8,1.3
2014-04-16,0.0,0.94,22.7,26.5,18.8,73.5,1.2
2014-04-17,0.0,0.97,22.9,28.4,19.6,81.3,1.2
2014-04-18,0.2,0.94,23.0,28.8,18.7,68.0,0.8
2014-04-19,2.9,0.97,24.2,29.6,20.0,64.5,1.2
2014-04-20,0.0,0.97,23.8,29.4,19.6,80.8,1.0
2014-04-21,0.0,0.94,23.8,28.8,19.4,69.5,1.1
2014-04-22,0.0,0.91,22.8,29.0,20.1,70.8,1.0
2014-04-23,0.3,1.06,22.9,26.9,19.8,77.5,0.9
2014-04-24,3.6,1.53,20.8,23.8,18.4,83.8,0.8
2014-04-25,6.8,1.88,20.0,25.0,16.6,73.3,1.5
2014-04-26,0.0,1.47,20.1,26.9,15.2,62.8,1.6
2014-04-27,0.0,1.16,19.3,25.5,15.0,59.8,1.0
2014-04-28,0.0,0.97,17.9,23.0,14.2,65.0,1.9
2014-04-29,0.0,0.94,17.6,22.7,12.8,48.8,1.4
2014-04-30,0.0,0.91,17.7,23.3,13.2,56.3,1.8
2014-05-01,0.0,0.91,19.1,25.4,13.4,55.8,1.1
2014-05-02,0.0,0.87,20.8,27.2,14.2,50.3,1.0
2014-05-03,0.0,0.87,19.8,25.3,15.0,55.0,1.2
2014-05-04,0.0,0.87,20.6,29.9,17.0,68.5,1.5
2014-05-05,0.0,0.85,21.6,27.8,15.1,61.5,1.3
2014-05-06,0.0,0.85,22.1,27.2,17.4,56.0,1.2
2014-05-07,0.0,0.85,22.8,27.0,18.6,61.8,1.2
2014-05-08,0.0,0.91,21.5,27.5,18.6,75.0,1.0
2014-05-09,19.3,0.91,22.7,28.2,17.9,60.0,1.0
2014-05-10,0.0,0.87,20.4,26.3,17.2,69.5,1.7
2014-05-11,0.0,0.85,17.7,22.3,14.4,63.3,1.0
2014-05-12,0.0,0.85,17.2,23.1,12.4,56.5,1.8
2014-05-13,0.0,0.85,18.8,24.8,12.1,54.3,0.8
2014-05-14,0.0,0.81,19.8,25.9,13.9,51.5,0.7
2014-05-15,0.0,0.81,20.8,26.8,15.6,57.0,1.5
2014-05-16,0.0,0.81,21.4,27.6,15.7,55.3,0.9
2014-05-17,0.0,0.81,21.0,25.0,17.0,57.0,1.1
2014-05-18,0.0,0.81,19.4,22.0,17.5,71.0,1.6
2014-05-19,0.0,0.78,21.8,27.9,15.9,60.0,0.6
2014-05-20,6.3,0.78,21.1,26.7,16.8,59.5,1.4
2014-05-21,0.0,0.78,20.5,24.6,16.4,58.8,1.3
2014-05-22,0.0,0.78,22.0,28.3,15.8,65.5,0.6
2014-05-23,0.0,0.78,23.5,29.0,17.1,57.0,0.2
2014-05-24,0.0,0.75,24.0,29.1,19.4,61.0,0.9
2014-05-25,0.0,0.75,22.2,26.3,19.9,77.0,1.2
2014-05-26,0.0,0.75,,,19.2,86.3,0.6
2014-05-27,0.0,0.75,21.9,27.5,18.9,58.3,1.0
2014-05-28,0.0,0.75,20.2,27.2,14.8,61.3,1.0
2014-05-29,0.0,0.75,18.1,23.1,14.2,68.8,1.3
2014-05-30,0.0,0.75,17.7,20.7,15.9,76.5,2.4
2014-05-31,0.0,0.75,18.6,22.9,14.8,66.0,1.5
2014-06-01,0.0,0.72,20.3,25.8,14.0,61.0,0.7
2014-06-02,8.4,0.75,19.0,24.3,15.7,76.8,0.8
2014-06-03,0.0,0.75,20.4,26.8,15.6,68.5,0.9
2014-06-04,0.0,0.75,20.3,26.7,16.4,67.8,1.3
2014-06-05,0.0,0.72,21.1,28.1,15.6,63.5,0.6
2014-06-06,0.0,0.72,22.2,28.4,16.1,53.5,0.6
2014-06-07,0.0,0.72,21.5,27.2,16.8,58.3,1.0
2014-06-08,0.0,0.72,20.4,26.6,14.6,55.5,0.7
2014-06-09,0.0,0.72,21.5,28.3,15.8,56.0,1.0
2014-06-10,0.0,0.69,20.5,25.1,16.6,56.5,2.7
2014-06-11,0.0,0.69,19.3,22.3,16.7,66.5,1.6
2014-06-12,0.0,0.69,18.8,21.9,16.4,74.8,1.1
2014-06-13,0.0,0.69,19.9,24.2,15.8,62.3,1.6
2014-06-14,0.0,0.69,19.2,23.9,16.0,65.5,1.8
2014-06-15,0.0,0.69,20.3,26.6,14.3,60.5,1.0
2014-06-16,0.0,0.66,20.1,25.7,15.6,60.3,1.4
2014-06-17,0.0,0.63,20.4,25.7,15.4,58.5,1.4
2014-06-18,0.0,0.63,20.2,25.7,16.0,65.0,1.2
2014-06-19,0.0,0.63,19.4,25.1,16.0,67.5,1.5
2014-06-20,0.0,0.63,18.4,22.9,14.2,65.8,1.9
2014-06-21,0.0,0.63,19.2,24.0,15.4,63.3,1.7
2014-06-22,0.0,0.63,18.2,22.5,14.8,57.8,1.4
2014-06-23,0.0,0.63,18.0,22.8,14.6,64.8,2.1
2014-06-24,0.0,0.63,19.0,24.7,13.7,56.3,1.0
2014-06-25,0.0,0.59,18.0,24.3,13.8,62.8,1.0
2014-06-26,0.0,0.59,19.4,25.7,13.8,58.5,1.6
2014-06-27,0.0,0.59,20.3,26.8,14.4,60.3,1.2
2014-06-28,0.0,0.59,21.3,27.8,15.8,58.0,
2014-06-29,0.0,0.59,21.7,27.1,18.2,60.5,
2014-06-30,0.0,0.59,21.1,27.3,15.8,62.0,0.0
2014-07-01,0.0,0.59,21.7,28.0,16.0,47.8,0.9
2014-07-02,0.0,0.59,22.9,29.4,17.8,46.3,0.9
2014-07-03,0.0,0.56,22.3,27.9,18.1,55.5,0.8
2014-07-04,0.0,0.56,21.5,26.8,17.3,52.0,1.3
2014-07-05,0.0,0.56,19.3,23.5,16.4,59.8,1.5
2014-07-06,0.0,0.56,19.5,24.7,14.6,62.8,0.8
2014-07-07,0.0,0.56,19.8,24.3,16.4,64.8,2.4
2014-07-08,0.0,0.56,20.0,24.7,16.2,70.5,1.1
2014-07-09,0.0,0.55,19.6,24.3,15.6,70.5,1.0
2014-07-10,0.0,0.58,19.6,23.9,15.6,61.3,1.1
2014-07-11,0.0,0.58,19.0,24.3,15.6,65.8,1.8
2014-07-12,0.0,0.56,18.0,23.1,13.8,59.8,1.1
2014-07-13,0.0,0.56,17.4,21.5,13.8,66.0,1.5
2014-07-14,0.0,0.55,16.1,20.6,13.0,65.5,2.0
2014-07-15,0.0,0.55,17.1,22.6,12.3,63.8,1.0
2014-07-16,0.0,0.53,18.1,23.7,14.2,62.5,1.3
2014-07-17,0.0,0.53,19.4,25.5,14.6,55.5,0.8
2014-07-18,0.0,0.53,20.8,27.5,13.7,50.8,0.8
2014-07-19,0.0,0.52,20.5,26.0,15.8,50.3,0.8
2014-07-20,0.0,0.52,19.5,25.9,15.2,64.5,1.4
2014-07-21,0.0,0.52,19.0,24.8,15.2,60.5,1.1
2014-07-22,0.0,0.52,17.9,22.5,14.0,55.5,1.0
2014-07-23,0.0,0.5,18.2,24.9,12.6,60.0,1.2
2014-07-24,0.0,0.5,20.0,26.8,14.2,56.5,1.0
2014-07-25,2.8,0.61,17.3,20.5,15.2,84.0,0.6
2014-07-26,16.4,1.22,16.0,17.9,13.8,86.0,0.3
2014-07-27,23.8,1.81,15.6,17.4,13.1,90.3,0.1
2014-07-28,10.5,1.5,17.0,21.2,13.1,73.5,1.2
2014-07-29,0.0,1.0,16.8,21.8,12.5,67.3,1.9
2014-07-30,0.0,0.72,16.1,19.9,11.6,65.0,1.5
2014-07-31,0.0,0.61,18.2,24.1,12.1,56.0,1.9
2014-08-01,0.0,0.56,18.8,26.1,13.4,60.8,1.1
2014-08-02,0.0,0.55,20.3,26.9,13.6,51.0,0.5
2014-08-03,0.0,0.53,21.4,28.5,14.2,43.8,0.7
2014-08-04,0.0,0.52,22.2,29.4,15.2,38.3,0.6
2014-08-05,0.0,0.52,20.9,28.0,16.1,52.3,1.4
2014-08-06,0.0,0.5,16.9,23.3,11.1,51.0,1.7
2014-08-07,0.0,0.5,17.1,24.6,10.4,52.0,1.7
2014-08-08,0.0,0.5,19.7,27.6,12.2,38.3,0.8
2014-08-09,0.0,0.49,18.4,24.2,12.8,44.5,1.1
2014-08-10,0.0,0.49,18.1,23.6,14.0,52.0,1.1
2014-08-11,0.0,0.49,19.4,27.1,13.4,50.5,1.2
2014-08-12,0.0,0.47,21.1,28.0,13.6,42.8,1.0
2014-08-13,0.0,0.47,22.5,29.4,15.2,42.0,0.2
2014-08-14,0.0,0.47,17.2,24.1,13.8,75.5,1.5
2014-08-15,0.0,0.47,18.2,23.8,12.5,67.3,2.4
2014-08-16,0.0,0.45,19.2,23.7,14.6,64.8,1.3
2014-08-17,0.0,0.45,18.1,21.4,15.2,71.3,1.4
2014-08-18,0.0,0.45,19.9,25.8,14.8,67.3,1.3
2014-08-19,0.0,0.45,21.0,25.5,15.9,56.0,1.2
2014-08-20,0.0,0.45,20.3,25.5,16.0,55.3,1.1
2014-08-21,0.0,0.44,20.2,25.3,15.6,51.5,1.3
2014-08-22,0.0,0.44,22.2,29.2,14.0,36.5,1.0
2014-08-23,0.0,0.44,22.3,28.5,16.2,32.8,1.9
2014-08-24,0.0,0.44,21.2,28.3,16.4,35.0,0.8
2014-08-25,0.0,0.41,21.8,28.9,15.0,36.8,1.3
2014-08-26,0.0,0.37,23.7,30.9,15.7,37.3,0.5
2014-08-27,0.0,0.37,24.4,32.0,17.4,42.5,1.1
2014-08-28,0.0,0.37,23.5,30.8,19.6,54.0,1.5
2014-08-29,0.2,0.37,21.4,28.0,17.2,62.3,1.4
2014-08-30,4.8,0.37,21.8,29.7,16.8,65.0,1.7
2014-08-31,0.0,0.36,23.2,30.2,16.2,58.3,1.3
2014-09-01,0.0,0.36,23.1,27.7,18.9,58.5,1.1
2014-09-02,0.0,0.34,24.8,33.0,17.0,38.3,0.9
2014-09-03,0.0,0.34,22.5,28.7,16.6,60.8,0.9
2014-09-04,0.0,0.34,21.6,27.5,17.9,69.5,1.7
2014-09-05,0.0,0.34,17.9,22.3,12.6,48.0,1.4
2014-09-06,0.0,0.33,16.0,22.1,11.2,49.8,1.8
2014-09-07,0.0,0.33,17.9,25.7,12.1,52.8,1.2
2014-09-08,0.0,0.33,18.4,25.0,13.1,51.0,1.8
2014-09-09,0.0,0.33,19.6,26.0,14.6,47.8,1.7
2014-09-10,0.0,0.31,20.6,27.1,14.9,48.5,1.5
2014-09-11,0.0,0.31,22.4,29.4,16.1,42.8,1.7
2014-09-12,0.0,0.31,21.8,27.4,16.8,40.0,1.5
2014-09-13,0.0,0.31,21.2,27.8,15.4,43.5,2.4
2014-09-14,0.0,0.31,21.2,27.8,15.1,43.5,1.3
2014-09-15,0.0,0.31,21.7,28.6,15.4,42.3,2.1
2014-09-16,0.0,0.31,25.2,33.0,16.8,34.0,0.7
2014-09-17,0.0,0.3,24.1,31.8,20.0,49.8,1.1
2014-09-18,0.0,0.3,22.8,29.6,17.4,51.5,1.7
2014-09-19,0.0,0.3,23.4,30.4,17.8,46.8,2.0
2014-09-20,0.0,0.29,25.7,32.3,18.5,36.0,1.1
2014-09-21,0.0,0.31,24.5,30.4,19.2,49.0,0.5
2014-09-22,0.0,0.36,21.7,29.4,16.4,37.8,1.3
2014-09-23,0.0,0.34,20.9,27.6,14.8,42.0,2.2
2014-09-24,0.0,0.32,21.9,28.8,15.0,38.5,1.3
2014-09-25,0.0,0.31,23.5,30.2,17.2,39.5,1.5
2014-09-26,0.0,0.3,23.7,30.0,18.6,48.5,1.3
2014-09-27,0.0,0.29,25.5,31.8,19.4,39.3,1.5
2014-09-28,0.0,0.29,24.7,30.2,20.6,48.5,1.4
2014-09-29,0.0,0.28,26.3,33.2,20.2,45.8,1.4
2014-09-30,0.0,0.34,27.1,34.4,20.8,46.8,0.1
2014-10-01,0.0,0.4,27.0,34.6,21.2,51.3,0.8
2014-10-02,0.0,0.42,23.6,30.6,19.9,44.8,1.5
2014-10-03,0.0,0.37,19.0,26.7,13.4,44.5,1.2
2014-10-04,0.0,0.34,16.1,22.9,10.9,45.8,1.9
2014-10-05,0.0,0.31,16.7,23.3,9.9,41.0,1.3
2014-10-06,0.0,0.3,17.7,24.3,11.2,45.5,1.4
2014-10-07,0.0,0.29,18.9,23.5,12.6,41.5,1.7
2014-10-08,0.0,0.28,20.2,26.9,13.8,42.3,1.2
2014-10-09,0.0,0.27,20.4,27.1,14.0,44.5,1.6
2014-10-10,0.0,0.27,22.8,30.8,15.9,38.5,1.8
2014-10-11,0.0,0.26,25.3,32.8,17.2,29.5,1.3
2014-10-12,0.0,0.26,27.1,34.6,20.4,23.8,1.1
2014-10-13,0.0,0.26,26.8,34.3,20.2,32.0,1.5
2014-10-14,0.0,0.26,28.7,35.8,20.2,28.8,1.1
2014-10-15,0.0,0.25,29.2,35.8,22.4,29.8,1.1
2014-10-16,0.0,0.25,24.0,29.7,20.6,58.3,2.7
2014-10-17,0.0,0.25,26.9,33.4,19.4,41.0,1.4
2014-10-18,0.0,0.24,27.7,35.8,21.6,37.5,1.1
2014-10-19,0.0,0.24,29.5,36.2,22.4,32.5,1.4
2014-10-20,8.1,0.52,24.9,30.8,19.6,54.8,1.0
2014-10-21,35.3,1.5,21.9,26.9,17.8,63.8,2.0
2014-10-22,0.3,1.32,20.3,24.2,16.8,65.8,1.9
2014-10-23,0.0,0.63,21.1,27.0,16.1,61.3,1.7
2014-10-24,0.0,0.42,24.0,31.2,17.6,46.8,1.4
2014-10-25,0.0,0.35,23.0,29.1,19.2,54.8,1.1
2014-10-26,24.8,0.8,18.7,22.3,16.2,87.8,0.9
2014-10-27,26.5,1.32,21.5,27.6,16.4,67.0,1.4
2014-10-28,3.1,1.82,19.7,26.2,15.6,68.5,2.3
2014-10-29,28.5,1.55,22.5,30.0,14.4,51.3,1.2
2014-10-30,0.0,1.28,21.3,24.2,18.0,75.0,1.0
2014-10-31,0.0,1.19,23.3,28.5,18.6,66.8,1.7
2014-11-01,7.3,0.91,24.1,30.2,18.6,55.5,1.9
2014-11-02,0.0,0.57,23.9,29.1,18.8,52.3,1.3
2014-11-03,0.0,0.4,23.1,29.7,18.5,51.0,1.0
2014-11-04,0.0,0.34,23.9,30.2,17.4,49.8,1.2
2014-11-05,0.0,0.32,25.8,32.1,19.4,48.3,1.2
2014-11-06,0.0,0.31,23.0,30.2,19.0,62.0,1.2
2014-11-07,0.0,0.31,24.9,30.9,18.8,53.0,2.0
2014-11-08,0.0,0.31,25.6,30.6,20.2,51.5,1.5
2014-11-09,0.0,0.76,24.0,31.5,19.6,62.5,1.5
2014-11-10,1.1,1.04,23.9,30.6,17.8,59.8,1.2
2014-11-11,6.2,0.77,23.8,29.9,18.2,56.8,0.7
2014-11-12,0.8,0.86,22.5,28.4,18.2,75.8,1.1
2014-11-13,28.3,1.09,21.7,26.1,18.4,82.3,0.9
2014-11-14,7.8,1.38,23.2,30.0,18.4,73.5,1.1
2014-11-15,38.1,1.4,18.4,22.0,15.7,76.5,1.5
2014-11-16,0.3,1.03,21.1,27.5,15.0,58.0,1.0
2014-11-17,0.0,0.63,22.2,28.4,15.3,48.5,1.3
2014-11-18,0.0,0.42,21.3,27.8,15.2,49.3,0.9
2014-11-19,0.0,0.36,22.1,28.5,15.9,46.0,0.7
2014-11-20,0.0,0.34,22.3,29.8,16.4,50.0,1.4
2014-11-21,0.0,0.33,24.7,31.6,17.2,46.3,1.7
2014-11-22,0.0,0.31,25.5,31.8,19.6,54.3,0.8
2014-11-23,5.3,0.59,21.9,27.2,18.5,88.8,0.7
2014-11-24,18.8,1.14,21.5,24.9,18.8,85.5,1.3
2014-11-25,6.8,1.53,22.9,27.5,18.7,71.8,1.3
2014-11-26,5.4,1.48,21.5,26.1,18.2,83.3,0.9
2014-11-27,23.7,1.25,22.0,27.8,18.2,82.0,1.1
2014-11-28,9.8,1.86,21.0,26.3,17.6,87.8,0.4
2014-11-29,31.5,3.03,21.7,26.3,17.6,75.8,0.8
2014-11-30,13.2,3.21,19.7,21.5,17.6,87.8,1.3
2014-12-01,8.8,3.32,19.8,24.1,16.7,73.8,1.5
2014-12-02,4.2,2.86,21.5,27.2,16.1,60.3,2.1
2014-12-03,0.0,1.88,24.4,30.5,18.0,50.5,1.0
2014-12-04,0.0,1.17,24.9,30.6,18.8,57.8,1.4
2014-12-05,13.3,1.82,20.8,25.8,17.5,84.5,0.7
2014-12-06,9.3,3.53,19.9,23.2,17.0,75.8,1.7
2014-12-07,0.0,3.53,21.8,25.7,17.4,60.3,1.4
2014-12-08,0.0,2.52,22.5,26.3,19.1,62.5,1.3
2014-12-09,0.0,1.69,23.3,27.9,18.7,63.3,1.2
2014-12-10,0.0,1.25,23.6,28.9,18.6,56.8,1.8
2014-12-11,0.0,0.87,24.2,29.4,18.8,52.0,1.3
2014-12-12,0.0,0.64,24.7,30.0,19.6,52.8,1.4
2014-12-13,0.0,0.67,21.5,25.8,18.3,83.0,1.0
2014-12-14,80.5,1.72,20.2,22.9,17.2,92.3,0.9
2014-12-15,27.8,3.73,23.0,27.9,18.2,63.8,1.6
2014-12-16,0.0,3.79,22.4,26.9,18.8,68.0,1.2
2014-12-17,0.0,2.81,23.7,28.8,17.9,56.3,0.7
2014-12-18,0.0,1.9,24.7,30.1,18.8,54.0,1.9
2014-12-19,0.0,1.16,25.3,30.8,19.4,57.3,1.4
2014-12-20,0.0,0.95,25.0,29.2,20.2,63.8,1.2
2014-12-21,8.8,1.34,23.6,29.0,19.4,73.8,1.0
2014-12-22,3.6,2.0,24.5,29.8,19.3,71.8,1.3
2014-12-23,0.0,2.03,23.9,27.1,21.0,71.5,0.9
2014-12-24,0.0,1.55,25.6,31.6,20.2,55.3,1.0
2014-12-25,0.0,1.08,25.6,31.2,20.2,48.8,0.9
2014-12-26,0.0,0.78,25.2,30.9,20.1,50.0,2.4
2014-12-27,0.0,0.64,25.2,31.0,20.0,54.0,1.6
2014-12-28,0.0,0.61,26.4,33.4,18.6,35.0,0.8
2014-12-29,0.0,0.59,27.8,33.8,20.6,37.8,0.2
2014-12-30,0.0,0.58,27.6,33.1,21.6,42.3,0.8
2014-12-31,0.0,0.58,27.5,32.2,23.0,53.8,0.9
2015-01-01,0.0,0.55,26.4,32.9,21.6,61.0,1.4
2015-01-02,37.3,0.53,27.0,32.6,21.7,57.0,0.9
2015-01-03,0.4,0.59,27.4,33.4,21.4,56.5,1.6
2015-01-04,2.1,0.83,25.5,30.2,21.2,60.5,1.4
2015-01-05,0.0,1.05,25.3,30.3,20.2,52.8,1.2
2015-01-06,0.0,0.73,24.6,30.2,19.9,53.8,1.7
2015-01-07,0.0,0.64,23.2,27.6,19.6,59.5,1.6
2015-01-08,0.0,0.61,24.2,29.8,20.6,47.0,1.2
2015-01-09,0.0,0.58,25.1,30.6,20.9,42.5,0.8
2015-01-10,0.0,0.55,26.7,33.2,21.3,44.5,0.8
2015-01-11,0.0,0.55,27.0,33.1,22.0,40.8,1.4
2015-01-12,0.0,0.53,27.5,32.8,22.9,35.3,0.7
2015-01-13,0.0,0.53,27.8,33.3,24.0,41.8,0.7
2015-01-14,0.0,0.52,26.5,32.2,23.4,47.8,0.8
2015-01-15,0.0,0.52,25.1,29.6,21.8,48.5,0.9
2015-01-16,0.0,0.5,26.2,31.6,22.2,44.8,1.5
2015-01-17,0.0,0.5,26.7,32.2,22.2,41.5,0.7
2015-01-18,0.0,0.5,27.2,32.8,22.4,38.8,1.2
2015-01-19,0.0,0.5,26.5,32.2,22.9,45.3,1.1
2015-01-20,0.0,0.49,27.0,32.6,22.2,38.8,1.5
2015-01-21,0.0,0.49,27.2,33.9,22.6,44.3,0.7
2015-01-22,0.6,0.49,27.5,32.4,22.6,43.0,1.1
2015-01-23,0.0,0.52,24.5,29.6,21.6,52.8,1.3
2015-01-24,6.5,0.59,21.9,27.9,19.6,77.3,1.0
2015-01-25,10.3,0.75,22.6,29.7,18.7,71.0,1.2
2015-01-26,0.1,0.89,23.1,31.2,18.8,70.0,1.4
2015-01-27,1.5,1.12,21.8,28.3,18.9,76.5,0.4
2015-01-28,0.0,1.19,22.5,29.0,18.9,74.0,1.0
2015-01-29,3.2,0.87,25.1,31.7,20.2,63.8,1.8
2015-01-30,0.0,0.66,27.0,31.8,22.6,52.0,0.9
2015-01-31,1.8,0.59,26.8,32.2,23.1,55.3,0.8
2015-02-01,0.0,0.56,26.0,32.0,21.7,53.0,1.3
2015-02-02,0.0,0.53,26.2,31.1,22.8,51.0,1.3
2015-02-03,0.0,0.53,23.5,29.6,21.2,63.0,1.0
2015-02-04,16.5,0.59,22.9,29.8,18.8,72.3,0.8
2015-02-05,26.0,1.06,21.0,26.3,19.2,85.3,1.0
2015-02-06,28.3,2.72,20.2,22.3,19.0,91.0,1.3
2015-02-07,22.5,4.62,20.5,26.5,17.9,89.5,1.0
2015-02-08,36.2,5.68,20.1,21.3,19.2,95.5,1.3
2015-02-09,26.8,7.0,21.1,24.4,19.4,87.8,0.8
2015-02-10,13.2,7.24,24.5,30.8,19.4,67.8,0.8
2015-02-11,0.0,6.53,24.5,29.0,21.0,60.5,1.3
2015-02-12,0.0,4.97,26.2,31.5,20.9,45.3,1.0
2015-02-13,0.0,3.69,26.9,32.2,21.6,47.3,1.1
2015-02-14,0.0,2.62,26.0,31.8,21.8,51.8,0.8
2015-02-15,0.0,1.78,25.7,30.4,22.2,57.8,0.9
2015-02-16,0.0,1.16,23.1,30.0,19.8,63.8,0.8
2015-02-17,0.0,0.87,23.9,29.0,19.8,68.3,0.9
2015-02-18,0.0,0.78,21.6,27.1,18.8,75.5,1.3
2015-02-19,13.8,0.94,22.2,27.4,18.9,75.3,0.9
2015-02-20,0.0,0.97,24.6,29.2,20.8,54.3,1.4
2015-02-21,0.0,0.75,24.4,28.6,21.2,54.8,1.5
2015-02-22,0.0,0.69,24.6,29.2,21.0,52.3,1.0
2015-02-23,0.0,0.66,24.6,29.4,20.6,54.5,1.2
2015-02-24,0.0,0.63,24.0,29.3,20.7,59.5,1.0
2015-02-25,0.0,0.66,23.0,29.8,19.6,72.0,1.2
2015-02-26,1.4,0.87,25.1,32.0,20.2,62.0,1.0
2015-02-27,13.2,1.28,23.3,28.4,20.2,75.8,1.0
2015-02-28,0.2,1.31,24.1,30.2,19.7,71.0,0.5
2015-03-01,0.0,0.97,23.0,26.7,20.4,63.5,1.8
2015-03-02,0.0,0.78,22.9,27.9,19.4,61.8,1.4
2015-03-03,0.0,0.87,23.9,29.5,19.9,68.3,0.7
2015-03-04,0.5,1.03,24.0,28.2,21.2,66.3,1.6
2015-03-05,13.6,1.22,23.4,29.9,19.6,65.8,1.1
2015-03-06,6.8,1.31,23.6,30.6,19.4,67.3,0.9
2015-03-07,0.0,1.16,24.7,30.5,19.3,59.0,1.0
2015-03-08,0.0,1.25,23.3,28.3,20.9,67.0,1.1
2015-03-09,0.2,1.53,24.1,27.7,22.2,71.0,1.1
2015-03-10,21.8,1.62,22.0,25.7,18.9,79.5,1.1
2015-03-11,26.6,1.47,24.1,29.3,19.0,72.0,0.7
2015-03-12,23.3,1.22,22.9,28.0,18.8,76.0,0.7
2015-03-13,0.8,1.0,24.2,29.8,20.4,65.8,1.5
2015-03-14,0.0,0.81,25.0,30.0,21.4,64.3,1.4
2015-03-15,0.0,0.72,24.4,27.1,21.2,58.5,0.9
2015-03-16,0.0,0.72,25.4,,21.4,61.0,1.3
2015-03-17,0.0,0.72,25.0,29.7,21.6,55.8,1.6
2015-03-18,0.0,0.72,23.7,28.4,21.2,50.8,1.4
2015-03-19,0.0,0.69,23.7,28.2,20.7,53.3,2.0
2015-03-20,0.0,0.69,23.8,28.0,21.0,62.0,1.2
2015-03-21,13.8,1.16,21.8,26.1,18.8,74.3,1.4
2015-03-22,1.3,2.31,22.0,26.0,19.2,77.5,0.6
2015-03-23,7.9,3.29,22.0,27.2,20.0,86.3,1.8
2015-03-24,2.5,3.91,24.1,28.9,19.2,70.0,0.8
2015-03-25,0.0,3.22,23.8,28.3,20.1,64.3,1.0
2015-03-26,0.0,2.31,24.2,30.6,18.8,57.8,1.2
2015-03-27,0.0,1.53,25.6,30.8,20.2,58.5,1.1
2015-03-28,0.0,1.06,26.1,31.0,22.0,54.3,0.9
2015-03-29,0.0,0.85,25.6,30.3,21.8,58.5,0.8
2015-03-30,0.0,0.75,24.7,29.9,20.0,73.5,1.2
2015-03-31,18.0,0.72,24.3,28.8,20.0,71.5,0.4
2015-04-01,0.0,0.72,24.9,30.0,20.8,73.8,0.9
2015-04-02,14.2,0.75,22.2,26.1,21.0,70.3,0.7
2015-04-03,0.0,0.78,21.9,26.3,19.2,70.5,1.2
2015-04-04,0.0,0.75,23.0,26.8,20.6,67.8,1.3
2015-04-05,0.0,0.87,23.1,27.4,19.4,69.8,0.8
2015-04-06,0.0,0.97,22.7,28.6,20.2,75.5,1.3
2015-04-07,0.0,0.87,22.5,26.7,20.4,64.3,1.1
2015-04-08,0.0,0.91,18.7,21.9,17.3,78.3,1.5
2015-04-09,0.0,0.85,20.0,24.3,17.4,72.8,1.1
2015-04-10,0.0,0.78,21.2,25.7,17.1,60.8,1.0
2015-04-11,0.0,0.75,21.5,26.0,18.0,65.0,1.3
2015-04-12,0.0,0.75,22.4,27.5,18.4,57.5,1.3
2015-04-13,0.0,0.72,22.5,27.8,18.4,57.0,1.7
2015-04-14,0.0,0.72,22.2,26.7,19.2,57.8,1.1
2015-04-15,0.0,0.69,23.2,28.7,18.9,48.0,1.6
2015-04-16,0.0,0.69,22.8,26.6,19.9,65.8,1.4
2015-04-17,0.0,0.69,23.8,28.2,20.6,62.8,1.2
2015-04-18,0.0,0.69,23.2,29.6,20.4,73.5,0.4
2015-04-19,14.8,0.69,24.5,30.2,19.8,63.5,0.6
2015-04-20,0.0,0.91,24.1,27.8,21.5,68.5,2.0
2015-04-21,0.0,1.12,24.2,30.6,21.6,74.3,0.9
2015-04-22,11.5,1.34,23.1,27.2,21.0,80.5,1.2
2015-04-23,0.0,1.65,22.7,28.2,19.6,75.3,1.3
2015-04-24,0.0,1.38,24.0,28.9,20.3,66.5,1.8
2015-04-25,0.0,1.19,23.5,28.8,20.8,71.8,1.2
2015-04-26,0.0,1.03,20.9,27.4,17.0,55.5,1.2
2015-04-27,0.0,0.85,20.9,25.9,16.5,60.8,2.0
2015-04-28,0.0,0.75,22.2,27.5,17.7,54.8,1.6
2015-04-29,0.0,0.87,21.1,26.1,19.0,69.0,1.2
2015-04-30,9.1,1.06,20.5,25.6,17.4,73.5,0.7
2015-05-01,2.3,1.09,20.2,23.9,17.0,71.0,1.1
2015-05-02,0.0,0.91,20.3,24.5,18.0,67.0,1.2
2015-05-03,0.0,0.78,21.0,26.7,17.0,59.3,1.7
2015-05-04,0.0,0.75,22.2,26.8,18.3,65.3,1.2
2015-05-05,0.0,0.85,20.8,23.5,19.4,84.5,1.1
2015-05-06,7.8,1.25,20.5,24.3,18.6,83.5,1.5
2015-05-07,11.5,1.72,21.0,26.3,18.6,77.0,1.6
2015-05-08,0.0,1.44,19.4,24.9,15.3,60.0,2.5
2015-05-09,0.0,1.0,19.6,25.3,16.2,68.5,1.6
2015-05-10,0.0,0.81,20.5,26.1,16.0,65.3,1.5
2015-05-11,0.0,0.91,19.5,23.1,17.6,78.5,1.3
2015-05-12,0.0,0.91,20.3,24.9,17.9,62.3,0.7
2015-05-13,0.0,0.81,19.6,24.0,16.7,58.5,1.7
2015-05-14,0.0,0.75,18.7,22.5,16.8,72.8,1.6
2015-05-15,0.0,0.75,17.7,21.3,14.6,69.0,1.5
2015-05-16,0.0,0.72,18.8,22.4,15.6,66.5,1.6
2015-05-17,0.0,0.72,19.6,23.7,16.4,65.8,2.1
2015-05-18,0.0,0.72,18.9,21.1,17.9,74.3,1.3
2015-05-19,0.0,0.72,19.5,22.9,17.3,69.8,1.7
2015-05-20,0.0,0.72,19.0,21.6,17.2,67.8,1.6
2015-05-21,0.0,0.72,19.7,22.4,17.6,63.5,2.3
2015-05-22,0.0,0.69,19.1,23.5,16.2,66.8,1.6
2015-05-23,0.0,0.69,18.8,23.0,15.2,63.0,1.5
2015-05-24,0.0,0.69,20.0,26.0,14.8,64.0,1.5
2015-05-25,0.0,0.69,21.3,28.6,15.9,64.8,0.8
2015-05-26,0.0,0.66,22.1,28.6,16.6,55.8,1.1
2015-05-27,0.0,0.66,21.6,27.2,17.9,57.8,0.6
2015-05-28,0.0,0.66,22.0,28.3,17.4,61.8,1.1
2015-05-29,5.9,0.75,18.3,23.5,14.7,73.8,1.3
2015-05-30,2.3,0.75,20.4,26.2,14.9,64.5,1.0
2015-05-31,0.0,0.69,21.7,27.2,17.8,65.8,1.1
2015-06-01,0.0,0.69,21.8,28.0,17.9,65.3,0.7
2015-06-02,0.0,0.69,19.8,23.3,17.8,77.3,1.7
2015-06-03,1.8,0.81,18.2,21.9,16.8,75.8,1.2
2015-06-04,0.9,0.85,19.2,23.8,14.4,61.8,0.8
2015-06-05,0.0,0.72,19.7,24.4,16.2,67.0,1.4
2015-06-06,0.0,0.69,19.9,24.3,17.2,62.8,2.0
2015-06-07,0.0,0.66,20.4,25.3,16.8,61.5,1.0
2015-06-08,0.0,0.63,19.9,25.4,15.6,52.3,0.9
2015-06-09,0.0,0.63,20.0,26.2,14.3,54.8,1.4
2015-06-10,0.0,0.63,21.4,27.1,15.6,54.5,0.9
2015-06-11,0.0,0.59,21.7,27.9,16.1,48.3,0.4
2015-06-12,0.0,0.59,22.0,28.2,16.6,48.5,1.2
2015-06-13,0.0,0.59,21.0,26.7,16.8,57.3,1.5
2015-06-14,0.0,0.59,21.6,27.5,16.0,50.0,1.0
2015-06-15,0.3,0.59,22.0,28.2,17.2,55.3,0.3
2015-06-16,0.0,0.59,21.0,24.1,19.4,77.0,1.5
2015-06-17,0.0,0.56,20.6,24.0,18.6,70.5,1.8
2015-06-18,0.0,0.56,21.3,26.7,16.4,62.0,1.1
2015-06-19,0.0,0.56,20.3,26.5,16.8,67.3,1.6
2015-06-20,0.0,0.56,17.3,21.5,15.9,70.8,1.8
2015-06-21,0.0,0.56,17.7,21.4,14.0,70.0,1.5
2015-06-22,0.0,0.59,18.8,24.0,15.6,64.5,1.3
2015-06-23,0.0,0.59,19.7,25.3,14.9,57.8,1.2
2015-06-24,0.0,0.56,19.2,24.0,16.4,62.5,0.9
2015-06-25,0.0,0.56,16.5,19.6,14.6,68.5,2.1
2015-06-26,0.0,0.56,15.6,20.2,13.2,64.0,1.9
2015-06-27,0.0,0.56,15.6,20.1,11.2,68.0,1.4
2015-06-28,0.0,0.56,17.1,22.0,12.8,52.8,2.1
2015-06-29,0.0,0.53,17.6,21.4,13.8,65.3,2.1
2015-06-30,0.0,0.53,19.8,26.4,15.6,61.8,1.4
2015-07-01,0.0,0.53,19.6,25.5,15.2,67.5,1.2
2015-07-02,0.0,0.53,19.4,23.0,17.0,69.5,1.8
2015-07-03,0.0,0.53,19.3,24.3,16.1,61.3,1.3
2015-07-04,0.0,0.53,21.4,27.4,16.0,53.5,1.5
2015-07-05,0.0,0.5,20.3,25.2,17.5,66.0,1.4
2015-07-06,0.0,0.5,18.5,23.1,15.4,71.8,1.2
2015-07-07,0.0,0.5,18.1,20.1,16.2,69.8,1.4
2015-07-08,0.0,0.5,19.5,24.2,15.8,66.8,1.4
2015-07-09,0.0,0.5,19.2,23.5,16.5,67.8,
2015-07-10,0.0,0.5,21.2,27.1,14.8,53.3,0.9
2015-07-11,0.0,0.49,21.1,26.5,17.2,59.8,1.4
2015-07-12,0.0,0.49,20.9,27.0,16.1,57.3,1.1
2015-07-13,0.0,0.49,21.2,27.1,15.4,48.8,1.4
2015-07-14,0.0,0.49,21.0,27.6,16.2,59.0,1.3
2015-07-15,0.0,0.47,20.2,24.9,16.8,58.3,1.6
2015-07-16,0.0,0.47,19.3,24.5,16.1,60.5,1.7
2015-07-17,0.0,0.47,18.8,22.5,15.3,54.3,1.9
2015-07-18,0.0,0.47,18.8,22.9,15.2,55.8,1.4
2015-07-19,0.0,0.45,19.1,23.9,14.9,61.0,1.0
2015-07-20,0.0,0.45,18.9,23.7,15.4,55.3,1.2
2015-07-21,0.0,0.45,19.8,26.5,14.1,47.8,0.7
2015-07-22,0.0,0.45,20.5,25.5,17.2,54.3,1.3
2015-07-23,0.0,0.45,19.2,23.3,16.2,59.0,1.2
2015-07-24,0.0,0.44,19.8,25.9,15.2,55.3,1.6
2015-07-25,0.0,0.44,20.2,27.0,14.6,57.5,0.7
2015-07-26,0.0,0.44,21.2,26.8,16.5,60.3,1.0
2015-07-27,1.9,0.44,20.6,25.8,16.3,67.5,1.3
2015-07-28,0.0,0.42,21.7,27.8,16.9,55.3,1.0
2015-07-29,0.0,0.42,21.6,26.5,17.6,57.3,1.4
2015-07-30,0.0,0.42,20.7,26.1,16.6,49.5,1.2
2015-07-31,0.0,0.39,20.6,24.3,16.0,49.5,1.5
2015-08-01,0.0,0.39,20.2,25.3,16.0,51.0,1.1
2015-08-02,0.0,0.37,19.8,25.3,15.4,51.0,1.4
2015-08-03,0.0,0.34,20.5,27.8,14.9,46.0,0.7
2015-08-04,0.0,0.33,21.2,27.4,15.6,46.5,0.5
2015-08-05,0.0,0.33,21.0,26.8,15.8,41.3,1.3
2015-08-06,0.0,0.33,21.2,27.2,15.5,41.0,1.0
2015-08-07,0.0,0.33,21.3,27.8,15.6,48.3,1.1
2015-08-08,0.0,0.33,20.5,25.7,17.0,52.5,1.3
2015-08-09,0.0,0.33,19.0,22.3,16.1,65.3,2.0
2015-08-10,0.0,0.31,19.5,24.7,16.4,53.5,1.6
2015-08-11,0.0,0.31,17.9,23.2,14.2,53.8,1.3
2015-08-12,0.0,0.31,18.5,23.7,14.3,46.0,1.6
2015-08-13,0.0,0.31,18.5,24.1,14.6,53.5,1.9
2015-08-14,0.0,0.31,19.1,24.5,14.9,59.5,1.6
2015-08-15,0.0,0.31,19.8,26.3,14.6,54.0,1.2
2015-08-16,0.0,0.31,20.4,25.4,16.4,53.0,1.5
2015-08-17,0.0,0.31,19.9,25.3,16.0,55.5,2.3
2015-08-18,0.0,0.3,20.6,26.9,16.4,56.3,1.3
2015-08-19,0.0,0.3,21.4,27.8,15.9,56.5,1.3
2015-08-20,0.0,0.3,23.1,30.0,17.8,51.5,1.5
2015-08-21,0.0,0.3,20.8,26.4,15.8,55.0,1.9
2015-08-22,0.0,0.31,20.4,25.5,17.0,64.0,1.3
2015-08-23,0.0,0.31,21.9,29.4,15.8,51.5,1.5
2015-08-24,0.0,0.3,22.9,29.2,16.5,45.8,1.0
2015-08-25,0.0,0.3,20.9,25.2,17.3,56.3,2.7
2015-08-26,0.0,0.3,23.3,29.8,17.5,50.8,0.8
2015-08-27,0.0,0.3,24.1,31.4,19.2,47.3,1.2
2015-08-28,0.0,0.34,21.6,26.3,18.6,61.3,1.2
2015-08-29,0.0,0.33,21.3,26.7,17.2,60.0,1.2
2015-08-30,0.0,0.31,21.9,28.8,17.0,52.0,1.2
2015-08-31,0.0,0.31,23.8,31.2,17.2,39.5,1.0
2015-09-01,0.0,0.3,25.4,33.8,17.5,36.0,0.8
2015-09-02,0.0,0.3,23.7,30.4,17.7,46.3,1.5
2015-09-03,0.0,0.28,24.0,31.6,17.2,42.3,1.0
2015-09-04,0.0,0.28,26.3,33.2,19.2,33.8,1.1
2015-09-05,0.0,0.3,23.0,30.8,19.4,64.0,1.7
2015-09-06,2.1,0.41,23.0,29.0,18.3,60.0,1.8
2015-09-07,0.2,0.73,23.7,31.4,19.4,53.3,1.6
2015-09-08,10.9,0.73,20.8,23.2,18.4,79.3,0.9
2015-09-09,5.8,0.65,18.0,22.0,15.9,83.3,1.2
2015-09-10,6.5,0.54,21.6,26.7,15.9,61.3,1.0
2015-09-11,0.0,0.46,21.1,25.3,19.1,69.5,1.3
2015-09-12,0.0,0.6,22.2,27.4,18.0,63.8,1.2
2015-09-13,0.0,0.87,20.1,25.5,18.1,84.3,1.3
2015-09-14,12.8,0.78,20.6,24.7,16.9,73.3,2.0
2015-09-15,0.0,0.53,22.8,28.6,18.1,60.3,1.3
2015-09-16,0.0,0.41,23.4,29.7,18.6,56.3,2.0
2015-09-17,0.0,0.36,25.1,32.0,18.7,35.8,1.0
2015-09-18,0.0,0.34,25.8,33.6,18.6,33.5,0.7
2015-09-19,0.0,0.32,25.6,33.6,20.0,28.5,1.0
2015-09-20,0.0,0.31,24.8,31.5,19.1,32.0,1.2
2015-09-21,0.0,0.3,24.3,30.6,19.0,36.0,1.0
2015-09-22,0.0,0.3,25.8,33.2,18.0,38.3,1.0
2015-09-23,0.0,0.29,26.9,33.8,19.0,35.5,1.2
2015-09-24,0.0,0.28,28.4,35.8,22.2,30.8,1.3
2015-09-25,0.0,0.28,29.8,36.6,22.6,32.8,1.4
2015-09-26,0.0,0.27,27.9,34.5,23.3,42.0,1.1
2015-09-27,0.0,0.27,26.1,32.3,20.6,46.3,0.7
2015-09-28,0.0,0.27,26.9,32.2,21.5,37.5,0.9
2015-09-29,0.0,0.26,25.6,29.2,23.3,44.3,1.0
2015-09-30,0.0,0.26,25.1,30.8,20.8,49.8,1.0
2015-10-01,0.0,0.26,26.5,33.0,21.8,44.3,2.1
2015-10-02,0.0,0.26,23.7,32.8,19.6,61.3,1.7
2015-10-03,0.0,0.26,26.8,33.5,19.2,41.3,1.4
2015-10-04,0.0,0.26,27.6,33.7,23.0,41.0,0.6
2015-10-05,0.0,0.26,24.0,31.0,20.2,62.5,1.3
2015-10-06,0.0,0.26,22.3,28.2,18.8,64.3,1.6
2015-10-07,0.0,0.26,23.3,30.8,18.0,55.5,1.2
2015-10-08,0.0,0.26,23.8,31.0,17.0,37.0,2.2
2015-10-09,0.0,0.25,24.8,31.6,18.8,38.3,1.2
2015-10-10,0.0,0.25,27.0,34.2,19.2,31.5,1.0
2015-10-11,0.0,0.25,26.0,32.2,19.4,31.8,1.4
2015-10-12,0.0,0.24,25.3,32.6,20.0,41.3,1.9
2015-10-13,0.0,0.24,26.2,32.9,20.2,37.0,1.1
2015-10-14,0.0,0.24,27.0,33.8,21.0,29.5,1.4
2015-10-15,0.0,0.23,28.7,36.0,21.8,33.0,1.1
2015-10-16,0.0,0.23,29.8,36.9,22.9,27.0,0.7
2015-10-17,0.0,0.23,30.0,37.1,23.2,21.5,1.0
2015-10-18,0.0,0.22,25.4,30.6,21.8,55.8,1.7
2015-10-19,0.0,0.21,24.1,30.2,19.8,57.8,1.6
2015-10-20,0.0,0.2,26.8,35.1,19.6,47.5,1.4
2015-10-21,0.0,0.21,29.0,36.2,22.9,41.0,1.5
2015-10-22,0.0,0.41,25.9,37.4,20.4,56.8,1.4
2015-10-23,27.1,0.38,25.1,32.3,18.2,57.0,1.2
2015-10-24,0.0,0.31,24.8,30.2,20.2,54.0,1.0
2015-10-25,0.0,0.27,25.6,31.1,20.2,45.3,1.4
2015-10-26,0.0,0.26,25.1,31.4,20.2,53.0,1.6
2015-10-27,0.0,0.28,22.5,29.2,19.2,74.5,1.4
2015-10-28,36.5,0.7,21.7,24.2,18.4,83.0,0.5
2015-10-29,0.4,0.92,23.3,28.6,20.0,62.3,1.3
2015-10-30,0.0,0.61,23.7,29.4,16.8,45.3,1.8
2015-10-31,0.0,0.41,25.4,31.2,19.7,48.0,1.5
2015-11-01,0.0,0.34,25.4,30.2,20.9,52.3,1.5
2015-11-02,0.0,0.28,26.3,31.2,21.4,45.8,1.1
2015-11-03,0.0,0.25,26.7,33.4,21.8,52.3,1.2
2015-11-04,0.0,0.23,28.3,34.6,22.2,36.3,0.9
2015-11-05,0.0,0.22,29.9,36.0,23.2,32.3,0.8
2015-11-06,0.0,0.21,28.9,34.6,23.8,40.0,0.9
2015-11-07,0.0,0.21,26.1,34.3,21.9,55.5,2.5
2015-11-08,0.0,0.2,24.6,29.0,19.0,57.3,2.1
2015-11-09,0.0,0.2,25.3,29.3,21.8,51.8,1.0
2015-11-10,0.0,0.19,26.8,32.7,21.9,45.8,1.4
2015-11-11,0.0,0.19,27.3,32.2,21.8,47.0,0.5
2015-11-12,0.0,0.19,27.6,32.8,23.2,51.5,0.6
2015-11-13,0.0,0.46,26.3,35.0,22.0,60.5,1.9
2015-11-14,41.5,0.54,25.4,31.2,18.6,55.5,0.5
2015-11-15,0.0,0.38,25.0,27.3,22.5,65.0,1.0
2015-11-16,2.8,1.13,23.5,27.4,20.2,76.0,1.6
2015-11-17,22.3,1.99,22.9,26.0,20.0,75.3,0.9
2015-11-18,48.5,3.92,22.9,27.4,18.8,76.8,0.9
2015-11-19,5.8,4.53,24.7,32.6,19.4,70.8,1.3
2015-11-20,8.2,3.88,22.5,28.0,18.8,85.3,1.1
2015-11-21,12.5,3.36,24.2,29.8,18.6,69.3,0.7
2015-11-22,0.0,2.6,24.1,30.4,17.8,65.0,0.8
2015-11-23,0.0,1.88,21.9,27.5,17.8,78.3,1.2
2015-11-24,25.8,1.52,22.0,26.0,17.0,69.5,0.9
2015-11-25,0.2,1.05,23.7,28.0,19.0,65.3,1.2
2015-11-26,0.0,0.7,24.9,29.8,19.3,61.3,0.7
2015-11-27,0.0,0.55,23.1,27.8,19.4,65.8,1.4
2015-11-28,0.0,0.4,25.2,30.8,18.7,59.8,1.3
2015-11-29,0.0,0.37,24.3,30.4,20.7,72.3,0.7
2015-11-30,15.5,1.48,26.5,33.0,20.4,59.5,1.1
2015-12-01,0.0,2.6,25.0,30.1,20.6,65.8,1.6
2015-12-02,0.0,2.3,24.3,30.9,21.0,80.3,0.8
2015-12-03,15.5,2.38,24.6,31.3,19.8,64.8,0.4
2015-12-04,1.2,3.19,26.1,31.9,20.2,56.8,1.4
2015-12-05,21.3,3.29,24.2,31.0,18.9,63.0,1.2
2015-12-06,0.0,2.67,24.5,29.2,20.9,68.0,0.9
2015-12-07,9.5,2.38,24.3,31.0,19.3,66.3,1.7
2015-12-08,17.3,2.83,23.8,30.8,18.4,72.0,0.9
2015-12-09,2.6,3.08,22.8,26.4,19.9,72.8,0.6
2015-12-10,15.5,2.51,23.3,30.4,19.2,74.3,1.1
2015-12-11,8.3,2.01,24.5,31.2,19.0,74.5,0.7
2015-12-12,19.5,1.62,25.4,31.2,19.9,58.3,1.2
2015-12-13,0.0,1.26,24.7,29.6,21.4,73.0,1.3
2015-12-14,13.5,0.89,25.3,30.2,19.4,52.3,1.7
2015-12-15,0.0,0.63,26.1,31.2,21.1,56.3,1.5
2015-12-16,0.0,0.47,26.4,31.6,20.8,47.0,1.3
2015-12-17,0.0,0.43,25.1,30.7,21.3,53.5,1.1
2015-12-18,0.0,0.52,23.1,29.8,17.3,74.3,1.0
2015-12-19,13.4,0.73,24.3,31.1,17.4,53.8,0.8
2015-12-20,0.0,0.96,24.7,29.8,19.2,61.0,2.0
2015-12-21,0.0,0.91,24.7,29.0,20.4,54.8,1.6
2015-12-22,0.0,0.69,24.7,29.6,20.2,55.0,1.3
2015-12-23,0.0,0.52,25.0,30.2,19.8,51.0,2.1
2015-12-24,0.0,0.47,25.5,30.8,19.9,48.0,2.1
2015-12-25,0.0,0.48,24.8,30.2,21.9,65.3,0.5
2015-12-26,4.5,0.79,22.8,28.8,19.0,73.3,0.9
2015-12-27,2.8,1.18,23.0,26.9,18.2,60.8,1.2
2015-12-28,0.0,1.17,24.5,28.5,20.0,55.0,0.9
2015-12-29,0.0,0.96,24.5,28.1,20.1,61.0,1.1
2015-12-30,0.0,0.83,22.0,27.5,17.0,75.3,0.7
2015-12-31,5.2,0.69,25.7,31.8,17.2,56.0,1.0
2016-01-01,0.0,0.56,26.6,32.9,20.4,56.8,0.5
2016-01-02,0.0,0.51,25.3,31.5,20.4,68.0,0.7
2016-01-03,0.0,0.91,22.5,26.9,19.4,79.3,0.4
2016-01-04,14.5,1.74,21.4,24.7,18.4,79.8,0.2
2016-01-05,9.7,1.62,22.0,27.1,16.7,62.5,1.5
2016-01-06,0.0,0.99,24.2,30.0,17.8,52.5,1.3
2016-01-07,0.0,0.66,24.6,30.1,17.8,58.8,1.2
2016-01-08,0.0,0.59,25.5,30.4,20.0,61.3,1.2
2016-01-09,0.0,0.58,25.3,29.4,21.2,69.0,1.1
2016-01-10,0.0,0.53,26.2,31.2,21.2,57.0,1.0
2016-01-11,10.9,0.52,26.8,32.0,21.2,53.0,1.2
2016-01-12,12.3,1.22,22.5,27.3,19.6,90.8,1.0
2016-01-13,45.8,2.97,21.6,24.2,18.7,87.3,0.9
2016-01-14,3.2,3.73,24.0,28.7,19.2,74.0,1.4
2016-01-15,16.5,3.29,22.1,25.5,19.8,92.3,1.0
2016-01-16,46.8,4.01,21.1,22.4,19.1,96.3,1.1
2016-01-17,129.6,8.59,20.1,22.8,17.6,91.0,1.2
2016-01-18,46.5,13.32,22.8,26.3,18.0,74.8,1.4
2016-01-19,21.8,16.26,21.5,24.8,18.8,93.3,1.1
2016-01-20,39.5,24.18,21.8,26.0,19.0,75.8,1.2
2016-01-21,0.3,29.27,22.1,27.0,18.2,71.3,1.5
2016-01-22,0.0,24.59,21.2,25.3,16.6,71.5,1.2
2016-01-23,0.0,20.68,23.2,29.2,18.1,69.5,0.5
2016-01-24,4.3,18.23,22.8,29.4,19.2,70.0,1.1
2016-01-25,64.9,16.02,24.2,29.4,19.7,73.8,0.6
2016-01-26,39.2,14.74,24.7,31.2,17.7,67.3,0.5
2016-01-27,24.6,13.13,25.7,30.4,21.2,66.5,1.1
2016-01-28,4.3,13.06,24.0,28.7,20.7,75.3,1.2
2016-01-29,35.5,12.52,22.6,27.1,19.2,73.0,1.2
2016-01-30,0.0,10.38,24.8,30.2,19.0,56.0,0.9
2016-01-31,0.0,8.35,25.2,31.0,19.3,48.3,1.0
2016-02-01,0.0,6.64,26.2,31.7,20.1,54.0,0.6
2016-02-02,0.0,5.27,26.8,33.7,20.9,47.5,0.8
2016-02-03,0.0,4.04,26.3,31.3,21.5,53.8,1.4
2016-02-04,0.0,3.19,25.8,31.2,21.6,57.8,0.7
2016-02-05,0.0,2.47,25.5,30.7,20.7,55.5,1.2
2016-02-06,0.0,1.7,26.5,32.6,20.2,46.8,1.0
2016-02-07,0.0,1.19,26.0,31.2,21.6,51.3,1.2
2016-02-08,0.0,0.89,25.1,30.8,21.3,51.0,1.0
2016-02-09,0.0,0.73,26.1,31.8,20.4,48.0,1.0
2016-02-10,0.0,0.69,27.2,33.7,20.6,47.5,0.9
2016-02-11,0.0,0.69,26.9,33.4,22.4,52.5,1.2
2016-02-12,2.3,1.17,23.7,30.6,18.8,68.5,1.3
2016-02-13,14.0,4.33,23.5,27.5,18.8,71.3,1.6
2016-02-14,0.0,9.02,25.6,31.4,20.6,61.3,0.7
2016-02-15,0.0,7.79,24.8,31.7,21.6,64.3,1.7
2016-02-16,0.0,6.85,26.1,31.9,20.1,57.3,1.6
2016-02-17,0.0,5.46,27.5,32.8,22.2,50.3,1.2
2016-02-18,13.0,4.33,24.7,29.8,18.6,57.8,0.9
2016-02-19,0.0,3.47,24.8,30.3,21.2,65.0,0.9
2016-02-20,0.0,2.5,26.6,32.0,21.0,45.5,1.3
2016-02-21,0.0,1.74,26.1,31.1,21.6,56.5,0.9
2016-02-22,0.0,1.25,24.9,29.0,20.9,58.5,1.3
2016-02-23,0.0,0.99,25.3,29.5,20.6,52.0,1.6
2016-02-24,0.0,0.83,25.6,31.1,20.7,54.5,1.1
2016-02-25,0.0,0.78,23.2,32.1,18.0,67.5,1.0
2016-02-26,21.5,0.86,22.3,28.8,18.0,75.5,0.8
2016-02-27,5.8,0.91,24.1,32.0,18.8,70.3,1.6
2016-02-28,49.3,0.86,23.8,30.4,20.2,74.3,0.5
2016-02-29,12.2,1.08,23.9,29.7,19.7,71.3,0.5
2016-03-01,0.0,1.9,23.8,28.4,19.0,65.0,1.6
2016-03-02,0.0,1.44,24.4,29.2,19.9,58.0,1.4
2016-03-03,0.0,1.06,24.3,29.0,20.2,68.5,0.7
2016-03-04,3.6,0.92,22.9,28.1,19.0,77.3,0.5
2016-03-05,38.1,0.95,22.3,26.9,17.5,73.8,0.8
2016-03-06,0.0,1.34,24.7,29.4,19.2,66.0,0.8
2016-03-07,20.5,2.5,24.0,28.8,20.0,72.3,1.1
2016-03-08,0.0,2.4,24.4,29.7,19.9,55.5,1.5
2016-03-09,0.0,1.67,24.2,28.6,19.9,58.0,1.1
2016-03-10,0.0,1.17,25.7,31.5,20.2,53.0,1.9
2016-03-11,0.0,0.92,25.0,28.6,21.7,70.0,0.8
2016-03-12,1.2,1.22,22.4,25.0,20.1,83.8,1.0
2016-03-13,0.0,2.39,23.5,28.1,18.8,81.3,0.8
2016-03-14,18.5,3.22,23.0,26.9,19.2,76.0,1.4
2016-03-15,0.0,3.19,23.3,28.2,18.7,61.0,1.4
2016-03-16,0.0,2.5,23.9,27.9,18.4,56.0,1.3
2016-03-17,0.0,1.81,23.4,27.8,19.2,61.3,1.0
2016-03-18,0.0,1.47,23.5,29.3,18.7,63.0,0.7
2016-03-19,0.0,1.72,24.4,29.3,18.8,61.0,0.7
2016-03-20,0.0,1.34,24.6,30.0,19.4,56.8,1.4
2016-03-21,0.0,1.06,24.0,29.7,18.5,59.3,1.3
2016-03-22,0.0,0.91,25.6,31.3,19.2,53.5,1.3
2016-03-23,0.0,0.87,25.4,30.9,20.6,62.3,0.6
2016-03-24,18.0,1.06,22.7,27.8,17.3,71.0,1.5
2016-03-25,2.8,1.5,24.1,29.2,18.2,63.0,1.8
2016-03-26,0.0,1.31,23.3,28.2,20.9,78.3,1.2
2016-03-27,50.0,1.28,24.7,29.8,19.4,62.3,0.8
2016-03-28,0.0,1.12,24.7,29.1,20.3,57.5,1.8
2016-03-29,0.0,0.94,25.2,29.5,20.6,55.0,1.5
2016-03-30,0.0,0.91,24.7,29.0,20.2,59.5,1.5
2016-03-31,0.0,0.91,24.6,29.4,20.3,60.3,1.6
2016-04-01,0.0,0.97,25.0,30.1,19.3,55.8,0.7
2016-04-02,0.0,0.94,24.1,29.5,20.1,65.5,1.0
2016-04-03,0.0,0.91,25.2,30.3,20.3,59.3,1.0
2016-04-04,0.0,0.87,25.5,30.3,20.2,61.5,0.8
2016-04-05,0.0,0.87,24.7,29.2,20.0,53.8,0.9
2016-04-06,0.0,0.87,23.9,29.0,18.8,57.3,1.1
2016-04-07,0.0,0.85,24.8,30.3,19.8,54.8,0.8
2016-04-08,0.0,0.85,25.7,31.4,20.2,47.8,1.1
2016-04-09,0.0,0.85,25.6,31.2,20.4,48.0,1.2
2016-04-10,0.0,0.85,25.6,30.8,20.0,45.8,1.7
2016-04-11,0.0,0.85,24.4,29.5,19.9,47.8,1.2
2016-04-12,0.0,0.81,24.5,30.2,19.1,53.3,1.7
2016-04-13,0.0,0.81,24.3,29.0,19.7,56.0,1.7
2016-04-14,0.0,0.81,24.6,29.6,19.4,51.5,1.7
2016-04-15,0.0,0.81,24.8,30.2,19.0,48.3,1.2
2016-04-16,0.0,0.81,24.0,28.9,19.9,50.5,1.4
2016-04-17,0.0,0.78,23.6,28.4,19.4,60.3,1.1
2016-04-18,0.0,0.78,23.8,28.5,18.9,58.3,0.9
2016-04-19,0.0,0.78,23.5,28.6,18.9,54.5,1.5
2016-04-20,0.0,0.78,23.4,28.0,18.6,59.0,0.9
2016-04-21,0.0,0.78,24.1,28.7,19.4,56.5,1.1
2016-04-22,0.0,0.78,24.8,30.2,20.0,54.0,1.2
2016-04-23,0.0,0.75,24.1,29.1,19.6,47.3,1.0
2016-04-24,0.0,0.75,22.6,28.5,18.0,52.3,0.8
2016-04-25,0.0,0.75,24.1,30.4,17.9,50.5,0.9
2016-04-26,0.0,0.75,24.7,30.1,18.4,50.5,0.9
2016-04-27,0.0,0.78,23.2,26.9,20.4,69.5,1.1
2016-04-28,1.8,1.0,21.4,27.2,17.8,78.0,0.7
2016-04-29,3.2,1.62,18.4,20.5,15.9,88.5,0.5
2016-04-30,26.8,2.28,19.2,23.1,15.0,81.3,0.8
2016-05-01,0.0,2.06,21.0,27.4,15.1,56.8,1.1
2016-05-02,0.0,1.4,19.9,25.1,17.2,62.5,1.0
2016-05-03,0.0,1.0,20.7,27.1,14.9,53.3,1.1
2016-05-04,0.0,0.85,21.5,27.6,15.4,56.0,0.8
2016-05-05,0.0,0.81,22.6,28.0,16.5,54.8,2.3
2016-05-06,0.0,0.81,21.4,26.2,17.0,63.8,1.0
2016-05-07,0.0,0.78,21.4,27.0,16.2,61.0,0.7
2016-05-08,0.0,0.78,22.7,28.1,16.6,55.8,1.0
2016-05-09,0.0,0.75,22.6,27.1,18.1,60.3,0.6
2016-05-10,0.0,0.75,23.8,29.3,18.2,53.0,1.2
2016-05-11,0.0,0.75,23.6,28.7,18.5,54.8,0.5
2016-05-12,0.0,0.75,23.1,28.5,18.2,63.8,0.7
2016-05-13,0.0,0.81,20.8,26.0,16.5,65.3,1.1
2016-05-14,0.0,0.78,19.1,23.5,15.8,70.3,0.9
2016-05-15,0.0,0.78,19.7,24.8,15.4,69.0,0.7
2016-05-16,0.0,0.75,21.8,27.7,14.5,63.0,1.2
2016-05-17,0.0,0.75,23.1,29.4,16.5,61.0,0.5
2016-05-18,0.0,0.75,24.0,30.4,17.2,54.0,0.6
2016-05-19,0.0,0.75,22.7,27.5,19.2,68.8,0.9
2016-05-20,0.0,0.75,21.5,25.8,17.7,73.3,1.1
2016-05-21,0.0,0.75,21.7,26.5,17.7,64.8,1.2
2016-05-22,0.0,0.72,22.2,28.8,17.0,63.8,0.8
2016-05-23,0.0,0.72,23.1,28.5,17.0,59.5,0.9
2016-05-24,0.0,0.72,18.7,23.8,15.4,60.3,1.3
2016-05-25,0.0,0.72,18.6,24.0,13.3,64.5,1.6
2016-05-26,0.0,0.69,20.1,24.8,15.8,63.0,0.8
2016-05-27,0.0,0.69,20.2,25.8,14.1,61.0,0.3
2016-05-28,0.0,0.69,18.8,22.3,15.0,63.3,1.1
2016-05-29,0.0,0.69,19.5,25.7,13.2,57.3,0.9
2016-05-30,0.0,0.69,21.5,28.9,14.3,56.8,0.3
2016-05-31,0.0,0.66,22.5,28.3,15.8,53.0,0.5
2016-06-01,0.0,0.66,22.0,28.0,16.2,69.8,0.5
2016-06-02,12.8,0.66,18.7,21.5,14.9,83.8,0.5
2016-06-03,26.5,0.69,18.2,20.4,15.3,87.8,1.0
2016-06-04,9.1,0.94,19.7,24.6,15.3,87.5,0.2
2016-06-05,0.5,1.22,22.2,28.6,16.5,70.0,0.2
2016-06-06,0.0,0.91,24.2,30.5,16.3,54.3,0.6
2016-06-07,0.0,0.75,22.2,27.1,18.5,71.0,1.0
2016-06-08,0.0,0.75,21.3,25.3,17.9,71.0,0.4
2016-06-09,0.2,0.87,19.9,25.7,15.7,65.0,0.7
2016-06-10,0.0,0.87,20.8,26.4,15.0,65.0,1.0
2016-06-11,0.0,0.78,18.8,23.4,14.8,42.8,0.9
2016-06-12,0.0,0.72,17.9,24.5,12.2,61.3,0.8
2016-06-13,0.0,0.69,15.9,20.1,11.7,72.8,1.0
2016-06-14,0.0,0.69,15.5,20.5,10.3,63.5,1.8
2016-06-15,0.0,0.66,17.5,23.9,10.9,57.8,0.4
2016-06-16,0.0,0.66,17.8,24.4,11.3,55.5,0.5
2016-06-17,0.0,0.66,18.0,24.0,11.2,50.0,0.7
2016-06-18,0.0,0.64,19.1,26.4,11.2,54.0,1.1
2016-06-19,0.0,0.64,19.2,25.4,13.4,52.5,1.3
2016-06-20,0.0,0.63,19.3,24.1,14.6,60.3,1.2
2016-06-21,0.0,0.63,18.7,23.6,14.7,65.3,0.9
2016-06-22,0.0,0.63,17.7,21.2,13.2,65.8,1.6
2016-06-23,0.0,0.61,19.7,26.3,12.6,58.8,0.4
2016-06-24,0.0,0.61,20.1,25.7,14.4,56.5,1.4
2016-06-25,0.0,0.61,18.4,23.0,14.3,57.5,1.0
2016-06-26,0.0,0.59,16.7,21.6,11.5,66.8,1.8
2016-06-27,0.0,0.59,16.8,21.4,12.0,62.3,1.8
2016-06-28,0.0,0.59,17.4,21.1,11.9,71.0,1.0
2016-06-29,0.0,0.59,18.8,23.9,12.2,59.5,0.9
2016-06-30,0.0,0.58,18.5,21.8,14.9,70.8,1.3
2016-07-01,0.0,0.58,19.2,23.8,14.0,59.3,1.7
2016-07-02,0.0,0.58,19.5,22.8,15.2,61.3,2.3
2016-07-03,0.0,0.58,19.4,24.0,14.9,55.3,1.8
2016-07-04,0.0,0.56,18.7,23.8,13.8,61.8,1.5
2016-07-05,0.0,0.55,19.3,24.4,14.8,61.3,1.3
2016-07-06,0.0,0.53,19.8,26.3,13.2,52.0,1.0
2016-07-07,0.0,0.53,21.7,27.7,14.4,48.5,0.9
2016-07-08,0.0,0.53,20.5,27.6,14.6,40.3,1.2
2016-07-09,0.0,0.52,19.6,26.1,14.1,62.8,0.7
2016-07-10,0.0,0.52,20.0,27.6,12.7,58.3,0.5
2016-07-11,0.0,0.52,21.1,28.5,14.4,52.3,1.0
2016-07-12,0.0,0.5,21.9,28.9,14.6,47.5,0.5
2016-07-13,0.0,0.5,22.1,28.7,15.8,43.0,1.2
2016-07-14,0.0,0.5,21.4,28.3,14.8,42.5,1.1
2016-07-15,0.0,0.5,22.4,29.5,14.2,39.5,0.8
2016-07-16,0.0,0.49,22.4,29.9,15.2,41.8,0.9
2016-07-17,0.0,0.49,20.5,27.4,15.8,36.0,0.6
2016-07-18,0.0,0.49,19.1,27.2,10.6,40.0,1.2
2016-07-19,0.0,0.49,19.4,25.5,14.0,63.0,1.2
2016-07-20,0.0,0.49,19.8,25.5,14.4,64.8,1.3
2016-07-21,0.0,0.47,20.0,26.2,14.0,53.8,1.4
2016-07-22,0.0,0.47,19.0,25.0,13.8,65.0,1.1
2016-07-23,0.0,0.47,18.9,24.3,14.1,61.0,0.8
2016-07-24,0.0,0.47,19.6,26.4,13.3,52.5,0.8
2016-07-25,0.0,0.45,20.5,27.0,13.0,44.8,1.1
2016-07-26,0.0,0.45,20.6,27.1,14.6,50.8,1.2
2016-07-27,0.0,0.45,22.4,29.1,14.8,37.0,0.3
2016-07-28,0.0,0.45,21.3,27.1,16.0,51.3,1.5
2016-07-29,0.0,0.44,19.0,24.0,15.0,61.0,1.3
2016-07-30,0.0,0.44,18.8,24.6,13.8,54.5,1.7
2016-07-31,0.0,0.44,18.1,21.1,13.6,61.3,1.3
2016-08-01,0.0,0.44,18.3,24.4,12.3,49.5,0.9
2016-08-02,0.0,0.44,20.0,26.4,11.7,42.8,0.6
2016-08-03,0.0,0.41,19.9,26.1,15.2,54.3,1.0
2016-08-04,0.0,0.41,19.2,24.6,14.6,61.3,2.0
2016-08-05,0.0,0.41,19.6,25.4,13.5,51.0,1.3
2016-08-06,0.0,0.39,20.5,26.9,13.8,46.3,0.8
2016-08-07,0.0,0.39,21.6,28.6,13.8,41.0,0.7
2016-08-08,0.0,0.39,23.3,30.7,15.2,37.8,0.5
2016-08-09,0.0,0.37,23.6,31.0,16.4,39.3,0.9
2016-08-10,0.0,0.36,23.8,31.5,16.0,38.8,1.4
2016-08-11,0.0,0.36,21.0,28.0,17.4,56.8,1.3
2016-08-12,0.0,0.36,19.2,25.9,12.1,43.8,1.4
2016-08-13,0.0,0.36,19.3,26.8,13.1,56.5,0.6
2016-08-14,0.8,0.36,22.1,29.9,14.1,49.3,1.2
2016-08-15,0.0,0.34,23.7,31.2,16.1,42.8,0.5
2016-08-16,0.0,0.39,19.8,24.6,15.5,72.5,1.5
2016-08-17,0.0,0.37,22.7,30.1,14.5,50.8,1.0
2016-08-18,0.0,0.37,25.2,32.3,16.7,31.8,1.0
2016-08-19,0.0,0.36,22.7,27.9,17.9,54.8,1.6
2016-08-20,0.0,0.34,22.8,29.4,16.4,54.8,1.2
2016-08-21,0.0,0.33,22.1,25.7,18.5,55.5,1.6
2016-08-22,0.0,0.31,18.4,24.4,13.9,57.5,1.9
2016-08-23,0.0,0.31,17.4,23.9,12.6,69.8,2.6
2016-08-24,0.0,0.31,19.4,26.8,13.5,53.8,1.7
2016-08-25,0.0,0.31,18.9,25.2,12.3,42.5,2.0
2016-08-26,0.0,0.31,19.2,26.2,11.9,39.3,2.8
2016-08-27,0.0,0.3,19.8,25.7,13.8,50.8,1.3
2016-08-28,0.0,0.3,20.9,27.7,14.1,47.0,2.0
2016-08-29,0.0,0.3,22.6,29.0,15.2,35.8,1.5
2016-08-30,0.0,0.29,22.8,29.4,16.2,51.0,1.7
2016-08-31,0.0,0.29,22.9,29.0,17.2,56.8,1.3
2016-09-01,13.8,0.37,20.7,25.8,15.7,68.0,1.1
2016-09-02,0.0,0.35,21.5,26.8,16.3,55.8,1.9
2016-09-03,0.0,0.33,20.6,25.9,15.0,52.0,0.9
2016-09-04,0.0,0.31,20.9,27.4,14.3,50.0,1.0
2016-09-05,0.0,0.31,21.3,27.1,15.0,45.3,2.2
2016-09-06,0.0,0.3,22.2,29.1,14.5,45.5,1.5
2016-09-07,0.0,0.29,24.0,31.0,16.8,38.0,0.8
2016-09-08,0.0,0.28,25.4,32.6,17.9,37.0,1.8
2016-09-09,0.0,0.31,22.8,30.6,18.0,52.8,1.6
2016-09-10,0.0,0.32,22.2,28.1,16.2,52.5,1.5
2016-09-11,0.0,0.31,22.3,28.4,16.0,41.0,1.5
2016-09-12,0.0,0.29,23.4,29.3,16.9,36.5,2.3
2016-09-13,0.0,0.28,23.8,31.0,15.8,40.5,1.4
2016-09-14,0.0,0.27,25.7,33.4,17.6,34.3,0.8
2016-09-15,0.0,0.27,27.4,34.4,18.7,33.5,1.2
2016-09-16,0.0,0.26,23.9,30.0,20.0,56.8,1.4
2016-09-17,0.0,0.26,22.5,28.0,16.8,57.0,1.2
2016-09-18,0.0,0.26,26.3,34.0,17.0,38.5,1.0
2016-09-19,0.0,0.26,25.1,33.9,19.3,52.5,1.0
2016-09-20,11.5,0.46,23.3,29.8,16.3,62.0,0.6
2016-09-21,0.0,0.77,19.2,24.5,15.9,60.8,1.7
2016-09-22,0.0,0.6,18.8,26.2,11.2,55.3,1.9
2016-09-23,0.0,0.43,22.7,30.5,14.3,46.5,1.2
2016-09-24,0.0,0.35,23.3,31.2,17.0,56.5,1.6
2016-09-25,11.8,0.46,22.0,28.0,15.8,60.3,1.4
2016-09-26,15.0,0.77,19.6,25.7,14.3,71.5,1.4
2016-09-27,0.0,0.59,20.8,27.2,14.8,62.8,1.0
2016-09-28,0.0,0.45,22.7,29.4,15.7,63.0,1.4
2016-09-29,0.0,0.37,24.2,31.5,16.5,44.3,0.8
2016-09-30,0.0,0.36,23.7,31.5,18.3,58.5,1.0
2016-10-01,0.0,0.36,20.7,25.7,16.1,69.8,1.8
2016-10-02,0.0,0.38,19.6,25.7,15.6,70.5,1.3
2016-10-03,0.0,0.35,19.5,24.6,14.7,66.8,1.9
2016-10-04,17.6,0.84,18.4,21.3,14.3,91.8,0.9
2016-10-05,4.8,0.99,20.3,24.9,18.0,79.0,1.1
2016-10-06,26.8,0.89,21.1,26.0,19.6,83.5,2.2
2016-10-07,0.0,0.64,21.1,27.1,16.1,45.0,1.5
2016-10-08,0.0,0.45,23.7,31.1,16.4,41.3,0.8
2016-10-09,0.0,0.37,24.8,30.8,19.4,48.5,0.7
2016-10-10,0.0,0.35,22.5,27.2,20.1,63.5,2.5
2016-10-11,0.0,0.33,22.5,27.9,18.7,57.5,2.4
2016-10-12,0.0,0.31,23.0,29.5,18.8,54.0,2.6
2016-10-13,0.0,0.29,22.5,28.2,18.5,59.8,1.9
2016-10-14,0.0,0.28,23.2,28.9,19.3,63.5,0.9
2016-10-15,0.0,0.27,24.6,29.0,20.2,58.5,1.5
2016-10-16,0.0,0.26,24.2,30.4,20.5,65.0,1.4
2016-10-17,0.0,0.26,25.9,31.7,20.8,50.5,0.9
2016-10-18,0.0,0.26,26.9,32.6,21.7,48.8,1.6
2016-10-19,0.0,0.26,28.2,34.0,21.9,43.5,2.1
2016-10-20,0.0,0.25,28.3,34.1,24.0,50.0,1.1
2016-10-21,0.0,0.25,27.9,33.9,23.6,48.3,0.5
2016-10-22,0.0,0.26,24.6,28.8,22.6,65.5,0.6
2016-10-23,0.0,0.27,24.3,27.8,21.9,60.0,0.4
2016-10-24,0.0,0.26,25.0,30.7,20.8,52.5,1.4
2016-10-25,0.0,0.26,24.8,30.3,21.4,61.8,1.5
2016-10-26,0.0,0.25,25.9,31.5,21.5,52.5,2.5
2016-10-27,0.0,0.25,27.6,33.5,22.7,44.3,1.6
2016-10-28,0.0,0.26,25.9,31.3,23.1,57.5,1.0
2016-10-29,0.0,0.34,20.5,26.1,18.7,71.5,0.9
2016-10-30,0.0,0.32,20.0,25.1,17.8,66.3,
2016-10-31,0.0,0.29,22.2,28.8,17.9,57.3,1.5
2016-11-01,0.0,0.27,22.6,27.7,18.5,54.0,1.8
2016-11-02,0.0,0.26,22.3,26.1,19.9,66.3,0.9
2016-11-03,0.0,0.25,24.7,30.9,21.3,60.8,1.3
2016-11-04,0.0,0.32,22.2,28.0,20.1,81.3,1.7
2016-11-05,20.6,0.33,21.3,24.1,20.5,73.5,1.1
2016-11-06,0.0,0.3,21.0,23.6,19.9,59.3,2.5
2016-11-07,0.0,0.31,21.5,25.3,19.8,69.8,2.1
2016-11-08,0.5,0.77,22.3,26.2,20.5,67.5,1.4
2016-11-09,12.0,0.76,24.0,29.1,20.6,60.3,1.4
2016-11-10,3.8,0.58,23.4,27.1,20.6,68.0,0.8
2016-11-11,2.1,0.52,24.4,30.9,21.5,69.8,1.0
2016-11-12,3.1,1.01,23.6,28.5,21.5,76.5,0.5
2016-11-13,8.8,1.73,21.4,23.2,20.2,83.0,0.6
2016-11-14,19.2,2.91,20.4,22.0,19.6,93.5,0.9
2016-11-15,27.3,3.94,21.5,26.7,20.0,87.5,0.7
2016-11-16,35.8,3.76,22.7,27.4,19.0,76.5,1.1
2016-11-17,8.3,2.92,23.1,27.2,20.1,76.8,0.8
2016-11-18,5.1,2.64,22.8,29.2,20.7,78.3,2.7
2016-11-19,16.5,2.73,19.4,25.7,16.1,46.3,1.0
2016-11-20,0.0,1.82,20.5,28.1,13.2,53.3,0.9
2016-11-21,0.0,1.06,21.9,27.0,17.1,67.3,1.3
2016-11-22,0.0,1.19,22.2,27.3,19.9,78.5,1.0
2016-11-23,18.6,3.3,20.9,23.4,19.3,88.8,1.1
2016-11-24,29.8,5.87,23.7,29.5,19.9,73.3,0.4
2016-11-25,0.5,5.71,24.3,29.2,21.2,64.8,1.5
2016-11-26,0.0,4.4,24.4,29.4,21.0,59.8,1.4
2016-11-27,0.0,3.3,25.0,29.7,21.0,58.0,2.0
2016-11-28,0.0,2.34,25.3,31.2,21.5,61.0,1.3
2016-11-29,0.0,1.53,24.7,31.2,21.2,71.5,1.3
2016-11-30,51.3,1.48,22.1,27.3,20.3,74.8,2.1
2016-12-01,0.0,2.08,19.2,21.6,18.2,81.3,1.6
2016-12-02,1.6,1.53,22.2,26.6,17.9,67.8,1.4
2016-12-03,0.0,1.08,24.9,29.5,20.7,60.8,0.5
2016-12-04,12.8,1.4,21.5,26.2,19.8,83.5,1.0
2016-12-05,108.5,4.3,21.6,24.1,19.3,91.0,1.6
2016-12-06,32.5,7.57,25.8,32.0,20.7,55.0,1.2
2016-12-07,0.8,6.06,26.7,32.5,21.6,57.0,1.5
2016-12-08,0.0,4.69,24.4,29.8,21.9,66.8,1.3
2016-12-09,2.8,3.89,25.3,30.6,21.4,66.3,1.0
2016-12-10,9.6,3.41,23.2,26.2,21.3,81.8,1.3
2016-12-11,24.5,3.58,24.1,29.2,22.0,73.5,0.8
2016-12-12,7.8,4.2,23.6,29.7,21.3,78.0,1.0
2016-12-13,46.6,4.31,23.0,26.7,20.9,84.8,0.5
2016-12-14,78.5,6.23,21.4,23.9,20.0,97.5,0.9
2016-12-15,13.8,12.06,18.5,22.3,16.3,87.0,2.2
2016-12-16,26.5,18.86,18.2,21.9,16.5,78.0,1.6
2016-12-17,0.3,15.79,21.3,25.4,16.4,66.0,1.7
2016-12-18,0.0,13.93,22.2,26.9,19.4,61.3,1.8
2016-12-19,0.0,11.94,22.7,27.8,19.1,58.5,1.8
2016-12-20,0.0,9.86,23.5,28.8,19.7,54.8,1.7
2016-12-21,0.0,8.1,23.8,28.9,19.1,55.8,1.9
2016-12-22,0.0,6.46,25.4,31.1,21.4,56.8,1.2
2016-12-23,0.0,5.11,25.9,31.3,21.6,47.8,1.7
2016-12-24,0.0,3.88,27.4,33.3,22.3,40.5,0.8
2016-12-25,16.2,2.86,25.1,32.7,21.4,53.3,1.0
2016-12-26,19.8,2.47,26.5,32.0,21.5,57.5,1.0
2016-12-27,1.8,1.81,26.1,31.2,22.1,63.0,0.5
2016-12-28,2.3,1.39,23.7,31.5,20.1,71.8,1.3
2016-12-29,4.5,0.99,26.3,31.7,19.9,47.5,1.0
2016-12-30,0.0,0.75,26.8,32.0,22.7,48.8,1.0
2016-12-31,0.0,0.67,26.1,31.5,22.0,54.0,1.0
2017-01-01,0.0,0.66,27.1,33.2,21.8,43.0,0.7
2017-01-02,0.0,0.66,27.3,33.4,23.6,46.0,1.2
2017-01-03,1.2,0.64,27.1,32.3,23.9,51.0,1.1
2017-01-04,0.0,0.64,26.2,32.1,23.1,56.3,0.9
2017-01-05,0.0,0.64,26.6,32.2,22.2,55.3,0.9
2017-01-06,0.0,0.63,26.5,31.9,22.2,66.3,0.8
2017-01-07,0.0,0.63,26.2,31.3,22.3,55.8,1.2
2017-01-08,0.0,0.63,26.7,31.3,22.3,46.3,0.7
2017-01-09,0.0,0.75,26.2,31.4,23.0,51.3,0.6
2017-01-10,0.0,1.2,25.1,31.2,22.3,70.3,1.3
2017-01-11,7.2,2.72,24.8,32.0,21.8,70.0,0.8
2017-01-12,26.8,4.22,24.6,32.5,21.6,69.5,1.2
2017-01-13,55.5,4.41,23.1,26.0,19.7,74.3,1.0
2017-01-14,8.2,5.12,23.1,27.9,19.4,74.8,1.0
2017-01-15,41.5,5.22,22.1,26.5,19.2,77.0,1.1
2017-01-16,21.6,5.34,21.5,23.4,19.9,79.5,1.4
2017-01-17,0.3,5.25,23.2,27.5,20.3,61.8,1.3
2017-01-18,0.0,4.0,24.6,29.7,20.5,48.0,1.7
2017-01-19,0.0,2.91,25.0,30.4,20.4,55.3,1.0
2017-01-20,0.0,2.0,24.6,28.9,21.9,53.8,1.2
2017-01-21,0.0,1.34,24.3,28.4,21.7,54.5,1.3
2017-01-22,0.0,0.97,24.2,29.0,21.4,53.3,1.6
2017-01-23,0.0,0.78,24.8,29.0,20.5,53.8,1.4
2017-01-24,0.0,0.75,24.6,30.3,21.9,66.0,1.4
2017-01-25,0.0,0.72,25.7,29.5,21.9,56.0,1.3
2017-01-26,0.0,0.72,26.2,31.4,22.4,55.0,1.5
2017-01-27,0.0,0.72,25.4,30.3,22.1,51.5,1.1
2017-01-28,0.0,0.69,24.7,29.8,21.2,48.5,1.3
2017-01-29,0.0,0.69,24.5,29.4,21.4,60.3,1.6
2017-01-30,0.0,0.69,24.5,27.7,21.5,56.8,2.0
2017-01-31,0.0,0.69,24.7,29.7,21.1,54.5,1.5
2017-02-01,0.0,0.69,23.5,26.9,21.1,62.0,1.7
2017-02-02,0.0,1.19,23.7,28.3,21.5,71.0,1.6
2017-02-03,19.8,2.4,22.7,25.9,20.3,76.3,1.0
2017-02-04,13.9,2.44,22.9,29.7,20.5,77.3,0.7
2017-02-05,6.4,3.0,22.5,26.0,20.5,83.5,0.6
2017-02-06,45.5,4.47,22.9,28.2,19.2,79.5,1.3
2017-02-07,16.9,4.43,24.2,30.2,20.3,73.8,1.0
2017-02-08,3.8,4.37,24.2,28.2,21.5,73.8,1.1
2017-02-09,0.0,4.87,24.1,28.7,20.5,62.8,1.7
2017-02-10,0.0,4.43,23.0,26.5,20.7,66.8,1.7
2017-02-11,0.0,3.62,23.8,28.1,20.8,58.8,1.9
2017-02-12,0.0,2.75,23.7,27.6,20.9,54.8,2.5
2017-02-13,0.0,1.97,22.5,26.5,20.1,65.5,1.9
2017-02-14,0.0,1.44,23.5,27.9,19.7,56.5,2.0
2017-02-15,0.0,1.12,23.7,27.2,20.6,62.8,1.1
2017-02-16,0.0,0.94,24.3,28.7,20.5,56.0,1.6
2017-02-17,0.0,0.81,25.4,30.1,20.9,53.0,1.2
2017-02-18,0.0,0.78,25.8,30.7,22.3,55.0,1.0
2017-02-19,0.0,0.78,25.3,30.8,21.8,52.5,1.2
2017-02-20,0.0,0.78,25.1,30.1,20.0,50.0,1.8
2017-02-21,0.0,0.75,24.0,28.4,20.3,57.3,2.0
2017-02-22,0.0,0.75,23.5,27.9,19.9,59.8,2.1
2017-02-23,0.0,0.75,25.0,31.0,20.9,53.8,2.1
2017-02-24,0.0,0.75,25.1,30.5,20.6,54.3,0.9
2017-02-25,0.0,0.75,23.1,29.6,19.6,67.0,1.1
2017-02-26,0.0,1.06,20.7,24.1,19.6,88.5,0.9
2017-02-27,14.9,1.72,21.6,26.5,18.9,84.0,0.7
2017-02-28,1.5,1.56,21.9,26.6,20.2,80.0,0.6
2017-03-01,0.0,1.38,22.0,27.5,18.8,74.0,1.0
2017-03-02,0.0,1.44,25.0,30.5,20.2,63.0,1.1
2017-03-03,0.0,1.25,25.5,30.0,22.5,57.5,1.3
2017-03-04,0.0,0.94,25.8,31.6,21.0,53.3,0.8
2017-03-05,0.0,0.85,25.6,30.1,22.7,61.3,1.1
2017-03-06,0.0,0.81,27.0,32.2,22.2,53.8,0.9
2017-03-07,0.0,0.78,26.6,31.0,23.1,61.8,0.9
2017-03-08,0.0,0.94,23.2,29.8,20.2,78.3,1.5
2017-03-09,47.9,1.03,23.3,27.3,19.9,68.3,1.1
2017-03-10,0.0,0.87,24.6,29.8,20.9,61.5,1.6
2017-03-11,0.0,0.81,24.6,30.0,21.1,55.0,1.0
2017-03-12,0.0,0.78,24.3,28.9,21.2,51.8,1.3
2017-03-13,0.0,0.78,26.2,31.4,20.9,44.0,1.4
2017-03-14,0.0,0.75,25.0,29.6,22.0,53.0,1.7
2017-03-15,0.0,0.75,24.3,28.8,22.0,55.0,0.7
2017-03-16,0.0,0.75,24.0,28.9,20.7,55.0,0.7
2017-03-17,0.0,0.75,25.5,30.9,20.4,52.0,1.0
2017-03-18,0.0,0.81,26.0,31.3,22.4,58.8,1.5
2017-03-19,49.7,0.81,21.9,25.9,19.0,72.3,0.7
2017-03-20,2.9,0.87,21.4,25.6,19.8,77.3,0.9
2017-03-21,3.8,0.87,22.6,29.1,17.8,57.0,1.3
2017-03-22,0.0,0.81,22.9,28.4,18.3,51.5,1.2
2017-03-23,0.0,0.75,22.8,27.7,17.9,49.3,1.1
2017-03-24,0.0,0.75,24.0,29.7,19.1,48.3,1.1
2017-03-25,0.0,0.72,25.2,31.1,20.0,49.5,0.5
2017-03-26,0.0,0.72,25.5,31.5,20.7,54.8,1.1
2017-03-27,0.0,1.4,22.4,27.8,19.8,75.8,1.2
2017-03-28,37.5,2.94,20.6,23.5,19.8,77.5,1.2
2017-03-29,7.5,3.38,21.6,27.1,17.3,51.8,1.1
2017-03-30,0.0,2.37,22.4,28.5,17.0,53.8,1.5
2017-03-31,0.0,1.62,22.8,29.2,17.5,53.8,1.3
2017-04-01,0.0,1.19,21.5,28.0,16.5,51.3,1.6
2017-04-02,0.0,0.91,21.7,26.5,17.0,49.3,1.3
2017-04-03,0.0,0.78,23.2,28.9,18.7,49.5,1.2
2017-04-04,0.0,0.75,23.1,27.7,19.3,54.3,1.2
2017-04-05,0.0,0.75,23.8,29.7,19.8,54.3,1.0
2017-04-06,0.0,0.72,24.9,29.1,20.4,59.3,1.3
2017-04-07,0.0,0.72,24.7,28.6,21.7,62.3,1.5
2017-04-08,0.0,0.72,24.7,28.4,22.4,61.8,0.8
2017-04-09,0.0,0.72,23.8,28.0,21.6,63.0,1.6
2017-04-10,0.0,0.72,23.3,26.8,20.9,66.8,1.1
2017-04-11,0.0,0.72,24.5,29.6,19.9,60.0,1.0
2017-04-12,0.0,0.72,24.5,29.7,21.1,71.3,1.1
2017-04-13,0.0,0.72,22.4,27.0,19.9,67.8,1.4
2017-04-14,0.0,0.69,22.5,27.4,19.3,68.0,1.8
2017-04-15,0.0,0.69,22.6,27.3,19.8,70.8,1.0
2017-04-16,0.0,0.69,22.9,28.5,19.1,59.3,1.1
2017-04-17,0.0,0.69,25.1,30.8,19.3,48.8,1.2
2017-04-18,0.0,0.69,22.4,27.0,20.1,63.5,1.3
2017-04-19,0.0,0.69,20.1,24.5,18.5,70.5,1.4
2017-04-20,0.0,0.66,20.5,25.4,18.1,69.0,1.2
2017-04-21,0.0,0.66,21.5,26.9,17.5,64.8,0.6
2017-04-22,0.0,0.69,22.3,26.1,19.2,71.5,0.4
2017-04-23,0.0,0.78,21.9,26.6,19.7,69.3,0.8
2017-04-24,0.0,0.78,21.7,26.0,18.5,69.0,1.9
2017-04-25,0.0,0.72,22.6,27.2,19.5,67.0,1.5
2017-04-26,0.0,0.69,23.8,29.9,19.0,64.3,1.2
2017-04-27,5.8,0.97,23.8,29.5,20.4,72.5,1.2
2017-04-28,0.0,1.38,20.6,24.2,19.0,86.3,1.3
2017-04-29,8.8,1.28,20.1,23.1,19.0,77.8,1.8
2017-04-30,0.0,0.94,19.6,24.5,17.6,74.5,0.9
2017-05-01,0.0,0.75,19.8,25.1,15.7,65.5,1.0
2017-05-02,0.0,0.72,20.3,25.2,17.1,66.3,1.8
2017-05-03,0.0,0.69,20.5,24.8,17.9,65.3,1.1
2017-05-04,0.0,0.69,21.0,25.2,18.1,63.8,1.4
2017-05-05,0.0,0.66,21.5,27.2,17.1,61.3,1.0
2017-05-06,0.0,0.66,21.0,24.2,18.2,72.3,0.5
2017-05-07,3.0,0.66,21.7,28.0,17.5,60.3,1.1
2017-05-08,0.0,0.66,21.7,27.7,16.9,55.0,1.6
2017-05-09,0.0,0.63,22.7,28.5,18.1,55.5,1.3
2017-05-10,0.0,0.63,22.5,27.8,17.5,56.0,1.6
2017-05-11,0.0,0.63,21.4,26.5,18.0,60.0,1.3
2017-05-12,0.0,0.63,20.3,26.0,15.5,55.8,0.7
2017-05-13,0.0,0.63,20.5,27.1,16.3,58.8,0.6
2017-05-14,0.0,0.59,23.3,28.6,16.6,52.8,1.4
2017-05-15,0.0,0.66,22.1,25.5,19.2,73.3,0.8
2017-05-16,0.0,0.85,21.2,26.7,19.2,78.5,1.1
2017-05-17,0.0,0.87,19.7,22.9,17.9,75.3,2.1
2017-05-18,0.0,0.75,19.3,23.2,17.3,74.8,2.0
2017-05-19,0.0,0.91,18.8,20.1,17.4,80.3,1.7
2017-05-20,21.8,1.88,19.2,22.0,17.0,84.0,0.8
2017-05-21,0.0,2.85,20.6,24.0,18.2,80.0,1.7
2017-05-22,0.0,2.18,21.8,26.4,19.1,80.5,1.0
2017-05-23,9.5,1.56,21.5,27.0,18.3,71.5,1.0
2017-05-24,0.0,1.09,21.0,25.6,18.3,67.0,1.7
2017-05-25,0.0,0.87,21.2,26.1,18.5,68.3,1.5
2017-05-26,0.0,0.72,20.0,24.0,17.9,68.5,1.7
2017-05-27,0.0,0.69,20.4,25.3,16.7,60.8,0.9
2017-05-28,0.0,0.66,20.6,25.7,16.6,57.8,1.1
2017-05-29,0.0,0.66,20.4,26.0,16.6,58.3,1.0
2017-05-30,0.0,0.63,20.4,26.7,15.3,54.5,0.5
2017-05-31,0.0,0.63,20.7,27.1,15.5,52.5,1.0
2017-06-01,0.0,0.63,23.0,29.2,16.9,65.0,0.9
2017-06-02,0.0,0.63,22.6,28.6,18.9,51.3,1.1
2017-06-03,0.0,0.63,21.4,26.5,18.0,68.5,2.0
2017-06-04,0.0,0.59,,27.9,,68.8,1.1
2017-06-05,0.0,0.59,22.0,27.6,19.0,63.8,0.6
2017-06-06,0.0,0.59,22.9,29.2,17.9,52.3,1.5
2017-06-07,0.0,0.59,23.4,30.0,18.1,51.0,1.1
2017-06-08,0.0,0.59,22.7,28.4,18.4,57.0,1.1
2017-06-09,0.0,0.59,23.8,29.3,18.3,48.5,1.2
2017-06-10,0.0,0.56,21.9,27.8,17.4,42.3,0.4
2017-06-11,0.0,0.56,20.9,26.2,17.4,68.8,1.3
2017-06-12,10.0,0.53,20.6,25.5,18.1,72.5,1.1
2017-06-13,8.0,0.53,20.7,25.3,16.7,66.3,1.1
2017-06-14,0.0,0.53,20.2,25.4,18.1,78.3,0.8
2017-06-15,0.0,0.53,19.1,24.2,16.6,64.3,1.1
2017-06-16,0.0,0.53,19.1,24.0,15.5,63.3,1.1
2017-06-17,0.0,0.53,19.1,23.9,15.4,60.5,1.1
2017-06-18,0.0,0.53,19.8,25.8,15.0,57.5,0.9
2017-06-19,0.0,0.53,20.7,26.5,15.4,44.0,0.8
2017-06-20,0.0,0.5,21.0,24.6,19.1,55.3,1.4
2017-06-21,0.0,0.52,18.6,22.8,16.5,65.0,1.3
2017-06-22,0.0,0.5,18.2,22.5,14.9,66.0,1.4
2017-06-23,0.0,0.5,18.5,23.1,14.9,60.3,1.2
2017-06-24,0.0,0.5,18.6,23.0,15.8,66.0,1.3
2017-06-25,0.0,0.5,17.7,23.1,13.6,62.0,1.3
2017-06-26,0.0,0.49,17.0,22.1,13.9,74.0,1.4
2017-06-27,0.0,0.49,18.0,22.2,13.5,65.0,1.5
2017-06-28,0.0,0.49,19.1,23.6,16.1,67.3,1.3
2017-06-29,0.0,0.49,18.7,23.5,15.1,56.3,1.4
2017-06-30,0.0,0.47,19.2,24.9,14.5,55.8,0.7
2017-07-01,0.0,0.47,18.8,25.2,14.4,58.3,0.5
2017-07-02,0.0,0.47,17.5,22.9,15.3,69.8,2.1
2017-07-03,0.0,0.47,14.5,19.7,11.8,49.0,1.2
2017-07-04,0.0,0.47,14.0,18.0,9.4,54.0,1.6
2017-07-05,0.0,0.45,15.3,18.8,12.4,63.8,1.4
2017-07-06,0.0,0.45,15.7,19.9,12.4,70.3,1.4
2017-07-07,0.0,0.45,16.2,20.2,13.4,67.5,1.5
2017-07-08,0.0,0.45,16.4,21.2,13.7,62.8,1.0
2017-07-09,0.0,0.44,17.4,22.6,13.9,63.5,0.9
2017-07-10,0.0,0.44,17.4,20.7,14.8,62.5,1.1
2017-07-11,0.0,0.44,18.4,23.3,15.0,61.8,1.2
2017-07-12,0.0,0.44,19.0,24.6,15.6,58.8,1.1
2017-07-13,0.0,0.44,18.4,23.7,15.4,60.0,1.0
2017-07-14,0.0,0.42,17.9,22.0,15.0,67.3,1.5
2017-07-15,0.0,0.42,17.3,22.3,14.0,64.5,1.3
2017-07-16,0.0,0.42,18.5,24.7,15.0,54.3,0.5
2017-07-17,0.0,0.42,19.4,26.0,14.4,55.3,1.0
2017-07-18,0.0,0.41,19.4,25.0,16.2,53.5,1.2
2017-07-19,0.0,0.41,18.2,23.0,15.2,52.0,1.0
2017-07-20,0.0,0.41,18.9,24.2,15.0,52.3,1.4
2017-07-21,0.0,0.37,19.9,25.4,15.8,51.3,0.6
2017-07-22,0.0,0.37,20.5,26.6,15.5,43.3,0.5
2017-07-23,0.0,0.37,19.1,23.5,16.0,38.5,1.2
2017-07-24,0.0,0.37,19.4,24.0,15.0,51.5,1.2
2017-07-25,0.0,0.36,18.8,23.7,16.2,50.3,1.1
2017-07-26,0.0,0.36,18.7,23.7,16.0,52.3,1.3
2017-07-27,0.0,0.36,17.8,22.7,14.6,54.3,1.5
2017-07-28,0.0,0.33,18.2,23.8,14.0,48.8,1.0
2017-07-29,0.0,0.33,16.8,19.9,14.0,68.5,1.3
2017-07-30,0.0,0.31,17.1,22.2,13.8,55.0,1.4
2017-07-31,0.0,0.3,17.1,21.9,14.4,49.3,1.4
2017-08-01,0.0,0.3,16.5,21.7,12.8,50.0,0.8
2017-08-02,0.0,0.3,17.9,23.9,12.7,52.0,0.8
2017-08-03,0.0,0.3,20.8,27.9,13.7,40.5,1.1
2017-08-04,0.0,0.3,21.6,28.2,18.0,38.3,1.0
2017-08-05,0.0,0.28,19.0,25.6,14.3,48.0,1.9
2017-08-06,0.0,0.28,17.5,22.9,13.3,58.8,2.2
2017-08-07,0.0,0.28,18.9,24.7,14.5,53.0,1.2
2017-08-08,0.0,0.28,21.0,28.7,14.7,42.8,1.0
2017-08-09,0.0,0.28,22.9,30.6,15.3,36.5,1.1
2017-08-10,0.0,0.28,25.0,31.9,17.9,33.3,1.0
2017-08-11,0.0,0.28,20.3,26.0,16.9,61.0,1.3
2017-08-12,0.0,0.26,20.5,26.4,16.3,55.5,0.8
2017-08-13,0.0,0.26,20.6,28.1,16.2,54.3,0.5
2017-08-14,0.0,0.26,23.4,31.4,16.1,44.0,0.9
2017-08-15,0.0,0.26,21.1,25.6,19.2,57.8,1.0
2017-08-16,0.0,0.26,21.5,27.2,16.7,48.8,1.3
2017-08-17,0.0,0.26,23.0,29.4,18.3,47.0,1.2
2017-08-18,0.0,0.26,21.7,27.4,18.5,55.5,1.8
2017-08-19,0.0,0.26,21.2,27.4,18.1,55.0,1.4
2017-08-20,0.0,0.26,23.6,30.8,18.0,44.3,0.8
2017-08-21,0.0,0.26,20.0,27.8,16.1,63.3,1.9
2017-08-22,0.0,0.25,18.6,23.4,14.5,55.5,2.6
2017-08-23,0.0,0.25,,,15.3,,2.5
2017-08-24,0.0,0.25,18.7,25.4,15.0,62.3,1.5
2017-08-25,0.0,0.24,17.6,23.5,13.9,48.5,2.7
2017-08-26,0.0,0.24,19.3,26.7,13.6,41.0,2.4
2017-08-27,0.0,0.24,20.3,27.0,14.8,42.3,1.7
2017-08-28,0.0,0.24,22.3,29.6,16.9,36.3,2.1
2017-08-29,0.0,0.23,21.5,28.4,17.1,37.0,1.2
2017-08-30,0.0,0.23,23.1,31.0,16.5,42.0,2.5
2017-08-31,0.0,0.23,25.0,32.1,18.9,39.0,1.7
2017-09-01,0.0,0.23,19.6,24.2,16.9,60.3,1.7
2017-09-02,0.0,0.23,18.3,24.0,13.2,46.3,1.1
2017-09-03,0.0,0.23,17.0,22.6,13.7,49.0,1.8
2017-09-04,0.0,0.23,17.8,22.9,13.3,50.0,1.5
2017-09-05,0.0,0.23,20.0,26.6,14.3,42.5,0.9
2017-09-06,0.0,0.22,21.7,28.6,15.1,40.8,1.3
2017-09-07,0.0,0.22,22.2,28.5,17.3,34.0,1.1
2017-09-08,0.0,0.22,20.6,27.1,16.3,45.3,1.8
2017-09-09,0.0,0.21,20.5,27.1,15.6,43.0,1.5
2017-09-10,0.0,0.21,21.2,27.0,17.2,51.0,1.2
2017-09-11,0.0,0.21,21.8,27.7,17.9,44.8,2.0
2017-09-12,0.0,0.21,21.2,27.9,16.3,99.3,1.9
2017-09-13,0.0,0.19,21.1,27.5,15.9,43.8,1.9
2017-09-14,0.0,0.18,22.6,29.5,16.7,41.5,1.4
2017-09-15,0.0,0.18,23.1,30.2,18.1,43.3,1.7
2017-09-16,0.0,0.18,21.6,27.9,17.2,45.5,1.5
2017-09-17,0.0,0.17,21.4,27.3,16.6,47.3,2.1
2017-09-18,0.0,0.17,21.1,26.5,17.1,45.8,1.8
2017-09-19,0.0,0.17,21.1,26.8,17.1,49.0,1.5
2017-09-20,0.0,0.17,21.1,26.9,16.9,41.8,1.4
2017-09-21,0.0,0.17,21.2,27.2,16.2,41.8,1.4
2017-09-22,0.0,0.17,20.3,26.5,16.2,46.0,1.6
2017-09-23,0.0,0.16,20.8,27.2,16.6,49.3,1.1
2017-09-24,0.0,0.16,21.7,27.9,17.4,41.0,1.1
2017-09-25,0.0,0.16,20.8,26.1,17.5,45.0,1.9
2017-09-26,0.0,0.16,21.1,26.9,16.5,48.3,1.9
2017-09-27,0.0,0.16,22.2,28.1,17.5,53.5,1.7
2017-09-28,0.0,0.16,25.2,32.6,18.3,44.5,1.8
2017-09-29,16.5,0.16,24.4,30.7,18.0,46.0,2.5
2017-09-30,0.1,0.27,19.0,24.6,17.0,90.3,1.4
2017-10-01,19.5,0.45,22.4,30.0,16.4,57.5,1.0
2017-10-02,0.0,0.41,24.5,32.2,19.6,73.3,1.5
2017-10-03,0.0,0.63,21.0,24.7,19.3,74.5,1.1
2017-10-04,0.0,0.45,21.2,24.8,18.5,72.8,1.5
2017-10-05,0.0,0.32,21.6,26.6,18.3,63.3,2.4
2017-10-06,0.0,0.26,24.2,30.8,18.2,44.8,1.6
2017-10-07,0.0,0.22,25.1,35.9,19.4,48.0,1.1
2017-10-08,0.0,0.2,22.8,28.6,19.0,46.8,1.5
2017-10-09,0.0,0.19,22.9,28.6,18.1,50.8,1.6
2017-10-10,0.0,0.18,25.3,31.8,20.4,40.0,1.3
2017-10-11,0.0,0.17,25.5,32.2,21.2,39.5,1.3
2017-10-12,0.0,0.16,26.3,32.8,21.3,33.5,0.9
2017-10-13,0.0,0.16,25.3,30.8,21.2,40.0,1.4
2017-10-14,0.0,0.16,26.9,33.8,20.6,32.5,1.0
2017-10-15,0.0,0.16,26.3,32.6,23.2,47.0,1.6
2017-10-16,0.0,0.16,23.1,27.3,20.3,58.3,2.5
2017-10-17,0.0,0.16,22.8,28.8,19.8,57.0,2.2
2017-10-18,0.0,0.16,22.2,28.8,17.5,42.0,1.7
2017-10-19,0.0,0.15,23.9,31.0,17.5,38.5,1.3
2017-10-20,0.0,0.15,26.8,32.7,19.7,26.0,1.6
2017-10-21,0.0,0.14,27.6,34.4,22.3,40.3,1.4
2017-10-22,0.0,0.14,26.9,34.4,20.8,43.0,1.1
2017-10-23,8.0,0.31,23.4,30.1,19.6,56.5,1.4
2017-10-24,0.0,0.26,22.5,27.1,19.7,57.8,2.2
2017-10-25,0.0,0.22,23.1,28.4,19.5,51.0,1.7
2017-10-26,0.0,0.19,24.6,31.4,19.8,50.0,1.1
2017-10-27,0.0,0.26,25.9,33.2,20.7,44.3,1.3
2017-10-28,23.5,0.57,22.3,27.1,18.0,70.3,1.1
2017-10-29,5.3,0.42,24.1,30.3,19.0,61.8,1.0
2017-10-30,0.0,0.45,22.9,26.6,20.0,62.5,1.5
2017-10-31,20.3,0.56,23.7,29.5,19.4,64.8,1.2
2017-11-01,0.0,0.77,19.8,24.1,18.4,74.5,1.3
2017-11-02,8.8,0.49,20.5,23.7,17.4,64.3,2.0
2017-11-03,0.0,0.33,21.7,27.3,17.7,60.5,1.4
2017-11-04,0.0,0.26,23.6,29.0,18.4,58.0,0.9
2017-11-05,0.0,0.29,25.0,29.0,21.2,58.5,0.5
2017-11-06,0.0,0.39,22.5,26.9,20.4,71.8,2.0
2017-11-07,0.0,0.31,20.1,23.2,17.9,69.5,1.7
2017-11-08,0.0,0.25,20.1,23.3,17.3,70.5,0.9
2017-11-09,0.0,0.25,19.3,22.4,17.3,85.0,1.4
2017-11-10,0.0,0.24,20.8,23.2,17.9,77.0,1.3
2017-11-11,12.8,0.54,20.8,23.7,18.4,85.3,1.1
2017-11-12,78.9,0.57,22.8,29.4,18.2,59.8,1.7
2017-11-13,0.0,0.39,25.3,32.0,19.4,36.8,0.8
2017-11-14,0.0,0.28,24.5,30.5,19.9,50.3,1.4
2017-11-15,0.0,0.23,23.7,30.0,19.8,54.0,1.9
2017-11-16,0.0,0.2,24.6,31.7,18.5,51.3,1.6
2017-11-17,0.0,0.18,25.8,32.4,20.2,45.8,1.8
2017-11-18,0.0,0.23,23.9,30.1,21.0,66.8,1.3
2017-11-19,58.1,0.52,22.7,29.7,18.5,81.0,0.6
2017-11-20,34.6,0.55,23.0,29.3,20.2,76.3,1.3
2017-11-21,3.7,0.79,22.1,25.6,19.9,85.0,0.4
2017-11-22,10.8,1.01,21.2,23.3,19.8,89.0,1.9
2017-11-23,23.7,1.2,21.0,24.5,19.5,81.3,0.8
2017-11-24,13.4,1.55,21.0,24.1,18.5,76.0,1.8
2017-11-25,0.0,1.33,23.0,27.5,18.8,64.8,1.8
2017-11-26,3.8,0.73,22.8,27.3,20.0,67.0,0.8
2017-11-27,0.2,0.44,24.1,28.8,20.7,63.5,1.3
2017-11-28,2.4,0.78,23.9,29.4,20.0,69.5,1.2
2017-11-29,1.5,3.66,23.1,28.9,20.0,65.3,1.4
2017-11-30,0.0,5.58,22.2,27.9,19.6,69.3,1.2
2017-12-01,20.4,6.03,19.9,21.4,19.5,93.0,1.4
2017-12-02,32.0,7.3,20.5,25.2,18.2,93.5,0.8
2017-12-03,15.2,7.77,21.5,25.8,19.4,88.8,0.7
2017-12-04,34.9,7.05,22.6,26.5,20.4,88.5,1.1
2017-12-05,2.8,6.55,24.2,29.1,21.2,71.0,0.3
2017-12-06,0.0,6.06,23.3,27.3,20.9,71.0,1.7
2017-12-07,0.1,5.1,21.5,24.5,20.3,80.3,1.5
2017-12-08,3.6,4.98,21.3,23.7,19.1,94.3,0.5
2017-12-09,88.0,5.5,24.6,30.1,19.8,66.5,0.8
2017-12-10,8.9,4.73,25.1,31.1,20.5,61.5,1.2
2017-12-11,0.0,3.8,22.0,24.9,20.8,82.0,1.7
2017-12-12,19.0,3.17,22.7,27.4,19.4,63.3,1.1
2017-12-13,0.0,2.53,21.2,24.8,19.1,72.8,1.4
2017-12-14,1.3,1.84,21.6,25.1,18.9,72.0,1.9
2017-12-15,0.5,1.5,22.6,27.1,19.0,71.0,1.1
2017-12-16,0.9,1.34,22.2,27.1,19.6,82.5,0.7
2017-12-17,9.1,1.28,24.0,28.4,20.2,61.8,2.0
2017-12-18,0.0,0.89,24.9,31.1,19.9,53.8,1.5
2017-12-19,0.0,0.61,24.4,29.4,20.3,50.8,1.1
2017-12-20,0.0,0.47,25.2,30.6,20.2,53.3,1.1
2017-12-21,0.0,0.42,24.8,29.7,21.1,56.3,2.3
2017-12-22,0.0,0.39,24.3,29.4,21.2,57.5,1.4
2017-12-23,0.0,0.39,25.9,31.8,21.0,49.8,1.2
2017-12-24,0.0,0.37,27.1,32.2,21.6,51.3,1.1
2017-12-25,0.0,0.37,27.2,29.7,22.7,53.5,1.6
2017-12-26,0.0,0.39,26.6,31.3,22.6,60.5,1.3
2017-12-27,0.0,0.41,26.1,30.7,22.3,60.0,2.2
2017-12-28,0.0,0.45,26.1,31.7,22.3,61.3,1.6
2017-12-29,0.0,0.44,26.0,31.0,21.8,57.8,1.1
2017-12-30,0.0,0.55,22.5,26.8,19.9,87.0,1.4
2017-12-31,20.1,0.64,23.6,27.9,19.9,71.8,1.6
2018-01-01,1.2,0.61,24.5,30.0,20.8,62.5,1.2
2018-01-02,3.5,0.53,25.1,29.8,20.8,61.5,1.2
2018-01-03,18.2,0.87,23.1,30.2,19.9,77.0,1.7
2018-01-04,11.2,2.66,21.0,22.9,19.3,90.8,1.3
2018-01-05,27.8,5.28,21.7,27.8,19.2,89.8,0.4
2018-01-06,30.5,5.89,23.0,26.7,19.0,72.0,1.3
2018-01-07,1.3,5.58,24.4,29.4,20.6,67.3,
2018-01-08,0.0,4.33,24.0,29.2,19.8,51.5,
2018-01-09,0.0,3.14,24.6,29.3,20.3,51.5,
2018-01-10,0.0,2.16,24.5,29.2,20.4,47.5,
2018-01-11,0.0,1.38,23.4,27.4,20.2,58.3,
2018-01-12,0.0,0.85,24.5,29.9,20.7,55.8,
2018-01-13,0.0,0.61,24.9,30.6,20.4,52.8,
2018-01-14,0.0,0.72,22.1,28.2,18.3,77.0,
2018-01-15,3.0,1.06,23.9,28.9,18.1,67.5,
2018-01-16,0.0,0.94,25.4,30.8,20.2,56.3,
2018-01-17,0.0,0.66,25.6,30.9,21.9,47.8,
2018-01-18,0.0,0.56,26.0,31.9,21.1,41.0,1.0
2018-01-19,0.0,0.53,26.8,32.2,21.0,37.5,0.8
2018-01-20,0.0,0.52,27.6,33.1,22.2,30.8,1.1
2018-01-21,0.0,0.5,27.3,32.5,23.1,41.5,0.8
2018-01-22,0.0,0.58,25.3,30.2,20.2,59.8,0.7
2018-01-23,0.0,0.64,24.3,29.7,20.3,62.0,1.2
2018-01-24,0.0,0.56,25.3,30.6,21.8,54.8,1.2
2018-01-25,0.0,0.52,24.8,29.7,21.1,54.5,1.9
2018-01-26,0.0,0.5,26.1,31.3,21.2,45.3,1.8
2018-01-27,0.0,0.5,25.9,30.6,22.0,49.0,1.1
2018-01-28,0.0,0.5,26.5,32.0,22.0,50.3,1.3
2018-01-29,0.0,0.75,24.8,30.2,22.2,67.5,1.2
2018-01-30,6.5,2.22,23.0,29.0,20.3,80.3,1.2
2018-01-31,49.2,5.15,22.8,29.1,20.0,82.8,1.6
2018-02-01,16.8,7.65,21.3,25.0,18.9,88.0,0.9
2018-02-02,10.2,8.91,20.1,21.9,19.0,93.5,0.8
2018-02-03,25.8,9.02,21.6,25.9,19.0,80.0,1.5
2018-02-04,0.6,7.71,19.8,21.5,18.9,87.8,1.4
2018-02-05,36.5,8.89,19.2,22.0,17.1,93.3,0.9
2018-02-06,55.6,14.35,21.2,27.1,18.0,82.3,0.5
2018-02-07,6.8,15.03,22.9,28.2,19.2,73.0,1.0
2018-02-08,0.0,12.61,24.4,30.5,18.9,62.0,0.6
2018-02-09,9.1,10.43,25.2,24.8,21.0,71.5,2.2
2018-02-10,2.1,9.02,24.2,28.3,21.7,75.0,1.2
2018-02-11,0.0,7.63,25.1,30.7,21.1,58.8,1.6
2018-02-12,0.0,6.03,25.2,30.6,20.6,43.0,0.4
2018-02-13,0.0,4.66,25.6,30.0,21.2,48.0,1.0
2018-02-14,0.0,3.47,25.0,29.7,21.7,67.8,1.6
2018-02-15,0.0,2.56,24.0,28.6,20.2,55.8,1.0
2018-02-16,0.0,1.81,23.1,29.4,19.2,63.0,1.5
2018-02-17,3.1,1.34,23.6,27.4,21.3,62.3,0.7
2018-02-18,1.8,1.0,25.1,29.8,21.8,56.5,1.3
2018-02-19,0.0,1.16,23.8,28.1,23.1,76.0,0.9
2018-02-20,12.1,2.4,22.9,28.2,20.3,81.5,1.1
2018-02-21,6.8,3.06,23.5,27.9,21.3,79.5,0.7
2018-02-22,13.7,3.69,21.5,26.1,20.1,87.0,1.0
2018-02-23,16.8,4.43,23.3,27.5,19.5,71.8,0.7
2018-02-24,0.2,4.6,22.5,28.2,20.3,75.0,1.2
2018-02-25,81.5,4.69,23.3,27.4,20.4,68.3,1.6
2018-02-26,0.0,3.72,23.1,28.1,21.3,80.0,0.7
2018-02-27,1.6,3.19,25.2,29.6,20.9,60.8,1.7
2018-02-28,0.0,2.94,24.3,29.1,22.0,72.5,1.2
2018-03-01,23.7,2.34,25.9,30.8,20.8,63.8,1.7
2018-03-02,0.0,1.94,23.4,29.0,20.4,74.5,1.4
2018-03-03,0.0,2.16,24.7,31.5,20.8,72.3,1.2
2018-03-04,0.0,2.56,24.8,29.7,21.9,82.3,0.9
2018-03-05,39.5,3.25,23.7,30.0,20.4,76.8,1.1
2018-03-06,9.3,3.44,26.3,32.3,21.7,61.0,1.4
2018-03-07,8.1,2.78,25.3,30.6,21.0,72.0,0.7
2018-03-08,37.8,3.5,24.2,30.5,20.6,71.5,0.8
2018-03-09,25.0,6.43,21.8,24.8,20.2,84.0,1.6
2018-03-10,46.8,7.57,23.2,27.1,20.2,84.5,0.4
2018-03-11,26.3,9.21,22.9,27.0,20.6,89.8,0.8
2018-03-12,50.2,9.91,24.8,30.6,20.4,64.0,0.8
2018-03-13,0.0,8.1,26.3,32.2,20.9,59.3,1.6
2018-03-14,3.4,6.46,26.3,31.4,22.4,62.5,0.8
2018-03-15,0.0,5.15,27.3,32.4,22.8,57.3,1.3
2018-03-16,0.0,4.41,24.3,31.3,20.5,69.0,1.0
2018-03-17,7.3,5.75,22.5,28.6,20.1,82.5,1.4
2018-03-18,6.5,6.78,24.3,30.3,20.5,69.8,0.4
2018-03-19,0.0,5.5,25.6,31.3,20.5,57.5,0.5
2018-03-20,8.8,4.25,24.6,30.2,20.8,64.8,0.2
2018-03-21,0.0,3.32,23.7,27.2,21.2,72.8,0.0
2018-03-22,0.0,2.91,23.5,29.5,21.1,80.5,1.6
2018-03-23,28.3,4.09,23.0,27.1,19.4,65.5,0.3
2018-03-24,0.5,4.81,23.0,26.6,20.5,58.8,1.1
2018-03-25,0.0,3.72,22.8,27.1,19.7,68.0,1.0
2018-03-26,0.0,2.94,23.2,28.4,20.3,50.0,0.8
2018-03-27,0.0,2.22,23.2,27.8,20.4,51.5,0.3
2018-03-28,0.0,1.65,22.9,27.3,19.9,68.0,
2018-03-29,0.0,1.38,23.0,28.0,20.1,57.3,0.5
2018-03-30,0.0,1.12,23.3,28.3,20.0,58.8,0.4
2018-03-31,0.0,1.0,23.1,28.2,20.0,64.8,0.3
2018-04-01,0.0,0.94,24.0,29.0,20.3,57.0,0.3
2018-04-02,0.0,0.91,24.5,29.4,20.8,64.0,0.0
2018-04-03,0.0,0.91,24.4,30.8,21.3,69.5,0.3
2018-04-04,12.8,1.16,24.1,30.2,21.4,72.3,0.0
2018-04-05,0.3,2.28,23.5,29.7,20.5,74.8,0.0
2018-04-06,15.8,2.34,22.3,26.1,20.6,66.5,1.3
2018-04-07,0.5,2.5,24.0,28.5,20.5,61.0,1.2
2018-04-08,0.0,2.47,23.2,27.1,20.4,65.3,1.0
2018-04-09,0.0,1.94,22.6,27.1,19.6,63.8,0.9
2018-04-10,0.0,1.62,22.5,27.1,20.2,62.5,1.0
2018-04-11,0.0,1.34,22.1,26.7,18.8,55.8,0.5
2018-04-12,0.0,1.25,21.5,24.5,19.0,64.3,1.3
2018-04-13,0.0,1.38,22.5,26.8,19.5,65.0,1.0
2018-04-14,0.0,1.12,23.5,28.1,19.4,60.0,0.0
2018-04-15,0.0,1.03,23.0,27.2,20.3,64.5,0.0
2018-04-16,0.0,1.09,20.4,23.9,19.1,69.3,1.2
2018-04-17,0.5,1.19,19.9,25.0,17.4,59.5,0.5
2018-04-18,0.0,1.03,19.8,24.2,15.9,60.8,0.6
2018-04-19,0.0,1.0,20.1,25.1,17.1,66.5,0.6
2018-04-20,0.0,0.97,21.5,25.9,17.5,59.3,1.0
2018-04-21,0.0,0.97,20.4,24.9,18.4,64.3,1.3
2018-04-22,0.0,0.97,20.2,24.1,17.6,60.0,1.3
2018-04-23,0.0,0.97,20.5,25.3,17.1,65.3,0.6
2018-04-24,0.0,0.97,21.2,25.5,18.2,67.8,0.4
2018-04-25,0.0,0.97,21.9,26.1,18.8,64.0,0.9
2018-04-26,0.0,0.94,22.7,27.1,19.3,63.0,0.5
2018-04-27,0.0,0.94,23.0,27.6,19.4,57.0,1.0
2018-04-28,0.0,0.94,22.1,26.7,19.3,60.3,0.8
2018-04-29,0.0,0.94,21.6,26.6,18.1,59.8,0.8
2018-04-30,0.0,0.91,21.7,27.3,18.0,53.3,0.8
2018-05-01,0.0,0.91,22.6,28.3,17.5,43.8,0.5
2018-05-02,0.0,0.91,22.0,27.4,17.4,40.0,1.2
2018-05-03,0.0,0.91,22.9,28.4,19.6,51.5,0.8
2018-05-04,0.0,0.91,22.6,27.9,18.7,61.3,1.1
2018-05-05,0.0,0.87,22.9,28.2,19.6,58.8,0.7
2018-05-06,0.0,0.87,22.0,27.2,18.8,66.8,0.9
2018-05-07,0.0,0.87,21.2,25.7,19.4,60.5,0.9
2018-05-08,0.0,0.87,21.1,25.7,17.8,61.3,0.9
2018-05-09,0.2,0.87,20.0,24.6,17.3,64.3,0.7
2018-05-10,0.0,0.87,19.4,24.7,15.4,62.0,1.1
2018-05-11,0.0,0.85,21.5,28.1,15.6,56.8,0.8
2018-05-12,0.0,0.85,22.1,28.1,17.6,55.0,0.7
2018-05-13,0.0,0.85,22.7,28.4,19.6,59.5,0.3
2018-05-14,0.0,0.85,21.8,26.3,19.9,65.0,1.1
2018-05-15,0.0,0.85,21.0,25.7,19.0,65.8,0.8
2018-05-16,0.0,0.85,22.3,28.4,17.8,65.0,0.6
2018-05-17,0.0,0.87,22.0,25.9,18.9,68.8,1.3
2018-05-18,0.0,0.94,21.7,26.0,19.6,68.5,0.8
2018-05-19,0.0,1.22,20.7,27.7,17.7,82.0,1.3
2018-05-20,6.0,1.88,15.4,19.4,12.7,65.3,1.2
2018-05-21,0.0,1.56,16.3,24.8,11.2,51.0,
2018-05-22,0.0,1.06,19.4,26.8,13.1,56.3,0.7
2018-05-23,0.0,0.94,20.7,27.0,15.1,55.3,0.8
2018-05-24,0.0,0.87,19.1,22.8,16.4,68.3,1.0
2018-05-25,0.0,0.91,19.2,23.4,16.4,68.5,1.2
2018-05-26,0.0,0.87,18.6,23.0,15.7,68.8,0.8
2018-05-27,0.0,0.87,19.0,24.1,15.4,64.3,0.9
2018-05-28,0.0,0.85,18.6,23.9,15.2,50.8,1.1
2018-05-29,0.0,0.85,18.5,23.2,15.6,59.3,1.5
2018-05-30,0.0,0.85,18.3,23.8,15.1,57.5,1.3
2018-05-31,0.0,0.81,18.5,23.0,15.0,54.0,1.0
2018-06-01,0.0,0.81,19.1,24.5,16.0,59.0,0.4
2018-06-02,0.0,0.81,20.8,26.5,15.8,53.3,0.2
2018-06-03,0.0,0.81,21.8,28.8,16.8,53.0,0.3
2018-06-04,0.0,0.81,19.6,23.8,17.7,67.8,0.5
2018-06-05,0.0,0.78,20.0,25.4,16.1,64.8,0.6
2018-06-06,0.0,0.78,21.1,26.3,17.2,63.5,0.3
2018-06-07,0.0,0.78,22.5,27.3,17.9,58.0,0.3
2018-06-08,0.2,0.78,21.8,26.1,18.8,63.8,0.4
2018-06-09,0.0,0.78,20.8,25.0,18.1,72.0,1.4
2018-06-10,0.0,0.78,20.4,24.8,18.3,69.8,0.9
2018-06-11,0.0,0.78,20.0,25.0,16.6,71.5,0.8
2018-06-12,0.0,0.75,21.7,27.7,16.7,59.3,0.5
2018-06-13,0.0,0.75,22.7,29.0,17.7,58.5,0.2
2018-06-14,0.0,0.75,23.1,29.0,18.6,57.0,0.3
2018-06-15,0.0,0.75,21.1,25.2,19.4,64.3,1.4
2018-06-16,0.0,0.75,20.3,24.4,17.8,57.8,0.6
2018-06-17,0.0,0.75,19.5,23.8,16.6,64.5,0.3
2018-06-18,0.0,0.72,19.4,23.3,16.4,60.5,0.8
2018-06-19,0.0,0.72,17.9,20.7,15.8,72.8,1.5
2018-06-20,0.0,0.72,19.0,24.9,17.1,64.3,0.6
2018-06-21,0.0,0.72,19.7,26.3,14.4,52.5,0.5
2018-06-22,0.0,0.72,21.7,28.1,15.4,47.5,0.8
2018-06-23,0.0,0.72,20.5,25.9,15.4,58.3,0.8
2018-06-24,0.0,0.72,21.0,25.5,19.0,63.0,0.0
2018-06-25,0.0,0.72,20.5,24.8,16.3,57.5,0.8
2018-06-26,0.0,0.69,21.5,26.9,18.9,54.8,0.8
2018-06-27,0.0,0.69,21.6,25.9,18.8,53.0,0.8
2018-06-28,0.0,0.69,19.5,23.8,16.7,54.0,1.0
2018-06-29,0.0,0.69,18.8,24.5,13.2,56.0,1.2
2018-06-30,0.0,0.69,20.5,26.2,15.4,58.3,0.5
2018-07-01,0.0,0.69,20.5,27.1,16.2,60.8,0.6
2018-07-02,0.0,0.67,20.5,27.5,15.8,56.5,0.4
2018-07-03,0.0,0.67,21.8,27.9,16.0,45.5,0.6
2018-07-04,0.0,0.66,21.1,26.1,16.9,48.5,0.8
2018-07-05,0.0,0.66,20.4,25.4,17.0,55.0,1.0
2018-07-06,0.0,0.66,20.1,26.6,15.3,50.5,0.7
2018-07-07,0.0,0.66,20.1,26.4,15.6,50.3,0.7
2018-07-08,0.0,0.64,20.6,27.4,14.8,49.5,0.4
2018-07-09,0.0,0.64,21.7,28.4,15.8,42.0,0.5
2018-07-10,0.0,0.64,22.8,28.6,15.9,42.8,0.8
2018-07-11,1.1,0.64,19.2,24.9,15.7,70.5,0.6
2018-07-12,2.2,0.64,18.9,25.3,13.9,60.5,1.0
2018-07-13,0.0,0.63,19.5,24.8,15.4,64.5,0.4
2018-07-14,0.0,0.63,19.4,25.7,15.0,64.8,0.4
2018-07-15,0.0,0.63,19.4,25.3,15.2,55.0,1.0
2018-07-16,0.0,0.61,20.2,26.4,14.9,55.0,0.8
2018-07-17,0.0,0.61,19.7,24.7,15.2,58.3,1.2
2018-07-18,0.0,0.61,19.5,24.8,16.6,59.8,1.4
2018-07-19,0.0,0.59,19.4,25.2,15.0,59.0,1.1
2018-07-20,0.0,0.59,20.5,27.0,15.4,54.0,0.4
2018-07-21,0.0,0.59,21.6,28.7,15.1,52.5,0.5
2018-07-22,0.0,0.58,19.6,24.0,16.1,55.8,0.9
2018-07-23,0.0,0.58,18.9,24.3,16.0,58.8,0.5
2018-07-24,0.0,0.58,19.2,24.4,15.5,55.3,0.7
2018-07-25,0.0,0.58,18.9,24.3,15.0,50.3,1.2
2018-07-26,0.0,0.56,18.8,24.0,15.1,57.5,0.9
2018-07-27,0.0,0.56,18.9,24.9,15.2,57.8,0.7
2018-07-28,0.0,0.56,19.8,26.7,15.0,49.0,0.8
2018-07-29,0.0,0.55,19.9,27.0,15.4,52.8,0.7
2018-07-30,0.0,0.55,21.4,27.7,15.3,49.0,0.4
2018-07-31,0.0,0.55,21.8,27.4,16.2,47.8,0.5
2018-08-01,0.0,0.55,20.4,25.3,16.8,61.8,1.0
2018-08-02,0.0,0.66,19.5,25.2,17.1,78.3,0.8
2018-08-03,0.0,0.73,19.3,25.1,16.0,73.0,1.3
2018-08-04,0.5,0.69,18.9,22.9,16.8,83.0,0.2
2018-08-05,17.1,0.63,20.4,26.2,15.8,69.5,0.2
2018-08-06,0.0,0.61,21.6,25.5,17.9,69.8,0.7
2018-08-07,8.3,0.95,20.5,25.7,16.9,75.5,0.6
2018-08-08,0.0,1.33,22.1,28.0,18.0,61.8,1.4
2018-08-09,0.0,0.92,21.1,25.0,18.0,66.0,0.2
2018-08-10,0.0,0.67,21.7,27.2,17.4,65.5,0.4
2018-08-11,0.0,0.61,19.9,27.4,15.0,30.8,0.6
2018-08-12,0.0,0.59,19.9,27.8,13.8,40.0,0.3
2018-08-13,0.0,0.58,19.9,26.8,14.8,47.8,1.1
2018-08-14,0.0,0.56,20.7,28.2,14.9,44.8,0.8
2018-08-15,0.0,0.55,22.3,29.9,16.8,48.3,0.5
2018-08-16,0.0,0.55,19.6,23.2,17.4,64.8,1.1
2018-08-17,0.0,0.61,18.2,23.5,15.8,72.3,0.3
2018-08-18,35.3,0.69,18.5,22.9,15.4,67.3,1.0
2018-08-19,0.0,0.67,19.7,25.2,15.6,58.8,0.5
2018-08-20,0.0,0.61,20.7,26.9,15.1,43.0,1.2
2018-08-21,0.0,0.55,20.2,25.7,15.4,47.8,1.4
2018-08-22,0.0,0.53,20.6,25.9,15.8,45.5,0.3
2018-08-23,0.0,0.52,21.0,25.8,16.4,54.3,1.4
2018-08-24,0.0,0.52,21.8,26.8,17.6,51.3,1.2
2018-08-25,0.0,0.5,21.5,26.9,17.2,61.8,0.8
2018-08-26,0.0,0.52,22.2,28.0,18.5,59.8,0.7
2018-08-27,0.0,0.52,18.9,23.0,16.1,67.0,1.7
2018-08-28,0.0,0.5,18.3,21.9,15.3,68.8,1.2
2018-08-29,0.0,0.5,19.4,23.8,16.5,62.8,0.8
2018-08-30,0.0,0.49,19.7,25.0,16.0,59.5,1.2
2018-08-31,0.0,0.49,21.1,27.4,16.1,49.3,1.0
2018-09-01,0.0,0.49,22.9,29.8,16.2,47.3,0.8
2018-09-02,0.0,0.47,22.5,27.4,17.9,54.8,1.2
2018-09-03,0.0,0.47,24.0,30.7,18.0,44.3,0.8
2018-09-04,1.7,0.47,20.8,26.8,17.8,50.0,0.5
2018-09-05,0.0,0.45,19.4,27.4,12.9,37.0,1.2
2018-09-06,0.0,0.45,20.2,27.8,13.6,50.0,1.0
2018-09-07,0.0,0.45,21.3,29.0,15.7,47.3,0.8
2018-09-08,0.0,0.45,20.2,26.9,15.1,48.8,0.8
2018-09-09,0.0,0.44,21.0,28.4,15.8,42.5,1.4
2018-09-10,0.0,0.44,21.8,29.0,17.0,47.3,0.8
2018-09-11,0.0,0.44,22.5,29.6,17.4,47.3,1.1
2018-09-12,0.0,0.44,20.6,26.2,17.1,64.0,0.7
2018-09-13,0.0,0.42,19.8,25.5,16.4,59.0,1.7
2018-09-14,0.0,0.42,20.9,28.1,17.1,65.8,0.8
2018-09-15,22.1,0.73,19.3,22.0,16.4,82.5,0.3
2018-09-16,4.0,1.28,22.6,28.4,17.8,71.0,1.0
2018-09-17,3.5,1.52,20.3,23.3,18.3,84.0,0.6
2018-09-18,1.2,1.45,21.6,24.9,17.9,73.0,0.3
2018-09-19,1.1,1.25,23.2,29.2,19.1,63.0,0.8
2018-09-20,0.0,1.89,22.0,25.5,20.1,75.8,0.6
2018-09-21,10.3,2.78,22.0,28.2,18.4,72.0,0.8
2018-09-22,0.3,2.24,24.8,30.9,19.1,56.3,0.5
2018-09-23,0.0,1.47,24.7,30.5,19.7,52.3,1.0
2018-09-24,0.0,1.0,24.9,31.3,20.3,49.0,0.6
2018-09-25,0.0,0.72,24.9,30.4,21.1,42.8,1.0
2018-09-26,0.0,0.56,23.6,28.2,19.3,49.0,1.2
2018-09-27,0.0,0.51,25.0,31.8,19.2,50.8,1.0
2018-09-28,0.0,0.49,25.4,31.2,21.9,52.8,0.7
2018-09-29,0.0,0.49,23.7,29.4,20.8,71.5,1.5
2018-09-30,0.0,0.49,22.9,25.3,20.7,67.8,1.2
2018-10-01,0.0,0.56,22.4,29.8,18.8,72.5,0.7
2018-10-02,15.1,0.58,24.0,30.6,18.8,58.5,0.4
2018-10-03,0.0,0.54,26.1,32.1,20.2,49.3,1.0
2018-10-04,0.0,0.53,26.5,33.2,21.8,52.8,0.9
2018-10-05,0.0,0.55,24.7,30.0,21.1,62.3,1.9
2018-10-06,0.0,0.53,21.6,26.1,20.0,70.8,1.7
2018-10-07,0.0,0.56,21.3,24.8,18.8,69.8,1.2
2018-10-08,0.0,0.53,23.8,30.1,18.6,53.5,1.6
2018-10-09,0.0,0.51,24.4,30.0,19.8,55.5,1.2
2018-10-10,0.0,0.49,26.4,32.6,21.8,47.0,1.5
2018-10-11,0.0,0.49,25.3,31.1,22.7,60.8,1.4
2018-10-12,0.0,0.48,23.8,27.2,21.4,61.8,1.6
2018-10-13,0.0,0.47,26.7,34.1,20.3,49.8,0.6
2018-10-14,7.1,0.57,26.6,33.4,20.5,53.8,1.2
2018-10-15,0.0,1.01,23.1,28.9,21.0,78.5,0.8
2018-10-16,12.1,1.38,24.1,28.8,19.9,64.5,1.5
2018-10-17,0.0,1.38,24.0,28.1,21.2,71.0,1.0
2018-10-18,0.0,1.35,22.9,28.1,18.3,83.3,0.5
2018-10-19,8.0,1.64,22.2,28.3,18.3,81.0,0.6
2018-10-20,34.2,1.94,21.5,27.1,18.6,56.0,2.1
2018-10-21,0.0,1.39,19.0,24.7,15.1,66.5,2.3
2018-10-22,0.0,0.96,21.0,27.7,15.3,59.0,1.6
2018-10-23,0.0,0.7,23.4,30.0,16.8,49.3,1.8
2018-10-24,0.0,0.56,23.2,30.6,19.7,67.8,1.2
2018-10-25,28.6,0.82,21.6,25.7,18.2,82.8,0.9
2018-10-26,28.1,1.42,23.9,29.6,19.4,71.8,1.3
2018-10-27,1.3,2.17,22.7,29.5,19.5,85.8,1.2
2018-10-28,15.4,2.31,24.1,28.8,19.5,60.0,0.8
2018-10-29,3.5,1.63,20.6,24.6,18.5,81.0,1.7
2018-10-30,2.8,1.21,22.4,28.9,17.4,71.5,1.2
2018-10-31,0.0,0.88,24.1,29.6,18.8,60.8,1.5
2018-11-01,0.0,0.74,23.7,31.1,19.1,72.5,2.1
2018-11-02,0.9,0.87,24.7,30.2,18.8,56.3,1.2
2018-11-03,0.3,0.98,25.4,31.2,20.8,50.5,1.5
2018-11-04,0.0,0.95,23.7,28.4,21.6,69.5,0.8
2018-11-05,0.5,1.3,20.9,23.9,19.0,77.0,1.5
2018-11-06,2.9,1.44,21.3,25.7,17.7,67.0,0.8
2018-11-07,0.0,1.05,22.9,26.5,18.8,59.5,1.3
2018-11-08,10.8,1.64,18.3,23.5,16.0,87.5,2.3
2018-11-09,37.9,3.7,17.4,18.4,14.8,87.5,1.8
2018-11-10,19.2,4.9,19.5,22.7,16.8,79.0,1.5
2018-11-11,1.0,4.07,21.9,27.1,16.1,68.0,1.8
2018-11-12,0.0,3.08,23.9,29.2,18.8,61.3,1.5
2018-11-13,0.0,2.23,24.6,30.3,20.1,59.8,1.9
2018-11-14,0.0,1.62,25.4,31.3,20.5,58.3,1.0
2018-11-15,0.0,1.25,23.6,30.2,19.6,74.8,1.3
2018-11-16,16.9,1.39,23.6,28.6,19.6,72.5,1.5
2018-11-17,3.1,1.55,23.3,27.8,20.2,60.3,1.0
2018-11-18,0.0,1.23,23.5,28.2,19.9,64.0,1.0
2018-11-19,6.9,1.3,22.4,25.3,19.5,84.3,0.4
2018-11-20,12.8,1.93,20.2,23.0,18.2,90.0,1.1
2018-11-21,23.9,3.39,18.5,20.8,16.0,84.3,1.9
2018-11-22,39.6,5.87,20.7,24.8,16.1,73.0,1.6
2018-11-23,0.0,5.64,22.0,26.5,18.2,67.5,1.0
2018-11-24,2.8,4.68,23.1,24.9,18.8,61.8,1.0
2018-11-25,5.4,4.81,20.3,24.7,17.9,77.5,0.7
2018-11-26,0.2,5.75,22.8,27.6,17.2,53.8,1.9
2018-11-27,0.0,4.61,22.6,27.6,17.7,51.5,1.6
2018-11-28,0.0,3.47,22.9,28.6,18.6,51.3,1.0
2018-11-29,0.0,2.5,23.8,29.4,18.4,51.5,1.5
2018-11-30,0.0,1.75,25.1,31.1,19.5,55.8,1.1
2018-12-01,16.8,1.7,21.3,25.1,19.1,88.8,1.0
2018-12-02,21.3,3.36,22.3,26.9,19.1,84.0,1.4
2018-12-03,40.7,5.24,20.3,23.5,17.9,82.3,1.3
2018-12-04,8.8,5.24,22.7,28.0,18.0,70.0,1.2
2018-12-05,0.0,4.15,25.2,31.5,18.5,59.5,1.1
2018-12-06,0.0,3.12,23.5,31.8,18.4,70.8,1.2
2018-12-07,3.4,2.85,23.7,27.6,18.4,75.3,0.9
2018-12-08,14.2,3.49,20.9,26.9,18.2,63.0,1.1
2018-12-09,0.0,3.72,19.0,23.3,15.3,67.5,1.3
2018-12-10,0.0,2.77,21.3,26.8,15.9,63.8,1.3
2018-12-11,0.0,2.06,23.2,28.2,17.6,60.5,0.9
2018-12-12,0.0,1.55,24.7,30.5,19.1,57.3,1.7
2018-12-13,0.0,1.25,24.6,30.5,19.9,65.0,0.9
2018-12-14,0.4,1.03,26.0,32.0,19.6,45.3,0.8
2018-12-15,0.0,0.87,26.7,31.8,21.4,47.0,0.9
2018-12-16,0.0,0.85,26.2,31.5,21.9,48.0,1.6
2018-12-17,0.0,0.83,25.3,30.8,20.6,49.5,1.5
2018-12-18,0.0,0.81,27.2,32.7,20.7,50.8,1.1
2018-12-19,0.0,0.81,27.1,32.6,23.0,53.5,1.1
2018-12-20,0.0,0.81,27.2,33.6,22.2,51.3,1.3
2018-12-21,2.3,0.85,27.2,32.7,22.9,53.0,0.4
2018-12-22,10.0,1.03,25.2,32.2,19.5,72.0,0.3
2018-12-23,12.1,1.25,25.8,32.7,19.4,58.8,1.2
2018-12-24,2.6,1.59,23.2,32.0,18.6,72.3,1.6
2018-12-25,44.8,2.98,23.8,30.4,18.6,67.0,1.4
2018-12-26,8.0,4.61,22.4,27.7,19.7,79.8,0.8
2018-12-27,27.6,5.49,21.3,24.5,19.2,87.3,0.7
2018-12-28,22.5,6.31,21.3,25.2,18.4,86.5,0.7
2018-12-29,19.2,7.97,21.3,25.5,17.2,90.5,0.9
2018-12-30,42.5,9.26,22.4,27.8,17.9,78.5,0.7
2018-12-31,78.8,9.42,21.8,25.6,18.7,84.3,0.8
2019-01-01,14.8,8.89,22.1,27.8,18.4,86.3,0.5
2019-01-02,1.4,7.79,24.9,30.1,19.3,63.3,0.4
2019-01-03,8.8,6.28,25.2,30.8,20.6,63.0,0.8
2019-01-04,10.3,5.07,22.1,26.1,18.4,70.3,1.1
2019-01-05,6.8,4.41,25.0,29.9,19.1,58.8,0.8
2019-01-06,0.0,3.41,26.2,31.9,20.7,51.3,1.7
2019-01-07,0.0,2.53,26.2,31.4,21.4,53.8,1.3
2019-01-08,0.0,1.94,25.1,29.5,20.6,62.5,1.7
2019-01-09,0.0,1.5,23.8,29.2,20.2,51.0,0.9
2019-01-10,0.0,1.22,24.4,29.5,19.7,52.0,1.5
2019-01-11,0.0,1.0,25.0,29.7,20.5,56.0,0.8
2019-01-12,0.0,0.94,25.7,30.4,20.4,51.5,1.0
2019-01-13,0.0,0.91,24.9,30.8,20.4,53.3,1.3
2019-01-14,0.0,0.91,25.6,31.1,19.9,50.3,2.1
2019-01-15,0.0,0.91,26.5,32.1,20.9,51.5,1.2
2019-01-16,0.0,0.91,26.7,32.6,22.2,56.0,0.8
2019-01-17,0.0,0.91,25.6,32.4,21.8,59.0,1.5
2019-01-18,0.0,0.91,26.8,32.1,21.7,55.0,1.3
2019-01-19,0.0,0.91,27.1,32.1,21.7,42.0,1.6
2019-01-20,0.0,0.87,25.5,33.1,21.4,65.8,1.4
2019-01-21,0.0,0.87,26.0,31.1,21.1,59.5,1.5
2019-01-22,0.0,0.87,26.9,32.2,22.1,54.0,1.6
2019-01-23,0.0,0.87,26.2,32.0,21.8,50.8,1.5
2019-01-24,0.0,0.87,25.8,31.5,20.9,52.5,1.5
2019-01-25,0.0,0.87,24.8,30.0,20.8,57.0,2.1
2019-01-26,0.0,0.87,23.4,28.4,20.0,65.0,1.6
2019-01-27,0.0,0.87,25.0,30.7,19.7,51.8,1.5
2019-01-28,0.0,0.87,26.1,31.0,20.9,50.8,1.2
2019-01-29,0.0,0.85,27.0,32.9,21.6,44.5,1.6
2019-01-30,0.0,0.85,27.1,32.7,21.6,42.5,1.8
2019-01-31,0.0,0.85,27.6,33.0,21.8,40.8,1.2
2019-02-01,0.0,0.85,27.4,32.3,22.5,41.8,1.6
2019-02-02,0.0,0.81,27.7,32.8,22.2,42.3,1.3
2019-02-03,0.0,0.81,28.8,35.0,22.6,41.3,1.5
2019-02-04,0.0,0.81,24.1,30.8,19.2,61.3,1.6
2019-02-05,0.0,1.38,23.9,30.9,19.6,64.5,1.3
2019-02-06,21.9,3.16,21.7,26.8,19.2,88.8,0.7
2019-02-07,31.0,4.81,21.2,23.9,18.9,85.8,0.6
2019-02-08,33.0,4.81,24.3,31.0,18.2,63.3,1.1
2019-02-09,0.1,4.06,25.0,30.6,19.7,60.8,1.8
2019-02-10,0.0,3.79,25.8,31.8,20.8,58.0,1.5
2019-02-11,0.0,2.97,25.9,31.1,21.1,55.8,0.9
2019-02-12,0.0,2.16,26.1,31.1,21.4,56.0,1.3
2019-02-13,0.0,1.78,23.0,30.0,18.7,76.3,1.4
2019-02-14,8.9,1.65,22.4,28.1,18.5,72.8,0.7
2019-02-15,0.2,1.38,22.2,25.3,19.4,84.3,1.0
2019-02-16,21.0,1.75,21.8,25.6,19.2,87.3,0.7
2019-02-17,26.8,3.32,21.4,26.4,18.3,85.5,0.8
2019-02-18,28.2,4.43,22.2,27.1,18.8,84.5,1.1
2019-02-19,12.6,4.87,23.8,28.7,19.1,75.0,0.7
2019-02-20,1.8,4.28,25.5,29.6,21.0,69.5,1.0
2019-02-21,4.3,3.59,22.5,26.9,18.6,78.8,0.8
2019-02-22,14.2,3.41,25.6,31.9,18.5,57.0,1.2
2019-02-23,0.0,2.5,27.3,33.5,21.0,49.3,1.3
2019-02-24,0.0,1.81,27.7,33.8,21.8,46.5,0.8
2019-02-25,0.0,1.38,27.9,34.7,22.2,47.5,1.2
2019-02-26,0.8,1.19,25.1,34.5,19.9,68.3,1.5
2019-02-27,11.4,1.19,26.0,32.0,19.3,57.3,1.2
2019-02-28,0.0,1.19,23.9,27.7,19.9,74.5,0.7
2019-03-01,11.1,1.34,23.0,29.7,18.8,76.5,0.4
2019-03-02,6.8,1.88,22.0,24.4,19.0,81.0,0.9
2019-03-03,7.1,2.18,24.4,29.1,19.8,62.3,1.6
2019-03-04,0.0,1.75,24.3,29.2,20.0,59.5,1.1
2019-03-05,0.0,1.31,24.5,30.6,19.9,61.3,1.1
2019-03-06,0.0,1.12,24.2,29.5,20.1,69.3,0.7
2019-03-07,2.1,1.03,25.5,31.1,20.2,59.3,1.8
2019-03-08,0.0,1.0,26.3,32.2,20.6,56.8,1.6
2019-03-09,0.0,0.97,27.0,32.7,21.7,55.8,0.5
2019-03-10,0.0,1.0,26.2,31.3,21.7,65.0,0.7
2019-03-11,2.8,1.09,23.2,28.7,19.2,72.0,1.0
2019-03-12,1.2,1.22,24.8,29.3,20.1,68.0,1.2
2019-03-13,0.0,1.12,25.0,30.3,21.4,71.0,0.9
2019-03-14,2.5,1.06,25.9,32.4,21.0,57.5,1.1
2019-03-15,1.6,1.28,25.8,32.3,20.1,59.5,0.6
2019-03-16,2.8,1.84,24.9,30.2,20.6,69.3,1.1
2019-03-17,3.4,2.06,23.2,25.5,20.4,81.5,1.0
2019-03-18,0.3,1.81,24.5,31.1,19.8,78.5,1.2
2019-03-19,17.7,1.78,25.8,32.0,20.6,66.0,1.3
2019-03-20,26.5,2.18,25.5,29.6,20.9,72.0,0.6
2019-03-21,12.7,2.66,22.0,26.7,18.9,80.5,1.4
2019-03-22,41.2,3.38,19.3,21.8,17.2,84.0,1.3
2019-03-23,6.8,4.09,21.6,26.1,16.2,64.8,1.0
2019-03-24,0.0,3.09,23.1,27.7,18.8,72.0,1.0
2019-03-25,12.6,2.28,24.1,29.3,17.8,59.3,1.6
2019-03-26,0.0,1.72,24.7,29.8,19.2,54.5,1.5
2019-03-27,0.0,1.38,24.0,30.2,18.9,58.5,1.1
2019-03-28,0.0,1.16,22.9,28.3,17.7,56.5,1.6
2019-03-29,0.0,1.03,22.3,27.4,17.6,65.5,1.0
2019-03-30,0.0,1.0,23.0,27.8,17.1,61.8,0.5
2019-03-31,0.0,1.0,23.2,29.7,17.2,58.8,0.4
2019-04-01,0.0,1.0,22.6,28.8,19.6,69.8,1.0
2019-04-02,0.1,1.0,23.3,28.5,18.5,65.3,0.5
2019-04-03,0.0,1.0,23.5,28.2,19.0,76.3,0.9
2019-04-04,11.5,1.0,24.7,30.0,18.9,64.0,0.8
2019-04-05,0.0,1.0,25.2,30.3,20.7,70.5,0.5
2019-04-06,0.0,1.09,24.0,29.2,21.0,72.8,0.5
2019-04-07,0.0,1.09,24.6,30.2,20.5,65.3,1.0
2019-04-08,0.0,1.03,22.8,29.7,19.0,70.5,1.5
2019-04-09,6.7,1.0,23.1,28.2,18.1,69.8,0.9
2019-04-10,0.0,1.03,23.1,28.4,18.5,66.0,1.2
2019-04-11,0.0,1.0,23.5,29.0,18.2,68.0,0.9
2019-04-12,0.0,1.0,24.0,28.5,19.5,64.5,1.2
2019-04-13,0.0,0.97,24.5,29.1,20.1,64.8,1.8
2019-04-14,0.0,0.97,23.4,27.9,20.4,74.5,1.1
2019-04-15,0.0,1.12,23.1,27.7,20.3,77.5,0.7
2019-04-16,14.9,1.34,22.5,27.1,18.9,81.3,1.2
2019-04-17,21.8,1.28,22.0,25.1,17.8,83.5,1.1
2019-04-18,6.0,1.19,23.6,28.9,19.5,58.5,0.4
2019-04-19,0.0,1.03,23.4,29.4,16.6,51.0,1.0
2019-04-20,0.0,1.0,23.7,30.5,17.0,51.5,0.7
2019-04-21,0.0,0.97,24.7,30.8,18.3,61.3,0.5
2019-04-22,0.0,0.97,24.4,29.2,20.2,64.0,1.0
2019-04-23,6.7,0.97,24.1,29.1,19.4,65.0,1.1
2019-04-24,0.0,0.97,23.6,28.1,19.9,63.3,1.6
2019-04-25,0.0,0.94,22.8,27.1,19.0,67.8,0.7
2019-04-26,0.0,0.94,23.5,28.8,18.9,62.0,1.2
2019-04-27,0.0,0.94,23.6,29.2,19.3,62.3,1.2
2019-04-28,0.0,0.91,24.4,30.0,18.2,60.3,0.7
2019-04-29,1.5,0.91,23.7,29.1,19.0,63.3,0.9
2019-04-30,0.0,0.91,23.1,27.8,18.1,64.0,1.2
2019-05-01,0.0,0.91,23.8,29.1,18.9,66.0,0.5
2019-05-02,2.1,1.12,23.0,28.5,19.8,84.3,1.1
2019-05-03,0.0,1.4,22.7,27.6,18.4,76.0,1.2
2019-05-04,0.0,1.34,23.6,28.2,19.2,70.0,1.3
2019-05-05,0.0,1.12,22.7,26.9,19.4,64.5,1.7
2019-05-06,0.0,0.97,23.3,28.6,18.5,64.0,0.8
2019-05-07,1.2,0.94,24.5,30.4,18.4,59.8,1.1
2019-05-08,0.0,1.12,22.2,27.1,19.2,76.3,1.1
2019-05-09,0.0,1.25,20.2,24.4,16.7,77.0,1.4
2019-05-10,0.0,1.06,21.4,26.7,16.5,69.8,1.2
2019-05-11,0.0,0.97,21.3,25.4,16.7,70.0,0.8
2019-05-12,0.0,0.94,23.0,29.5,16.8,66.3,0.8
2019-05-13,0.0,0.91,23.9,29.6,18.0,61.0,0.9
2019-05-14,0.0,0.91,24.0,29.0,19.2,65.3,0.5
2019-05-15,0.0,1.12,21.5,27.2,17.8,79.5,1.5
2019-05-16,19.5,1.28,19.6,23.1,16.9,78.3,1.0
2019-05-17,1.1,1.34,18.6,20.8,16.1,79.3,1.1
2019-05-18,0.0,1.53,20.4,25.1,16.4,71.8,1.0
2019-05-19,0.0,1.4,20.5,25.3,15.6,67.8,1.2
2019-05-20,0.0,1.16,21.2,28.1,15.6,57.3,1.4
2019-05-21,0.0,1.0,21.8,28.8,15.6,53.3,0.9
2019-05-22,0.0,0.94,22.4,29.1,16.3,55.3,1.5
2019-05-23,0.0,0.91,23.3,29.2,17.1,53.8,1.1
2019-05-24,0.0,0.91,23.4,28.8,17.2,57.3,0.7
2019-05-25,0.0,0.87,22.0,27.1,18.0,62.3,1.1
2019-05-26,0.0,0.87,22.0,28.4,15.0,55.3,0.9
2019-05-27,0.0,0.87,22.2,28.3,17.1,65.5,1.2
2019-05-28,0.0,0.87,22.6,28.7,16.7,60.3,1.1
2019-05-29,0.0,0.85,23.3,29.2,17.6,57.5,0.7
2019-05-30,0.0,0.85,22.6,27.1,18.1,59.5,1.2
2019-05-31,0.0,0.85,22.7,28.8,17.0,55.3,1.3
2019-06-01,0.0,0.85,23.6,30.1,17.1,52.3,0.5
2019-06-02,0.0,0.85,23.2,30.1,17.1,58.8,1.1
2019-06-03,0.0,0.81,20.7,29.2,16.4,71.0,1.7
2019-06-04,3.4,0.81,19.1,25.8,14.8,61.5,1.5
2019-06-05,0.0,0.81,16.0,22.5,9.9,59.5,1.2
2019-06-06,0.0,0.81,16.9,21.8,11.9,58.8,2.0
2019-06-07,0.0,0.81,17.5,23.9,12.4,58.0,1.0
2019-06-08,0.0,0.78,18.3,25.1,12.0,58.5,1.2
2019-06-09,0.0,0.78,17.8,23.9,11.8,59.8,1.3
2019-06-10,0.0,0.78,18.4,24.1,13.1,66.8,2.1
2019-06-11,0.0,0.78,19.6,24.7,14.6,68.8,1.2
2019-06-12,0.0,0.78,20.3,24.3,16.1,68.3,2.0
2019-06-13,0.0,0.78,20.6,25.3,16.2,66.8,1.2
2019-06-14,0.0,0.75,20.6,26.3,15.4,54.8,1.5
2019-06-15,0.0,0.75,20.4,25.1,15.8,58.0,1.4
2019-06-16,0.0,0.75,20.2,26.1,16.0,58.5,1.6
2019-06-17,0.0,0.75,19.4,23.5,13.8,56.8,1.2
2019-06-18,0.0,0.75,20.1,25.6,14.6,56.8,1.2
2019-06-19,0.0,0.75,20.7,25.7,15.9,51.0,1.0
2019-06-20,0.0,0.72,20.4,26.3,14.8,54.0,1.0
2019-06-21,0.0,0.72,18.8,24.2,14.2,66.0,1.8
2019-06-22,0.0,0.72,18.7,23.3,13.9,65.8,1.3
2019-06-23,0.0,0.72,19.0,23.3,14.6,66.8,1.4
2019-06-24,0.0,0.72,20.8,26.7,14.9,61.0,0.7
2019-06-25,0.0,0.72,21.3,27.8,15.0,64.8,1.1
2019-06-26,0.0,0.72,22.8,28.8,17.1,53.0,1.4
2019-06-27,0.0,0.69,22.4,27.5,17.3,55.5,1.2
2019-06-28,0.0,0.69,20.9,25.9,17.1,54.0,1.0
2019-06-29,0.0,0.69,19.4,24.6,15.5,64.0,0.7
2019-06-30,0.0,0.69,20.6,27.1,14.7,56.5,0.7
2019-07-01,0.0,0.66,20.2,27.6,14.8,57.0,0.6
2019-07-02,0.0,0.66,20.7,26.8,14.5,48.3,0.5
2019-07-03,0.0,0.66,21.7,28.0,14.9,45.0,1.1
2019-07-04,0.0,0.66,22.3,28.7,14.7,40.8,1.0
2019-07-05,0.0,0.63,22.4,27.9,18.7,61.0,1.3
2019-07-06,0.0,0.63,17.8,24.1,14.4,41.0,1.2
2019-07-07,0.0,0.63,15.3,23.6,10.4,47.0,1.0
2019-07-08,0.0,0.63,15.6,20.8,10.9,51.5,1.5
2019-07-09,0.0,0.63,16.3,22.2,12.4,55.5,2.1
2019-07-10,0.0,0.61,16.8,22.4,12.1,51.8,1.4
2019-07-11,0.0,0.61,17.8,25.4,11.6,48.8,0.5
2019-07-12,0.0,0.61,18.9,26.9,13.0,54.3,0.7
2019-07-13,0.0,0.61,20.4,29.0,13.8,46.5,0.8
2019-07-14,0.0,0.59,21.0,28.6,15.4,46.5,0.8
2019-07-15,0.0,0.59,21.9,29.3,16.8,43.5,0.8
2019-07-16,0.0,0.59,21.6,28.6,16.4,48.3,1.2
2019-07-17,0.0,0.58,17.3,22.2,14.9,60.3,2.3
2019-07-18,0.0,0.58,16.2,21.5,12.2,53.5,1.7
2019-07-19,0.0,0.58,16.7,20.5,12.4,56.0,1.6
2019-07-20,0.0,0.58,16.3,20.9,13.5,63.3,2.1
2019-07-21,0.0,0.56,17.8,22.6,14.7,61.5,3.0
2019-07-22,0.0,0.56,18.3,22.2,15.3,60.5,2.2
2019-07-23,0.0,0.56,19.2,24.6,15.3,59.3,1.3
2019-07-24,0.0,0.56,20.8,26.7,16.2,50.0,0.7
2019-07-25,0.0,0.55,19.8,24.9,14.9,61.5,1.6
2019-07-26,0.0,0.55,19.7,25.0,16.7,49.8,1.4
2019-07-27,0.0,0.55,19.5,25.3,14.6,52.0,1.0
2019-07-28,0.0,0.55,20.4,26.5,15.1,41.0,1.0
2019-07-29,0.0,0.53,20.3,25.4,15.7,49.8,1.3
2019-07-30,0.0,0.53,20.0,26.3,15.9,58.0,1.5
2019-07-31,0.0,0.53,22.1,28.1,16.5,43.0,0.7
2019-08-01,0.0,0.53,21.5,27.2,18.0,53.5,1.9
2019-08-02,0.0,0.52,23.5,30.4,16.6,38.8,1.1
2019-08-03,0.0,0.52,22.4,27.6,17.8,48.8,1.2
2019-08-04,0.0,0.52,18.2,23.3,16.2,71.0,2.1
2019-08-05,0.0,0.52,17.5,21.8,13.0,62.8,2.6
2019-08-06,0.0,0.5,18.3,21.2,15.4,67.0,2.6
2019-08-07,0.0,0.5,20.5,23.9,17.1,61.5,1.7
2019-08-08,0.0,0.5,21.9,28.5,17.5,61.5,1.1
2019-08-09,0.0,0.5,22.2,28.4,17.0,53.5,1.9
2019-08-10,0.0,0.49,22.6,28.7,17.1,51.5,0.8
2019-08-11,0.0,0.49,23.0,29.3,17.7,48.0,1.0
2019-08-12,0.0,0.49,22.1,28.0,19.0,49.8,1.1
2019-08-13,0.0,0.49,23.3,30.5,16.1,41.0,1.5
2019-08-14,0.0,0.49,19.7,25.2,17.8,65.8,2.1
2019-08-15,0.0,0.47,17.4,24.1,13.2,56.0,1.3
2019-08-16,0.0,0.47,17.8,24.8,12.3,48.8,2.1
2019-08-17,0.0,0.47,17.8,24.5,12.4,42.0,0.6
2019-08-18,0.0,0.45,20.4,28.2,13.8,46.3,0.8
2019-08-19,0.0,0.45,23.4,30.7,16.4,40.5,1.3
2019-08-20,0.0,0.45,23.2,29.0,19.8,54.0,1.3
2019-08-21,0.0,0.45,22.4,29.3,18.3,59.0,1.4
2019-08-22,0.0,0.45,20.1,26.3,18.0,69.5,1.9
2019-08-23,0.0,0.66,19.3,24.7,16.4,72.8,1.5
2019-08-24,0.0,0.63,19.8,27.8,14.4,57.5,1.5
2019-08-25,0.0,0.55,19.8,25.7,14.8,54.3,2.0
2019-08-26,0.0,0.5,20.1,25.2,15.9,54.3,1.7
2019-08-27,0.0,0.49,20.3,26.9,15.8,55.5,1.7
2019-08-28,0.0,0.47,19.4,24.9,15.2,48.5,1.6
2019-08-29,0.0,0.44,18.4,23.7,14.5,54.5,2.2
2019-08-30,0.0,0.41,21.0,28.6,14.4,51.3,1.3
2019-08-31,0.0,0.39,23.2,30.7,16.3,47.0,0.7
2019-09-01,0.0,0.37,25.1,32.8,18.2,41.3,1.0
2019-09-02,0.0,0.37,24.7,31.1,19.4,49.5,1.1
2019-09-03,0.0,0.37,26.2,33.1,20.3,40.8,2.0
2019-09-04,0.0,0.37,26.7,33.3,21.4,34.3,1.1
2019-09-05,0.0,0.37,23.2,28.2,21.2,62.8,1.3
2019-09-06,0.0,0.37,20.9,25.0,18.3,64.3,2.6
2019-09-07,0.0,0.34,21.8,28.5,16.9,56.8,1.8
2019-09-08,0.0,0.34,21.1,26.1,17.4,58.5,2.3
2019-09-09,0.0,0.33,21.7,28.4,16.2,46.0,1.2
2019-09-10,0.0,0.33,25.3,33.2,17.6,39.8,1.1
2019-09-11,0.0,0.32,26.6,34.1,19.8,39.5,1.0
2019-09-12,0.0,0.32,27.5,35.1,19.8,36.3,0.9
2019-09-13,0.0,0.32,28.9,35.5,22.1,26.8,1.6
2019-09-14,0.0,0.31,24.1,30.6,19.8,51.8,1.9
2019-09-15,0.0,0.31,22.8,28.1,18.2,55.5,1.4
2019-09-16,0.0,0.31,23.0,28.0,19.4,52.8,1.3
2019-09-17,0.0,0.31,25.6,33.1,18.6,41.0,1.5
2019-09-18,0.0,0.31,26.5,33.8,20.2,31.3,1.1
2019-09-19,0.0,0.31,28.0,34.7,21.8,32.8,0.9
2019-09-20,0.0,0.31,27.4,34.4,21.8,45.5,1.4
2019-09-21,0.0,0.3,27.6,34.9,22.1,45.8,0.5
2019-09-22,0.0,0.3,24.0,30.5,20.9,62.3,1.7
2019-09-23,0.0,0.3,18.9,23.7,16.4,66.0,1.8
2019-09-24,0.0,0.29,20.5,28.5,14.3,50.3,2.1
2019-09-25,0.0,0.37,17.8,20.8,16.2,76.5,1.4
2019-09-26,2.8,0.95,17.0,18.5,15.9,91.5,0.5
2019-09-27,16.8,1.15,20.9,27.5,14.4,62.0,0.8
2019-09-28,0.8,0.75,21.1,26.9,17.1,65.8,1.3
2019-09-29,0.0,0.53,21.9,29.8,18.4,69.0,1.1
2019-09-30,0.0,0.45,23.3,31.0,18.0,58.0,1.2
2019-10-01,0.0,0.39,23.5,30.2,17.8,47.0,1.2
2019-10-02,0.0,0.36,23.7,32.1,17.1,42.5,0.6
2019-10-03,0.0,0.34,23.5,30.4,18.6,43.3,1.6
2019-10-04,0.0,0.32,22.7,28.6,17.9,47.3,1.3
2019-10-05,0.0,0.31,23.3,30.0,18.0,49.3,2.1
2019-10-06,0.0,0.31,23.6,30.1,18.5,55.0,2.1
2019-10-07,0.0,0.3,24.5,30.1,19.3,49.3,1.2
2019-10-08,0.0,0.3,24.4,30.8,20.4,58.5,1.2
2019-10-09,0.0,0.29,24.6,29.9,20.1,51.8,0.8
2019-10-10,0.0,0.31,22.9,27.7,19.5,64.3,1.1
2019-10-11,0.0,0.31,23.2,28.7,19.1,51.3,2.0
2019-10-12,0.0,0.3,25.2,32.5,19.3,47.8,2.0
2019-10-13,0.0,0.29,25.5,32.1,20.6,41.3,0.5
2019-10-14,0.0,0.28,25.3,32.5,19.9,35.0,1.1
2019-10-15,0.0,0.28,26.0,32.7,20.5,31.5,1.0
2019-10-16,0.0,0.27,24.8,30.3,19.6,42.3,2.1
2019-10-17,0.0,0.27,25.1,31.8,19.6,31.5,1.5
2019-10-18,0.0,0.26,27.1,33.5,20.3,31.5,0.5
2019-10-19,0.0,0.26,26.0,34.8,21.8,48.8,1.6
2019-10-20,1.8,0.32,25.3,31.7,19.8,55.3,1.6
2019-10-21,0.0,0.54,23.4,27.8,20.4,70.3,1.0
2019-10-22,0.0,0.69,24.5,30.1,19.8,63.0,0.8
2019-10-23,0.0,0.69,23.8,30.1,19.5,64.3,1.4
2019-10-24,0.0,0.51,23.8,29.7,19.4,60.8,1.9
2019-10-25,0.0,0.41,25.8,32.4,18.9,51.0,1.4
2019-10-26,0.0,0.77,23.2,33.0,16.5,59.0,1.5
2019-10-27,3.1,0.65,24.6,30.8,16.5,54.5,1.4
2019-10-28,0.0,0.6,24.6,31.7,20.8,64.0,1.6
2019-10-29,1.2,0.86,23.2,32.1,18.8,70.0,1.3
2019-10-30,75.3,0.74,23.8,31.0,17.9,61.3,1.2
2019-10-31,0.3,0.52,24.6,29.0,20.1,63.0,1.7
2019-11-01,0.0,0.58,23.1,29.4,18.9,75.3,1.2
2019-11-02,4.1,0.56,22.5,27.5,18.9,65.5,1.7
2019-11-03,0.0,0.44,25.4,32.5,18.8,52.8,1.2
2019-11-04,0.0,0.37,28.1,34.4,21.0,40.5,1.3
2019-11-05,0.0,0.34,27.8,34.9,22.8,54.0,1.1
2019-11-06,0.0,0.34,27.3,33.5,22.2,54.0,2.0
2019-11-07,0.0,0.33,25.7,30.8,21.6,55.5,1.3
2019-11-08,0.0,0.53,25.5,32.3,21.1,58.3,1.9
2019-11-09,22.4,0.51,25.5,33.5,21.0,58.5,1.3
2019-11-10,0.0,0.39,27.2,33.9,21.7,47.5,0.7
2019-11-11,0.0,0.34,26.7,35.1,22.8,50.0,1.5
2019-11-12,7.6,0.35,22.2,26.3,18.9,67.3,1.3
2019-11-13,0.0,0.34,23.6,29.5,19.3,67.5,1.1
2019-11-14,0.0,0.45,22.7,29.3,19.8,75.8,1.5
2019-11-15,10.8,0.8,21.1,25.0,19.2,87.8,0.6
2019-11-16,17.6,1.08,22.2,27.1,18.4,74.5,1.2
2019-11-17,1.3,1.06,22.7,26.9,19.2,72.8,1.8
2019-11-18,0.0,0.91,20.4,22.8,18.7,89.5,0.7
2019-11-19,8.0,1.33,22.3,28.0,18.4,84.3,1.0
2019-11-20,0.0,1.94,21.6,24.0,19.1,70.0,1.8
2019-11-21,0.0,1.99,22.6,28.5,18.8,65.8,1.9
2019-11-22,3.0,1.61,22.9,27.1,18.6,79.5,1.1
2019-11-23,18.9,1.47,22.4,30.3,18.1,78.5,1.3
2019-11-24,12.9,1.78,21.6,26.6,18.3,86.8,1.0
2019-11-25,1.5,1.78,20.5,26.8,16.2,72.0,1.3
2019-11-26,0.0,1.16,22.3,28.7,17.5,66.3,2.0
2019-11-27,0.0,0.75,23.9,30.5,17.2,57.0,1.2
2019-11-28,0.0,0.55,23.6,31.3,19.3,71.5,1.2
2019-11-29,17.6,1.31,22.5,25.6,19.1,76.3,1.7
2019-11-30,4.8,2.42,22.8,28.1,18.9,80.0,1.0
2019-12-01,8.0,2.77,24.2,30.1,19.2,71.8,1.4
2019-12-02,21.5,3.73,23.1,29.8,18.7,76.8,1.4
2019-12-03,49.2,4.2,21.8,25.1,18.8,77.3,1.7
2019-12-04,0.0,3.43,22.4,26.6,18.3,73.5,2.6
2019-12-05,2.9,2.85,23.1,26.9,18.6,83.8,1.5
2019-12-06,23.6,3.99,22.4,28.8,19.1,82.0,1.3
2019-12-07,29.3,6.4,21.9,24.9,20.0,81.5,1.1
2019-12-08,11.1,7.34,20.5,23.9,18.0,76.3,1.3
2019-12-09,0.0,6.1,22.4,26.6,18.0,72.8,1.2
2019-12-10,4.4,5.21,22.0,25.7,19.4,84.0,1.1
2019-12-11,7.6,5.08,22.5,26.3,19.2,81.5,0.9
2019-12-12,2.8,4.53,22.3,27.3,18.8,82.0,1.2
2019-12-13,22.1,3.94,24.2,31.3,18.8,63.8,1.6
2019-12-14,14.4,3.76,24.6,29.9,19.8,61.5,1.7
2019-12-15,0.0,2.86,24.4,29.5,19.7,49.5,1.7
2019-12-16,0.0,1.95,24.0,29.8,18.3,52.8,1.4
2019-12-17,0.0,1.33,25.7,31.5,20.0,48.3,1.1
2019-12-18,0.0,0.91,26.6,33.6,20.2,47.8,1.3
2019-12-19,0.0,0.85,24.0,29.6,20.2,69.0,1.6
2019-12-20,0.0,1.03,25.0,30.5,20.3,59.3,1.4
2019-12-21,0.0,0.78,24.7,30.0,20.3,65.0,1.2
2019-12-22,0.6,0.69,26.5,33.3,21.0,54.3,1.4
2019-12-23,36.8,0.83,22.7,26.5,18.6,73.5,0.7
2019-12-24,1.3,0.99,21.1,24.4,17.2,81.3,1.1
2019-12-25,9.9,0.85,24.0,30.7,17.3,62.8,0.9
2019-12-26,0.0,0.69,25.4,30.6,20.4,50.0,1.5
2019-12-27,0.0,0.63,24.1,29.1,19.8,58.5,1.6
2019-12-28,0.0,0.61,24.1,28.6,19.9,58.0,1.1
2019-12-29,0.0,0.61,23.7,28.8,19.2,65.8,1.2
2019-12-30,0.0,0.58,23.7,29.3,18.0,55.0,1.3
2019-12-31,0.0,0.56,24.2,30.1,18.4,56.3,1.2
2020-01-01,0.0,0.55,25.4,31.1,19.8,58.5,0.7
2020-01-02,48.8,0.58,22.3,28.2,18.2,87.3,1.0
2020-01-03,19.9,0.99,22.4,26.0,19.6,90.3,0.7
2020-01-04,80.3,2.55,22.2,25.4,18.5,86.3,0.8
2020-01-05,25.8,4.87,23.1,28.5,19.1,81.5,1.5
2020-01-06,14.8,6.06,24.3,29.1,19.8,74.0,0.4
2020-01-07,0.0,5.03,23.7,31.1,20.2,80.5,1.6
2020-01-08,10.1,4.37,24.8,31.6,20.0,72.5,0.8
2020-01-09,0.0,3.91,25.6,32.5,20.9,70.8,0.6
2020-01-10,0.0,3.5,27.0,33.5,21.1,63.0,1.0
2020-01-11,0.0,2.53,27.3,32.8,21.4,54.8,1.1
2020-01-12,0.0,1.75,28.1,33.8,22.6,48.3,1.0
2020-01-13,0.0,1.22,27.1,33.7,22.1,54.8,1.2
2020-01-14,0.6,1.09,24.7,31.8,20.4,69.8,1.2
2020-01-15,0.1,1.31,25.4,31.5,20.7,67.3,1.3
2020-01-16,28.8,1.4,25.8,32.1,19.2,65.3,1.2
2020-01-17,44.5,1.88,22.7,28.4,19.2,83.3,1.2
2020-01-18,7.8,3.56,23.2,27.3,19.2,73.0,2.1
2020-01-19,0.0,3.88,23.7,29.3,20.0,76.8,1.1
2020-01-20,1.8,5.0,22.4,28.3,18.9,79.5,0.7
2020-01-21,8.2,6.46,22.8,27.8,18.8,78.3,1.3
2020-01-22,0.0,7.04,23.4,27.4,18.4,69.8,1.1
2020-01-23,0.0,8.91,21.1,24.0,18.7,94.5,1.2
2020-01-24,113.9,15.98,20.4,23.6,18.5,94.3,1.5
2020-01-25,152.8,20.93,21.9,28.1,18.2,82.8,1.5
2020-01-26,0.3,20.18,23.7,27.9,18.8,69.5,1.0
2020-01-27,0.0,17.37,23.5,28.8,19.9,81.8,1.0
2020-01-28,1.0,14.81,23.0,31.9,18.5,77.0,1.5
2020-01-29,45.8,13.52,22.3,26.0,18.0,83.5,0.7
2020-01-30,1.1,11.33,25.8,31.4,20.1,64.0,0.8
2020-01-31,0.0,9.42,26.6,32.1,21.5,69.0,0.2
2020-02-01,0.0,7.95,25.4,31.2,19.2,80.8,1.0
2020-02-02,0.0,7.22,25.1,32.4,19.2,63.8,1.1
2020-02-03,0.0,6.31,25.9,31.8,20.0,55.0,1.4
2020-02-04,0.0,5.0,25.7,31.3,20.2,60.3,1.1
2020-02-05,0.0,4.36,22.3,26.8,18.3,79.3,0.8
2020-02-06,12.2,6.38,20.5,25.8,17.0,86.5,1.5
2020-02-07,42.3,8.57,22.8,27.7,16.9,66.5,1.7
2020-02-08,0.0,8.23,22.0,28.0,18.2,77.5,1.0
2020-02-09,14.2,7.97,22.5,26.7,17.6,76.0,0.6
2020-02-10,4.0,6.76,25.0,30.0,19.7,63.0,2.1
2020-02-11,12.4,6.64,22.5,27.2,19.2,88.8,0.6
2020-02-12,46.9,8.79,21.6,25.7,18.4,84.8,1.1
2020-02-13,6.0,11.36,20.8,23.9,18.3,84.0,1.4
2020-02-14,9.2,12.06,23.5,29.6,17.4,67.5,1.5
2020-02-15,1.8,9.99,24.6,30.5,19.7,73.3,1.2
2020-02-16,0.0,8.27,24.5,29.2,20.9,70.3,1.2
2020-02-17,0.0,7.71,23.1,28.8,18.2,75.3,1.0
2020-02-18,16.2,6.6,24.7,29.7,19.3,63.5,1.6
2020-02-19,0.0,5.37,24.9,30.5,19.8,61.8,1.5
2020-02-20,0.0,4.22,25.3,30.0,19.8,61.5,0.7
2020-02-21,0.0,3.32,25.2,30.8,21.3,65.0,1.2
2020-02-22,0.9,2.62,23.8,30.4,19.9,74.3,1.0
2020-02-23,19.4,2.22,21.7,25.7,18.8,74.5,1.7
2020-02-24,3.9,2.11,21.6,25.3,18.8,80.8,1.1
2020-02-25,1.0,2.06,23.8,28.8,19.2,78.5,0.9
2020-02-26,1.6,2.28,23.6,28.5,20.1,81.5,1.1
2020-02-27,0.8,2.64,24.7,30.7,19.2,69.5,0.9
2020-02-28,32.5,3.66,21.7,25.1,19.2,88.5,0.6
2020-02-29,16.8,7.97,21.0,23.7,18.8,89.0,1.1
2020-03-01,2.8,9.35,21.6,26.8,18.1,82.3,1.1
2020-03-02,56.6,14.92,18.5,21.1,15.5,86.8,0.7
2020-03-03,13.8,26.42,20.3,23.7,16.4,90.3,0.9
2020-03-04,23.9,23.66,22.7,28.3,18.3,78.8,0.5
2020-03-05,23.8,20.33,22.8,29.4,18.6,74.3,1.5
2020-03-06,4.2,17.58,20.5,25.1,18.0,80.5,1.2
2020-03-07,3.4,16.22,20.2,24.2,16.9,81.3,1.3
2020-03-08,0.0,16.14,21.1,25.6,17.1,70.3,1.7
2020-03-09,0.0,13.59,22.8,28.4,17.7,64.8,0.9
2020-03-10,0.0,11.3,23.0,28.9,18.9,68.0,1.2
2020-03-11,4.5,9.4,23.5,30.3,17.8,63.5,1.6
2020-03-12,0.0,7.79,24.0,29.5,18.1,64.3,1.3
2020-03-13,0.0,6.43,23.9,28.7,19.8,67.3,1.0
2020-03-14,0.0,5.75,23.9,28.4,19.8,64.0,1.9
2020-03-15,0.0,4.81,23.9,29.4,19.8,59.8,1.5
2020-03-16,0.0,3.75,25.1,30.6,18.8,55.0,1.5
2020-03-17,0.0,2.85,23.3,30.1,18.9,67.0,0.8
2020-03-18,6.9,2.5,24.1,29.4,18.9,67.0,0.4
2020-03-19,2.5,3.5,23.6,29.7,19.3,83.3,0.6
2020-03-20,29.8,3.88,23.6,28.3,18.3,75.0,0.9
2020-03-21,67.8,4.85,22.0,26.3,18.4,86.8,0.5
2020-03-22,19.0,6.94,21.0,24.3,17.8,75.8,1.1
2020-03-23,1.0,5.97,21.3,26.2,17.5,66.8,1.1
2020-03-24,0.0,4.78,20.7,25.5,15.0,59.5,1.3
2020-03-25,0.0,3.66,20.9,25.9,15.9,64.0,0.9
2020-03-26,0.0,2.81,20.9,25.6,15.9,66.5,0.8
2020-03-27,0.0,2.18,21.2,25.2,17.6,67.5,1.2
2020-03-28,0.0,1.72,22.7,26.6,18.3,64.5,0.4
2020-03-29,0.0,1.4,24.4,30.1,18.3,62.8,1.1
2020-03-30,0.0,1.22,24.7,30.7,20.4,62.5,1.1
2020-03-31,0.0,1.19,,26.9,20.5,59.3,0.7
2020-04-01,0.0,1.34,24.0,27.4,19.3,70.8,1.1
2020-04-02,50.3,2.03,23.3,27.1,19.4,80.3,0.7
2020-04-03,3.1,2.09,23.6,29.1,19.3,81.8,1.7
2020-04-04,7.2,2.5,23.4,29.1,19.4,78.0,0.7
2020-04-05,2.2,3.12,24.2,31.2,19.4,70.8,1.4
2020-04-06,0.0,2.53,24.2,30.1,19.4,70.3,1.0
2020-04-07,2.7,2.09,24.9,30.2,19.8,72.3,1.2
2020-04-08,56.8,2.06,22.1,28.1,19.3,85.5,0.7
2020-04-09,18.0,2.72,21.6,26.3,17.2,76.0,1.1
2020-04-10,0.9,2.53,22.9,28.5,17.6,71.0,0.9
2020-04-11,2.3,2.28,23.3,29.2,19.1,72.0,1.2
2020-04-12,2.8,2.22,21.4,27.2,17.8,74.8,1.1
2020-04-13,3.3,2.22,21.1,26.3,16.1,70.5,1.2
2020-04-14,0.0,1.78,21.8,27.1,16.9,68.0,1.0
2020-04-15,0.0,1.56,21.1,27.4,17.8,81.0,0.9
2020-04-16,36.6,2.18,20.6,24.6,17.1,80.5,0.9
2020-04-17,0.3,4.06,22.5,27.4,18.8,73.8,1.1
2020-04-18,0.0,3.69,21.3,26.4,17.3,68.0,0.9
2020-04-19,0.0,2.85,20.3,23.4,16.5,69.3,1.1
2020-04-20,0.0,2.06,20.3,26.4,16.0,66.5,1.2
2020-04-21,0.0,1.56,21.5,27.0,15.5,56.0,0.9
2020-04-22,0.0,1.34,21.7,26.6,16.9,62.8,1.3
2020-04-23,0.0,1.31,21.8,27.0,17.2,66.8,1.5
2020-04-24,0.0,1.28,21.4,26.4,17.1,64.3,1.2
2020-04-25,0.0,1.28,21.3,26.4,15.8,58.0,1.2
2020-04-26,0.0,1.28,21.3,27.4,16.2,65.5,1.4
2020-04-27,0.0,1.25,20.5,25.5,16.2,59.3,1.5
2020-04-28,0.0,1.25,19.6,25.2,14.9,54.3,1.5
2020-04-29,0.0,1.25,19.6,25.1,15.1,59.5,1.2
2020-04-30,0.0,1.22,20.9,26.9,15.1,55.3,0.3
2020-05-01,0.0,1.22,21.0,27.1,14.2,55.5,0.8
2020-05-02,0.0,1.22,21.8,28.0,14.9,49.3,0.8
2020-05-03,0.0,1.22,21.3,28.0,15.9,57.8,0.7
2020-05-04,0.0,1.22,20.2,26.0,14.6,66.0,1.4
2020-05-05,0.0,1.19,21.0,27.4,15.6,68.5,1.0
2020-05-06,0.0,1.19,22.5,28.5,16.6,53.0,1.4
2020-05-07,0.2,1.47,18.7,23.5,15.5,77.0,1.1
2020-05-08,1.3,2.34,17.4,22.6,13.9,69.0,1.1
2020-05-09,0.0,1.75,17.5,22.3,12.7,58.5,1.3
2020-05-10,0.0,1.31,16.7,21.7,12.5,59.3,1.8
2020-05-11,0.0,1.25,17.6,24.5,12.0,59.8,1.3
2020-05-12,0.0,1.22,19.6,26.7,12.5,61.5,0.9
2020-05-13,0.0,1.22,20.4,26.4,14.4,67.0,0.4
2020-05-14,0.0,1.19,21.0,26.5,15.2,75.8,0.7
2020-05-15,19.6,1.4,20.0,24.4,16.7,81.0,1.1
2020-05-16,1.9,2.69,18.8,21.2,16.8,86.8,0.9
2020-05-17,4.0,3.69,20.3,26.3,14.4,67.0,1.8
2020-05-18,0.0,2.94,19.8,25.1,15.2,62.8,1.1
2020-05-19,0.0,2.13,19.3,23.8,15.1,67.3,2.4
2020-05-20,0.0,1.56,19.0,22.8,15.1,64.8,1.9
2020-05-21,0.0,1.34,19.2,23.3,15.2,66.5,1.3
2020-05-22,0.0,1.25,20.1,26.8,13.8,69.0,0.9
2020-05-23,0.0,1.22,21.5,27.6,14.8,67.8,1.0
2020-05-24,0.2,1.25,18.7,22.7,15.9,88.5,0.7
2020-05-25,9.6,1.59,18.5,22.8,14.9,79.5,1.3
2020-05-26,0.0,2.37,16.4,22.9,10.8,55.0,1.2
2020-05-27,0.0,1.72,17.1,24.3,10.3,47.8,1.2
2020-05-28,0.0,1.34,18.4,25.2,13.8,54.0,1.8
2020-05-29,0.0,1.25,17.8,24.5,12.0,52.5,0.7
2020-05-30,0.0,1.22,17.8,24.8,13.1,61.8,1.4
2020-05-31,0.0,1.22,17.5,23.9,12.7,69.3,1.0
2020-06-01,0.0,1.19,18.0,24.8,12.9,61.3,1.0
2020-06-02,0.0,1.19,19.5,26.2,13.9,61.5,0.5
2020-06-03,0.0,1.19,21.5,27.4,16.0,62.8,0.7
2020-06-04,0.0,1.16,21.1,25.3,18.8,66.5,1.2
2020-06-05,0.0,1.16,19.6,23.8,17.1,65.5,2.5
2020-06-06,0.0,1.16,19.9,25.9,15.4,66.8,1.2
2020-06-07,0.0,1.16,20.9,27.1,16.3,63.0,0.6
2020-06-08,0.0,1.12,22.4,29.1,17.5,58.8,1.2
2020-06-09,0.0,1.12,22.6,28.1,17.6,54.5,0.8
2020-06-10,0.0,1.12,22.3,28.5,17.1,50.8,0.6
2020-06-11,0.0,1.12,22.4,28.6,17.2,54.5,0.7
2020-06-12,0.0,1.12,22.8,28.8,17.2,55.3,0.8
2020-06-13,0.0,1.09,21.9,27.8,17.4,51.3,0.4
2020-06-14,0.0,1.09,21.7,27.4,17.6,54.5,1.4
2020-06-15,0.0,1.09,22.5,25.3,17.3,48.5,1.5
2020-06-16,2.5,1.09,19.3,24.9,16.9,70.3,1.6
2020-06-17,0.0,1.09,17.0,19.2,15.9,71.5,1.4
2020-06-18,0.0,1.09,17.6,22.9,13.9,63.3,0.9
2020-06-19,0.0,1.06,19.6,24.3,13.4,65.8,1.5
2020-06-20,0.0,1.06,21.2,26.6,18.6,63.5,1.4
2020-06-21,0.0,1.06,19.6,24.6,15.5,57.3,1.5
2020-06-22,0.0,1.06,19.2,25.7,14.5,51.3,1.3
2020-06-23,0.0,1.06,18.9,23.9,13.9,47.8,1.4
2020-06-24,0.0,1.05,18.7,25.5,13.4,54.8,0.9
2020-06-25,0.0,1.05,19.8,26.5,13.9,58.5,0.9
2020-06-26,0.0,1.03,21.0,28.1,15.1,56.5,1.1
2020-06-27,0.0,1.03,20.4,25.9,14.9,50.8,1.0
2020-06-28,0.0,1.03,20.3,26.3,16.2,59.5,1.2
2020-06-29,0.0,1.01,17.6,21.0,15.2,71.3,1.3
2020-06-30,0.0,1.01,19.1,23.7,15.4,70.8,1.1
2020-07-01,0.0,1.01,20.3,26.4,15.5,65.8,1.3
2020-07-02,0.0,1.0,20.8,26.1,17.0,65.8,1.2
2020-07-03,10.4,1.0,20.3,26.6,15.8,63.8,0.8
2020-07-04,0.0,1.0,20.6,26.4,16.4,64.5,1.1
2020-07-05,0.0,0.99,19.8,24.7,16.8,61.3,1.4
2020-07-06,0.0,0.99,20.4,27.3,15.1,57.0,1.0
2020-07-07,0.0,0.99,19.6,25.1,15.2,53.0,1.0
2020-07-08,0.0,0.97,21.1,26.8,17.0,48.5,1.0
2020-07-09,0.0,0.97,21.4,27.9,14.9,51.0,0.8
2020-07-10,0.0,0.97,19.8,23.7,17.2,65.0,1.3
2020-07-11,0.0,0.95,20.1,26.4,16.5,58.0,1.0
2020-07-12,0.0,0.95,19.9,26.5,14.9,58.8,0.9
2020-07-13,0.0,0.94,20.7,28.2,15.0,56.5,0.5
2020-07-14,0.0,0.94,22.5,28.7,16.3,51.0,1.1
2020-07-15,0.0,0.94,20.8,24.8,18.4,62.5,1.1
2020-07-16,0.0,0.92,20.0,24.6,17.4,63.0,2.5
2020-07-17,0.0,0.92,20.2,26.6,15.3,58.5,1.0
2020-07-18,0.0,0.92,18.3,22.4,14.6,60.8,1.5
2020-07-19,0.0,0.91,18.0,22.8,13.9,60.5,1.7
2020-07-20,0.0,0.91,20.0,24.6,15.9,62.0,0.8
2020-07-21,0.0,0.91,21.1,27.1,16.4,55.8,1.1
2020-07-22,0.0,0.89,20.9,26.1,15.7,55.5,1.1
2020-07-23,0.0,0.89,19.9,25.5,14.9,51.0,1.1
2020-07-24,0.0,0.89,18.8,24.1,16.0,69.0,1.0
2020-07-25,0.0,0.87,20.3,26.6,15.9,53.0,1.1
2020-07-26,0.0,0.87,20.1,26.2,14.3,59.3,1.4
2020-07-27,0.0,0.87,19.6,24.3,16.6,62.8,1.1
2020-07-28,0.0,0.86,20.8,27.8,15.5,55.0,1.6
2020-07-29,0.0,0.86,22.2,29.2,16.2,47.3,1.2
2020-07-30,0.0,0.86,20.8,25.8,18.1,56.5,2.0
2020-07-31,0.0,0.85,18.6,24.2,15.5,63.8,1.5
2020-08-01,0.0,0.85,17.7,21.9,15.1,69.3,1.7
2020-08-02,0.0,0.85,17.7,24.1,13.8,52.5,1.0
2020-08-03,0.0,0.85,17.4,23.3,12.5,52.5,1.6
2020-08-04,0.0,0.83,17.3,23.6,12.0,55.3,1.2
2020-08-05,0.0,0.83,18.0,23.2,13.5,51.8,1.3
2020-08-06,0.0,0.81,17.8,23.3,13.1,48.0,1.3
2020-08-07,0.0,0.81,18.8,24.9,14.2,50.0,1.8
2020-08-08,0.0,0.81,18.8,24.3,14.2,55.0,1.0
2020-08-09,0.0,0.81,19.3,23.5,15.0,53.8,1.6
2020-08-10,0.0,0.8,20.1,24.6,17.1,57.0,1.7
2020-08-11,0.0,0.8,19.9,25.7,14.9,57.5,1.0
2020-08-12,0.0,0.8,20.4,25.4,16.2,63.3,1.6
2020-08-13,0.0,0.78,21.1,26.5,16.8,59.0,0.9
2020-08-14,0.0,0.78,22.1,29.2,16.1,53.5,1.0
2020-08-15,0.0,0.78,21.4,28.5,16.3,56.0,0.9
2020-08-16,0.0,0.77,23.4,30.1,17.0,54.5,1.5
2020-08-17,0.0,0.77,22.8,27.9,18.8,55.0,1.9
2020-08-18,0.0,0.77,22.5,27.9,18.5,58.3,1.9
2020-08-19,0.0,0.75,23.4,30.3,17.4,53.8,1.1
2020-08-20,0.0,0.75,24.3,31.3,18.0,53.3,1.8
2020-08-21,0.0,0.75,17.0,24.1,14.1,80.8,1.5
2020-08-22,9.3,1.06,13.9,15.5,12.4,82.0,1.4
2020-08-23,5.8,1.54,15.2,19.2,12.0,69.5,1.4
2020-08-24,0.0,1.08,16.3,22.9,11.9,51.0,2.0
2020-08-25,0.0,0.85,16.9,24.4,11.2,42.8,1.0
2020-08-26,0.0,0.8,18.3,26.0,11.1,49.0,1.3
2020-08-27,0.0,0.78,20.2,26.3,13.8,49.0,1.2
2020-08-28,0.0,0.77,20.3,26.0,16.1,56.8,1.8
2020-08-29,0.0,0.75,21.1,27.3,16.4,53.3,1.6
2020-08-30,0.0,0.74,22.6,29.3,16.9,49.8,1.1
2020-08-31,0.0,0.73,23.6,29.3,17.9,48.8,1.4
2020-09-01,0.0,0.73,22.2,27.2,18.6,52.5,1.2
2020-09-02,0.0,0.72,21.0,26.1,17.2,50.8,1.9
2020-09-03,0.0,0.72,20.9,27.3,15.7,48.0,0.9
2020-09-04,0.0,0.71,23.2,31.2,16.0,40.8,1.0
2020-09-05,0.0,0.7,22.8,29.1,17.9,42.3,0.9
2020-09-06,0.0,0.7,23.1,30.5,17.3,43.5,1.1
2020-09-07,0.0,0.69,23.8,30.4,18.1,37.3,1.2
2020-09-08,0.0,0.69,24.7,32.3,17.9,44.0,0.6
2020-09-09,0.0,0.68,24.7,31.2,19.8,39.8,1.0
2020-09-10,0.0,0.68,24.5,32.1,18.6,39.0,1.3
2020-09-11,0.0,0.67,25.0,31.7,19.9,37.3,0.8
2020-09-12,0.0,0.66,24.4,31.0,19.2,37.8,1.4
2020-09-13,0.0,0.66,22.2,28.4,18.1,45.8,1.5
2020-09-14,0.0,0.66,23.9,30.4,18.5,43.3,1.1
2020-09-15,0.0,0.66,23.9,28.9,19.2,44.0,1.3
2020-09-16,0.0,0.65,23.2,29.7,18.6,43.8,1.3
2020-09-17,0.0,0.64,25.0,32.2,18.6,38.0,1.3
2020-09-18,0.0,0.64,26.5,34.5,19.4,34.0,1.2
2020-09-19,0.0,0.63,27.5,35.6,19.8,35.5,1.0
2020-09-20,0.0,0.63,24.9,33.4,20.6,58.0,1.2
2020-09-21,0.0,0.63,22.7,26.8,19.1,58.3,1.1
2020-09-22,0.0,0.77,19.7,23.5,17.8,79.5,1.1
2020-09-23,4.1,0.78,18.7,22.9,16.1,75.8,1.2
2020-09-24,1.1,0.72,21.4,27.2,15.7,59.5,1.3
2020-09-25,0.0,0.68,23.2,29.6,17.8,50.8,1.2
2020-09-26,0.0,0.66,24.3,30.9,17.3,39.8,1.2
2020-09-27,0.0,0.64,25.9,33.9,18.7,36.8,0.8
2020-09-28,0.0,0.63,28.6,36.5,20.6,29.3,1.4
2020-09-29,0.0,0.62,29.0,36.1,23.1,29.5,0.5
2020-09-30,0.0,0.61,28.5,35.0,23.2,37.3,1.2
2020-10-01,0.0,0.6,27.9,34.2,22.1,36.5,1.7
2020-10-02,0.0,0.59,28.7,34.9,22.1,27.8,1.2
2020-10-03,0.0,0.59,29.7,36.2,22.2,28.0,1.3
2020-10-04,0.0,0.58,26.9,32.3,22.2,51.0,1.5
2020-10-05,0.0,0.58,25.9,32.4,21.1,54.3,1.3
2020-10-06,0.0,0.58,28.5,36.6,21.4,43.3,1.0
2020-10-07,0.0,0.57,28.6,36.9,23.9,42.0,0.4
2020-10-08,0.0,0.57,28.2,34.5,23.4,46.5,0.7
2020-10-09,0.0,0.56,29.1,35.3,23.4,36.3,1.8
2020-10-10,3.9,0.82,25.9,33.4,21.8,56.0,0.3
2020-10-11,3.6,0.9,20.6,24.9,18.4,74.3,1.2
2020-10-12,0.0,0.83,20.7,26.8,16.7,71.5,1.0
2020-10-13,0.0,0.71,23.4,30.2,17.8,64.3,1.2
2020-10-14,0.0,0.65,23.0,32.8,19.1,69.8,1.9
2020-10-15,26.8,0.87,24.2,31.5,18.1,62.8,0.7
2020-10-16,0.0,0.83,21.5,26.5,19.6,73.8,0.6
2020-10-17,3.2,0.73,19.5,23.4,16.5,73.8,2.2
2020-10-18,0.0,0.66,19.3,23.5,15.9,69.3,2.6
2020-10-19,0.0,0.69,18.8,21.3,17.0,78.3,1.4
2020-10-20,0.0,0.95,19.7,24.3,17.1,88.3,0.8
2020-10-21,14.8,1.35,20.5,25.5,17.0,81.5,1.2
2020-10-22,0.2,1.6,21.6,25.5,18.0,69.8,1.1
2020-10-23,3.6,1.38,19.7,23.0,17.0,70.0,2.1
2020-10-24,0.0,1.81,19.2,21.5,17.8,91.3,1.2
2020-10-25,14.8,3.37,19.5,23.7,17.4,90.5,0.8
2020-10-26,13.9,3.9,22.3,29.2,15.1,60.5,1.0
2020-10-27,0.0,2.83,25.0,30.8,18.1,58.3,0.9
2020-10-28,0.0,1.94,26.5,32.7,21.2,56.3,1.1
2020-10-29,0.0,1.3,25.4,30.5,21.2,56.3,1.4
2020-10-30,0.0,1.93,23.4,29.6,20.4,77.3,1.4
2020-10-31,14.8,3.72,19.4,23.2,16.5,75.0,1.1
2020-11-01,0.7,3.8,19.9,24.0,16.9,67.8,2.2
2020-11-02,0.0,2.81,20.1,26.8,14.0,49.8,1.7
2020-11-03,0.0,1.86,19.3,24.8,16.2,74.3,1.5
2020-11-04,15.9,1.3,20.7,27.1,15.1,65.8,1.1
2020-11-05,0.0,0.98,22.6,28.8,17.3,56.0,1.0
2020-11-06,0.0,0.8,24.7,31.3,19.3,58.8,1.2
2020-11-07,0.0,0.73,25.2,30.5,20.0,58.0,1.1
2020-11-08,0.9,0.7,25.9,32.0,20.5,55.3,1.2
2020-11-09,0.0,0.69,25.5,32.3,20.8,52.8,1.0
2020-11-10,1.8,0.84,23.3,27.9,20.8,74.0,0.7
2020-11-11,0.5,1.23,23.9,30.6,20.6,78.3,1.8
2020-11-12,0.3,1.99,22.0,28.2,18.1,78.3,1.1
2020-11-13,20.1,2.86,21.9,24.9,19.1,85.8,0.7
2020-11-14,25.7,3.2,21.5,26.3,17.2,77.5,0.9
2020-11-15,12.6,3.0,24.4,29.5,19.5,69.0,1.0
2020-11-16,1.2,2.61,23.3,30.5,18.8,75.0,0.8
2020-11-17,5.1,2.24,24.1,31.8,18.8,62.3,1.5
2020-11-18,37.1,2.03,22.7,30.2,18.0,77.3,1.2
2020-11-19,52.8,2.3,22.8,27.3,19.3,80.5,1.0
2020-11-20,1.0,2.5,24.0,30.2,19.9,65.0,0.9
2020-11-21,0.0,2.01,22.1,27.5,18.3,68.8,1.7
2020-11-22,0.0,1.52,22.6,26.9,18.9,65.8,2.1
2020-11-23,0.0,1.3,22.3,26.8,18.6,65.0,2.0
2020-11-24,0.0,1.08,22.0,25.8,18.8,66.3,2.0
2020-11-25,0.0,0.99,22.5,27.1,18.9,64.3,1.6
2020-11-26,0.0,0.91,23.3,27.9,18.4,56.0,1.6
2020-11-27,0.0,0.83,23.6,28.5,18.5,54.0,1.6
2020-11-28,0.0,0.79,23.2,28.2,19.2,58.0,1.5
2020-11-29,0.0,0.77,23.6,29.1,18.6,60.3,1.6
2020-11-30,0.0,0.77,24.3,29.2,18.8,55.8,0.6
2020-12-01,0.0,0.86,24.9,29.6,20.6,59.5,0.4
2020-12-02,0.0,1.03,23.8,27.5,20.5,73.8,0.3
2020-12-03,5.6,1.07,23.6,26.9,20.0,73.5,1.1
2020-12-04,1.1,1.03,24.8,32.2,20.8,67.5,0.8
2020-12-05,0.0,1.06,24.7,29.8,20.9,69.3,1.0
2020-12-06,0.0,1.94,23.0,25.5,21.0,74.8,1.2
2020-12-07,2.8,3.88,22.9,25.8,20.3,82.3,0.9
2020-12-08,15.6,4.79,23.2,27.6,19.8,77.5,1.1
2020-12-09,65.7,5.84,21.1,26.4,17.6,86.5,0.4
2020-12-10,32.8,6.24,20.8,23.4,18.1,80.8,0.5
2020-12-11,13.7,5.9,23.3,28.8,18.8,69.8,1.1
2020-12-12,10.7,4.92,24.3,29.5,18.1,65.0,0.8
2020-12-13,0.0,4.15,25.1,30.3,20.1,60.3,1.1
2020-12-14,0.0,3.1,24.9,31.6,18.2,44.5,0.7
2020-12-15,0.0,2.21,25.6,32.1,19.9,50.8,0.7
2020-12-16,0.0,1.59,25.8,31.8,20.6,57.3,1.3
2020-12-17,0.0,1.2,23.6,30.6,20.2,65.5,1.6
2020-12-18,8.9,1.19,24.3,30.4,19.1,64.0,1.1
2020-12-19,7.7,1.55,24.9,31.4,19.0,60.8,1.6
2020-12-20,27.8,1.75,24.9,30.8,19.2,63.0,1.1
2020-12-21,0.0,1.69,25.2,30.7,20.7,64.3,1.0
2020-12-22,0.0,1.97,23.4,30.1,19.2,73.3,1.2
2020-12-23,5.0,3.35,22.8,27.3,19.3,75.0,0.9
2020-12-24,0.0,4.75,21.4,25.3,19.4,90.0,1.5
2020-12-25,27.8,5.3,22.0,24.8,19.4,72.0,1.2
2020-12-26,1.1,4.69,22.5,27.2,19.4,69.3,1.5
2020-12-27,0.6,3.91,23.8,28.8,19.0,62.5,1.3
2020-12-28,0.0,3.0,23.4,27.3,19.4,64.5,1.9
2020-12-29,0.0,2.16,23.8,29.1,19.6,55.8,2.2
2020-12-30,0.0,1.58,24.4,28.6,20.2,59.3,1.2
2020-12-31,0.0,1.23,23.6,31.7,19.5,68.0,1.2
2021-01-01,0.0,1.28,23.4,31.7,19.6,73.5,1.4
2021-01-02,15.7,1.81,22.8,28.3,19.1,72.5,1.2
2021-01-03,52.5,2.94,20.8,27.7,17.7,80.3,1.4
2021-01-04,23.0,6.4,22.3,27.2,17.9,68.8,1.1
2021-01-05,0.0,8.82,24.4,30.3,20.5,70.0,1.1
2021-01-06,0.0,7.65,24.1,30.1,20.1,78.8,1.3
2021-01-07,3.9,7.69,23.8,31.7,20.1,74.8,0.8
2021-01-08,13.8,7.85,25.3,30.7,19.9,65.8,0.9
2021-01-09,0.0,8.08,22.8,30.0,20.6,85.3,0.7
2021-01-10,7.9,10.19,24.4,29.5,20.9,73.3,0.8
2021-01-11,0.0,9.62,25.9,31.5,22.3,67.8,1.2
2021-01-12,0.0,8.35,24.8,30.2,20.5,68.5,1.3
2021-01-13,0.0,7.07,24.8,29.1,22.1,64.5,1.8
2021-01-14,0.0,5.67,24.7,29.7,20.8,56.5,1.3
2021-01-15,0.0,4.5,23.3,29.8,20.0,70.8,1.4
2021-01-16,0.0,3.76,23.1,26.8,20.0,68.3,1.1
2021-01-17,0.0,3.03,23.6,28.3,20.5,60.8,1.6
2021-01-18,0.0,2.4,24.7,29.9,20.0,48.8,1.5
2021-01-19,0.0,1.86,25.0,30.7,20.7,51.8,1.6
2021-01-20,0.0,1.47,24.7,29.8,20.8,44.0,1.4
2021-01-21,0.0,1.22,24.2,28.7,20.4,51.5,1.8
2021-01-22,0.0,1.08,24.3,29.5,20.1,51.0,2.0
2021-01-23,5.4,1.03,22.9,28.0,18.4,54.3,1.9
2021-01-24,0.0,1.01,23.9,28.8,19.4,55.3,1.0
2021-01-25,0.0,1.01,24.3,29.5,20.1,52.3,1.9
2021-01-26,0.0,1.0,24.6,29.4,20.8,56.3,1.3
2021-01-27,0.0,1.0,24.6,30.1,20.5,57.0,2.8
2021-01-28,0.0,1.0,25.4,31.0,20.1,42.0,1.3
2021-01-29,0.0,0.99,25.5,31.2,21.0,49.8,1.0
2021-01-30,0.0,0.99,25.8,31.7,21.5,51.5,2.1
2021-01-31,0.0,0.97,25.5,31.5,20.8,52.5,2.5
2021-02-01,0.0,0.97,24.2,29.2,20.3,59.8,1.2
2021-02-02,0.0,0.97,25.4,30.6,21.3,57.5,1.3
2021-02-03,0.0,0.97,26.0,31.0,22.0,52.0,1.2
2021-02-04,0.0,0.97,26.5,30.8,21.8,57.3,0.9
2021-02-05,3.9,1.09,23.0,30.8,20.3,89.8,1.0
2021-02-06,15.3,2.34,20.9,24.0,20.0,87.5,0.9
2021-02-07,40.1,5.53,19.2,21.7,18.3,95.5,1.0
2021-02-08,132.6,8.59,20.5,25.1,17.0,70.8,1.2
2021-02-09,0.0,10.22,21.9,27.4,18.5,69.8,1.5
2021-02-10,0.0,9.72,23.4,29.0,18.8,65.0,1.3
2021-02-11,0.0,8.23,23.2,28.9,18.9,76.8,1.6
2021-02-12,13.8,7.22,22.5,25.8,20.0,77.5,1.1
2021-02-13,1.2,6.46,23.5,27.2,20.2,68.0,1.1
2021-02-14,33.5,5.31,22.2,27.1,19.4,80.8,0.7
2021-02-15,1.8,4.75,23.9,28.7,20.5,71.8,0.8
2021-02-16,2.6,4.25,24.5,29.8,20.4,70.8,0.7
2021-02-17,39.0,3.84,22.9,28.6,19.2,76.3,1.4
2021-02-18,2.8,3.72,22.7,27.9,20.3,84.3,1.5
2021-02-19,23.9,5.34,22.7,27.2,20.9,85.5,1.3
2021-02-20,37.0,6.91,23.7,28.7,20.9,79.0,0.8
2021-02-21,0.1,7.81,22.9,29.2,20.1,75.8,1.1
2021-02-22,80.7,8.31,22.6,29.4,18.6,72.3,0.8
2021-02-23,6.9,9.69,22.7,29.8,18.5,70.0,1.1
2021-02-24,0.0,8.46,24.3,29.8,19.4,58.8,1.0
2021-02-25,0.0,6.78,24.7,30.6,19.6,59.8,0.8
2021-02-26,0.0,5.75,22.1,26.0,20.1,85.3,0.7
2021-02-27,6.5,6.03,21.4,24.3,19.6,72.3,1.7
2021-02-28,1.3,4.97,21.4,24.7,18.5,70.3,1.6
2021-03-01,0.0,3.81,22.3,27.4,19.2,62.5,1.1
2021-03-02,0.0,2.94,22.1,25.3,19.5,65.8,0.8
2021-03-03,0.0,2.25,24.1,29.7,19.7,56.8,1.1
2021-03-04,0.0,1.72,24.2,29.6,19.4,53.0,0.6
2021-03-05,0.0,1.4,25.7,30.8,20.4,52.8,1.3
2021-03-06,6.9,1.22,22.9,29.4,20.5,77.8,0.9
2021-03-07,15.0,1.4,22.2,26.2,18.7,73.8,0.7
2021-03-08,19.3,2.25,22.3,27.8,18.9,78.3,0.8
2021-03-09,0.0,2.72,21.8,26.8,19.7,86.0,0.4
2021-03-10,0.0,3.0,21.6,26.1,19.6,85.5,0.7
2021-03-11,0.0,3.03,23.7,29.5,19.7,73.5,0.9
2021-03-12,0.0,2.81,24.0,30.3,18.9,67.8,0.8
2021-03-13,0.0,2.78,24.6,29.7,20.8,64.0,1.3
2021-03-14,0.0,2.44,23.5,28.0,20.4,56.8,1.4
2021-03-15,0.0,1.88,24.0,29.1,19.5,58.3,0.7
2021-03-16,0.0,1.5,24.0,29.8,19.6,61.3,1.5
2021-03-17,0.0,1.25,24.5,30.8,19.4,60.5,0.9
2021-03-18,0.0,1.19,24.4,29.5,20.0,60.8,0.9
2021-03-19,0.0,1.19,24.0,28.6,20.9,60.8,1.8
2021-03-20,0.0,1.19,23.5,28.2,20.2,54.5,1.2
2021-03-21,0.0,1.16,22.6,26.8,19.4,60.3,0.8
2021-03-22,0.0,1.16,24.7,30.0,20.1,60.5,1.1
2021-03-23,0.0,1.16,25.6,30.8,20.0,52.3,1.0
2021-03-24,0.0,1.12,25.7,31.3,21.2,55.0,1.1
2021-03-25,0.0,1.12,25.8,31.4,20.8,53.3,1.2
2021-03-26,0.0,1.12,25.7,30.6,21.4,53.5,1.2
2021-03-27,0.0,1.12,25.9,31.5,21.5,59.3,0.5
2021-03-28,0.0,1.12,24.1,31.5,20.3,67.3,0.9
2021-03-29,13.3,1.28,24.0,30.5,19.5,75.5,1.3
2021-03-30,11.8,1.72,23.3,31.3,19.5,69.8,0.9
2021-03-31,33.5,1.69,24.6,30.3,19.4,56.8,0.7
2021-04-01,0.2,1.69,24.3,30.2,19.2,54.5,1.3
2021-04-02,0.0,1.4,23.2,27.8,18.9,69.0,0.6
2021-04-03,1.8,1.4,23.4,29.0,20.5,75.8,1.3
2021-04-04,22.8,2.03,23.2,28.9,19.6,66.0,1.4
2021-04-05,1.2,2.66,22.0,26.3,18.1,61.5,1.2
2021-04-06,0.0,2.03,22.2,27.1,18.2,66.0,1.0
2021-04-07,0.0,1.75,21.6,25.9,19.3,71.3,1.5
2021-04-08,0.0,1.78,20.8,25.9,17.1,57.8,1.2
2021-04-09,0.0,1.47,21.0,25.8,17.0,53.5,1.9
2021-04-10,0.0,1.25,22.0,27.3,17.1,54.8,1.2
2021-04-11,0.0,1.19,22.3,28.9,17.1,54.0,0.6
2021-04-12,0.0,1.16,23.4,30.1,17.3,44.3,0.6
2021-04-13,0.0,1.16,22.7,28.4,18.2,57.8,1.0
2021-04-14,0.0,1.12,21.7,28.1,18.3,58.3,1.2
2021-04-15,0.0,1.12,20.9,26.7,16.1,52.5,1.0
2021-04-16,0.0,1.12,20.6,26.1,16.2,54.8,1.1
2021-04-17,0.0,1.12,21.7,27.5,17.5,50.8,1.0
2021-04-18,0.0,1.09,22.8,27.5,18.9,58.3,0.6
2021-04-19,0.0,1.09,23.3,29.2,18.4,60.5,1.4
2021-04-20,0.0,1.09,22.1,28.1,17.8,53.0,1.0
2021-04-21,0.0,1.09,22.0,28.6,16.9,47.3,0.9
2021-04-22,0.0,1.06,22.9,29.5,17.5,44.8,1.3
2021-04-23,0.0,1.06,23.0,29.9,17.5,48.3,1.0
2021-04-24,0.0,1.06,23.7,30.2,18.1,52.8,1.1
2021-04-25,0.0,1.06,24.2,30.6,19.0,48.5,0.7
2021-04-26,0.0,1.06,24.8,31.1,18.8,46.3,1.0
2021-04-27,0.0,1.16,21.7,25.1,20.0,77.8,1.0
2021-04-28,0.0,1.28,22.3,27.5,18.1,69.5,0.9
2021-04-29,0.0,1.25,21.3,27.3,17.9,63.0,1.0
2021-04-30,0.0,1.16,19.6,25.7,15.4,60.3,1.2
2021-05-01,0.0,1.09,19.3,24.8,15.3,54.8,0.8
2021-05-02,0.0,1.06,18.8,23.4,15.0,67.5,0.7
2021-05-03,0.0,1.06,20.4,26.0,14.9,63.5,0.6
2021-05-04,0.0,1.03,20.9,26.6,16.3,63.8,1.0
2021-05-05,0.0,1.03,22.1,28.6,16.2,50.3,1.0
2021-05-06,0.0,1.03,22.8,29.2,17.7,55.8,0.8
2021-05-07,0.0,1.03,23.2,29.8,17.0,44.0,0.7
2021-05-08,0.0,1.0,20.6,26.0,17.5,67.5,1.3
2021-05-09,0.0,1.0,20.0,25.8,15.7,62.3,1.6
2021-05-10,0.0,1.0,18.7,24.4,14.4,60.8,1.0
2021-05-11,0.0,1.0,19.7,26.2,14.1,61.5,1.8
2021-05-12,0.0,1.0,20.6,26.3,14.9,56.5,0.8
2021-05-13,0.0,0.97,20.6,25.9,16.0,63.5,0.4
2021-05-14,0.0,0.97,19.3,24.2,15.2,67.3,0.7
2021-05-15,0.0,0.97,19.5,24.7,15.6,67.0,1.4
2021-05-16,0.0,0.97,19.7,24.2,16.2,68.3,1.3
2021-05-17,1.9,0.97,20.6,26.2,16.2,59.3,0.9
2021-05-18,0.0,0.94,20.5,26.5,16.4,52.8,1.3
2021-05-19,0.0,0.94,21.3,27.9,16.2,49.3,0.6
2021-05-20,0.0,0.94,21.3,28.2,15.6,46.8,0.8
2021-05-21,0.0,0.94,21.9,28.8,16.1,43.0,0.8
2021-05-22,0.0,0.94,23.6,30.4,17.2,46.0,1.0
2021-05-23,0.0,0.94,22.5,27.6,19.2,63.3,0.5
2021-05-24,0.0,0.91,22.5,27.8,18.3,61.0,0.6
2021-05-25,0.0,0.91,22.9,29.2,17.4,52.8,1.2
2021-05-26,0.0,0.91,22.8,28.6,18.9,68.8,1.3
2021-05-27,0.0,0.91,22.9,29.2,18.3,60.3,0.4
2021-05-28,0.0,0.91,22.7,27.8,19.0,63.3,1.2
2021-05-29,0.0,0.91,23.8,29.3,18.5,58.0,0.9
2021-05-30,0.0,0.87,23.2,28.1,19.2,66.5,0.5
2021-05-31,16.9,0.91,19.6,25.7,16.6,77.3,1.0
2021-06-01,0.0,0.91,20.5,25.6,16.1,71.3,0.7
2021-06-02,0.0,0.91,21.0,27.2,17.5,70.5,1.0
2021-06-03,6.6,0.87,21.8,27.6,17.4,57.3,0.7
2021-06-04,0.0,0.87,21.1,26.1,17.1,55.3,1.2
2021-06-05,0.0,0.87,19.8,24.5,16.0,64.5,1.2
2021-06-06,0.0,0.87,20.2,24.3,16.7,68.5,1.5
2021-06-07,0.0,0.87,21.7,27.5,16.7,57.8,1.3
2021-06-08,0.0,0.85,21.5,27.3,16.8,58.3,0.9
2021-06-09,0.0,0.85,21.1,26.2,17.3,66.5,0.8
2021-06-10,0.0,0.85,20.1,24.6,16.8,64.0,1.1
2021-06-11,0.0,0.85,21.0,26.2,16.1,63.5,0.9
2021-06-12,0.0,0.87,19.9,24.9,16.8,69.8,0.8
2021-06-13,0.0,0.85,18.6,25.1,15.8,61.5,0.8
2021-06-14,0.0,0.85,18.1,23.0,15.3,64.3,2.6
2021-06-15,0.0,0.85,18.7,25.4,12.6,59.8,0.6
2021-06-16,0.0,0.81,19.8,26.5,14.1,55.5,1.2
2021-06-17,0.0,0.81,19.6,26.2,14.7,54.8,0.5
2021-06-18,0.0,0.81,18.9,24.5,14.2,58.0,1.7
2021-06-19,0.0,0.81,18.2,22.8,14.7,59.8,1.8
2021-06-20,0.0,0.81,19.6,26.7,13.1,58.5,0.6
2021-06-21,0.0,0.78,20.8,27.6,15.1,53.8,0.8
2021-06-22,0.0,0.78,20.8,27.8,15.7,61.5,0.7
2021-06-23,0.0,0.78,18.2,23.5,14.8,63.3,1.0
2021-06-24,0.0,0.78,18.9,26.3,13.2,59.3,1.4
2021-06-25,0.0,0.78,20.4,27.5,14.1,55.8,1.1
2021-06-26,0.0,0.78,19.0,24.5,14.5,57.0,1.6
2021-06-27,0.0,0.75,17.9,24.2,13.4,57.8,0.9
2021-06-28,0.0,0.75,18.3,24.5,12.6,53.5,0.6
2021-06-29,0.0,0.75,19.3,25.8,13.7,51.0,1.3
2021-06-30,0.0,0.75,19.4,25.2,15.5,54.0,0.8
2021-07-01,0.0,0.73,16.9,22.3,13.2,66.5,1.6
2021-07-02,0.0,0.73,16.5,20.5,13.4,59.3,1.6
2021-07-03,0.0,0.73,17.3,23.2,12.6,48.5,1.2
2021-07-04,0.0,0.72,17.2,22.8,12.3,47.0,0.6
2021-07-05,0.0,0.72,17.3,22.6,12.7,48.5,1.1
2021-07-06,0.0,0.72,17.4,22.9,13.2,55.0,1.0
2021-07-07,0.0,0.7,17.4,22.9,13.7,54.5,1.5
2021-07-08,0.0,0.7,18.6,24.4,13.2,46.5,1.0
2021-07-09,0.0,0.7,18.3,24.3,13.9,47.0,0.8
2021-07-10,0.0,0.7,18.5,24.7,13.3,51.3,0.5
2021-07-11,0.0,0.69,18.9,24.9,13.8,47.0,0.9
2021-07-12,0.0,0.69,18.5,24.2,14.6,50.5,1.4
2021-07-13,0.0,0.69,21.3,25.3,15.5,42.0,1.1
2021-07-14,0.0,0.67,19.8,25.7,15.6,54.3,1.1
2021-07-15,0.0,0.67,20.5,25.5,15.0,52.5,1.1
2021-07-16,0.0,0.67,21.6,28.1,15.7,47.5,0.8
2021-07-17,0.0,0.66,21.9,28.9,17.3,46.5,0.6
2021-07-18,0.0,0.66,23.8,29.6,17.6,41.0,0.7
2021-07-19,0.0,0.66,20.8,27.7,17.8,26.0,1.0
2021-07-20,0.0,0.64,18.2,24.3,12.8,37.0,0.9
2021-07-21,0.0,0.64,19.8,27.5,15.3,58.5,0.9
2021-07-22,0.0,0.64,18.5,23.4,15.3,55.3,1.6
2021-07-23,0.0,0.64,17.8,23.2,14.0,53.0,1.9
2021-07-24,0.0,0.63,17.8,23.9,13.4,54.3,1.9
2021-07-25,0.0,0.63,18.2,24.0,14.0,54.8,1.4
2021-07-26,0.0,0.63,18.9,25.3,13.7,51.3,1.0
2021-07-27,0.0,0.61,19.9,26.9,14.3,46.5,1.3
2021-07-28,0.0,0.61,23.1,28.6,15.6,34.5,1.6
2021-07-29,0.0,0.61,17.4,24.9,13.3,33.3,1.0
2021-07-30,0.0,0.59,16.1,23.8,11.1,52.0,1.1
2021-07-31,0.0,0.58,15.3,20.5,10.8,51.8,1.2
2021-08-01,0.0,0.56,15.1,20.2,12.2,58.3,1.6
2021-08-02,0.0,0.56,17.7,24.2,12.6,48.3,2.1
2021-08-03,0.0,0.56,19.3,25.8,13.4,49.8,0.7
2021-08-04,0.0,0.56,17.6,22.4,14.3,58.5,1.6
2021-08-05,0.0,0.55,18.1,22.7,13.2,51.5,1.8
2021-08-06,0.0,0.55,17.8,22.7,14.8,54.3,1.6
2021-08-07,0.0,0.55,16.7,21.2,13.9,58.5,2.0
2021-08-08,0.0,0.55,17.7,22.9,14.4,63.3,1.4
2021-08-09,0.0,0.53,19.5,25.8,15.3,59.5,1.1
2021-08-10,0.0,0.53,20.5,27.6,15.2,52.8,0.8
2021-08-11,0.0,0.53,22.5,30.2,15.3,43.5,0.7
2021-08-12,0.0,0.53,20.2,24.5,17.4,54.8,1.3
2021-08-13,0.0,0.52,19.5,24.9,16.1,60.0,2.2
2021-08-14,0.0,0.52,21.8,28.3,17.1,54.0,0.8
2021-08-15,0.0,0.52,22.6,28.3,17.3,49.3,1.2
2021-08-16,0.0,0.52,21.6,26.9,18.6,57.8,1.0
2021-08-17,7.1,0.52,21.5,28.1,15.3,61.3,1.2
2021-08-18,0.0,0.52,20.9,25.3,18.6,55.8,2.0
2021-08-19,0.0,0.5,20.2,26.1,16.2,52.0,1.5
2021-08-20,0.0,0.5,20.9,27.7,15.9,44.3,1.0
2021-08-21,0.0,0.5,21.4,28.2,16.6,43.3,1.3
2021-08-22,0.0,0.49,21.1,26.5,17.0,47.0,1.1
2021-08-23,0.0,0.49,21.9,28.8,15.9,44.3,1.4
2021-08-24,0.0,0.49,22.5,29.2,17.4,41.8,1.4
2021-08-25,0.0,0.48,22.6,28.7,18.5,35.3,0.8
2021-08-26,0.0,0.47,22.0,28.0,17.0,48.8,1.9
2021-08-27,0.0,0.47,22.4,27.1,19.2,50.5,1.9
2021-08-28,0.0,0.46,20.7,26.0,17.4,53.8,2.6
2021-08-29,0.0,0.47,20.9,26.4,17.0,52.5,1.8
2021-08-30,0.0,0.45,20.6,27.1,16.4,47.8,1.6
2021-08-31,0.0,0.45,19.0,23.0,15.8,60.5,1.4
2021-09-01,0.0,0.48,19.5,25.9,15.1,59.5,1.0
2021-09-02,0.0,0.49,19.9,24.8,16.5,61.5,1.6
2021-09-03,0.0,0.48,21.7,28.6,16.4,54.0,1.6
2021-09-04,0.0,0.46,23.7,30.6,16.7,42.3,1.2
2021-09-05,0.0,0.45,24.4,33.2,14.5,85.3,1.0
2021-09-06,0.0,0.45,26.9,34.4,20.1,35.0,1.3
2021-09-07,0.0,0.44,24.6,31.5,19.7,54.3,1.6
2021-09-08,0.0,0.43,23.5,30.0,18.8,56.5,2.0
2021-09-09,0.0,0.43,26.0,33.6,19.8,41.8,0.7
2021-09-10,0.0,0.42,27.8,34.7,22.1,41.0,1.1
2021-09-11,0.0,0.42,26.1,32.2,22.0,48.0,1.6
2021-09-12,0.0,0.41,24.9,30.2,21.0,49.3,1.3
2021-09-13,0.0,0.41,26.7,34.0,21.6,34.5,1.5
2021-09-14,0.0,0.41,26.7,33.3,21.1,37.8,0.9
2021-09-15,0.0,0.4,28.8,35.7,21.7,30.5,0.8
2021-09-16,0.0,0.4,24.8,29.4,22.1,54.3,2.1
2021-09-17,0.0,0.39,23.3,27.7,20.1,56.3,1.6
2021-09-18,0.0,0.37,25.2,32.6,19.6,36.8,1.2
2021-09-19,0.0,0.36,28.3,34.9,20.8,33.3,1.0
2021-09-20,0.0,0.36,25.3,31.1,22.3,55.5,1.7
2021-09-21,0.0,0.36,27.6,36.0,20.0,40.8,1.1
2021-09-22,0.0,0.35,21.6,28.9,19.2,51.8,1.3
2021-09-23,0.0,0.35,18.8,25.2,14.7,60.0,2.0
2021-09-24,0.0,0.34,21.5,28.4,15.2,52.5,1.8
2021-09-25,0.0,0.34,21.4,27.3,16.9,57.3,0.6
2021-09-26,3.9,0.35,23.7,30.7,18.8,50.0,0.7
2021-09-27,0.0,0.34,23.0,30.5,19.8,59.5,2.0
2021-09-28,2.2,0.34,24.4,31.5,19.6,51.3,1.4
2021-09-29,0.0,0.33,23.9,33.2,20.2,62.0,1.7
2021-09-30,9.2,0.31,25.4,32.1,19.5,53.5,0.8
2021-10-01,0.3,0.29,26.7,33.5,20.4,48.5,0.8
2021-10-02,14.7,0.41,23.1,32.5,16.5,71.0,1.3
2021-10-03,2.8,0.55,25.3,32.0,19.7,60.0,1.4
2021-10-04,0.3,0.45,27.3,34.1,22.2,48.0,1.0
2021-10-05,1.8,0.63,26.2,33.1,22.0,60.8,1.8
2021-10-06,0.0,0.52,24.5,30.1,21.1,64.0,2.2
2021-10-07,0.0,0.65,21.8,25.1,18.8,70.3,1.5
2021-10-08,0.0,0.56,21.6,26.4,18.8,73.3,1.7
2021-10-09,0.8,0.63,20.9,25.2,19.2,74.5,1.9
2021-10-10,14.3,1.4,19.0,22.2,17.0,83.3,0.9
2021-10-11,17.8,3.26,17.7,19.8,16.5,91.3,1.3
2021-10-12,37.2,3.73,20.0,25.5,16.0,70.3,1.0
2021-10-13,0.3,2.71,23.1,29.0,18.2,58.0,1.4
2021-10-14,0.0,1.73,24.9,29.9,19.1,59.0,0.7
2021-10-15,0.0,1.12,24.3,29.4,19.4,62.8,1.0
2021-10-16,0.0,0.77,24.4,29.6,21.2,65.8,1.0
2021-10-17,3.1,1.07,23.7,30.1,20.8,76.0,1.2
2021-10-18,0.5,1.86,21.5,28.6,19.0,84.8,1.2
2021-10-19,119.2,2.87,20.6,24.9,18.5,88.5,0.7
2021-10-20,17.8,3.6,17.6,20.3,15.4,85.5,1.6
2021-10-21,13.9,3.34,18.6,23.9,14.4,76.5,1.8
2021-10-22,0.0,2.33,22.1,29.3,16.5,64.0,0.6
2021-10-23,0.0,1.55,23.7,29.6,18.0,56.5,1.4
2021-10-24,0.0,1.08,23.0,28.3,19.8,73.8,1.1
2021-10-25,0.0,0.84,23.2,29.1,20.2,70.5,1.0
2021-10-26,0.0,0.69,23.5,28.6,20.0,73.5,2.2
2021-10-27,0.0,0.58,24.4,29.4,20.5,54.3,1.8
2021-10-28,0.0,0.52,24.2,28.7,20.4,47.5,1.3
2021-10-29,0.0,0.5,22.6,26.7,19.4,56.3,2.2
2021-10-30,0.0,0.56,22.9,28.2,19.2,66.3,1.3
2021-10-31,0.0,0.77,21.5,24.5,19.6,72.3,1.5
2021-11-01,27.8,2.8,20.0,24.1,18.4,89.8,1.5
2021-11-02,69.3,5.08,22.0,28.1,16.9,70.0,1.0
2021-11-03,0.0,4.04,24.0,29.6,18.2,60.3,0.7
2021-11-04,0.0,2.87,25.1,31.3,20.3,60.0,1.4
2021-11-05,0.0,2.01,24.9,31.0,19.7,59.8,1.1
2021-11-06,0.0,1.31,25.8,32.7,20.3,56.5,1.3
2021-11-07,0.0,1.21,23.0,28.5,20.2,75.5,1.0
2021-11-08,27.5,1.82,22.4,28.6,19.4,78.5,1.3
2021-11-09,2.4,2.03,23.6,29.8,19.3,65.0,1.0
2021-11-10,3.6,2.43,23.9,28.8,21.0,70.3,1.0
2021-11-11,17.4,3.72,19.6,23.8,18.0,93.8,0.9
2021-11-12,29.5,5.7,17.9,21.3,15.8,80.3,1.3
2021-11-13,13.2,6.78,17.9,21.8,14.2,72.3,1.3
2021-11-14,0.0,5.25,19.5,25.0,15.1,66.5,1.9
2021-11-15,0.0,4.04,20.2,26.1,15.8,60.3,1.1
2021-11-16,0.0,2.98,21.7,27.3,16.7,57.8,1.7
2021-11-17,0.0,2.09,23.5,28.9,18.3,58.0,1.2
2021-11-18,0.0,1.5,23.1,28.1,19.5,73.0,0.8
2021-11-19,13.6,1.47,22.5,25.5,19.0,80.0,1.8
2021-11-20,30.6,2.88,21.0,24.7,19.2,87.8,1.3
2021-11-21,12.2,5.04,20.0,22.7,17.8,85.8,1.5
2021-11-22,0.3,5.03,22.7,29.3,17.7,69.8,0.9
2021-11-23,0.0,3.89,24.7,31.8,17.6,50.5,1.0
2021-11-24,0.0,2.79,25.8,31.0,20.4,46.0,1.5
2021-11-25,0.0,1.88,24.9,29.7,20.9,54.5,1.1
2021-11-26,0.0,1.32,25.1,30.4,20.2,55.3,0.8
2021-11-27,25.6,1.94,21.2,25.8,18.7,82.8,0.9
2021-11-28,0.5,3.94,22.4,28.3,17.9,73.0,0.8
2021-11-29,0.0,3.35,24.3,31.0,18.4,57.0,1.3
2021-11-30,0.0,2.66,23.0,28.7,19.7,80.3,0.9
2021-12-01,14.5,2.73,22.9,28.4,18.9,81.8,0.5
2021-12-02,15.6,2.87,24.4,31.6,19.4,56.0,0.8
2021-12-03,25.6,2.42,22.7,29.1,19.3,71.8,1.6
2021-12-04,26.8,2.21,22.0,27.5,18.1,91.3,0.9
2021-12-05,0.0,1.7,23.9,28.8,18.6,55.5,1.7
2021-12-06,19.8,1.9,19.2,24.5,17.0,94.0,1.2
2021-12-07,46.3,4.69,20.2,24.5,16.8,84.8,0.9
2021-12-08,14.9,7.15,17.6,20.0,15.3,82.0,1.0
2021-12-09,6.5,5.97,21.7,28.8,14.6,63.8,0.3
2021-12-10,0.0,4.68,24.1,30.6,18.0,55.8,0.9
2021-12-11,0.0,3.58,25.0,31.2,19.2,57.0,0.8
2021-12-12,0.0,2.86,24.7,29.6,21.2,64.8,1.5
2021-12-13,39.8,3.02,23.1,27.9,19.7,77.3,0.7
2021-12-14,14.6,2.98,23.0,28.2,19.6,75.8,1.1
2021-12-15,34.8,4.05,21.7,25.5,19.7,92.3,0.9
2021-12-16,4.9,6.41,24.0,28.7,19.7,74.8,1.5
2021-12-17,0.8,7.81,21.3,23.7,20.5,89.8,1.1
2021-12-18,2.9,10.12,23.9,29.8,19.3,64.8,1.2
2021-12-19,6.8,10.89,21.9,25.8,18.5,68.8,1.8
2021-12-20,0.0,8.98,20.9,25.6,17.2,91.5,2.9
2021-12-21,0.0,7.28,22.8,27.5,18.5,67.5,1.4
2021-12-22,0.0,6.01,24.9,31.0,18.4,57.3,0.7
2021-12-23,0.0,5.68,23.0,30.1,19.2,78.8,1.2
2021-12-24,36.6,7.45,21.0,25.4,17.3,65.8,1.0
2021-12-25,0.0,6.05,21.7,26.9,17.8,65.3,1.3
2021-12-26,0.0,4.86,23.1,29.6,18.0,56.0,1.4
2021-12-27,0.0,3.81,24.9,31.2,18.6,53.3,0.7
2021-12-28,0.0,2.98,22.7,31.4,18.2,72.5,0.9
2021-12-29,65.2,3.75,22.7,27.6,18.2,73.8,1.0
2021-12-30,5.8,6.03,20.8,23.7,19.0,88.8,0.7
2021-12-31,29.0,7.41,19.4,21.7,16.4,91.3,0.9
2022-01-01,12.6,8.44,20.1,23.2,18.2,96.3,0.4
2022-01-02,14.5,11.88,21.8,27.2,17.8,82.0,0.9
2022-01-03,2.3,15.33,22.2,26.1,18.7,83.3,1.0
2022-01-04,18.6,14.35,22.1,25.9,19.8,82.0,1.3
2022-01-05,7.9,13.55,21.8,25.0,19.2,87.0,1.6
2022-01-06,14.2,13.0,22.3,27.7,19.7,84.3,0.9
2022-01-07,17.8,15.71,21.0,23.7,19.2,94.8,1.2
2022-01-08,105.3,26.23,20.1,22.2,18.3,96.3,0.4
2022-01-09,97.8,43.57,19.8,21.8,18.1,95.3,0.9
2022-01-10,65.6,48.55,21.0,25.9,18.1,90.3,1.1
2022-01-11,27.8,46.86,21.6,25.4,18.2,84.3,0.9
2022-01-12,13.1,42.75,23.6,30.4,18.8,70.3,1.1
2022-01-13,0.0,37.82,25.3,30.9,20.3,61.5,1.0
2022-01-14,0.0,32.11,26.3,32.8,20.5,45.3,1.9
2022-01-15,0.0,26.93,25.3,30.3,20.2,59.3,0.8
2022-01-16,8.9,22.93,24.6,30.6,21.0,66.0,1.0
2022-01-17,0.0,21.34,25.5,31.1,19.9,57.0,1.6
2022-01-18,0.0,18.1,24.8,30.0,20.4,67.8,0.8
2022-01-19,0.0,15.26,26.0,31.7,20.8,57.5,1.0
2022-01-20,0.0,12.74,24.8,31.6,21.6,67.3,0.7
2022-01-21,15.6,10.67,24.6,29.4,,68.8,0.8
2022-01-22,5.8,9.4,25.3,31.3,19.9,53.3,1.2
2022-01-23,0.0,7.65,24.8,30.1,19.7,55.8,1.6
2022-01-24,0.0,6.13,24.5,30.0,19.8,56.8,1.2
2022-01-25,0.0,4.81,24.8,29.8,20.1,55.5,1.5
2022-01-26,0.0,3.73,24.5,29.6,19.8,57.8,1.3
2022-01-27,11.6,2.95,25.2,30.6,20.0,57.0,1.0
2022-01-28,0.0,2.24,25.0,30.7,20.9,69.3,1.3
2022-01-29,9.8,2.18,23.1,30.0,18.6,69.3,1.2
2022-01-30,19.3,3.35,23.1,28.6,18.1,99.0,0.7
2022-01-31,4.6,3.3,21.6,24.5,19.2,90.5,1.1
2022-02-01,19.9,3.44,22.8,28.8,19.2,77.8,0.9
2022-02-02,18.2,3.36,22.5,26.3,18.9,79.0,1.0
2022-02-03,7.9,4.31,23.1,28.0,19.2,78.3,1.1
2022-02-04,5.8,5.31,23.8,28.2,20.1,74.0,1.1
2022-02-05,3.9,5.64,22.8,27.1,19.9,84.8,1.0
2022-02-06,2.8,8.62,21.5,24.7,19.0,88.8,0.7
2022-02-07,1.9,14.45,21.2,24.5,19.3,94.5,1.1
2022-02-08,11.6,16.42,21.8,25.7,18.8,90.0,0.5
2022-02-09,1.3,18.01,20.6,23.5,19.0,91.8,0.6
2022-02-10,14.1,21.65,21.2,26.8,18.1,84.5,0.6
2022-02-11,34.3,25.73,21.4,27.2,17.9,81.8,0.6
2022-02-12,35.6,26.04,20.7,23.4,17.7,84.5,1.3
2022-02-13,3.5,26.1,22.7,27.9,18.6,75.5,0.7
2022-02-14,14.1,22.82,24.7,30.1,18.8,62.3,1.7
2022-02-15,34.6,20.58,22.6,27.5,19.1,80.3,0.7
2022-02-16,53.8,19.32,23.0,28.8,18.8,77.5,1.0
2022-02-17,7.9,19.42,22.9,28.4,18.2,67.5,1.0
2022-02-18,8.5,19.46,20.8,24.3,19.5,88.3,0.8
2022-02-19,7.0,21.13,23.3,27.5,19.6,69.3,1.0
2022-02-20,14.6,20.68,22.5,27.2,18.7,76.5,1.1
2022-02-21,1.8,21.86,22.3,28.4,20.0,80.5,0.4
2022-02-22,15.8,22.12,23.5,28.4,19.8,75.8,1.2
2022-02-23,2.6,20.98,25.0,30.9,19.1,56.0,1.2
2022-02-24,0.9,18.23,24.9,30.2,21.0,72.5,0.5
2022-02-25,0.0,19.23,25.1,30.0,20.8,58.3,1.8
2022-02-26,0.0,16.3,25.1,30.4,20.9,53.8,1.0
2022-02-27,0.0,13.55,24.2,29.1,20.8,64.8,1.3
2022-02-28,0.0,11.5,24.3,29.7,20.7,57.5,1.4
2022-03-01,0.0,9.5,24.4,29.1,20.7,56.5,1.6
2022-03-02,0.0,7.87,25.1,30.0,21.5,52.8,1.9
2022-03-03,0.0,6.41,25.0,30.0,21.1,56.8,1.1
2022-03-04,0.0,5.1,24.7,30.6,21.4,62.8,0.5
2022-03-05,0.0,4.09,24.5,28.7,20.8,57.8,1.2
2022-03-06,0.0,3.29,24.1,29.7,20.7,54.5,0.9
2022-03-07,0.0,2.47,24.7,30.2,20.8,53.5,1.8
2022-03-08,0.0,1.94,25.1,30.5,20.5,55.0,1.3
2022-03-09,0.0,1.59,25.1,30.7,20.9,61.3,0.9
2022-03-10,0.0,1.4,24.3,29.8,20.0,58.8,1.0
2022-03-11,0.0,1.38,25.4,31.8,20.8,57.0,1.3
2022-03-12,0.0,1.38,25.2,30.6,21.1,64.3,0.9
2022-03-13,0.0,1.34,25.8,30.8,21.5,58.3,1.0
2022-03-14,0.0,1.34,25.4,30.0,22.2,57.0,1.1
2022-03-15,0.0,1.34,25.8,31.1,21.2,57.0,0.9
2022-03-16,0.0,1.34,25.1,29.7,21.9,60.5,1.9
2022-03-17,0.0,1.34,25.0,29.3,21.3,62.0,2.1
2022-03-18,0.0,1.34,25.4,31.1,21.2,56.3,1.5
2022-03-19,0.0,1.31,25.5,31.1,21.1,56.3,1.4
2022-03-20,0.0,1.31,25.1,30.7,21.1,54.3,0.9
2022-03-21,2.6,1.31,20.9,27.0,19.2,74.0,1.5
2022-03-22,0.0,1.31,21.7,27.5,16.7,57.8,1.7
2022-03-23,0.0,1.31,22.1,27.4,18.4,65.8,1.7
2022-03-24,0.0,1.28,23.2,28.1,19.7,63.8,1.2
2022-03-25,0.0,1.28,25.0,31.1,19.3,57.5,0.5
2022-03-26,0.0,1.28,26.7,32.2,21.4,54.8,1.0
2022-03-27,0.0,1.28,26.8,32.4,22.2,55.5,1.3
2022-03-28,0.0,1.28,25.2,30.5,22.1,58.8,1.3
2022-03-29,0.0,1.25,24.4,29.4,22.0,65.0,1.9
2022-03-30,0.0,1.25,26.1,31.9,21.1,51.3,0.7
2022-03-31,0.0,1.25,27.3,33.0,22.1,47.3,0.7
2022-04-01,0.0,1.25,24.3,31.0,20.6,69.8,1.0
2022-04-02,0.0,1.31,23.9,29.5,20.5,69.8,0.8
2022-04-03,0.0,1.56,23.0,25.9,20.5,72.3,1.4
2022-04-04,2.6,1.4,23.5,28.6,20.4,67.0,1.1
2022-04-05,0.0,1.28,25.3,31.3,20.7,59.8,0.7
2022-04-06,0.0,1.31,24.9,29.5,22.1,63.8,1.0
2022-04-07,1.2,1.38,24.6,29.9,21.9,68.8,1.4
2022-04-08,0.0,1.4,24.7,30.2,21.1,66.5,1.0
2022-04-09,3.0,1.34,23.4,27.5,20.8,81.0,0.7
2022-04-10,30.1,1.34,25.0,31.4,20.4,65.5,0.3
2022-04-11,4.0,1.4,24.5,30.0,20.2,60.3,1.3
2022-04-12,0.0,1.31,24.8,30.2,21.2,64.8,0.6
2022-04-13,0.0,1.38,25.5,31.2,21.5,67.8,1.6
2022-04-14,6.8,1.53,24.5,31.1,21.0,69.3,1.6
2022-04-15,0.2,1.53,21.2,25.9,19.4,69.3,0.3
2022-04-16,0.0,1.47,20.7,26.9,15.6,57.3,0.5
2022-04-17,0.0,1.34,20.9,26.7,16.4,57.0,0.5
2022-04-18,0.0,1.28,20.6,26.2,16.2,60.8,0.6
2022-04-19,0.0,1.28,21.8,28.0,16.2,54.8,1.2
2022-04-20,0.0,1.25,22.7,28.3,17.8,53.0,1.1
2022-04-21,0.0,1.25,23.1,28.7,18.9,54.8,0.4
2022-04-22,0.0,1.25,23.4,29.8,18.6,46.0,0.6
2022-04-23,0.0,1.22,24.3,30.4,18.7,48.8,1.0
2022-04-24,0.0,1.22,25.7,30.7,20.4,51.5,1.5
2022-04-25,11.8,1.22,22.3,25.7,19.6,69.5,1.4
2022-04-26,0.0,1.19,23.4,28.1,19.5,62.5,1.0
2022-04-27,0.0,1.19,22.3,27.4,18.6,58.5,1.4
2022-04-28,0.0,1.19,23.5,29.0,19.6,53.8,1.1
2022-04-29,0.0,1.19,24.1,29.7,19.8,57.0,1.8
2022-04-30,4.4,1.19,22.6,27.4,19.0,54.3,1.2
2022-05-01,0.0,1.16,22.3,28.1,18.2,57.8,0.8
2022-05-02,0.0,1.16,23.0,29.2,18.8,54.3,0.9
2022-05-03,0.0,1.16,24.2,30.4,19.4,52.3,1.2
2022-05-04,0.0,1.16,22.6,29.7,20.1,70.0,1.1
2022-05-05,48.2,1.19,20.5,22.9,18.4,86.8,0.9
2022-05-06,11.3,1.22,22.1,26.9,18.5,70.0,1.1
2022-05-07,0.8,1.19,21.3,26.7,18.3,73.5,0.8
2022-05-08,0.0,1.16,20.8,26.4,17.2,66.3,0.9
2022-05-09,0.0,1.16,19.8,25.5,16.3,59.5,1.1
2022-05-10,0.0,1.12,19.6,25.3,14.8,55.8,1.3
2022-05-11,0.0,1.12,21.5,27.1,15.5,53.3,0.7
2022-05-12,0.0,1.12,21.8,26.9,18.5,60.8,0.8
2022-05-13,0.0,1.12,21.9,27.4,18.1,66.0,1.6
2022-05-14,0.0,1.09,21.9,26.6,18.8,59.5,1.3
2022-05-15,0.0,1.09,20.1,23.6,17.5,76.8,0.7
2022-05-16,0.0,1.12,20.9,26.2,18.6,68.5,1.1
2022-05-17,0.0,1.09,19.0,21.7,17.6,73.0,1.5
2022-05-18,0.0,1.09,13.2,18.5,10.2,41.0,1.8
2022-05-19,0.0,1.09,12.5,18.5,7.6,57.0,1.5
2022-05-20,0.0,1.09,15.4,21.9,9.6,49.3,0.6
2022-05-21,0.0,1.06,16.9,22.9,11.6,47.5,1.2
2022-05-22,0.0,1.06,18.0,23.5,13.4,48.8,1.3
2022-05-23,0.0,1.06,18.6,25.5,14.4,55.3,1.7
2022-05-24,0.0,1.06,18.5,23.5,15.0,51.3,0.9
2022-05-25,0.0,1.03,18.3,21.7,14.6,63.5,2.2
2022-05-26,0.0,1.03,19.4,23.9,16.6,59.0,1.4
2022-05-27,0.0,1.03,19.1,24.3,15.7,56.8,1.5
2022-05-28,0.0,1.03,19.0,24.5,14.2,59.3,1.2
2022-05-29,0.0,1.03,20.3,27.1,15.2,66.0,1.3
2022-05-30,0.0,1.03,21.3,29.2,15.8,57.5,0.3
2022-05-31,0.0,1.0,22.3,28.6,16.3,52.8,0.9
2022-06-01,0.0,1.0,22.4,26.3,19.6,63.3,1.4
2022-06-02,0.0,1.0,22.1,27.8,17.4,58.3,0.8
2022-06-03,0.0,1.0,22.9,29.4,17.4,54.5,1.0
2022-06-04,0.0,1.0,19.7,25.6,16.5,63.5,1.1
2022-06-05,0.0,0.97,18.6,24.5,14.5,54.8,0.3
2022-06-06,0.0,0.97,17.8,23.3,14.2,53.5,1.0
2022-06-07,0.0,0.97,19.4,26.0,13.7,52.3,0.6
2022-06-08,0.0,0.97,21.5,28.2,14.4,52.0,0.6
2022-06-09,0.0,0.97,21.5,26.3,17.8,54.5,0.8
2022-06-10,0.0,0.94,21.3,27.7,17.7,57.0,0.9
2022-06-11,0.0,0.97,21.5,26.1,18.8,66.3,0.7
2022-06-12,0.0,0.94,20.8,24.5,18.8,60.0,1.4
2022-06-13,0.0,0.94,18.5,26.3,14.2,41.5,0.8
2022-06-14,0.0,0.94,17.4,23.3,13.0,51.8,2.2
2022-06-15,0.0,0.94,16.9,21.7,14.9,64.0,1.5
2022-06-16,0.0,0.94,18.3,27.1,12.6,51.3,1.0
2022-06-17,0.0,0.91,18.8,26.2,13.2,53.5,0.8
2022-06-18,0.0,0.91,20.1,26.4,14.0,53.8,0.5
2022-06-19,0.0,0.91,20.1,24.9,16.6,59.0,1.6
2022-06-20,0.0,0.91,20.0,24.5,16.5,60.5,1.2
2022-06-21,0.0,0.91,19.1,24.3,16.2,65.5,1.7
2022-06-22,0.0,0.91,19.9,27.4,15.0,57.0,0.7
2022-06-23,0.0,0.87,20.0,26.9,14.7,48.0,0.7
2022-06-24,0.0,0.87,19.7,26.4,15.0,49.3,1.2
2022-06-25,0.0,0.87,20.5,27.5,14.9,46.5,0.4
2022-06-26,0.0,0.87,18.9,25.0,15.1,59.5,1.5
2022-06-27,0.0,0.86,16.7,21.8,14.4,64.3,1.3
2022-06-28,0.0,0.86,17.5,23.0,13.5,60.0,0.6
2022-06-29,0.0,0.86,18.8,25.7,12.6,57.3,0.8
2022-06-30,0.0,0.85,20.3,27.2,14.8,52.8,0.3
2022-07-01,0.0,0.85,18.5,23.4,15.5,61.0,1.4
2022-07-02,0.0,0.85,19.0,24.4,15.5,60.8,1.1
2022-07-03,0.0,0.83,19.0,24.3,15.1,62.0,1.0
2022-07-04,0.0,0.83,18.9,23.8,15.0,55.8,2.0
2022-07-05,0.0,0.83,18.8,23.9,14.8,60.0,0.5
2022-07-06,0.0,0.81,19.0,25.0,14.3,58.5,1.6
2022-07-07,0.0,0.81,18.8,24.7,14.6,53.8,1.0
2022-07-08,0.0,0.8,19.1,24.7,14.2,49.5,0.4
2022-07-09,0.0,0.8,19.3,22.9,16.6,56.8,1.6
2022-07-10,0.0,0.8,18.4,22.7,15.4,57.0,0.9
2022-07-11,0.0,0.78,19.1,24.7,15.5,55.5,0.5
2022-07-12,0.0,0.78,19.9,26.5,14.4,49.8,0.4
2022-07-13,0.0,0.78,20.2,26.5,14.0,52.3,1.1
2022-07-14,0.0,0.77,20.1,24.6,16.7,54.5,1.4
2022-07-15,0.0,0.77,20.2,26.5,16.2,59.0,1.4
2022-07-16,0.0,0.77,20.5,27.1,15.3,53.8,1.1
2022-07-17,0.0,0.77,21.9,28.7,15.7,52.0,0.2
2022-07-18,0.0,0.75,20.7,26.5,17.2,53.5,1.1
2022-07-19,0.0,0.75,20.2,25.6,16.5,54.8,1.4
2022-07-20,0.0,0.75,19.6,25.5,14.9,56.0,1.0
2022-07-21,0.0,0.73,19.9,25.4,15.3,55.3,1.0
2022-07-22,0.0,0.73,19.8,25.5,15.8,53.0,1.0
2022-07-23,0.0,0.73,20.5,26.4,15.1,49.5,2.1
2022-07-24,0.0,0.72,19.4,23.9,16.4,55.8,1.5
2022-07-25,0.0,0.72,19.7,24.8,15.9,53.5,1.6
2022-07-26,0.0,0.72,19.0,24.3,15.8,57.5,1.0
2022-07-27,0.0,0.7,18.9,24.4,14.3,56.3,1.3
2022-07-28,0.0,0.7,19.9,25.9,14.2,47.0,0.8
2022-07-29,0.0,0.7,21.4,28.5,15.3,45.0,1.0
2022-07-30,0.0,0.69,21.6,28.7,16.1,52.5,1.4
2022-07-31,0.0,0.69,20.9,26.1,17.5,64.0,1.0
2022-08-01,0.0,0.69,20.0,25.5,17.2,62.8,1.8
2022-08-02,0.0,0.69,21.9,27.8,17.2,51.5,1.1
2022-08-03,0.0,0.69,22.1,28.1,17.3,47.8,1.4
2022-08-04,0.0,0.67,21.7,28.0,17.6,46.0,1.1
2022-08-05,0.0,0.67,22.9,30.3,16.4,41.3,0.3
2022-08-06,0.0,0.67,23.0,28.7,18.6,48.3,2.3
2022-08-07,0.0,0.66,23.2,30.3,17.5,47.0,1.2
2022-08-08,0.0,0.66,23.2,29.7,18.3,48.5,0.6
2022-08-09,0.0,0.66,22.6,28.8,18.2,57.8,1.4
2022-08-10,0.0,0.64,19.1,25.2,16.4,57.0,2.5
2022-08-11,0.0,0.64,17.3,25.1,10.7,45.0,1.4
2022-08-12,0.0,0.64,18.3,24.1,14.0,48.0,1.7
2022-08-13,0.0,0.64,18.7,24.8,14.6,53.8,2.6
2022-08-14,0.0,0.63,18.1,23.8,14.5,49.8,1.7
2022-08-15,0.0,0.63,18.1,23.7,13.4,49.0,1.3
2022-08-16,0.0,0.63,21.2,28.9,14.6,50.3,0.7
2022-08-17,0.0,0.61,22.8,30.2,17.4,45.5,1.6
2022-08-18,0.0,0.61,21.5,28.5,16.4,47.8,1.1
2022-08-19,0.0,0.61,22.0,30.1,16.9,48.3,0.7
2022-08-20,0.0,0.59,16.7,22.9,13.6,60.3,1.1
2022-08-21,0.0,0.59,16.0,20.5,12.9,62.0,1.2
2022-08-22,0.0,0.59,18.2,25.3,11.4,45.5,1.7
2022-08-23,0.0,0.59,19.4,25.7,15.0,51.5,0.4
2022-08-24,0.0,0.58,20.3,26.5,14.9,46.3,1.0
2022-08-25,0.0,0.58,20.2,24.3,16.8,55.3,1.8
2022-08-26,0.0,0.58,20.5,25.6,16.3,55.8,1.5
2022-08-27,0.0,0.56,21.7,27.1,16.8,44.3,1.4
2022-08-28,0.0,0.56,23.8,29.7,18.2,39.0,1.4
2022-08-29,0.0,0.56,20.4,26.4,17.8,56.8,2.3
2022-08-30,0.0,0.56,15.8,21.5,12.2,51.5,1.8
2022-08-31,0.0,0.56,15.2,22.7,10.6,52.8,1.7
2022-09-01,0.0,0.55,17.2,23.3,12.2,48.8,2.0
2022-09-02,0.0,0.54,19.0,25.9,13.2,43.5,0.7
2022-09-03,0.0,0.54,21.8,29.6,14.1,38.8,0.9
2022-09-04,0.0,0.53,22.7,29.7,17.8,42.3,1.2
2022-09-05,0.0,0.53,19.2,24.6,16.4,65.5,1.7
2022-09-06,0.0,0.52,18.9,23.5,15.6,53.8,1.6
2022-09-07,0.0,0.52,18.2,23.6,13.4,51.0,1.9
2022-09-08,0.0,0.52,21.7,29.1,15.2,49.0,1.1
2022-09-09,0.0,0.51,23.7,31.2,17.2,36.8,1.9
2022-09-10,0.0,0.51,25.0,33.3,17.6,36.5,0.8
2022-09-11,0.0,0.5,26.3,33.2,20.8,38.3,1.3
2022-09-12,0.0,0.5,22.7,29.3,18.2,52.3,1.9
2022-09-13,0.0,0.49,25.0,32.4,18.6,43.8,1.4
2022-09-14,0.0,0.49,27.1,35.4,19.4,32.5,1.6
2022-09-15,0.0,0.49,24.0,30.1,19.8,52.8,1.6
2022-09-16,0.0,0.49,21.5,27.6,19.0,66.5,1.2
2022-09-17,0.0,0.62,16.9,21.8,15.2,68.8,1.5
2022-09-18,0.0,0.77,17.8,23.4,14.1,61.3,1.5
2022-09-19,0.0,0.66,20.3,28.4,15.6,60.8,1.6
2022-09-20,0.0,0.58,23.3,29.5,17.5,56.8,0.6
2022-09-21,0.0,0.55,24.9,30.8,20.6,64.8,0.4
2022-09-22,13.9,0.58,21.7,24.7,19.6,78.5,1.4
2022-09-23,6.8,0.63,24.0,30.3,19.7,46.5,1.2
2022-09-24,0.0,0.58,22.8,30.4,18.2,55.5,1.3
2022-09-25,0.0,0.54,21.9,28.6,18.4,61.8,1.9
2022-09-26,0.0,0.52,23.9,30.2,18.3,54.8,1.0
2022-09-27,0.0,0.49,21.2,24.7,18.5,77.5,0.8
2022-09-28,6.5,0.49,22.2,25.7,18.5,74.3,0.7
2022-09-29,3.1,0.59,20.1,23.9,18.1,72.0,1.2
2022-09-30,0.0,0.78,20.8,25.0,17.7,70.3,1.8
2022-10-01,3.4,0.67,22.3,27.1,17.7,66.0,0.9
2022-10-02,0.0,0.6,23.4,31.6,19.4,61.0,1.1
2022-10-03,0.2,0.54,24.1,30.0,18.9,60.0,1.0
2022-10-04,21.3,0.76,21.5,29.0,17.0,66.0,0.8
2022-10-05,0.0,1.03,24.1,31.3,18.0,60.3,0.7
2022-10-06,0.0,0.98,23.9,28.7,20.8,65.0,1.8
2022-10-07,0.0,0.7,23.0,27.7,20.7,73.3,1.0
2022-10-08,3.2,0.71,23.5,29.0,18.8,62.0,0.4
2022-10-09,0.0,0.63,23.7,26.8,21.1,62.8,0.3
2022-10-10,0.0,0.64,24.4,29.1,20.8,58.0,1.9
2022-10-11,0.0,0.57,25.5,31.6,20.6,47.5,2.0
2022-10-12,0.0,0.52,25.9,32.1,21.1,38.3,1.3
2022-10-13,0.0,0.49,25.0,30.4,21.2,44.5,1.7
2022-10-14,0.0,0.48,24.3,29.4,20.8,51.8,1.6
2022-10-15,0.0,0.46,23.4,29.1,20.0,48.0,1.3
2022-10-16,0.0,0.45,22.4,27.9,18.2,40.3,1.5
2022-10-17,0.0,0.45,23.2,29.2,18.8,54.3,1.9
2022-10-18,0.0,0.44,23.7,29.0,19.8,47.8,1.6
2022-10-19,0.0,0.43,21.9,29.2,18.9,67.3,2.4
2022-10-20,13.8,0.43,23.4,29.1,18.6,59.8,1.0
2022-10-21,0.0,0.42,22.9,29.2,20.0,67.3,1.6
2022-10-22,1.9,0.5,22.2,27.7,18.7,72.5,0.9
2022-10-23,10.9,0.69,20.8,26.9,17.7,76.8,0.4
2022-10-24,7.0,0.73,21.3,29.4,17.6,71.0,1.1
2022-10-25,17.5,0.69,22.8,29.7,16.7,55.8,0.8
2022-10-26,0.0,0.63,23.7,29.6,18.3,51.5,1.7
2022-10-27,0.0,0.55,25.2,30.8,19.4,51.0,1.1
2022-10-28,0.0,0.49,24.4,31.7,21.3,57.5,0.7
2022-10-29,7.2,0.47,25.3,30.6,21.1,50.3,1.2
2022-10-30,8.3,0.45,23.4,29.2,20.7,71.0,0.8
2022-10-31,0.0,0.54,22.4,25.5,20.0,85.0,1.1
2022-11-01,0.0,0.71,23.3,30.4,20.6,74.0,1.6
2022-11-02,9.3,0.87,17.1,21.8,15.2,82.3,2.2
2022-11-03,28.6,1.08,15.2,18.0,13.4,77.0,2.0
2022-11-04,1.2,1.43,17.1,21.5,13.3,60.3,1.7
2022-11-05,0.0,1.38,19.0,25.5,13.2,50.3,0.8
2022-11-06,0.0,0.85,20.4,25.7,15.6,49.8,1.3
2022-11-07,0.0,0.61,20.8,27.5,17.3,67.3,1.1
2022-11-08,7.9,0.53,21.0,28.6,18.0,71.5,1.0
2022-11-09,33.8,0.58,21.5,27.6,17.2,73.3,1.3
2022-11-10,8.8,0.77,24.6,30.7,18.1,55.5,0.9
2022-11-11,0.0,0.75,23.1,32.0,18.6,63.0,1.0
2022-11-12,13.5,0.99,22.9,27.7,18.1,67.8,1.0
2022-11-13,0.0,1.62,25.3,31.5,20.5,57.0,0.6
2022-11-14,7.1,1.75,23.0,29.6,19.6,84.0,1.7
2022-11-15,11.6,1.77,22.5,26.6,19.5,83.5,0.2
2022-11-16,26.8,2.75,21.1,27.4,15.0,85.0,0.9
2022-11-17,8.8,7.85,22.1,28.1,15.0,54.0,1.3
2022-11-18,0.0,12.15,22.3,28.5,17.2,56.8,0.5
2022-11-19,0.0,9.54,22.1,26.7,18.2,60.8,1.6
2022-11-20,0.0,7.43,22.6,28.6,19.0,59.0,1.1
2022-11-21,0.0,5.79,23.5,29.0,18.9,48.8,1.5
2022-11-22,0.0,4.52,23.4,28.4,19.2,60.8,1.5
2022-11-23,0.0,3.39,22.1,25.9,19.3,72.8,0.8
2022-11-24,3.9,2.64,21.2,24.3,19.4,65.3,0.8
2022-11-25,23.1,2.61,22.6,28.5,16.6,53.8,1.3
2022-11-26,22.3,3.32,21.0,26.9,17.4,75.8,1.5
2022-11-27,74.5,3.06,22.4,27.6,17.8,65.3,1.0
2022-11-28,2.8,3.36,23.4,29.5,20.1,65.3,1.1
2022-11-29,23.6,4.2,23.1,29.8,17.1,62.5,1.1
2022-11-30,35.1,5.28,22.9,29.2,17.2,65.0,1.5
2022-12-01,0.0,5.87,23.5,28.7,20.3,68.8,1.5
2022-12-02,8.8,5.95,23.3,28.6,20.6,70.3,1.2
2022-12-03,0.0,6.67,22.3,25.2,20.5,72.8,2.3
2022-12-04,1.3,6.53,22.2,27.7,18.7,69.3,1.5
2022-12-05,0.0,6.33,21.8,24.8,19.8,66.5,1.8
2022-12-06,0.0,5.79,20.3,22.0,19.2,85.3,0.7
2022-12-07,13.2,5.89,21.2,25.5,18.8,87.5,1.2
2022-12-08,8.9,6.76,23.8,30.4,19.0,64.3,0.9
2022-12-09,0.0,8.95,26.0,32.3,20.5,56.5,1.0
2022-12-10,0.0,8.02,23.1,30.6,18.8,76.8,1.0
2022-12-11,39.2,6.35,24.1,30.2,18.8,68.3,1.7
2022-12-12,92.7,6.23,24.5,29.3,20.6,73.3,1.0
2022-12-13,27.9,8.1,21.9,26.8,19.4,90.3,1.1
2022-12-14,25.3,8.46,20.7,23.5,19.1,72.0,1.2
2022-12-15,1.2,10.3,20.1,24.1,18.1,72.0,0.6
2022-12-16,0.0,8.82,22.4,27.4,17.6,63.5,1.1
2022-12-17,0.0,7.32,20.9,26.3,18.2,85.8,1.0
2022-12-18,29.5,6.26,22.6,27.8,18.2,68.5,1.1
2022-12-19,10.5,7.22,21.1,23.0,19.7,83.3,1.6
2022-12-20,38.7,7.51,20.8,23.1,19.2,91.3,1.1
2022-12-21,103.2,8.12,21.4,27.1,18.2,79.3,0.9
2022-12-22,24.5,12.49,22.0,26.8,18.7,70.0,0.4
2022-12-23,0.0,13.66,21.2,25.5,17.8,65.0,1.1
2022-12-24,0.0,11.47,22.7,27.8,19.3,69.3,1.3
2022-12-25,2.6,9.59,22.6,28.3,18.7,69.3,1.4
2022-12-26,2.8,8.68,21.0,25.7,19.2,80.8,2.4
2022-12-27,24.1,8.04,23.0,28.7,18.3,76.5,1.5
2022-12-28,2.1,8.42,23.9,27.8,20.6,67.8,1.3
2022-12-29,1.3,7.53,23.5,28.1,21.2,71.3,0.7
2022-12-30,0.0,6.18,22.6,28.5,19.7,79.3,1.1
2022-12-31,27.7,5.17,22.1,26.7,18.9,77.0,1.0
2023-01-01,2.3,4.85,21.7,26.2,19.8,86.3,1.0
2023-01-02,9.5,4.56,21.5,25.6,18.8,79.8,1.0
2023-01-03,4.5,5.87,21.9,25.6,19.1,83.8,0.8
2023-01-04,21.6,6.64,21.6,26.5,18.4,82.0,0.7
2023-01-05,17.4,7.81,21.1,23.8,18.9,95.0,0.3
2023-01-06,26.9,9.69,20.7,23.7,19.2,95.0,0.8
2023-01-07,61.4,14.7,20.8,26.6,18.8,93.0,0.2
2023-01-08,56.4,22.99,21.2,24.1,19.2,85.5,1.1
2023-01-09,12.2,32.34,21.8,27.7,18.5,85.8,0.7
2023-01-10,3.2,30.99,22.6,29.1,18.8,76.5,0.8
2023-01-11,0.2,28.11,23.2,28.5,19.9,74.5,0.6
2023-01-12,12.3,24.76,22.2,25.7,19.4,73.8,1.5
2023-01-13,0.4,21.96,24.2,30.7,19.3,68.3,1.0
2023-01-14,32.6,20.68,24.5,30.4,20.4,69.8,1.1
2023-01-15,0.0,17.54,25.6,31.0,21.9,65.0,1.0
2023-01-16,0.0,14.96,24.8,30.4,21.0,53.5,1.2
2023-01-17,0.0,12.37,24.9,30.3,20.3,56.0,1.4
2023-01-18,0.0,10.27,24.9,30.1,21.0,59.5,1.0
2023-01-19,1.6,9.54,22.7,27.6,18.8,70.5,1.0
2023-01-20,0.0,9.79,21.4,26.8,18.7,84.3,0.6
2023-01-21,37.4,11.42,20.3,23.8,18.2,91.8,0.9
2023-01-22,36.4,12.4,22.0,28.2,19.1,85.5,1.1
2023-01-23,44.8,14.1,23.1,27.0,20.0,77.3,1.0
2023-01-24,5.9,14.96,21.8,27.7,19.8,86.5,1.0
2023-01-25,24.4,16.5,22.9,28.4,19.2,79.0,0.5
2023-01-26,3.0,19.46,23.2,28.4,20.4,73.8,1.6
2023-01-27,0.0,19.09,23.5,27.8,19.6,73.8,1.0
2023-01-28,1.9,18.86,23.4,29.6,20.8,69.8,0.7
2023-01-29,0.0,16.82,24.5,30.1,20.6,62.8,1.2
2023-01-30,3.7,14.35,22.9,27.9,19.1,76.5,1.4
2023-01-31,3.4,12.9,24.5,30.2,20.2,59.8,1.0
2023-02-01,0.0,10.67,24.8,29.7,20.3,56.0,0.9
2023-02-02,0.0,8.71,24.9,29.3,21.5,57.8,1.0
2023-02-03,0.0,7.0,26.0,31.7,21.2,54.8,1.1
2023-02-04,0.0,5.61,27.3,32.5,22.5,53.8,0.6
2023-02-05,0.0,4.41,27.4,32.7,23.1,54.8,0.8
2023-02-06,0.0,3.69,26.1,31.5,22.2,58.0,0.7
2023-02-07,0.0,4.14,23.5,29.8,20.3,72.5,0.9
2023-02-08,15.5,5.44,23.9,29.1,20.2,61.8,0.9
2023-02-09,1.3,7.22,23.3,29.0,19.4,70.3,1.5
2023-02-10,0.0,7.97,24.6,29.7,20.5,61.3,1.7
2023-02-11,0.0,7.47,25.8,30.3,21.5,51.0,1.0
2023-02-12,0.0,6.01,23.2,31.1,19.4,78.8,0.7
2023-02-13,33.1,5.1,24.0,30.1,19.4,66.0,0.8
2023-02-14,19.5,4.42,24.2,31.0,20.7,71.5,1.2
2023-02-15,27.4,4.09,25.8,30.9,20.1,61.8,0.9
2023-02-16,43.2,3.58,22.9,29.8,19.6,74.8,0.5
2023-02-17,0.0,3.3,24.2,30.9,20.9,71.3,0.8
2023-02-18,5.6,3.91,23.7,29.4,21.0,79.0,0.4
2023-02-19,0.0,5.85,24.4,28.4,21.0,60.8,1.5
2023-02-20,3.4,4.97,23.7,29.1,20.3,62.0,1.9
2023-02-21,0.0,4.47,24.0,28.3,19.9,61.0,1.2
2023-02-22,0.0,3.94,25.3,30.0,20.8,56.8,1.6
2023-02-23,0.0,3.35,24.6,28.3,21.5,66.3,1.2
2023-02-24,0.0,3.38,25.1,29.5,22.0,60.5,1.2
2023-02-25,0.0,2.66,25.5,30.7,21.7,58.5,1.4
2023-02-26,0.0,2.06,25.9,30.7,22.0,60.5,1.2
2023-02-27,0.0,1.65,25.1,30.2,21.8,58.0,1.5
2023-02-28,0.0,1.4,25.4,30.5,21.1,52.5,1.6
2023-03-01,0.0,1.31,25.3,30.6,21.2,58.0,1.2
2023-03-02,0.0,1.28,25.0,30.5,22.1,64.0,0.9
2023-03-03,0.0,1.25,25.3,29.7,22.3,60.5,1.6
2023-03-04,0.0,1.25,25.2,30.3,20.6,52.8,1.7
2023-03-05,0.0,1.25,26.1,32.3,21.5,53.3,0.7
2023-03-06,0.0,1.22,25.7,29.8,22.2,57.0,1.2
2023-03-07,0.0,1.25,25.1,30.2,21.6,61.5,1.4
2023-03-08,0.0,1.31,24.4,29.7,21.7,64.8,1.6
2023-03-09,5.7,1.31,24.7,29.6,21.2,58.5,1.6
2023-03-10,0.0,1.28,24.8,29.4,21.6,63.8,1.9
2023-03-11,0.0,1.25,24.4,28.1,21.2,60.0,1.2
2023-03-12,46.0,1.28,23.6,28.4,19.0,64.5,0.7
2023-03-13,0.0,1.28,23.7,27.1,21.0,64.5,1.1
2023-03-14,0.0,1.25,23.2,26.7,20.8,65.5,1.2
2023-03-15,0.0,1.25,23.7,28.8,19.5,61.5,1.8
2023-03-16,3.9,1.22,23.6,29.4,19.8,62.0,1.1
2023-03-17,0.0,1.22,23.5,29.1,18.9,55.3,0.6
2023-03-18,0.0,1.22,24.1,29.4,20.4,61.5,0.7
2023-03-19,0.0,1.25,23.9,30.2,20.8,68.8,0.8
2023-03-20,9.6,1.22,23.9,28.8,20.6,64.0,1.1
2023-03-21,0.0,1.22,24.9,29.9,20.6,61.3,0.8
2023-03-22,0.0,1.22,24.9,29.4,21.6,59.5,1.0
2023-03-23,0.0,1.22,24.7,29.4,21.2,52.8,1.2
2023-03-24,0.0,1.19,25.4,30.4,20.9,50.5,0.5
2023-03-25,0.0,1.19,26.1,31.2,21.2,42.5,1.3
2023-03-26,0.0,1.19,26.3,31.2,22.3,51.3,0.9
2023-03-27,0.0,1.19,26.3,31.8,21.6,58.5,1.3
2023-03-28,0.0,1.19,24.9,29.9,21.5,62.5,1.4
2023-03-29,0.0,1.19,24.9,29.4,21.6,54.3,1.7
2023-03-30,0.0,1.19,25.1,30.2,21.2,48.3,0.8
2023-03-31,0.0,1.16,25.6,31.9,20.2,40.3,0.9
2023-04-01,0.0,1.16,26.1,31.2,21.7,53.8,0.7
2023-04-02,0.0,1.19,24.3,28.8,21.4,65.0,2.2
2023-04-03,0.0,1.19,22.5,28.6,20.0,68.3,1.1
2023-04-04,6.6,1.16,23.4,28.7,19.4,57.3,1.1
2023-04-05,0.0,1.16,24.1,29.0,19.9,58.3,0.9
2023-04-06,0.0,1.25,24.2,29.1,21.0,61.0,1.3
2023-04-07,0.0,1.62,23.8,30.0,20.9,75.3,0.7
2023-04-08,10.7,2.03,23.6,29.4,20.2,76.5,1.3
2023-04-09,3.9,2.13,21.4,27.1,19.6,81.8,0.7
2023-04-10,13.3,1.88,21.8,27.1,18.6,71.3,1.3
2023-04-11,0.0,1.59,21.7,26.0,18.1,68.8,2.4
2023-04-12,0.0,1.38,21.8,26.5,19.8,77.0,1.4
2023-04-13,0.0,1.31,24.1,29.6,20.0,67.5,0.6
2023-04-14,0.0,1.56,22.9,28.7,20.4,75.3,0.9
2023-04-15,23.5,2.03,23.3,28.6,19.4,70.8,0.4
2023-04-16,0.0,1.81,22.3,27.2,19.2,67.0,1.1
2023-04-17,0.0,1.4,23.9,30.2,19.2,60.8,0.7
2023-04-18,0.0,1.25,24.5,31.0,20.0,64.8,0.9
2023-04-19,0.0,1.34,22.9,27.1,21.2,86.0,1.4
2023-04-20,5.4,1.44,22.3,27.6,19.0,50.5,1.1
2023-04-21,0.0,1.25,19.2,22.6,16.4,65.3,1.1
2023-04-22,0.0,1.22,20.1,23.3,17.0,67.8,1.4
2023-04-23,0.0,1.19,20.1,23.7,17.8,73.5,1.0
2023-04-24,0.0,1.19,20.4,25.0,16.4,62.0,1.5
2023-04-25,0.0,1.16,21.8,26.9,17.4,65.5,1.6
2023-04-26,0.0,1.16,22.7,27.8,18.8,65.8,1.1
2023-04-27,0.0,1.16,23.8,29.2,19.7,66.5,1.2
2023-04-28,4.6,1.34,22.9,28.4,19.2,75.5,0.8
2023-04-29,14.6,1.69,20.8,25.9,17.1,78.5,1.2
2023-04-30,0.0,1.56,21.3,26.4,17.6,68.0,0.8
2023-05-01,0.0,1.31,21.7,27.6,18.1,57.3,0.9
2023-05-02,1.8,1.22,21.7,27.7,17.0,56.5,1.3
2023-05-03,1.4,1.19,22.8,27.1,18.2,55.3,1.2
2023-05-04,0.0,1.16,23.3,28.4,19.2,57.3,1.2
2023-05-05,0.0,1.16,23.3,29.1,18.9,56.8,1.2
2023-05-06,0.0,1.12,21.7,27.8,18.2,64.8,0.8
2023-05-07,0.0,1.12,21.5,26.5,18.2,63.5,0.7
2023-05-08,0.0,1.12,21.6,26.1,18.1,68.0,0.8
2023-05-09,0.0,1.12,22.4,27.2,18.8,63.5,0.7
2023-05-10,0.0,1.09,22.0,26.1,18.8,68.8,0.8
2023-05-11,0.0,1.09,23.2,28.8,18.9,64.8,0.6
2023-05-12,0.0,1.09,22.3,27.4,18.6,62.0,0.7
2023-05-13,0.0,1.09,21.2,27.8,17.6,70.5,0.9
2023-05-14,0.0,1.09,21.7,27.8,16.8,67.5,1.0
2023-05-15,0.0,1.06,21.7,27.7,16.5,65.5,0.9
2023-05-16,0.0,1.06,22.4,27.8,17.8,51.8,0.7
2023-05-17,0.0,1.06,20.2,26.9,15.8,60.5,1.2
2023-05-18,0.0,1.06,19.4,26.2,14.6,64.3,0.7
2023-05-19,0.0,1.06,18.5,25.5,13.6,66.3,1.1
2023-05-20,0.0,1.03,18.3,23.3,13.4,66.3,1.8
2023-05-21,0.0,1.03,19.0,23.9,14.7,66.3,1.5
2023-05-22,0.0,1.03,19.2,22.5,16.6,70.8,1.0
2023-05-23,0.0,1.03,18.4,22.5,16.4,78.5,1.4
2023-05-24,0.0,1.03,19.5,22.1,17.0,77.8,1.7
2023-05-25,0.0,1.0,19.6,23.3,16.9,70.8,1.8
2023-05-26,0.0,1.0,19.6,23.9,16.2,74.5,1.5
2023-05-27,0.0,1.0,20.3,26.7,16.2,67.5,0.3
2023-05-28,0.0,1.0,20.9,26.5,16.8,67.0,0.7
2023-05-29,0.0,1.0,19.5,23.7,16.8,79.3,1.4
2023-05-30,0.0,1.0,19.4,22.5,16.6,71.8,1.0
2023-05-31,0.0,0.97,20.7,25.2,16.7,70.5,1.1
2023-06-01,0.0,0.97,20.5,25.4,17.6,71.0,0.6
2023-06-02,0.0,0.97,19.2,25.1,16.2,67.0,1.0
2023-06-03,0.0,0.97,18.9,23.7,15.2,67.0,0.8
2023-06-04,0.0,0.97,18.5,24.1,14.4,68.8,0.5
2023-06-05,0.0,0.97,19.0,25.5,13.8,63.0,0.8
2023-06-06,0.0,0.94,17.9,22.7,14.0,64.3,1.4
2023-06-07,0.0,0.94,18.5,23.9,14.6,60.3,0.4
2023-06-08,0.0,0.94,19.3,25.3,15.0,60.0,0.8
2023-06-09,0.0,0.94,19.8,26.5,14.8,63.3,0.5
2023-06-10,0.0,0.94,20.7,27.4,15.4,61.5,0.7
2023-06-11,0.0,0.91,21.4,27.8,16.0,60.8,0.9
2023-06-12,0.0,0.92,22.2,28.6,16.8,62.0,1.1
2023-06-13,0.0,0.91,22.1,26.7,19.0,65.3,1.8
2023-06-14,0.0,0.91,20.7,24.4,18.4,69.0,0.9
2023-06-15,0.0,0.91,20.9,25.3,17.8,68.5,1.2
2023-06-16,0.0,0.89,21.0,26.1,17.6,72.5,1.1
2023-06-17,0.0,1.09,19.8,23.3,18.2,87.5,0.5
2023-06-18,0.0,1.26,19.6,25.5,15.4,71.8,1.0
2023-06-19,0.0,1.01,18.7,23.7,15.6,66.8,1.6
2023-06-20,0.0,0.95,17.9,22.7,14.4,68.5,0.4
2023-06-21,0.0,0.92,17.6,22.3,13.8,62.8,1.5
2023-06-22,0.0,0.91,17.8,23.6,13.6,63.3,1.3
2023-06-23,0.0,0.89,17.3,23.1,13.2,68.3,1.3
2023-06-24,0.0,0.89,18.3,23.9,13.6,66.8,0.9
2023-06-25,0.0,0.87,17.9,22.1,14.8,72.3,0.5
2023-06-26,0.0,0.87,19.4,25.5,14.1,69.5,1.5
2023-06-27,0.0,0.86,19.8,24.1,15.8,67.8,0.7
2023-06-28,0.0,0.86,19.6,26.5,14.4,56.8,0.7
2023-06-29,0.0,0.85,20.1,26.5,14.9,59.3,0.9
2023-06-30,0.0,0.85,19.8,24.5,16.0,60.8,1.1
2023-07-01,0.0,0.85,18.6,24.3,14.9,64.0,1.0
2023-07-02,0.0,0.83,19.4,25.8,14.2,59.8,1.1
2023-07-03,0.0,0.83,17.8,24.5,14.2,62.0,1.3
2023-07-04,0.0,0.81,17.0,22.7,12.3,59.8,0.9
2023-07-05,0.0,0.81,16.1,20.5,12.8,62.5,1.4
2023-07-06,0.0,0.81,16.0,22.2,11.6,63.8,0.7
2023-07-07,0.0,0.8,17.8,24.5,11.6,57.5,0.5
2023-07-08,0.0,0.8,19.1,26.5,13.4,54.8,0.8
2023-07-09,0.0,0.8,21.1,28.4,14.8,53.5,0.4
2023-07-10,0.0,0.78,21.7,28.0,17.2,63.0,0.9
2023-07-11,0.0,0.78,22.9,30.2,16.8,55.8,0.5
2023-07-12,0.0,0.78,23.6,30.1,17.8,51.8,0.8
2023-07-13,0.0,0.77,23.0,29.8,14.6,50.8,1.2
2023-07-14,0.0,0.77,19.3,25.5,17.2,64.0,1.1
2023-07-15,0.0,0.77,17.1,22.3,14.2,79.8,0.6
2023-07-16,0.0,0.75,19.8,26.3,15.6,73.8,0.5
2023-07-17,0.0,0.75,21.7,28.4,16.8,66.8,0.5
2023-07-18,0.0,0.75,22.8,29.4,17.4,60.5,0.7
2023-07-19,0.0,0.75,22.0,26.9,19.1,69.3,1.5
2023-07-20,0.0,0.73,19.5,23.1,17.6,71.8,1.5
2023-07-21,0.0,0.73,18.4,22.5,16.6,73.0,1.0
2023-07-22,0.0,0.73,18.8,23.5,15.2,66.3,1.7
2023-07-23,0.0,0.72,19.8,23.5,16.4,70.3,1.4
2023-07-24,0.0,0.75,19.9,24.5,17.8,72.3,1.4
2023-07-25,0.0,0.73,20.5,26.1,16.0,60.5,1.6
2023-07-26,0.0,0.77,20.9,26.9,17.6,67.8,1.2
2023-07-27,0.0,0.75,20.9,25.6,17.4,66.8,1.2
2023-07-28,0.0,0.73,21.0,26.2,16.8,62.0,0.6
2023-07-29,0.0,0.72,20.9,26.3,17.0,66.0,0.8
2023-07-30,0.0,0.72,19.5,25.5,17.0,72.5,1.8
2023-07-31,0.0,0.7,20.0,26.4,16.0,68.3,0.9
2023-08-01,0.0,0.7,20.1,26.1,15.8,61.8,1.0
2023-08-02,0.0,0.69,19.9,25.7,15.2,58.8,1.0
2023-08-03,0.0,0.69,21.2,29.2,14.6,51.0,0.9
2023-08-04,0.0,0.69,22.7,28.8,17.2,46.8,1.2
2023-08-05,0.0,0.69,22.8,30.4,17.2,48.8,1.3
2023-08-06,0.0,0.67,20.8,27.2,17.1,57.0,2.5
2023-08-07,0.0,0.67,21.3,29.2,15.2,45.8,0.7
2023-08-08,0.0,0.67,22.8,29.5,16.6,51.0,1.3
2023-08-09,0.0,0.66,19.8,23.8,17.4,69.8,1.5
2023-08-10,0.0,0.66,20.7,26.3,16.8,62.0,1.2
2023-08-11,0.0,0.65,22.2,29.4,16.0,56.3,0.7
2023-08-12,0.0,0.65,24.1,30.4,18.4,52.3,1.1
2023-08-13,0.0,0.64,21.3,25.9,18.6,63.5,1.2
2023-08-14,0.0,0.64,21.5,25.7,18.2,64.8,1.2
2023-08-15,0.0,0.63,20.9,24.7,18.4,66.0,1.2
2023-08-16,0.0,0.63,20.0,23.8,17.8,69.3,2.0
2023-08-17,0.0,0.63,20.7,25.5,17.2,61.8,1.5
2023-08-18,0.0,0.62,21.7,28.6,15.8,59.8,0.9
2023-08-19,0.0,0.62,23.7,30.8,17.2,51.5,1.0
2023-08-20,0.0,0.61,22.5,29.2,19.4,60.5,1.6
2023-08-21,0.0,0.61,18.4,22.9,15.2,73.5,0.4
2023-08-22,0.0,0.62,22.4,30.2,15.4,49.5,0.3
2023-08-23,0.0,0.63,24.2,32.6,17.0,41.0,1.0
2023-08-24,0.0,0.6,25.7,33.0,19.0,44.0,1.4
2023-08-25,0.0,0.59,25.7,30.6,21.4,50.0,0.7
2023-08-26,0.0,0.59,23.9,30.5,20.4,63.0,0.9
2023-08-27,12.6,0.62,18.0,22.0,16.1,80.5,1.8
2023-08-28,0.0,0.71,18.5,21.1,15.9,81.3,0.4
2023-08-29,6.8,1.2,20.6,26.3,17.0,78.0,0.9
2023-08-30,3.4,1.28,22.0,27.4,17.6,70.0,0.8
2023-08-31,0.0,0.83,23.1,29.8,18.3,66.5,0.8
2023-09-01,0.0,0.89,22.9,28.1,19.8,65.0,2.0
2023-09-02,0.0,0.73,22.8,28.0,19.1,67.5,1.4
2023-09-03,0.0,0.71,23.1,28.8,18.4,71.3,0.9
2023-09-04,0.0,0.66,23.8,30.6,18.6,62.8,0.9
2023-09-05,0.0,0.64,24.0,31.6,19.2,68.0,1.2
2023-09-06,0.0,0.63,20.9,24.0,19.7,79.3,1.3
2023-09-07,0.0,0.61,21.2,25.8,18.2,59.3,1.3
2023-09-08,0.0,0.63,21.0,27.3,17.2,55.0,0.9
2023-09-09,0.0,0.63,22.3,28.4,17.0,49.3,0.6
2023-09-10,0.0,0.6,21.6,27.3,18.2,53.5,0.8
2023-09-11,0.0,0.59,21.5,26.5,17.6,54.3,1.4
2023-09-12,0.0,0.58,23.2,29.3,17.5,48.0,1.7
2023-09-13,0.0,0.58,24.0,31.2,18.8,57.0,1.5
2023-09-14,0.0,0.57,25.3,33.3,19.2,52.5,2.4
2023-09-15,0.0,0.56,23.3,29.0,20.8,67.8,1.2
2023-09-16,0.0,0.58,23.9,31.5,19.8,65.5,1.9
2023-09-17,0.0,0.57,24.3,30.4,20.0,55.5,1.8
2023-09-18,0.0,0.59,24.5,31.0,19.8,55.5,1.0
2023-09-19,0.0,0.58,24.9,32.4,20.2,56.3,1.3
2023-09-20,0.0,0.56,23.3,29.4,19.6,61.3,0.9
2023-09-21,0.0,0.56,22.5,28.4,18.8,55.0,1.6
2023-09-22,0.0,0.54,24.6,31.6,18.6,52.0,1.5
2023-09-23,0.0,0.54,26.8,33.4,20.4,47.0,1.5
2023-09-24,0.0,0.53,29.0,36.0,22.4,44.5,1.3
2023-09-25,0.0,0.52,30.6,37.5,24.2,45.5,0.8
2023-09-26,0.0,0.52,29.8,36.0,26.4,45.8,1.2
2023-09-27,0.0,0.52,27.9,33.1,25.1,55.3,0.8
2023-09-28,8.8,0.51,25.6,33.6,21.4,67.5,1.0
2023-09-29,3.7,0.71,21.2,26.3,19.0,76.0,1.1
2023-09-30,0.0,0.73,22.6,28.2,19.1,67.5,1.4
2023-10-01,0.0,0.59,20.8,23.2,19.4,87.5,1.3
2023-10-02,24.5,0.67,23.3,28.5,18.8,73.3,1.0
2023-10-03,3.4,1.08,25.4,32.3,20.8,68.5,0.5
2023-10-04,0.0,1.08,27.4,34.0,21.8,59.0,0.7
2023-10-05,1.4,0.76,27.6,32.8,23.2,61.5,1.5
2023-10-06,21.3,0.69,25.5,31.4,20.4,67.0,0.8
2023-10-07,0.0,0.63,27.9,34.0,22.4,55.5,1.4
2023-10-08,0.0,0.58,26.9,32.3,23.6,61.8,1.4
2023-10-09,0.0,0.56,26.2,29.9,22.4,61.0,1.1
2023-10-10,0.0,0.54,25.5,30.8,22.6,69.3,2.4
2023-10-11,0.0,0.54,25.7,31.1,21.8,61.8,1.3
2023-10-12,0.0,0.53,27.6,33.4,21.9,54.0,1.1
2023-10-13,0.0,0.52,27.0,33.4,21.9,57.5,1.7
2023-10-14,0.0,0.76,23.9,27.1,22.6,74.8,1.6
2023-10-15,0.0,0.71,23.5,27.2,21.0,67.8,1.6
2023-10-16,0.0,0.52,25.4,30.8,21.4,58.3,0.9
2023-10-17,0.0,0.5,26.6,32.4,21.2,52.0,1.6
2023-10-18,0.0,0.48,26.0,32.1,21.8,62.0,1.5
2023-10-19,4.7,0.5,23.9,28.8,21.2,72.8,1.3
2023-10-20,2.1,0.5,22.8,29.1,20.2,79.0,1.6
2023-10-21,0.0,0.47,22.0,25.5,20.0,75.5,1.1
2023-10-22,0.0,0.49,23.8,29.8,19.8,67.3,0.8
2023-10-23,0.0,0.47,25.1,32.3,19.1,56.5,1.7
2023-10-24,0.0,0.48,27.8,34.7,20.8,46.5,0.3
2023-10-25,2.6,0.47,24.1,32.4,21.2,75.8,0.4
2023-10-26,9.1,0.46,24.7,32.3,21.1,74.5,1.9
2023-10-27,36.8,0.64,24.1,29.8,20.4,73.8,1.4
2023-10-28,1.3,1.01,25.1,29.0,21.2,71.8,0.9
2023-10-29,1.1,1.35,25.8,32.9,22.8,70.5,1.7
2023-10-30,49.6,1.93,26.0,32.2,20.8,66.8,0.7
2023-10-31,0.5,1.09,23.7,31.2,20.8,82.0,0.9
2023-11-01,3.6,1.4,25.1,31.4,20.6,65.0,0.7
2023-11-02,0.0,2.04,24.0,28.3,21.4,82.5,0.9
2023-11-03,4.7,1.75,24.7,29.2,21.6,86.8,1.0
2023-11-04,0.0,1.29,23.6,29.4,19.8,78.0,1.4
2023-11-05,0.0,0.88,25.7,33.4,20.3,52.8,0.7
2023-11-06,0.0,0.69,23.2,29.2,19.4,63.8,1.2
2023-11-07,0.0,0.68,23.3,29.8,18.8,53.5,0.9
2023-11-08,0.0,0.57,23.3,29.4,18.6,54.8,1.0
2023-11-09,0.0,0.54,25.6,32.7,19.0,41.3,1.7
2023-11-10,0.0,0.52,27.6,32.9,20.6,42.0,1.4
2023-11-11,0.0,0.5,28.3,34.2,22.8,42.0,1.0
2023-11-12,0.0,0.49,30.0,35.5,23.4,44.0,1.0
2023-11-13,0.0,0.48,30.9,37.3,25.6,45.8,1.0
2023-11-14,0.0,0.47,31.5,36.6,27.0,42.8,0.9
2023-11-15,0.0,0.47,31.0,36.8,27.0,58.5,1.5
2023-11-16,0.0,0.46,29.6,37.0,24.0,57.8,1.4
2023-11-17,0.0,0.45,30.4,36.2,25.2,51.8,0.9
2023-11-18,0.0,0.45,31.7,37.2,27.0,47.3,1.5
2023-11-19,0.0,0.45,27.8,35.3,25.6,67.8,1.7
2023-11-20,55.7,0.45,21.9,26.3,19.2,72.0,1.0
2023-11-21,14.3,1.9,24.5,31.0,19.6,65.0,1.5
2023-11-22,0.0,2.17,27.2,32.9,22.4,55.5,1.0
2023-11-23,0.0,0.61,28.9,34.2,23.8,48.3,0.9
2023-11-24,11.1,0.54,25.5,33.2,22.0,69.5,1.2
2023-11-25,0.0,0.64,22.2,26.9,19.9,72.8,1.9
2023-11-26,0.0,0.57,23.0,28.6,19.0,64.3,1.9
2023-11-27,0.0,0.58,24.4,30.1,19.8,64.5,1.5
2023-11-28,0.0,0.51,25.8,30.9,22.1,65.3,1.7
2023-11-29,0.0,0.49,25.2,29.4,22.8,67.3,1.2
2023-11-30,0.0,0.47,26.8,32.2,22.8,63.3,1.2
2023-12-01,0.0,0.51,25.5,33.2,21.0,72.5,1.1
2023-12-02,17.4,0.56,25.6,30.6,20.6,72.8,0.9
2023-12-03,0.0,0.68,25.2,29.8,21.4,74.0,0.9
2023-12-04,2.4,0.78,25.2,31.7,22.2,80.5,1.1
2023-12-05,31.3,0.78,26.7,33.2,20.4,67.0,1.4
2023-12-06,0.0,0.61,26.4,31.4,23.4,61.5,1.1
2023-12-07,0.0,0.51,27.6,33.3,22.3,48.8,0.9
2023-12-08,0.0,0.52,28.2,33.8,23.4,53.0,1.1
2023-12-09,2.3,0.49,25.9,31.4,22.1,64.8,0.8
2023-12-10,0.0,0.54,24.8,29.6,21.4,67.3,1.4
2023-12-11,0.0,0.52,23.9,29.4,21.2,69.0,1.2
2023-12-12,0.0,0.77,24.1,31.2,20.4,72.5,1.2
2023-12-13,0.0,0.89,24.1,29.3,19.8,68.0,1.5
2023-12-14,0.0,0.72,24.5,29.6,19.8,66.8,1.5
2023-12-15,0.0,0.91,25.1,30.4,20.5,57.0,2.1
2023-12-16,0.0,0.63,25.9,30.6,21.3,49.8,1.1
2023-12-17,0.0,0.53,25.6,31.4,21.0,55.5,1.5
2023-12-18,0.0,0.49,25.6,33.4,22.0,60.3,1.3
2023-12-19,0.0,0.59,25.5,31.1,21.8,57.0,1.0
2023-12-20,0.0,0.56,23.8,30.0,19.4,70.8,1.4
2023-12-21,0.0,0.46,25.1,29.6,22.4,75.5,0.7
2023-12-22,0.0,1.03,23.4,28.8,21.2,81.8,1.2
2023-12-23,6.4,1.48,22.9,26.3,20.2,84.5,1.3
2023-12-24,8.5,1.16,23.8,27.8,20.4,79.5,0.9
2023-12-25,0.0,0.95,25.3,32.2,21.6,78.3,0.9
2023-12-26,2.3,1.31,26.1,33.0,21.4,81.8,0.4
2023-12-27,11.1,1.28,24.5,29.3,21.6,85.0,1.3
2023-12-28,6.4,1.65,24.4,29.8,20.9,81.3,1.9
2023-12-29,0.0,1.9,27.6,33.6,21.2,70.3,0.9
2023-12-30,15.5,1.75,25.0,30.7,21.0,83.0,1.0
2023-12-31,9.2,1.2,23.4,28.0,21.0,85.0,1.5
2024-01-01,41.4,1.12,20.8,23.3,19.6,89.3,1.5
2024-01-02,8.5,1.94,22.6,27.3,19.7,85.0,1.2
2024-01-03,0.0,2.06,21.7,24.6,20.8,94.8,0.9
2024-01-04,26.8,3.03,22.1,25.1,20.2,93.0,0.5
2024-01-05,20.9,4.83,25.2,31.1,20.0,74.5,1.0
2024-01-06,2.8,3.82,24.8,31.1,21.0,74.5,1.0
2024-01-07,11.1,3.86,25.5,29.9,21.9,75.0,1.2
2024-01-08,0.6,3.04,25.2,31.2,22.0,77.0,1.5
2024-01-09,3.6,2.33,24.2,29.6,21.2,78.0,0.9
2024-01-10,0.0,3.49,25.3,30.2,22.4,77.0,1.0
2024-01-11,4.1,3.65,25.4,31.2,22.4,76.5,1.0
2024-01-12,7.8,2.39,24.8,30.2,21.4,79.8,1.0
2024-01-13,21.5,2.67,24.4,29.4,20.8,81.8,1.0
2024-01-14,131.4,3.4,24.1,29.2,19.6,76.5,1.0
2024-01-15,0.0,5.14,23.0,27.8,19.0,77.5,1.0
2024-01-16,11.3,6.66,27.0,33.8,20.6,69.5,1.0
2024-01-17,0.0,7.13,27.1,33.8,23.0,70.8,1.4
2024-01-18,0.0,5.17,27.7,33.4,21.2,61.5,1.2
2024-01-19,0.0,4.09,25.8,32.4,23.4,67.8,1.7
2024-01-20,0.0,3.02,26.8,33.3,22.0,67.8,1.4
2024-01-21,0.0,2.42,25.1,29.1,23.0,85.8,1.4
2024-01-22,5.8,2.67,25.4,30.7,21.4,73.8,1.0
2024-01-23,9.4,2.3,22.7,29.2,21.3,85.8,1.2
2024-01-24,40.2,1.58,22.2,27.8,18.0,86.3,1.0
2024-01-25,28.2,3.49,23.8,29.6,20.2,79.8,1.0
2024-01-26,3.3,5.89,23.2,28.6,20.4,86.3,1.2
2024-01-27,21.2,4.33,23.7,27.9,20.2,80.8,1.0
2024-01-28,0.0,5.17,24.6,29.0,22.2,81.5,0.7
2024-01-29,37.4,5.67,25.0,29.6,20.8,76.8,0.5
2024-01-30,2.4,6.69,26.1,30.5,20.6,70.3,1.0
2024-01-31,0.0,4.28,22.8,28.8,22.0,80.8,1.0
2024-02-01,12.7,4.0,24.5,30.4,18.4,79.5,1.4
2024-02-02,0.0,4.47,24.9,29.8,21.8,67.3,1.5
2024-02-03,0.0,4.4,25.1,30.1,21.3,73.5,1.5
2024-02-04,0.0,4.0,25.2,30.2,22.1,73.5,1.4
2024-02-05,0.0,2.62,25.9,30.0,22.2,69.8,1.2
2024-02-06,17.7,1.95,22.5,29.4,18.6,91.5,1.0
2024-02-07,2.2,1.69,24.1,29.6,20.2,83.3,0.9
2024-02-08,0.0,2.21,22.8,27.8,21.0,89.8,1.0
2024-02-09,0.4,2.64,24.0,28.6,19.2,76.0,1.7
2024-02-10,0.0,3.44,23.6,27.4,19.8,75.5,1.2
2024-02-11,0.0,2.3,24.3,28.8,21.2,78.8,1.5
2024-02-12,0.0,1.97,25.0,30.0,20.6,74.0,1.5
2024-02-13,0.0,1.92,26.8,33.2,21.2,69.8,0.7
2024-02-14,0.0,1.25,25.4,33.2,22.6,76.3,1.0
2024-02-15,0.0,1.03,23.6,29.2,21.4,83.3,1.2
2024-02-16,12.6,0.97,23.3,28.2,20.6,84.8,1.4
2024-02-17,4.0,1.77,23.9,29.8,21.4,93.0,0.9
2024-02-18,1.3,4.26,24.0,27.8,20.2,81.3,0.9
2024-02-19,0.0,4.05,23.3,27.8,21.8,87.8,1.2
2024-02-20,3.8,2.81,22.1,24.5,20.8,93.8,0.9
2024-02-21,10.3,2.78,22.4,24.3,20.4,89.0,1.5
2024-02-22,3.4,5.0,22.0,25.1,20.6,92.5,1.5
2024-02-23,18.8,8.77,22.3,27.4,20.0,91.8,0.9
2024-02-24,6.4,10.32,25.2,30.8,20.2,82.3,1.5
2024-02-25,1.2,6.43,26.0,31.2,21.4,77.5,0.9
2024-02-26,0.0,5.52,25.6,31.2,22.0,71.8,1.0
2024-02-27,0.0,5.59,26.0,31.7,21.4,72.3,0.9
2024-02-28,0.0,4.22,27.3,32.8,21.8,70.8,1.0
2024-02-29,0.0,3.16,26.9,33.0,23.8,78.3,0.9
2024-03-01,0.0,2.36,26.5,33.4,23.2,80.5,0.8
2024-03-02,31.1,2.17,25.1,29.8,21.4,78.3,1.0
2024-03-03,9.3,2.14,23.5,29.2,20.8,88.5,1.2
2024-03-04,0.0,2.61,24.0,31.2,21.2,84.0,1.2
2024-03-05,0.0,1.86,24.5,29.2,20.4,82.0,1.5
2024-03-06,0.0,1.74,24.7,30.9,22.4,83.0,1.4
2024-03-07,0.0,1.82,24.3,30.4,21.4,85.0,1.5
2024-03-08,0.0,2.11,25.5,30.8,21.8,77.0,
2024-03-09,0.0,2.61,25.7,30.2,22.4,80.3,
2024-03-10,0.0,3.32,24.4,28.2,21.4,88.0,
2024-03-11,0.0,2.62,25.7,31.2,22.6,83.5,1.5
2024-03-12,15.0,2.31,25.7,31.0,21.6,81.0,1.2
2024-03-13,0.0,2.89,26.1,31.4,22.2,77.8,1.4
2024-03-14,0.0,2.25,26.6,32.1,22.1,73.5,1.5
2024-03-15,0.0,1.74,27.5,32.8,22.4,69.8,0.9
2024-03-16,0.0,1.47,27.6,32.9,23.0,71.3,1.2
2024-03-17,0.0,1.22,28.4,33.8,23.4,70.8,1.0
2024-03-18,0.0,1.06,27.6,32.3,24.8,77.3,1.4
2024-03-19,0.0,1.05,26.7,32.0,24.0,86.0,1.2
2024-03-20,1.5,1.12,23.9,30.0,20.4,87.5,0.7
2024-03-21,8.8,1.38,24.9,30.0,21.0,83.3,1.2
2024-03-22,0.0,1.42,25.9,31.8,22.4,80.0,1.5
2024-03-23,24.9,2.03,22.0,25.7,20.2,86.3,1.5
2024-03-24,0.0,3.86,23.1,28.2,19.8,86.0,1.0
2024-03-25,0.0,8.93,23.4,27.8,20.9,82.5,1.4
2024-03-26,7.8,4.96,22.2,26.7,20.0,89.8,1.7
2024-03-27,0.0,3.97,23.3,28.0,20.2,82.5,1.4
2024-03-28,0.0,3.35,23.1,26.8,21.1,84.5,1.4
2024-03-29,0.0,3.55,25.3,30.2,21.0,74.8,1.0
2024-03-30,0.0,3.0,24.9,30.4,21.8,78.5,1.0
2024-03-31,0.0,2.5,25.6,30.8,21.5,76.8,1.4
2024-04-01,0.0,2.25,24.8,30.0,20.6,75.8,1.5
2024-04-02,0.0,2.13,23.7,29.6,21.6,83.3,1.0
2024-04-03,4.7,1.72,25.0,29.2,21.2,78.8,1.4
2024-04-04,0.0,1.84,25.7,30.8,21.6,78.5,1.5
2024-04-05,0.0,1.67,24.8,29.8,21.4,86.5,1.4
2024-04-06,0.0,1.42,24.2,30.1,20.2,77.3,1.0
2024-04-07,0.0,1.17,23.6,28.4,20.2,74.3,1.5
2024-04-08,0.0,1.12,23.0,27.4,19.8,77.8,1.7
2024-04-09,0.0,1.11,24.2,29.4,19.9,75.8,1.2
2024-04-10,0.0,1.09,25.7,30.6,21.0,71.5,1.5
2024-04-11,0.0,1.08,25.3,30.2,22.0,69.0,0.5
2024-04-12,0.0,1.08,24.3,29.3,22.0,80.5,1.5
2024-04-13,0.0,1.08,23.0,26.7,20.4,76.0,1.5
2024-04-14,0.0,1.06,23.4,28.4,20.1,78.3,1.5
2024-04-15,0.0,1.06,23.9,28.2,20.8,72.8,1.5
2024-04-16,0.0,1.05,23.2,27.8,20.0,78.8,1.5
2024-04-17,0.0,1.05,24.6,30.1,20.0,75.8,1.2
2024-04-18,0.0,1.05,23.4,29.0,21.2,86.0,1.2
2024-04-19,20.5,1.28,21.1,26.1,18.4,85.3,1.5
2024-04-20,0.0,2.28,22.0,26.9,18.5,81.5,1.4
2024-04-21,0.0,1.34,22.4,27.9,18.6,78.0,1.7
2024-04-22,0.0,1.08,23.6,29.5,18.4,76.0,1.2
2024-04-23,0.0,1.06,24.9,30.6,19.9,73.8,0.9
2024-04-24,0.0,1.05,24.9,31.0,20.0,74.0,0.7
2024-04-25,0.0,1.03,24.9,29.4,21.2,74.5,1.2
2024-04-26,0.0,1.03,24.3,29.2,21.2,76.5,1.4
2024-04-27,0.0,1.03,23.8,27.1,20.8,76.0,1.5
2024-04-28,0.0,1.01,24.5,30.4,19.1,72.8,0.9
2024-04-29,0.0,1.01,25.1,30.4,20.6,69.8,1.7
2024-04-30,0.0,1.0,25.2,30.8,21.0,73.5,0.9
2024-05-01,0.0,1.0,25.5,31.4,20.4,71.3,0.7
2024-05-02,0.0,0.99,25.4,31.8,20.4,71.3,0.5
2024-05-03,0.0,0.99,25.9,32.4,20.6,66.8,1.0
2024-05-04,0.0,0.97,24.1,29.0,20.0,72.5,1.7
2024-05-05,0.0,0.97,23.2,28.5,20.0,80.3,1.5
2024-05-06,0.0,0.97,22.8,26.0,20.0,82.8,1.7
2024-05-07,0.0,0.95,22.9,27.4,19.7,76.8,2.4
2024-05-08,0.0,0.95,23.4,28.0,20.2,78.0,0.9
2024-05-09,0.0,0.95,23.5,28.7,18.8,75.3,1.2
2024-05-10,0.0,0.94,24.1,28.4,19.4,76.0,1.5
2024-05-11,0.0,0.94,25.1,30.8,20.2,75.3,1.2
2024-05-12,0.0,0.92,25.1,31.2,20.8,71.8,1.0
2024-05-13,0.0,0.92,24.7,30.8,19.7,69.8,1.4
2024-05-14,0.0,0.92,24.3,31.1,19.6,67.5,0.5
2024-05-15,0.0,0.91,24.4,29.8,19.2,62.0,1.4
2024-05-16,0.0,0.91,23.3,27.4,20.6,62.3,0.9
2024-05-17,0.0,0.91,23.7,28.8,19.2,57.0,0.9
2024-05-18,0.0,0.89,23.6,29.3,18.8,55.0,0.9
2024-05-19,0.0,0.89,24.3,29.6,19.4,54.0,1.0
2024-05-20,0.0,0.89,23.4,29.1,18.8,54.0,0.7
2024-05-21,0.0,0.87,22.6,27.1,18.8,62.3,1.2
2024-05-22,0.0,0.87,21.5,25.8,18.8,63.0,1.7
2024-05-23,0.0,0.87,22.3,27.6,18.0,63.3,0.7
2024-05-24,0.0,0.86,22.8,29.4,18.2,59.8,0.7
2024-05-25,0.0,0.86,23.3,29.4,19.4,61.5,0.3
2024-05-26,0.0,0.85,22.0,26.5,20.0,68.0,1.2
2024-05-27,0.0,0.85,22.1,26.6,19.1,63.0,1.5
2024-05-28,0.0,0.85,23.3,29.0,18.8,54.0,0.9
2024-05-29,0.0,0.85,23.0,28.6,18.6,60.5,0.3
2024-05-30,0.0,0.85,21.3,28.0,17.8,62.0,1.4
2024-05-31,0.0,0.83,19.0,25.7,15.6,67.5,0.9
2024-06-01,0.0,0.83,18.7,23.9,14.8,62.0,2.4
2024-06-02,0.0,0.83,19.1,22.9,16.6,65.8,1.9
2024-06-03,0.0,0.81,21.5,27.6,15.8,54.0,1.0
2024-06-04,0.0,0.81,21.5,27.4,16.6,53.5,1.4
2024-06-05,0.0,0.8,20.6,25.5,16.8,58.0,1.5
2024-06-06,0.0,0.8,21.3,26.3,18.2,63.5,1.4
2024-06-07,0.0,0.8,20.9,26.5,17.6,69.8,1.7
2024-06-08,0.0,0.78,20.2,24.9,16.8,65.0,1.4
2024-06-09,0.0,0.78,20.3,24.7,17.2,63.8,1.4
2024-06-10,0.0,0.78,21.1,28.1,15.8,61.5,0.7
2024-06-11,0.0,0.77,22.1,28.8,17.4,55.3,0.7
2024-06-12,0.0,0.77,21.2,26.5,16.4,51.3,1.9
2024-06-13,0.0,0.77,20.0,25.7,16.9,54.0,1.4
2024-06-14,0.0,0.75,20.6,25.5,17.6,62.3,1.2
2024-06-15,0.0,0.75,20.6,26.7,15.0,54.3,1.4
2024-06-16,0.0,0.75,21.0,26.5,16.8,61.5,1.0
2024-06-17,0.0,0.73,20.3,25.7,16.8,59.0,1.4
2024-06-18,0.0,0.73,20.8,26.7,15.6,51.8,1.0
2024-06-19,0.0,0.73,21.9,27.7,17.8,54.3,1.0
2024-06-20,0.0,0.73,21.2,26.3,17.2,51.3,1.5
2024-06-21,0.0,0.72,20.5,25.3,16.8,59.3,1.4
2024-06-22,0.0,0.72,21.3,27.2,18.0,57.0,1.5
2024-06-23,0.0,0.72,21.1,26.6,16.7,63.8,0.9
2024-06-24,0.0,0.7,22.1,27.4,17.4,61.8,1.2
2024-06-25,0.0,0.7,23.2,29.3,17.2,51.5,1.5
2024-06-26,0.0,0.7,22.8,28.0,18.2,53.3,1.0
2024-06-27,0.0,0.69,22.5,29.0,17.4,51.0,0.7
2024-06-28,0.0,0.69,23.2,28.8,18.8,47.5,0.5
2024-06-29,0.0,0.69,22.5,29.2,17.6,48.0,0.9
2024-06-30,0.0,0.67,23.0,28.8,17.2,47.8,1.5
2024-07-01,0.0,0.67,21.1,25.8,18.6,64.8,1.5
2024-07-02,0.0,0.67,20.5,24.3,17.9,65.5,1.5
2024-07-03,0.0,0.67,20.7,25.4,17.2,56.3,2.2
2024-07-04,0.0,0.66,20.9,26.5,16.2,49.8,1.4
2024-07-05,0.0,0.66,20.7,26.1,16.1,51.8,1.4
2024-07-06,0.0,0.66,21.2,27.4,16.4,53.8,1.2
2024-07-07,0.0,0.64,21.2,26.9,17.0,56.8,0.9
2024-07-08,0.0,0.64,22.1,29.1,17.2,54.5,1.0
2024-07-09,0.0,0.64,22.8,29.1,18.8,53.3,0.9
2024-07-10,0.0,0.63,23.3,29.8,17.8,51.8,1.4
2024-07-11,0.0,0.63,23.6,29.0,18.9,44.8,1.9
2024-07-12,0.0,0.63,21.9,27.3,18.6,57.3,1.0
2024-07-13,0.0,0.63,20.2,25.4,17.4,61.0,1.0
2024-07-14,0.0,0.61,19.4,25.1,16.4,58.0,1.0
2024-07-15,0.0,0.61,20.5,26.2,15.4,49.5,1.2
2024-07-16,0.0,0.61,20.0,24.9,16.4,51.3,1.5
2024-07-17,0.0,0.59,20.6,26.5,15.2,50.3,1.0
2024-07-18,0.0,0.59,21.7,27.8,16.6,49.5,0.9
2024-07-19,0.0,0.59,21.1,26.9,17.2,51.8,1.2
2024-07-20,0.0,0.58,19.8,26.7,15.3,57.0,1.0
2024-07-21,0.0,0.56,19.7,26.3,14.4,56.0,1.2
2024-07-22,0.0,0.55,21.5,28.6,15.4,48.8,0.9
2024-07-23,0.0,0.55,21.1,27.2,16.0,46.3,1.4
2024-07-24,0.0,0.55,19.2,24.7,15.4,54.5,1.2
2024-07-25,0.0,0.55,19.4,25.7,15.6,53.0,1.0
2024-07-26,0.0,0.53,20.7,26.9,14.8,47.3,1.2
2024-07-27,0.0,0.53,21.8,27.4,16.4,53.8,1.4
2024-07-28,0.0,0.53,22.0,28.0,18.1,53.8,1.5
2024-07-29,0.0,0.53,21.7,28.2,16.6,50.8,0.7
2024-07-30,0.0,0.52,21.7,28.0,17.2,54.5,2.1
2024-07-31,0.0,0.52,19.6,23.9,16.6,65.0,1.4
2024-08-01,0.0,0.52,19.8,24.5,16.6,61.8,1.5
2024-08-02,0.0,0.51,20.4,25.3,16.4,50.3,2.1
2024-08-03,0.0,0.5,20.3,23.9,16.9,64.5,1.7
2024-08-04,0.0,0.5,20.6,26.1,17.9,65.8,1.0
2024-08-05,0.0,0.51,21.1,25.7,18.0,63.3,1.4
2024-08-06,0.0,0.51,21.4,27.1,17.4,45.0,1.3
2024-08-07,0.0,0.49,22.0,28.4,16.3,46.8,1.5
2024-08-08,0.0,0.49,22.1,27.6,18.4,53.5,0.8
2024-08-09,0.0,0.49,23.4,30.2,17.2,46.3,1.4
2024-08-10,0.0,0.48,20.9,26.9,19.2,61.3,1.5
2024-08-11,0.0,0.48,19.4,28.1,13.0,57.5,
2024-08-12,0.0,0.47,20.4,28.6,14.8,37.0,
2024-08-13,0.0,0.47,18.4,23.5,14.2,36.3,0.5
2024-08-14,0.0,0.46,19.1,24.5,14.9,58.5,1.0
2024-08-15,0.0,0.46,22.1,29.6,15.4,48.5,1.2
2024-08-16,0.0,0.45,24.1,31.1,17.6,41.8,1.5
2024-08-17,0.0,0.45,24.3,32.1,18.1,34.5,1.2
2024-08-18,0.0,0.45,24.7,31.0,19.4,31.5,1.9
2024-08-19,0.0,0.45,23.3,29.8,19.2,37.0,1.0
2024-08-20,0.0,0.44,24.3,31.2,17.2,37.5,1.4
2024-08-21,0.0,0.44,24.4,30.8,18.8,41.8,1.5
2024-08-22,0.0,0.43,22.5,27.8,18.0,47.5,1.2
2024-08-23,0.0,0.43,24.4,32.0,17.8,41.8,1.5
2024-08-24,0.0,0.42,24.1,30.9,19.4,44.3,0.9
2024-08-25,0.0,0.42,24.1,30.0,19.4,47.5,0.9
2024-08-26,0.0,0.41,20.8,26.1,18.8,64.8,1.4
2024-08-27,0.0,0.41,18.7,25.6,14.8,67.8,1.7
2024-08-28,0.0,0.41,20.6,27.1,15.8,52.3,2.1
2024-08-29,0.0,0.41,20.0,25.9,16.2,50.8,1.4
2024-08-30,0.0,0.41,21.8,29.4,16.0,38.3,1.4
2024-08-31,0.0,0.4,23.7,30.6,16.8,26.3,1.0
2024-09-01,0.0,0.38,23.9,31.4,18.6,34.8,0.3
2024-09-02,0.0,0.37,24.6,33.0,17.5,32.0,1.0
2024-09-03,0.0,0.37,26.8,34.4,19.2,32.0,0.3
2024-09-04,0.0,0.36,26.8,33.4,19.2,34.3,0.9
2024-09-05,0.0,0.36,27.0,33.8,21.5,37.5,1.4
2024-09-06,0.0,0.35,26.0,31.9,22.2,46.0,1.2
2024-09-07,0.0,0.35,24.4,30.6,20.2,49.5,2.1
2024-09-08,0.0,0.35,24.3,31.1,19.7,45.5,1.7
2024-09-09,0.0,0.34,23.6,30.2,19.9,49.3,1.0
2024-09-10,0.0,0.34,24.3,31.4,18.8,39.8,1.9
2024-09-11,0.0,0.34,24.3,31.4,18.6,39.0,1.4
2024-09-12,0.0,0.34,24.3,30.8,19.2,45.8,1.4
2024-09-13,0.0,0.34,23.7,29.5,19.2,41.3,1.5
2024-09-14,0.0,0.33,24.7,31.0,19.2,39.3,1.0
2024-09-15,0.0,0.33,24.6,30.2,20.9,39.0,1.0
2024-09-16,0.0,0.31,25.8,32.1,19.8,43.8,1.4
2024-09-17,0.0,0.3,22.6,29.0,20.6,60.3,1.2
2024-09-18,0.0,0.3,22.5,28.6,18.1,53.5,2.6
2024-09-19,0.0,0.29,23.3,29.8,18.0,54.0,1.4
2024-09-20,0.0,0.29,23.7,29.8,19.2,53.3,1.5
2024-09-21,0.0,0.29,26.1,33.6,20.0,47.0,1.0
2024-09-22,0.0,0.28,24.5,30.1,20.4,54.3,1.4
2024-09-23,0.0,0.41,25.5,31.8,21.1,44.3,1.9
2024-09-24,0.0,0.39,25.3,32.4,20.8,38.3,2.1
2024-09-25,0.0,0.26,24.9,32.0,19.4,41.8,1.0
2024-09-26,0.0,0.26,25.0,31.7,19.6,46.3,1.9
2024-09-27,0.0,0.26,27.3,34.6,20.4,36.3,1.0
2024-09-28,0.0,0.25,26.7,33.4,23.6,44.3,1.9
2024-09-29,0.0,0.25,23.4,27.9,20.9,59.3,1.9
2024-09-30,0.0,0.25,24.1,30.0,19.6,49.8,1.5
2024-10-01,0.0,0.24,24.6,31.1,19.2,46.5,2.1
2024-10-02,0.0,0.24,27.4,34.8,20.6,36.5,1.5
2024-10-03,0.0,0.23,28.4,35.2,22.8,32.3,0.9
2024-10-04,0.0,0.23,25.0,31.4,21.2,54.3,2.1
2024-10-05,0.0,0.23,22.5,27.6,19.2,64.8,1.5
2024-10-06,0.0,0.23,25.4,33.6,18.6,49.8,1.2
2024-10-07,0.0,0.23,24.6,32.1,20.8,54.8,1.4
2024-10-08,0.0,0.23,27.7,36.2,20.2,44.5,0.7
2024-10-09,0.0,0.23,27.1,35.6,23.4,61.3,1.4
2024-10-10,11.2,0.23,21.7,24.3,20.9,92.8,1.5
2024-10-11,15.7,0.31,23.7,28.8,19.8,71.0,1.2
2024-10-12,23.8,0.41,22.3,26.9,18.8,79.0,0.7
2024-10-13,0.0,0.58,24.3,30.2,19.6,60.8,1.2
2024-10-14,0.0,0.49,23.6,29.9,20.1,61.0,1.7
2024-10-15,0.0,0.44,21.7,26.7,18.6,61.5,1.9
2024-10-16,0.0,0.34,25.1,30.6,20.0,50.5,0.7
2024-10-17,0.0,0.3,26.9,33.2,20.7,47.3,1.9
2024-10-18,0.0,0.27,26.5,32.8,23.6,55.0,1.5
2024-10-19,4.8,0.43,21.7,26.4,18.6,77.0,1.4
2024-10-20,33.9,1.07,21.0,22.9,18.8,85.8,1.4
2024-10-21,4.3,1.74,22.1,24.5,20.4,78.0,1.2
2024-10-22,0.0,1.58,22.9,26.7,19.8,68.5,2.1
2024-10-23,0.0,1.52,25.3,30.8,19.8,58.5,1.4
2024-10-24,21.1,0.77,24.3,29.9,21.2,72.8,0.9
2024-10-25,34.8,0.85,23.3,27.8,20.3,81.5,1.2
2024-10-26,9.7,0.85,24.0,33.0,21.0,76.5,1.4
2024-10-27,12.3,0.52,22.8,28.6,19.6,79.3,1.4
2024-10-28,25.6,0.75,21.1,23.5,19.8,87.5,1.4
2024-10-29,2.7,1.22,21.3,24.3,19.2,81.8,1.0
2024-10-30,0.0,1.41,22.4,27.7,19.1,69.0,2.2
2024-10-31,0.0,1.08,23.1,29.0,17.6,58.8,1.4
2024-11-01,0.0,0.87,23.3,27.9,19.0,58.3,1.7
2024-11-02,,0.53,24.8,29.6,20.6,58.5,2.1
2024-11-03,,0.45,23.3,27.7,20.4,67.0,1.5
2024-11-04,,0.56,21.6,25.2,19.9,76.8,2.2
2024-11-05,,0.53,20.8,24.7,19.8,88.0,1.0
2024-11-06,,0.68,22.5,26.1,19.0,71.3,1.2
2024-11-07,,0.55,22.6,27.5,19.8,75.3,1.4
2024-11-08,,0.85,22.9,26.7,20.8,79.8,1.4
2024-11-09,68.1,1.04,21.0,24.1,19.4,94.5,1.7
2024-11-10,29.3,1.96,22.0,27.5,18.2,72.0,1.2
2024-11-11,0.0,3.03,24.2,30.2,19.4,62.5,0.9
2024-11-12,0.6,0.83,25.5,31.8,20.6,62.5,1.9
2024-11-13,2.9,0.55,21.8,25.9,21.2,86.8,1.2
2024-11-14,97.4,0.65,22.0,25.7,19.2,74.3,2.6
2024-11-15,6.4,0.66,20.2,23.5,17.8,85.0,1.0
2024-11-16,0.5,1.18,20.3,23.7,19.0,87.3,1.0
2024-11-17,17.9,1.47,20.4,23.5,17.8,83.8,1.5
2024-11-18,9.6,1.81,24.1,30.0,18.8,64.0,1.2
2024-11-19,30.9,4.35,24.2,30.8,18.4,72.3,1.4
2024-11-20,0.0,1.76,26.8,33.2,21.0,58.8,1.5
2024-11-21,0.0,1.19,23.8,27.1,22.6,78.0,0.9
2024-11-22,6.1,1.37,23.0,25.9,20.4,75.3,1.2
2024-11-23,2.1,2.24,21.3,25.5,19.6,79.3,0.7
2024-11-24,1.3,2.39,20.4,24.7,17.0,67.3,1.4
2024-11-25,0.0,2.31,21.4,26.9,17.2,69.3,2.2
2024-11-26,0.0,1.18,23.1,29.6,17.6,61.5,1.4
2024-11-27,0.0,0.75,25.8,31.8,19.0,56.8,1.0
2024-11-28,0.0,0.57,26.8,32.6,21.0,72.8,1.2
2024-11-29,0.0,0.52,26.7,32.2,22.6,56.0,0.5
2024-11-30,6.1,0.51,24.8,32.2,22.2,75.3,1.4
2024-12-01,44.3,0.69,25.0,30.0,21.0,74.5,0.9
2024-12-02,5.0,0.85,23.2,26.8,20.6,80.3,0.7
2024-12-03,22.4,0.9,23.9,30.1,21.0,81.5,0.9
2024-12-04,1.8,1.45,23.5,29.1,20.6,79.5,1.2
2024-12-05,0.0,1.33,25.9,31.5,21.1,64.8,1.5
2024-12-06,0.0,0.83,26.1,31.4,21.4,46.8,1.0
2024-12-07,0.0,0.95,26.4,32.9,20.2,46.5,1.0
2024-12-08,0.0,0.65,28.5,34.6,22.4,42.3,1.5
2024-12-09,0.0,0.58,28.1,34.6,24.0,48.8,1.7
2024-12-10,8.8,0.56,27.4,32.4,23.8,56.0,1.4
2024-12-11,17.9,0.52,23.3,26.5,21.8,74.8,1.5
2024-12-12,0.0,1.59,21.4,24.9,19.6,75.0,1.9
2024-12-13,0.0,2.86,22.9,28.1,20.0,73.8,1.5
2024-12-14,0.0,0.71,23.1,28.8,20.2,72.5,1.5
2024-12-15,27.7,0.73,21.7,25.0,18.6,82.0,1.2
2024-12-16,5.8,1.33,23.2,26.9,19.2,78.0,0.9
2024-12-17,16.5,2.25,24.1,30.5,18.6,66.0,1.2
2024-12-18,0.0,1.45,25.0,31.2,20.4,67.5,1.2
2024-12-19,0.2,1.3,24.9,30.8,21.4,66.0,1.5
2024-12-20,37.8,0.78,23.8,30.4,21.6,75.8,1.0
2024-12-21,15.2,0.91,22.7,27.7,19.4,74.5,1.2
2024-12-22,96.4,1.62,21.7,26.9,19.6,83.0,1.2
2024-12-23,6.8,2.13,22.1,30.0,19.7,80.5,1.0
2024-12-24,23.1,2.3,23.5,28.0,19.7,71.5,1.0
2024-12-25,0.3,4.19,22.3,25.8,20.8,86.0,1.5
2024-12-26,19.5,5.59,22.1,26.3,20.0,89.5,1.4
2024-12-27,39.1,4.38,22.2,25.5,19.9,84.5,1.4
2024-12-28,19.2,4.42,22.2,26.5,20.4,77.8,0.9
2024-12-29,26.8,4.73,20.3,22.3,18.3,89.5,0.9
2024-12-30,3.5,5.35,21.9,27.2,18.8,79.5,0.7
2024-12-31,8.6,6.14,23.1,28.0,19.2,70.3,1.5
2025-01-01,10.3,5.55,21.6,28.0,18.4,80.5,1.5
2025-01-02,27.8,6.16,22.5,26.1,18.8,81.0,0.7
2025-01-03,2.6,6.66,22.0,27.1,20.0,92.3,0.7
2025-01-04,16.8,6.52,22.8,27.2,19.4,84.3,1.2
2025-01-05,0.3,5.58,24.7,29.4,21.0,77.8,0.9
2025-01-06,29.5,6.0,22.8,28.4,18.8,80.8,1.0
2025-01-07,30.2,5.3,22.8,25.7,20.4,85.0,0.9
2025-01-08,6.8,6.73,23.9,29.6,19.2,74.0,1.0
2025-01-09,12.2,7.28,21.7,25.2,19.2,85.5,1.4
2025-01-10,11.2,7.61,23.1,28.6,19.0,72.5,1.2
2025-01-11,0.3,8.14,24.2,30.9,20.2,79.0,1.0
2025-01-12,2.1,7.2,23.8,30.4,21.0,74.5,0.9
2025-01-13,31.2,6.33,22.9,27.2,20.1,75.5,1.4
2025-01-14,2.1,6.43,22.2,26.4,20.4,82.5,1.2
2025-01-15,1.8,11.02,21.5,25.0,19.8,80.5,1.4
2025-01-16,0.9,11.79,22.7,28.2,20.4,83.8,0.9
2025-01-17,4.1,12.4,26.2,32.2,21.2,64.5,1.0
2025-01-18,0.0,10.75,27.1,33.4,21.8,61.8,1.0
2025-01-19,0.0,8.18,27.2,32.8,22.2,54.5,1.2
2025-01-20,0.0,7.07,27.7,33.7,23.1,56.8,1.4
2025-01-21,0.0,5.61,28.7,34.4,23.4,52.8,0.7
2025-01-22,0.0,4.36,27.5,33.8,24.2,66.5,1.9
2025-01-23,2.8,3.53,27.4,32.8,22.7,56.3,1.2
2025-01-24,0.0,3.73,26.4,31.2,23.1,58.0,1.5
2025-01-25,0.0,2.45,26.3,31.7,22.0,56.0,1.5
2025-01-26,0.0,1.75,24.9,30.0,22.4,72.8,1.5
2025-01-27,19.2,1.5,23.2,29.2,20.4,79.8,1.4
2025-01-28,21.0,1.9,23.6,28.7,20.6,77.8,1.5
2025-01-29,14.3,1.64,22.6,28.8,19.8,77.5,1.2
2025-01-30,27.1,2.5,22.0,27.8,18.4,81.3,1.2
2025-01-31,13.3,3.79,22.3,26.9,20.0,86.8,1.2
2025-02-01,2.4,4.66,23.1,26.9,20.1,80.0,1.5
2025-02-02,22.2,4.22,22.1,26.3,19.9,91.3,1.2
2025-02-03,43.2,6.35,24.7,30.4,19.6,62.5,1.2
2025-02-04,0.0,6.21,25.7,30.4,21.6,58.8,1.7
2025-02-05,0.0,3.84,25.5,30.5,21.4,45.5,1.5
2025-02-06,0.0,2.85,25.5,31.8,20.8,52.8,1.0
2025-02-07,0.0,1.94,24.9,30.5,21.4,56.3,1.0
2025-02-08,0.0,1.38,24.1,27.8,21.4,60.3,1.5
2025-02-09,0.0,1.11,24.1,28.4,20.6,62.5,1.2
2025-02-10,0.0,0.97,23.9,27.7,21.1,57.8,1.4
2025-02-11,0.0,0.97,24.2,29.1,20.7,56.0,1.5
2025-02-12,0.0,0.95,25.1,30.2,20.8,56.5,1.2
2025-02-13,0.0,0.92,25.3,29.7,21.6,58.0,1.4
2025-02-14,0.0,0.92,26.0,31.6,21.6,53.5,1.0
2025-02-15,0.0,0.91,26.5,31.4,22.8,48.0,1.5
2025-02-16,0.0,0.91,26.1,30.9,21.8,51.0,1.4
2025-02-17,0.0,0.89,27.4,33.2,22.2,47.3,1.0
2025-02-18,0.0,0.89,27.7,33.8,22.4,40.5,0.5
2025-02-19,0.0,0.87,26.7,31.6,23.1,45.0,1.0
2025-02-20,0.0,0.87,26.5,31.8,22.2,49.5,1.2
2025-02-21,0.0,0.87,26.6,32.2,22.1,47.8,1.2
2025-02-22,0.0,0.87,24.9,30.0,20.4,50.0,1.2
2025-02-23,0.0,0.85,24.1,29.0,20.8,57.0,1.7
2025-02-24,0.0,0.85,24.3,29.4,20.8,56.3,2.2
2025-02-25,0.0,0.85,24.9,30.1,21.6,58.8,2.1
2025-02-26,0.0,0.85,25.2,30.4,20.8,50.5,1.5
2025-02-27,0.0,0.85,25.7,31.0,21.6,50.3,1.5
2025-02-28,0.0,0.85,25.0,29.9,21.2,52.5,1.9
2025-03-01,0.0,0.85,24.1,28.1,20.0,56.8,1.7
2025-03-02,0.0,0.81,24.0,29.4,20.2,59.3,2.2
2025-03-03,0.0,0.81,24.9,30.3,20.8,55.5,1.7
2025-03-04,0.0,0.81,23.3,28.1,20.6,60.3,1.7
2025-03-05,0.0,0.85,24.0,28.7,19.8,55.3,2.1
2025-03-06,0.0,0.81,24.3,29.8,19.8,49.0,1.2
2025-03-07,0.0,0.81,24.4,29.4,20.4,54.5,1.4
2025-03-08,0.0,0.81,25.0,30.6,20.6,44.8,1.7
2025-03-09,0.0,0.78,25.7,31.8,20.4,48.8,1.2
2025-03-10,0.0,0.78,26.1,33.3,21.6,52.0,1.2
2025-03-11,0.0,0.78,26.3,32.8,21.0,56.5,1.4
2025-03-12,0.0,0.78,26.3,31.4,22.4,55.8,1.2
2025-03-13,0.0,0.78,26.4,31.9,22.9,63.0,0.9
2025-03-14,0.0,0.78,27.0,32.1,22.7,56.0,1.0
2025-03-15,0.0,0.97,26.8,32.4,23.2,59.3,1.0
2025-03-16,0.0,1.4,25.4,29.4,23.1,61.8,2.1
2025-03-17,0.0,1.09,24.2,29.9,22.4,69.3,1.7
2025-03-18,1.6,1.4,23.6,30.8,20.8,75.0,0.7
2025-03-19,46.8,1.44,23.4,29.4,21.0,75.3,1.4
2025-03-20,18.0,2.18,23.5,28.4,20.2,77.5,1.0
2025-03-21,2.6,3.19,22.8,26.3,19.9,76.5,1.5
2025-03-22,3.2,2.53,23.3,28.6,20.6,71.3,0.9
2025-03-23,0.0,2.66,23.8,29.2,21.0,79.8,1.4
2025-03-24,0.0,1.81,22.8,26.7,21.6,86.3,1.0
2025-03-25,11.3,2.34,24.5,29.1,20.2,73.0,1.0
2025-03-26,0.6,3.69,23.6,29.0,20.4,77.3,1.4
2025-03-27,17.4,3.97,23.3,28.2,20.0,70.0,1.0
2025-03-28,0.0,3.88,24.5,30.2,20.4,62.0,1.7
2025-03-29,0.0,3.5,24.9,30.0,20.4,56.0,1.4
2025-03-30,0.0,3.06,24.8,28.2,22.0,62.8,1.4
2025-03-31,0.0,2.34,23.9,29.1,22.2,75.8,0.9
2025-04-01,0.0,1.78,25.5,30.2,22.0,58.3,1.5
2025-04-02,0.0,1.53,24.5,28.6,21.4,65.5,1.5
2025-04-03,0.0,1.28,24.3,29.2,21.4,69.5,1.4
2025-04-04,0.0,1.12,25.2,29.6,22.0,58.5,0.9
2025-04-05,12.7,0.97,21.5,27.4,20.2,79.5,1.0
2025-04-06,29.8,1.59,20.7,25.3,18.0,69.5,1.5
2025-04-07,0.0,4.22,20.8,25.4,17.4,62.8,1.2
2025-04-08,0.0,3.59,21.8,26.3,17.6,64.3,1.0
2025-04-09,0.0,2.53,24.0,29.5,19.0,59.8,1.2
2025-04-10,0.0,1.78,24.4,29.8,20.8,62.5,0.7
2025-04-11,3.3,1.5,23.7,30.0,18.8,57.3,1.4
2025-04-12,0.0,1.62,23.2,28.2,18.9,55.3,1.0
2025-04-13,0.0,1.16,23.5,28.2,19.4,58.8,1.2
2025-04-14,0.0,0.97,23.3,27.4,21.6,74.8,0.7
2025-04-15,0.0,0.94,24.3,30.0,19.8,61.0,1.2
2025-04-16,0.0,0.97,20.3,24.5,18.6,88.3,1.4
2025-04-17,48.7,1.47,23.1,28.3,18.8,71.3,1.4
2025-04-18,0.3,1.88,23.4,27.4,20.2,72.8,1.2
2025-04-19,2.3,1.16,24.0,28.2,20.2,71.0,1.0
2025-04-20,12.1,1.28,23.9,29.4,20.1,64.5,1.4
2025-04-21,0.0,1.88,22.4,27.8,18.9,67.3,1.0
2025-04-22,0.0,2.44,20.9,24.3,19.6,76.8,1.5
2025-04-23,0.0,1.84,20.5,24.8,18.4,78.8,1.4
2025-04-24,0.0,1.47,22.2,27.0,18.6,71.5,1.2
2025-04-25,0.3,1.19,22.4,27.2,20.0,79.3,1.0
2025-04-26,0.9,1.03,23.8,29.4,20.0,72.5,1.0
2025-04-27,0.0,1.03,24.1,29.6,21.0,55.5,1.0
2025-04-28,5.2,1.03,23.8,28.9,21.6,79.0,1.5
2025-04-29,0.0,1.06,23.9,29.8,20.6,67.8,1.0
2025-04-30,0.0,1.19,20.9,24.0,19.2,76.0,1.7
2025-05-01,0.0,1.25,21.1,25.3,18.2,71.3,2.1
2025-05-02,0.0,1.09,20.7,26.7,16.6,61.5,1.4
2025-05-03,0.0,1.0,19.9,24.1,16.2,61.5,0.7
2025-05-04,0.0,1.0,20.0,24.7,16.0,60.3,1.4
2025-05-05,0.0,0.97,19.9,23.9,16.9,63.0,1.5
2025-05-06,0.0,0.97,20.9,25.6,18.2,64.8,1.9
2025-05-07,0.0,0.94,21.7,26.9,18.0,63.5,1.7
2025-05-08,0.0,0.94,21.7,25.5,18.4,66.8,1.5
2025-05-09,0.0,0.94,21.9,25.9,18.8,74.0,1.4
2025-05-10,0.0,0.94,24.4,29.7,19.1,62.5,1.2
2025-05-11,0.0,0.94,23.4,28.6,20.4,66.8,1.4
2025-05-12,0.0,0.91,20.2,24.9,17.4,68.8,1.5
2025-05-13,0.0,0.91,19.8,23.9,17.0,69.5,1.5
2025-05-14,0.0,0.91,19.0,23.9,15.8,65.8,1.5
2025-05-15,0.0,0.91,18.9,22.9,16.1,68.3,0.9
2025-05-16,0.0,0.91,19.8,23.5,16.0,63.3,1.4
2025-05-17,0.0,0.91,19.3,24.5,15.8,63.3,1.4
2025-05-18,0.0,0.87,19.5,24.7,16.6,66.8,1.9
2025-05-19,0.0,0.87,19.5,24.5,15.6,59.5,1.7
2025-05-20,0.0,0.87,20.1,26.2,15.4,54.5,0.7
2025-05-21,0.0,0.87,21.4,27.5,15.8,57.8,1.4
2025-05-22,0.0,0.87,21.4,26.9,17.4,62.8,0.9
2025-05-23,0.0,0.85,22.2,28.5,17.6,59.0,0.9
2025-05-24,0.0,0.85,21.0,25.5,17.6,63.3,1.4
2025-05-25,0.0,0.85,19.9,25.1,16.0,64.3,1.0
2025-05-26,0.0,0.85,20.5,24.9,16.2,59.8,1.5
2025-05-27,0.0,0.85,20.9,25.5,18.4,70.0,1.2
2025-05-28,0.0,0.85,21.5,27.3,17.1,62.8,1.2
2025-05-29,0.0,0.81,21.4,26.0,17.8,63.8,1.2
2025-05-30,0.0,0.81,21.7,26.0,18.4,69.5,1.0
2025-05-31,0.0,0.81,22.0,26.7,18.9,69.0,1.2
2025-06-01,0.0,0.81,22.4,27.7,18.6,63.5,1.2
2025-06-02,0.0,0.81,21.1,25.6,18.0,68.3,1.2
2025-06-03,0.0,0.81,19.4,24.8,18.6,75.5,1.4
2025-06-04,11.3,0.81,21.4,27.8,16.2,66.8,1.0
2025-06-05,0.0,0.81,22.2,28.8,17.0,53.0,1.2
2025-06-06,0.0,0.81,22.9,28.4,17.8,56.5,1.0
2025-06-07,0.0,0.78,21.6,27.6,18.4,68.5,0.9
2025-06-08,0.0,0.78,21.8,27.6,18.1,60.8,0.5
2025-06-09,0.0,0.78,21.6,26.9,18.2,58.8,0.7
2025-06-10,0.0,0.78,21.9,27.1,18.8,57.8,0.9
2025-06-11,0.0,0.78,19.1,25.3,16.0,66.0,1.2
2025-06-12,0.0,0.78,15.8,22.9,12.2,51.5,1.7
2025-06-13,0.0,0.78,15.8,20.9,11.6,57.8,1.9
2025-06-14,0.0,0.75,15.7,20.4,13.1,56.8,2.1
2025-06-15,0.0,0.75,16.5,22.7,11.6,54.5,1.0
2025-06-16,0.0,0.75,17.9,24.6,13.2,62.0,1.0
2025-06-17,0.0,0.75,18.6,24.3,14.6,60.5,1.4
2025-06-18,0.0,0.75,19.0,24.6,14.8,66.5,1.5
2025-06-19,0.0,0.72,19.4,24.5,16.0,62.0,1.9
2025-06-20,0.0,0.72,19.8,24.8,15.6,59.3,1.4
2025-06-21,0.0,0.72,20.7,26.3,18.2,56.5,0.3
2025-06-22,0.0,0.72,21.2,27.4,15.4,51.3,0.5
2025-06-23,0.0,0.72,22.0,29.3,16.4,52.0,1.2
2025-06-24,0.0,0.7,21.0,26.5,17.6,63.0,1.5
2025-06-25,0.0,0.7,19.4,24.6,15.7,70.3,2.1
2025-06-26,0.0,0.7,20.3,26.3,16.8,65.0,0.9
2025-06-27,0.0,0.69,20.9,27.7,15.6,57.3,0.9
2025-06-28,0.0,0.69,20.4,25.3,16.8,60.3,1.5
2025-06-29,0.0,0.69,20.6,27.8,15.6,56.0,1.7
2025-06-30,0.0,0.67,21.5,28.0,15.8,49.8,0.9
2025-07-01,0.0,0.67,21.2,26.9,17.2,51.3,1.4
2025-07-02,0.0,0.67,19.2,24.7,16.0,59.8,1.0
2025-07-03,0.0,0.67,18.2,22.8,15.0,65.8,1.4
2025-07-04,0.0,0.66,17.4,22.3,15.0,70.0,1.0
2025-07-05,0.0,0.66,17.5,23.6,13.5,60.0,1.2
2025-07-06,0.0,0.66,18.2,24.7,13.2,53.8,0.7
2025-07-07,0.0,0.64,17.8,23.2,13.8,54.3,1.3
2025-07-08,0.0,0.64,17.9,23.9,13.8,52.5,0.9
2025-07-09,0.0,0.64,18.4,23.0,13.4,48.3,1.9
2025-07-10,0.0,0.63,18.1,22.2,14.6,63.0,1.4
2025-07-11,0.0,0.63,17.8,22.4,14.8,72.8,1.5
2025-07-12,0.0,0.63,17.8,22.2,14.6,65.5,0.7
2025-07-13,0.0,0.63,17.4,22.5,15.3,50.0,1.7
2025-07-14,0.0,0.61,17.7,22.6,14.8,50.0,1.0
2025-07-15,0.0,0.61,18.9,25.5,12.8,41.3,0.9
2025-07-16,0.0,0.61,19.1,24.8,13.8,42.5,1.9
2025-07-17,0.0,0.61,20.0,26.8,14.0,45.3,0.9
2025-07-18,0.0,0.59,,26.8,,47.0,0.5
2025-07-19,0.0,0.59,21.3,27.6,15.4,45.5,0.9
2025-07-20,0.0,0.59,20.0,25.5,17.0,61.8,0.9
2025-07-21,0.0,0.58,20.1,25.3,16.8,56.8,1.7
2025-07-22,0.0,0.58,20.6,27.1,15.6,54.0,0.7
2025-07-23,0.0,0.58,22.6,29.2,16.4,51.3,1.4
2025-07-24,0.0,0.58,21.5,26.8,18.6,56.3,1.7
2025-07-25,0.0,0.56,20.6,26.1,16.9,55.0,0.9
2025-07-26,8.9,0.56,20.9,27.5,15.1,55.5,1.0
2025-07-27,0.0,0.58,20.2,25.5,16.4,58.8,1.2
2025-07-28,0.0,0.59,21.5,28.6,16.2,51.5,1.2
2025-07-29,0.0,0.53,20.4,26.3,17.2,42.5,1.5
2025-07-30,0.0,0.52,18.8,26.5,13.0,41.5,1.4
2025-07-31,0.0,0.52,18.1,23.9,13.6,56.3,2.1
2025-08-01,0.0,0.52,18.6,24.2,14.8,54.5,1.4
2025-08-02,0.0,0.52,18.2,24.0,14.0,48.8,1.9
2025-08-03,0.0,0.5,18.3,23.7,14.1,49.5,1.9
2025-08-04,0.0,0.5,19.0,24.7,14.6,60.0,1.5
2025-08-05,0.0,0.5,18.3,21.8,16.8,60.8,0.9
2025-08-06,0.0,0.5,19.6,24.7,15.6,54.5,1.5
2025-08-07,0.0,0.49,21.3,28.3,16.6,49.0,1.2
2025-08-08,0.0,0.49,22.7,29.5,16.1,42.5,1.4
2025-08-09,0.0,0.49,22.1,28.0,17.0,46.5,1.5
2025-08-10,0.0,0.49,20.1,26.9,16.1,32.8,0.9
2025-08-11,0.0,0.47,18.0,25.5,13.0,56.5,1.2
2025-08-12,0.0,0.47,18.1,24.0,14.6,65.3,2.4
2025-08-13,0.0,0.47,20.3,27.5,15.1,60.3,0.9
2025-08-14,0.0,0.47,21.5,29.8,15.6,50.8,0.9
2025-08-15,0.0,0.45,19.0,23.7,16.0,58.3,1.5
2025-08-16,0.0,0.45,19.4,26.1,15.8,59.3,1.4
2025-08-17,0.0,0.45,21.2,28.6,15.6,46.8,1.0
2025-08-18,0.0,0.45,21.3,27.7,16.6,53.5,1.5
2025-08-19,0.0,0.44,19.8,24.9,16.0,55.5,1.9
2025-08-20,0.0,0.44,20.9,27.8,15.8,49.5,1.2
2025-08-21,0.0,0.44,22.7,29.2,16.4,43.8,1.4
2025-08-22,0.0,0.44,21.1,26.9,17.8,50.8,1.9
2025-08-23,0.0,0.42,21.3,28.7,16.4,49.8,1.4
2025-08-24,0.0,0.42,22.9,29.9,16.8,42.8,1.4
2025-08-25,0.0,0.42,22.8,28.7,18.6,43.5,1.0
2025-08-26,0.0,0.42,22.4,28.4,18.2,40.0,1.7
2025-08-27,0.0,0.41,21.4,27.5,17.4,50.8,1.7
2025-08-28,0.0,0.41,21.7,27.1,17.6,48.8,1.5
2025-08-29,0.0,0.41,19.5,26.2,17.0,68.0,1.5
2025-08-30,10.9,0.41,18.1,22.5,15.6,72.5,1.7
2025-08-31,2.1,0.46,19.6,24.1,15.6,56.3,1.4
2025-09-01,0.0,0.45,20.3,24.9,17.1,60.8,1.9
2025-09-02,0.0,0.45,18.8,22.5,16.4,65.8,1.9
2025-09-03,0.0,0.43,18.7,24.0,15.4,54.3,1.9
2025-09-04,0.0,0.4,18.9,24.8,14.4,52.5,1.7
2025-09-05,0.0,0.38,21.2,27.4,15.6,40.5,1.7
2025-09-06,0.0,0.37,23.4,30.2,17.0,40.3,1.7
2025-09-07,0.0,0.37,22.0,27.6,18.0,51.3,1.5
2025-09-08,0.0,0.37,21.3,26.9,18.1,54.0,1.4
2025-09-09,0.0,0.37,23.9,31.8,17.4,44.5,1.0
2025-09-10,0.0,0.36,26.1,33.8,20.6,32.5,0.7
2025-09-11,0.0,0.35,24.7,32.4,18.6,36.5,1.2
2025-09-12,0.0,0.35,24.4,32.2,20.0,46.3,1.2
2025-09-13,0.0,0.34,21.7,28.0,18.4,57.5,1.5
2025-09-14,0.0,0.34,21.0,26.9,17.2,61.0,1.5
2025-09-15,0.0,0.34,21.5,26.2,17.6,57.8,1.2
2025-09-16,0.0,0.34,22.6,29.1,17.2,47.8,1.0
2025-09-17,0.0,0.34,24.5,32.1,19.6,47.8,1.0
2025-09-18,0.0,0.31,23.4,29.8,18.6,54.5,1.4
2025-09-19,0.0,0.31,23.2,28.8,19.4,51.3,1.7
2025-09-20,0.0,0.31,24.6,31.3,19.2,46.0,0.7
2025-09-21,0.0,0.3,25.7,32.2,20.2,47.0,1.7
2025-09-22,2.1,0.3,24.5,33.1,21.4,61.0,1.7
2025-09-23,1.3,0.3,23.7,28.7,20.2,68.3,1.2
2025-09-24,0.0,0.31,22.3,26.6,19.8,63.3,1.5
2025-09-25,0.0,0.3,19.2,23.3,18.0,68.0,1.0
2025-09-26,0.0,0.33,16.9,22.0,13.4,59.8,1.7
2025-09-27,0.0,0.3,18.5,26.1,12.3,47.5,1.9
2025-09-28,0.0,0.28,21.1,28.2,15.2,40.5,1.2
2025-09-29,0.0,0.27,24.0,32.3,17.0,36.3,1.4
2025-09-30,0.0,0.26,25.1,31.8,21.0,34.8,1.2
2025-10-01,0.0,0.26,22.7,30.0,17.2,44.5,1.7
2025-10-02,0.0,0.26,21.9,27.8,17.1,46.0,1.5
2025-10-03,0.0,0.26,21.5,27.6,17.4,46.3,1.9
2025-10-04,0.0,0.25,21.1,25.5,17.3,58.5,1.5
2025-10-05,0.0,0.25,22.8,28.5,17.8,51.8,1.9
2025-10-06,0.0,0.25,25.2,32.3,18.2,44.0,1.7
2025-10-07,0.0,0.25,27.3,34.2,20.8,38.8,1.4
2025-10-08,0.0,0.24,24.5,30.4,20.2,52.8,1.9
2025-10-09,0.0,0.24,21.2,25.5,18.6,66.0,1.4
2025-10-10,0.0,0.24,22.5,27.8,18.4,57.3,1.5
2025-10-11,0.0,0.23,24.1,30.2,24.6,63.0,1.5
2025-10-12,2.6,0.56,24.0,31.4,20.6,54.8,1.4
2025-10-13,2.9,0.48,22.9,26.6,20.6,67.3,0.9
2025-10-14,9.8,0.41,23.5,28.6,19.4,73.5,0.9
2025-10-15,0.0,0.8,24.5,29.2,19.8,56.5,1.5
2025-10-16,0.0,0.55,25.1,31.3,20.6,52.3,1.2
2025-10-17,0.0,0.34,25.1,30.6,20.8,52.0,1.4
2025-10-18,0.0,0.33,26.2,30.6,21.8,48.8,1.2
2025-10-19,1.8,0.34,21.1,27.0,19.6,62.0,0.9
2025-10-20,0.0,0.5,17.6,21.9,14.2,53.0,1.7
2025-10-21,0.0,0.38,17.6,23.2,12.2,47.3,1.7
2025-10-22,0.0,0.3,18.4,23.4,13.4,46.5,1.5
2025-10-23,0.0,0.27,18.5,23.8,13.8,49.0,1.9
2025-10-24,0.0,0.26,19.0,23.5,15.6,57.8,1.9
2025-10-25,0.0,0.25,22.3,28.2,17.0,49.3,1.9
2025-10-26,0.0,0.26,24.3,31.6,18.0,46.5,1.5
2025-10-27,0.0,0.26,25.0,31.3,20.2,47.5,1.7
2025-10-28,0.0,0.23,24.8,30.0,20.6,43.0,1.7
2025-10-29,0.0,0.23,26.6,32.6,20.2,45.3,1.4
2025-10-30,12.9,0.23,23.4,30.2,20.4,76.5,1.2
2025-10-31,79.5,0.66,21.9,25.5,19.1,73.3,1.2
2025-11-01,0.4,1.19,24.4,31.2,19.8,62.8,1.2
2025-11-02,0.0,1.32,23.4,28.4,20.8,70.8,1.4
2025-11-03,27.8,0.62,22.3,25.3,19.6,78.0,1.0
2025-11-04,0.4,0.99,25.7,31.8,21.0,58.5,1.0
2025-11-05,0.0,1.02,27.3,33.6,21.2,52.5,1.2
2025-11-06,0.0,0.63,26.5,34.3,22.2,62.5,1.5
2025-11-07,0.0,0.5,22.5,27.6,20.0,70.3,1.7
2025-11-08,23.7,0.34,20.8,22.3,18.8,92.8,1.0
2025-11-09,17.6,0.69,21.9,26.0,19.0,75.5,1.5
2025-11-10,4.7,0.97,20.3,25.0,17.4,74.5,1.7
2025-11-11,0.0,0.57,21.5,27.1,18.0,63.5,1.5
2025-11-12,0.0,0.39,22.5,29.2,17.0,49.0,1.9
2025-11-13,0.0,0.32,23.4,29.7,17.2,49.8,1.7
2025-11-14,0.0,0.29,24.1,31.3,19.6,61.0,1.4
2025-11-15,2.6,0.26,23.6,29.6,19.2,67.8,0.7
2025-11-16,0.2,0.78,22.4,29.6,20.2,70.5,1.5
2025-11-17,62.4,1.34,20.8,23.4,18.4,80.0,1.2
2025-11-18,4.3,1.88,24.4,31.8,19.6,65.5,0.9
2025-11-19,0.0,1.8,23.3,29.4,19.2,45.3,0.7
2025-11-20,0.0,0.47,22.4,28.8,17.8,44.0,1.2
2025-11-21,0.0,0.37,23.9,30.0,18.1,48.3,0.7
2025-11-22,0.0,0.33,24.8,30.0,19.2,50.3,1.4
2025-11-23,0.0,0.3,21.4,25.8,20.2,83.3,1.4
2025-11-24,9.9,0.39,22.5,27.8,18.2,65.8,1.5
2025-11-25,4.2,0.85,23.0,29.2,18.0,53.0,1.4
2025-11-26,0.0,1.05,23.9,30.2,18.2,51.0,1.0
2025-11-27,0.0,0.55,23.4,29.2,18.9,58.0,1.0
2025-11-28,0.0,0.36,24.3,30.3,19.0,55.8,
2025-11-29,0.0,0.55,25.5,31.2,20.2,59.0,
2025-11-30,0.0,0.56,26.0,32.0,21.4,55.0,
2025-12-01,0.0,0.36,24.8,31.6,22.8,62.5,
2025-12-02,29.8,0.31,22.9,30.4,19.4,82.3,
2025-12-03,23.7,0.5,23.4,27.8,20.0,74.5,
2025-12-04,3.2,1.77,21.5,24.4,20.4,81.5,
2025-12-05,25.9,3.52,23.6,28.9,18.8,64.5,
2025-12-06,0.0,1.89,24.8,31.1,19.8,57.0,
2025-12-07,0.0,1.22,23.9,31.4,20.2,64.3,
2025-12-08,8.2,0.55,23.6,28.6,20.4,68.5,
2025-12-09,2.5,0.49,21.6,26.9,19.2,82.8,
2025-12-10,28.8,0.59,22.7,26.5,19.6,82.8,
2025-12-11,7.9,1.25,25.7,31.2,20.8,57.3,
2025-12-12,0.0,1.95,25.4,33.4,22.0,57.0,
2025-12-13,12.3,1.09,24.1,29.2,20.0,68.5,
2025-12-14,0.0,1.03,24.8,32.1,21.8,71.8,
2025-12-15,46.9,1.99,24.5,31.3,20.6,73.3,
2025-12-16,30.7,2.78,23.7,28.0,20.8,78.0,
2025-12-17,1.3,1.9,21.8,27.6,21.1,86.5,
2025-12-18,58.9,3.91,20.8,24.5,17.8,74.8,
2025-12-19,1.1,3.72,22.6,25.9,20.0,71.8,
2025-12-20,6.8,3.97,22.8,28.1,18.9,71.0,
2025-12-21,22.9,3.25,23.8,29.4,19.5,59.3,
2025-12-22,0.0,3.12,23.5,28.7,19.4,57.8,
2025-12-23,0.0,2.42,25.1,30.9,19.8,56.0,
2025-12-24,0.0,1.62,26.2,32.0,21.2,55.0,
2025-12-25,0.0,0.91,26.8,33.1,21.6,54.3,
2025-12-26,0.0,0.58,27.6,34.1,23.2,63.0,
2025-12-27,0.0,0.52,27.9,33.6,21.2,56.0,
2025-12-28,0.0,0.47,,34.2,,53.3,
2025-12-29,0.0,0.44,,32.7,,69.8,
2025-12-30,0.0,0.42,27.9,34.8,24.0,55.3,
2025-12-31,1.1,0.42,27.1,32.2,21.8,61.5,
2026-01-01,0.0,0.56,26.3,33.8,22.8,63.3,
2026-01-02,1.0,0.69,25.6,31.8,22.3,69.3,
2026-01-03,0.0,0.49,23.3,29.2,21.8,86.8,
2026-01-04,48.8,0.73,21.1,22.5,20.1,94.0,
2026-01-05,40.6,2.36,20.3,22.4,19.4,87.3,
2026-01-06,4.8,6.24,19.6,21.3,18.4,85.5,
2026-01-07,5.6,7.65,22.2,26.3,18.6,70.5,
2026-01-08,0.0,5.93,24.1,29.2,19.4,60.8,
2026-01-09,0.0,4.87,25.1,30.2,21.4,53.5,
2026-01-10,0.0,3.27,24.6,30.0,20.6,51.5,
2026-01-11,0.0,2.3,25.7,31.4,20.4,46.0,
2026-01-12,0.0,1.42,26.7,32.4,21.4,50.8,
2026-01-13,0.0,0.8,23.9,29.2,22.8,75.8,
2026-01-14,25.8,0.64,23.7,29.2,19.6,70.8,
2026-01-15,0.3,0.73,24.3,29.2,20.6,53.8,
2026-01-16,0.0,0.69,24.6,29.4,20.4,55.5,
2026-01-17,0.0,0.55,24.3,29.0,21.2,65.8,
2026-01-18,0.0,0.52,21.5,24.5,20.4,77.8,
2026-01-19,2.8,0.92,22.5,26.9,19.2,80.3,
2026-01-20,5.3,1.72,20.0,23.9,19.2,91.5,
2026-01-21,29.1,2.06,19.8,22.6,17.6,86.0,
2026-01-22,36.4,4.89,18.6,20.5,17.8,90.3,
2026-01-23,73.4,11.25,20.4,23.6,17.2,85.5,
2026-01-24,6.6,14.7,22.5,28.4,18.8,74.5,
2026-01-25,0.3,14.81,23.4,27.1,20.8,71.5,
2026-01-26,0.0,16.14,24.0,28.4,20.6,67.5,
2026-01-27,0.0,14.03,23.6,27.9,20.1,59.5,
2026-01-28,0.0,11.11,24.3,29.6,20.0,59.8,
2026-01-29,0.0,8.91,23.2,30.2,20.3,73.5,
2026-01-30,4.4,7.18,21.3,23.6,19.8,84.8,
2026-01-31,18.2,6.93,22.5,27.8,19.4,84.5,
2026-02-01,5.5,8.46,23.5,29.6,19.4,75.8,
2026-02-02,3.1,8.68,23.4,28.2,19.8,81.3,
2026-02-03,28.9,8.04,22.9,29.4,20.4,81.8,
2026-02-04,24.6,7.71,23.4,28.4,20.6,81.8,
2026-02-05,29.8,7.32,22.9,28.4,20.2,82.0,
2026-02-06,1.2,9.94,24.1,29.0,20.6,73.0,
2026-02-07,1.6,10.51,23.5,29.0,21.4,82.5,
2026-02-08,17.2,9.79,22.9,30.3,20.0,77.3,
2026-02-09,24.7,9.57,21.1,26.1,19.4,83.8,
2026-02-10,18.0,9.26,22.2,26.1,19.0,81.0,
2026-02-11,1.3,9.28,23.0,26.2,19.4,77.0,
2026-02-12,4.8,8.62,23.4,28.8,19.6,61.3,
2026-02-13,0.0,7.99,24.3,29.4,19.4,60.8,
2026-02-14,0.0,6.06,25.3,30.4,21.0,55.5,
2026-02-15,0.0,4.13,25.1,29.4,21.4,64.0,
2026-02-16,0.0,3.09,24.9,30.0,21.4,57.3,
2026-02-17,0.0,2.44,25.5,31.4,20.8,60.0,
2026-02-18,0.0,1.47,23.5,30.2,22.2,81.3,
2026-02-19,0.8,1.38,24.2,31.0,19.1,64.0,
2026-02-20,0.0,2.22,24.3,29.4,20.6,71.0,
2026-02-21,5.6,2.69,23.3,30.0,20.2,77.8,
2026-02-22,2.2,3.03,24.5,29.9,20.2,66.3,
2026-02-23,4.6,4.53,23.0,27.1,21.2,80.5,
2026-02-24,45.8,4.62,21.0,23.3,20.4,92.5,
2026-02-25,46.3,10.61,22.8,27.1,19.9,90.0,
2026-02-26,7.1,14.63,22.7,25.7,21.0,92.0,
2026-02-27,28.3,13.26,23.3,27.6,20.8,75.0,
2026-02-28,2.0,17.32,23.6,29.2,19.7,68.0,
2026-03-01,0.0,16.3,,28.4,,64.0,
2026-03-02,0.0,14.1,23.4,29.4,18.8,65.5,
2026-03-03,0.0,11.45,23.6,28.4,19.6,66.0,
2026-03-04,0.0,9.45,23.6,27.8,20.8,70.0,
2026-03-05,2.6,8.38,24.8,29.4,21.5,60.0,
2026-03-06,4.3,8.53,23.5,30.4,21.6,74.8,
2026-03-07,13.1,5.56,23.8,29.4,19.6,73.3,
2026-03-08,2.3,5.47,25.2,31.6,20.1,59.3,
2026-03-09,2.8,5.28,24.8,29.4,22.4,76.5,
2026-03-10,43.6,5.15,23.1,29.1,20.6,83.0,
2026-03-11,8.2,6.21,23.4,29.4,20.4,73.8,
2026-03-12,47.9,7.93,23.1,28.9,20.0,80.5,
2026-03-13,37.5,7.59,22.6,25.6,20.4,87.3,
2026-03-14,32.8,8.91,21.7,26.0,19.2,91.3,
2026-03-15,6.6,10.4,24.4,30.2,20.0,66.0,
2026-03-16,0.0,11.65,25.5,31.8,20.8,62.8,
2026-03-17,0.0,8.4,25.0,30.6,21.6,66.3,
2026-03-18,0.0,6.66,24.5,27.8,21.8,76.5,
2026-03-19,0.0,7.18,22.5,26.1,21.8,88.5,
2026-03-20,19.3,8.04,21.1,23.1,19.6,88.5,
2026-03-21,43.1,8.16,22.4,28.9,20.0,82.8,
2026-03-22,5.5,14.56,24.7,31.2,19.0,61.5,
2026-03-23,4.9,15.11,24.6,31.0,20.8,63.0,
2026-03-24,6.9,9.86,22.4,27.8,17.6,63.0,
2026-03-25,1.3,8.84,23.7,28.0,20.4,68.3,
2026-03-26,0.0,8.04,23.4,27.8,20.2,62.0,
2026-03-27,0.0,7.09,23.5,28.4,20.6,57.8,
2026-03-28,0.0,4.97,23.0,27.2,19.2,64.5,
2026-03-29,2.9,3.79,23.0,27.2,19.0,65.8,
2026-03-30,0.0,2.97,22.9,28.3,19.6,68.3,
2026-03-31,0.0,2.44,22.1,28.1,20.6,78.3,
2026-04-01,14.1,2.13,22.0,26.5,18.4,76.5,
2026-04-02,0.0,3.72,23.2,27.4,20.1,72.3,
2026-04-03,8.4,6.03,24.8,29.6,20.4,61.3,
2026-04-04,0.0,4.09,24.8,29.2,21.6,63.3,
2026-04-05,0.0,2.62,24.3,29.2,20.6,69.3,
2026-04-06,0.0,2.25,24.4,29.4,21.0,69.8,
2026-04-07,0.0,2.13,23.9,28.8,20.6,62.8,
2026-04-08,0.0,1.56,23.1,28.9,19.6,70.8,
2026-04-09,12.1,1.19,24.6,30.7,20.2,66.8,0.0
2026-04-10,0.0,1.16,23.7,28.8,21.0,73.0,
2026-04-11,10.5,1.25,21.4,25.5,19.6,72.0,
2026-04-12,0.0,1.78,22.5,25.7,22.0,64.3,
2026-04-13,0.0,3.35,22.9,27.6,21.2,67.5,
2026-04-14,6.4,1.62,,26.5,,68.0,
2026-04-15,0.0,1.34,21.6,26.8,18.0,64.8,
2026-04-16,0.0,1.22,22.5,28.1,18.1,58.8,
2026-04-17,0.0,1.16,22.4,27.3,18.0,59.5,
2026-04-18,0.0,1.12,23.9,30.1,18.1,58.0,
2026-04-19,0.0,1.12,23.7,30.6,19.6,61.3,
2026-04-20,0.0,1.09,23.9,29.8,21.0,70.3,
2026-04-21,0.0,1.09,22.8,27.2,19.8,66.0,
2026-04-22,0.0,1.09,22.9,26.7,20.0,64.0,
2026-04-23,0.0,1.09,22.5,27.3,20.1,61.3,
2026-04-24,0.0,1.09,22.5,26.9,19.1,63.8,
2026-04-25,0.0,1.09,23.1,29.2,18.4,58.8,
2026-04-26,0.0,1.09,23.7,29.8,18.5,59.5,
2026-04-27,0.0,1.09,25.0,31.0,19.9,58.0,
2026-04-28,0.0,1.06,24.3,29.2,21.1,61.8,
2026-04-29,0.0,1.06,23.3,27.5,20.1,55.5,
2026-04-30,0.0,1.06,23.7,28.1,19.7,60.0,
